dataset,patient_id,slide_id,region_uid,x,y,tile_size,mag,tissue_fraction,tumor_mask_overlap,tumor_overlap_fraction,tumor_mask_overlap_center,tumor_mask_overlap_area20,selection_source,rank,task_id,model_hash,context_set,is_diverse,random_seed,relative_path,minio_path,patch_uid
c16_native,test_065,test_065_tile_embeddings,4748174707f85e45,43520,24832,256,20,0.8442230224609375,1,0.9525,1,1,top_k,1,a50fbde29aa04e9d829a4580fd5c68b8,a50fbde29aa04e9d829a4580fd5c68b8,standard,0,0,vlm_patches/test_065_tile_embeddings/standard/top_k/test_065_tile_embeddings_standard_top_k_000.png,s3://pershin-medailab/Pathomorphology/CAMELYON/mil/vlm_patches/c16_abmil_vlm_patches_a50fbde29aa04e9d829a4580fd5c68b8.tar.gz!/vlm_patches/test_065_tile_embeddings/standard/top_k/test_065_tile_embeddings_standard_top_k_000.png,test_065_tile_embeddings_standard_top_k_000
c16_native,test_065,test_065_tile_embeddings,13bcdab303c3323b,43008,25344,256,20,0.7762451171875,1,1.0,1,1,top_k,2,a50fbde29aa04e9d829a4580fd5c68b8,a50fbde29aa04e9d829a4580fd5c68b8,standard,0,0,vlm_patches/test_065_tile_embeddings/standard/top_k/test_065_tile_embeddings_standard_top_k_001.png,s3://pershin-medailab/Pathomorphology/CAMELYON/mil/vlm_patches/c16_abmil_vlm_patches_a50fbde29aa04e9d829a4580fd5c68b8.tar.gz!/vlm_patches/test_065_tile_embeddings/standard/top_k/test_065_tile_embeddings_standard_top_k_001.png,test_065_tile_embeddings_standard_top_k_001
c16_native,test_065,test_065_tile_embeddings,49eb9fe4c569750f,43264,25088,256,20,0.8505401611328125,1,1.0,1,1,top_k,3,a50fbde29aa04e9d829a4580fd5c68b8,a50fbde29aa04e9d829a4580fd5c68b8,standard,0,0,vlm_patches/test_065_tile_embeddings/standard/top_k/test_065_tile_embeddings_standard_top_k_002.png,s3://pershin-medailab/Pathomorphology/CAMELYON/mil/vlm_patches/c16_abmil_vlm_patches_a50fbde29aa04e9d829a4580fd5c68b8.tar.gz!/vlm_patches/test_065_tile_embeddings/standard/top_k/test_065_tile_embeddings_standard_top_k_002.png,test_065_tile_embeddings_standard_top_k_002
c16_native,test_121,test_121_tile_embeddings,9e8d71a9676317f8,42752,130816,256,20,0.5326080322265625,1,0.825,1,1,top_k,1,a50fbde29aa04e9d829a4580fd5c68b8,a50fbde29aa04e9d829a4580fd5c68b8,standard,0,0,vlm_patches/test_121_tile_embeddings/standard/top_k/test_121_tile_embeddings_standard_top_k_000.png,s3://pershin-medailab/Pathomorphology/CAMELYON/mil/vlm_patches/c16_abmil_vlm_patches_a50fbde29aa04e9d829a4580fd5c68b8.tar.gz!/vlm_patches/test_121_tile_embeddings/standard/top_k/test_121_tile_embeddings_standard_top_k_000.png,test_121_tile_embeddings_standard_top_k_000
c16_native,test_121,test_121_tile_embeddings,90691c2ed1e61853,46336,133632,256,20,0.5958099365234375,1,1.0,1,1,top_k,3,a50fbde29aa04e9d829a4580fd5c68b8,a50fbde29aa04e9d829a4580fd5c68b8,standard,0,0,vlm_patches/test_121_tile_embeddings/standard/top_k/test_121_tile_embeddings_standard_top_k_002.png,s3://pershin-medailab/Pathomorphology/CAMELYON/mil/vlm_patches/c16_abmil_vlm_patches_a50fbde29aa04e9d829a4580fd5c68b8.tar.gz!/vlm_patches/test_121_tile_embeddings/standard/top_k/test_121_tile_embeddings_standard_top_k_002.png,test_121_tile_embeddings_standard_top_k_002
c16_native,test_121,test_121_tile_embeddings,85c45a7c57439f22,45312,132352,256,20,0.7540130615234375,1,1.0,1,1,top_k,4,a50fbde29aa04e9d829a4580fd5c68b8,a50fbde29aa04e9d829a4580fd5c68b8,standard,0,0,vlm_patches/test_121_tile_embeddings/standard/top_k/test_121_tile_embeddings_standard_top_k_003.png,s3://pershin-medailab/Pathomorphology/CAMELYON/mil/vlm_patches/c16_abmil_vlm_patches_a50fbde29aa04e9d829a4580fd5c68b8.tar.gz!/vlm_patches/test_121_tile_embeddings/standard/top_k/test_121_tile_embeddings_standard_top_k_003.png,test_121_tile_embeddings_standard_top_k_003
c16_native,test_040,test_040_tile_embeddings,d648f1b0ffdd2e4b,56832,74240,256,20,0.9619903564453124,1,1.0,1,1,top_k,1,a50fbde29aa04e9d829a4580fd5c68b8,a50fbde29aa04e9d829a4580fd5c68b8,standard,0,0,vlm_patches/test_040_tile_embeddings/standard/top_k/test_040_tile_embeddings_standard_top_k_000.png,s3://pershin-medailab/Pathomorphology/CAMELYON/mil/vlm_patches/c16_abmil_vlm_patches_a50fbde29aa04e9d829a4580fd5c68b8.tar.gz!/vlm_patches/test_040_tile_embeddings/standard/top_k/test_040_tile_embeddings_standard_top_k_000.png,test_040_tile_embeddings_standard_top_k_000
c16_native,test_040,test_040_tile_embeddings,158226ee7e2da085,56576,72704,256,20,0.95721435546875,1,1.0,1,1,top_k,2,a50fbde29aa04e9d829a4580fd5c68b8,a50fbde29aa04e9d829a4580fd5c68b8,standard,0,0,vlm_patches/test_040_tile_embeddings/standard/top_k/test_040_tile_embeddings_standard_top_k_001.png,s3://pershin-medailab/Pathomorphology/CAMELYON/mil/vlm_patches/c16_abmil_vlm_patches_a50fbde29aa04e9d829a4580fd5c68b8.tar.gz!/vlm_patches/test_040_tile_embeddings/standard/top_k/test_040_tile_embeddings_standard_top_k_001.png,test_040_tile_embeddings_standard_top_k_001
c16_native,test_040,test_040_tile_embeddings,305adccfb36dccd2,67840,83968,256,20,0.8974609375,1,1.0,1,1,top_k,3,a50fbde29aa04e9d829a4580fd5c68b8,a50fbde29aa04e9d829a4580fd5c68b8,standard,0,0,vlm_patches/test_040_tile_embeddings/standard/top_k/test_040_tile_embeddings_standard_top_k_002.png,s3://pershin-medailab/Pathomorphology/CAMELYON/mil/vlm_patches/c16_abmil_vlm_patches_a50fbde29aa04e9d829a4580fd5c68b8.tar.gz!/vlm_patches/test_040_tile_embeddings/standard/top_k/test_040_tile_embeddings_standard_top_k_002.png,test_040_tile_embeddings_standard_top_k_002
c16_native,test_016,test_016_tile_embeddings,2b421adf87d14067,22016,55552,256,20,0.9337310791015624,1,1.0,1,1,top_k,1,a50fbde29aa04e9d829a4580fd5c68b8,a50fbde29aa04e9d829a4580fd5c68b8,standard,0,0,vlm_patches/test_016_tile_embeddings/standard/top_k/test_016_tile_embeddings_standard_top_k_000.png,s3://pershin-medailab/Pathomorphology/CAMELYON/mil/vlm_patches/c16_abmil_vlm_patches_a50fbde29aa04e9d829a4580fd5c68b8.tar.gz!/vlm_patches/test_016_tile_embeddings/standard/top_k/test_016_tile_embeddings_standard_top_k_000.png,test_016_tile_embeddings_standard_top_k_000
c16_native,test_016,test_016_tile_embeddings,fd831cd6b0896dbb,17664,54784,256,20,0.9215240478515624,1,1.0,1,1,top_k,2,a50fbde29aa04e9d829a4580fd5c68b8,a50fbde29aa04e9d829a4580fd5c68b8,standard,0,0,vlm_patches/test_016_tile_embeddings/standard/top_k/test_016_tile_embeddings_standard_top_k_001.png,s3://pershin-medailab/Pathomorphology/CAMELYON/mil/vlm_patches/c16_abmil_vlm_patches_a50fbde29aa04e9d829a4580fd5c68b8.tar.gz!/vlm_patches/test_016_tile_embeddings/standard/top_k/test_016_tile_embeddings_standard_top_k_001.png,test_016_tile_embeddings_standard_top_k_001
c16_native,test_016,test_016_tile_embeddings,15e3d0f843d7ecbb,24320,71424,256,20,0.9154205322265624,1,1.0,1,1,top_k,3,a50fbde29aa04e9d829a4580fd5c68b8,a50fbde29aa04e9d829a4580fd5c68b8,standard,0,0,vlm_patches/test_016_tile_embeddings/standard/top_k/test_016_tile_embeddings_standard_top_k_002.png,s3://pershin-medailab/Pathomorphology/CAMELYON/mil/vlm_patches/c16_abmil_vlm_patches_a50fbde29aa04e9d829a4580fd5c68b8.tar.gz!/vlm_patches/test_016_tile_embeddings/standard/top_k/test_016_tile_embeddings_standard_top_k_002.png,test_016_tile_embeddings_standard_top_k_002
c16_native,test_122,test_122_tile_embeddings,f8fe7e843ab8feb8,39680,8704,256,20,0.9919281005859376,1,1.0,1,1,top_k,1,a50fbde29aa04e9d829a4580fd5c68b8,a50fbde29aa04e9d829a4580fd5c68b8,standard,0,0,vlm_patches/test_122_tile_embeddings/standard/top_k/test_122_tile_embeddings_standard_top_k_000.png,s3://pershin-medailab/Pathomorphology/CAMELYON/mil/vlm_patches/c16_abmil_vlm_patches_a50fbde29aa04e9d829a4580fd5c68b8.tar.gz!/vlm_patches/test_122_tile_embeddings/standard/top_k/test_122_tile_embeddings_standard_top_k_000.png,test_122_tile_embeddings_standard_top_k_000
c16_native,test_122,test_122_tile_embeddings,91ad5394ed39daa0,52992,12288,256,20,0.977935791015625,1,1.0,1,1,top_k,3,a50fbde29aa04e9d829a4580fd5c68b8,a50fbde29aa04e9d829a4580fd5c68b8,standard,0,0,vlm_patches/test_122_tile_embeddings/standard/top_k/test_122_tile_embeddings_standard_top_k_002.png,s3://pershin-medailab/Pathomorphology/CAMELYON/mil/vlm_patches/c16_abmil_vlm_patches_a50fbde29aa04e9d829a4580fd5c68b8.tar.gz!/vlm_patches/test_122_tile_embeddings/standard/top_k/test_122_tile_embeddings_standard_top_k_002.png,test_122_tile_embeddings_standard_top_k_002
c16_native,test_122,test_122_tile_embeddings,268f095486d2d200,40192,5888,256,20,0.9568634033203124,1,0.91,1,1,top_k,4,a50fbde29aa04e9d829a4580fd5c68b8,a50fbde29aa04e9d829a4580fd5c68b8,standard,0,0,vlm_patches/test_122_tile_embeddings/standard/top_k/test_122_tile_embeddings_standard_top_k_003.png,s3://pershin-medailab/Pathomorphology/CAMELYON/mil/vlm_patches/c16_abmil_vlm_patches_a50fbde29aa04e9d829a4580fd5c68b8.tar.gz!/vlm_patches/test_122_tile_embeddings/standard/top_k/test_122_tile_embeddings_standard_top_k_003.png,test_122_tile_embeddings_standard_top_k_003
c16_native,test_027,test_027_tile_embeddings,c8f4dcb0f4a04b0b,59392,126720,256,20,0.59765625,1,1.0,1,1,top_k,1,a50fbde29aa04e9d829a4580fd5c68b8,a50fbde29aa04e9d829a4580fd5c68b8,standard,0,0,vlm_patches/test_027_tile_embeddings/standard/top_k/test_027_tile_embeddings_standard_top_k_000.png,s3://pershin-medailab/Pathomorphology/CAMELYON/mil/vlm_patches/c16_abmil_vlm_patches_a50fbde29aa04e9d829a4580fd5c68b8.tar.gz!/vlm_patches/test_027_tile_embeddings/standard/top_k/test_027_tile_embeddings_standard_top_k_000.png,test_027_tile_embeddings_standard_top_k_000
c16_native,test_027,test_027_tile_embeddings,885a39187ae58229,60416,124416,256,20,0.7080078125,1,1.0,1,1,top_k,2,a50fbde29aa04e9d829a4580fd5c68b8,a50fbde29aa04e9d829a4580fd5c68b8,standard,0,0,vlm_patches/test_027_tile_embeddings/standard/top_k/test_027_tile_embeddings_standard_top_k_001.png,s3://pershin-medailab/Pathomorphology/CAMELYON/mil/vlm_patches/c16_abmil_vlm_patches_a50fbde29aa04e9d829a4580fd5c68b8.tar.gz!/vlm_patches/test_027_tile_embeddings/standard/top_k/test_027_tile_embeddings_standard_top_k_001.png,test_027_tile_embeddings_standard_top_k_001
c16_native,test_027,test_027_tile_embeddings,dbebe86161ee242f,62208,126976,256,20,0.68096923828125,1,0.9725,1,1,top_k,3,a50fbde29aa04e9d829a4580fd5c68b8,a50fbde29aa04e9d829a4580fd5c68b8,standard,0,0,vlm_patches/test_027_tile_embeddings/standard/top_k/test_027_tile_embeddings_standard_top_k_002.png,s3://pershin-medailab/Pathomorphology/CAMELYON/mil/vlm_patches/c16_abmil_vlm_patches_a50fbde29aa04e9d829a4580fd5c68b8.tar.gz!/vlm_patches/test_027_tile_embeddings/standard/top_k/test_027_tile_embeddings_standard_top_k_002.png,test_027_tile_embeddings_standard_top_k_002
c16_native,test_090,test_090_tile_embeddings,8a6b1de32ae52394,31232,127232,256,20,0.8945159912109375,1,1.0,1,1,top_k,1,a50fbde29aa04e9d829a4580fd5c68b8,a50fbde29aa04e9d829a4580fd5c68b8,standard,0,0,vlm_patches/test_090_tile_embeddings/standard/top_k/test_090_tile_embeddings_standard_top_k_000.png,s3://pershin-medailab/Pathomorphology/CAMELYON/mil/vlm_patches/c16_abmil_vlm_patches_a50fbde29aa04e9d829a4580fd5c68b8.tar.gz!/vlm_patches/test_090_tile_embeddings/standard/top_k/test_090_tile_embeddings_standard_top_k_000.png,test_090_tile_embeddings_standard_top_k_000
c16_native,test_090,test_090_tile_embeddings,73a91caae8a1e657,35584,119296,256,20,0.7794189453125,1,1.0,1,1,top_k,2,a50fbde29aa04e9d829a4580fd5c68b8,a50fbde29aa04e9d829a4580fd5c68b8,standard,0,0,vlm_patches/test_090_tile_embeddings/standard/top_k/test_090_tile_embeddings_standard_top_k_001.png,s3://pershin-medailab/Pathomorphology/CAMELYON/mil/vlm_patches/c16_abmil_vlm_patches_a50fbde29aa04e9d829a4580fd5c68b8.tar.gz!/vlm_patches/test_090_tile_embeddings/standard/top_k/test_090_tile_embeddings_standard_top_k_001.png,test_090_tile_embeddings_standard_top_k_001
c16_native,test_090,test_090_tile_embeddings,d2b700341280ea9e,31232,126464,256,20,0.82391357421875,1,1.0,1,1,top_k,3,a50fbde29aa04e9d829a4580fd5c68b8,a50fbde29aa04e9d829a4580fd5c68b8,standard,0,0,vlm_patches/test_090_tile_embeddings/standard/top_k/test_090_tile_embeddings_standard_top_k_002.png,s3://pershin-medailab/Pathomorphology/CAMELYON/mil/vlm_patches/c16_abmil_vlm_patches_a50fbde29aa04e9d829a4580fd5c68b8.tar.gz!/vlm_patches/test_090_tile_embeddings/standard/top_k/test_090_tile_embeddings_standard_top_k_002.png,test_090_tile_embeddings_standard_top_k_002
c16_native,test_084,test_084_tile_embeddings,d255ee470979dda4,27648,8192,256,20,0.8229522705078125,0,0.0,0,0,top_k,1,a50fbde29aa04e9d829a4580fd5c68b8,a50fbde29aa04e9d829a4580fd5c68b8,standard,0,0,vlm_patches/test_084_tile_embeddings/standard/top_k/test_084_tile_embeddings_standard_top_k_000.png,s3://pershin-medailab/Pathomorphology/CAMELYON/mil/vlm_patches/c16_abmil_vlm_patches_a50fbde29aa04e9d829a4580fd5c68b8.tar.gz!/vlm_patches/test_084_tile_embeddings/standard/top_k/test_084_tile_embeddings_standard_top_k_000.png,test_084_tile_embeddings_standard_top_k_000
c16_native,test_084,test_084_tile_embeddings,ec091539a67c8b8d,51968,31232,256,20,0.7894134521484375,0,0.0,0,0,top_k,3,a50fbde29aa04e9d829a4580fd5c68b8,a50fbde29aa04e9d829a4580fd5c68b8,standard,0,0,vlm_patches/test_084_tile_embeddings/standard/top_k/test_084_tile_embeddings_standard_top_k_002.png,s3://pershin-medailab/Pathomorphology/CAMELYON/mil/vlm_patches/c16_abmil_vlm_patches_a50fbde29aa04e9d829a4580fd5c68b8.tar.gz!/vlm_patches/test_084_tile_embeddings/standard/top_k/test_084_tile_embeddings_standard_top_k_002.png,test_084_tile_embeddings_standard_top_k_002
c16_native,test_084,test_084_tile_embeddings,759c3d2b3303fda2,39936,72960,256,20,0.8874664306640625,1,1.0,1,1,top_k,4,a50fbde29aa04e9d829a4580fd5c68b8,a50fbde29aa04e9d829a4580fd5c68b8,standard,0,0,vlm_patches/test_084_tile_embeddings/standard/top_k/test_084_tile_embeddings_standard_top_k_003.png,s3://pershin-medailab/Pathomorphology/CAMELYON/mil/vlm_patches/c16_abmil_vlm_patches_a50fbde29aa04e9d829a4580fd5c68b8.tar.gz!/vlm_patches/test_084_tile_embeddings/standard/top_k/test_084_tile_embeddings_standard_top_k_003.png,test_084_tile_embeddings_standard_top_k_003
c16_native,test_051,test_051_tile_embeddings,0c3e72d17decdde4,73472,109824,256,20,0.977142333984375,1,1.0,1,1,top_k,1,a50fbde29aa04e9d829a4580fd5c68b8,a50fbde29aa04e9d829a4580fd5c68b8,standard,0,0,vlm_patches/test_051_tile_embeddings/standard/top_k/test_051_tile_embeddings_standard_top_k_000.png,s3://pershin-medailab/Pathomorphology/CAMELYON/mil/vlm_patches/c16_abmil_vlm_patches_a50fbde29aa04e9d829a4580fd5c68b8.tar.gz!/vlm_patches/test_051_tile_embeddings/standard/top_k/test_051_tile_embeddings_standard_top_k_000.png,test_051_tile_embeddings_standard_top_k_000
c16_native,test_051,test_051_tile_embeddings,6f6aadf6db3b0f46,73216,110080,256,20,0.981842041015625,1,1.0,1,1,top_k,2,a50fbde29aa04e9d829a4580fd5c68b8,a50fbde29aa04e9d829a4580fd5c68b8,standard,0,0,vlm_patches/test_051_tile_embeddings/standard/top_k/test_051_tile_embeddings_standard_top_k_001.png,s3://pershin-medailab/Pathomorphology/CAMELYON/mil/vlm_patches/c16_abmil_vlm_patches_a50fbde29aa04e9d829a4580fd5c68b8.tar.gz!/vlm_patches/test_051_tile_embeddings/standard/top_k/test_051_tile_embeddings_standard_top_k_001.png,test_051_tile_embeddings_standard_top_k_001
c16_native,test_051,test_051_tile_embeddings,6e2eaa0a9d21bcc5,73216,109312,256,20,0.9505462646484376,1,1.0,1,1,top_k,4,a50fbde29aa04e9d829a4580fd5c68b8,a50fbde29aa04e9d829a4580fd5c68b8,standard,0,0,vlm_patches/test_051_tile_embeddings/standard/top_k/test_051_tile_embeddings_standard_top_k_003.png,s3://pershin-medailab/Pathomorphology/CAMELYON/mil/vlm_patches/c16_abmil_vlm_patches_a50fbde29aa04e9d829a4580fd5c68b8.tar.gz!/vlm_patches/test_051_tile_embeddings/standard/top_k/test_051_tile_embeddings_standard_top_k_003.png,test_051_tile_embeddings_standard_top_k_003
c16_native,test_108,test_108_tile_embeddings,5847cee6e746b1ec,39424,151552,256,20,0.835723876953125,1,1.0,1,1,top_k,1,a50fbde29aa04e9d829a4580fd5c68b8,a50fbde29aa04e9d829a4580fd5c68b8,standard,0,0,vlm_patches/test_108_tile_embeddings/standard/top_k/test_108_tile_embeddings_standard_top_k_000.png,s3://pershin-medailab/Pathomorphology/CAMELYON/mil/vlm_patches/c16_abmil_vlm_patches_a50fbde29aa04e9d829a4580fd5c68b8.tar.gz!/vlm_patches/test_108_tile_embeddings/standard/top_k/test_108_tile_embeddings_standard_top_k_000.png,test_108_tile_embeddings_standard_top_k_000
c16_native,test_108,test_108_tile_embeddings,e03243465f61821b,39680,152064,256,20,0.7458953857421875,1,1.0,1,1,top_k,2,a50fbde29aa04e9d829a4580fd5c68b8,a50fbde29aa04e9d829a4580fd5c68b8,standard,0,0,vlm_patches/test_108_tile_embeddings/standard/top_k/test_108_tile_embeddings_standard_top_k_001.png,s3://pershin-medailab/Pathomorphology/CAMELYON/mil/vlm_patches/c16_abmil_vlm_patches_a50fbde29aa04e9d829a4580fd5c68b8.tar.gz!/vlm_patches/test_108_tile_embeddings/standard/top_k/test_108_tile_embeddings_standard_top_k_001.png,test_108_tile_embeddings_standard_top_k_001
c16_native,test_108,test_108_tile_embeddings,c2f0b6831c48634d,39168,152320,256,20,0.7899932861328125,1,1.0,1,1,top_k,3,a50fbde29aa04e9d829a4580fd5c68b8,a50fbde29aa04e9d829a4580fd5c68b8,standard,0,0,vlm_patches/test_108_tile_embeddings/standard/top_k/test_108_tile_embeddings_standard_top_k_002.png,s3://pershin-medailab/Pathomorphology/CAMELYON/mil/vlm_patches/c16_abmil_vlm_patches_a50fbde29aa04e9d829a4580fd5c68b8.tar.gz!/vlm_patches/test_108_tile_embeddings/standard/top_k/test_108_tile_embeddings_standard_top_k_002.png,test_108_tile_embeddings_standard_top_k_002
c16_native,test_105,test_105_tile_embeddings,46e6fceb2fdf05d0,27392,29952,256,20,0.9681854248046876,1,1.0,1,1,top_k,1,a50fbde29aa04e9d829a4580fd5c68b8,a50fbde29aa04e9d829a4580fd5c68b8,standard,0,0,vlm_patches/test_105_tile_embeddings/standard/top_k/test_105_tile_embeddings_standard_top_k_000.png,s3://pershin-medailab/Pathomorphology/CAMELYON/mil/vlm_patches/c16_abmil_vlm_patches_a50fbde29aa04e9d829a4580fd5c68b8.tar.gz!/vlm_patches/test_105_tile_embeddings/standard/top_k/test_105_tile_embeddings_standard_top_k_000.png,test_105_tile_embeddings_standard_top_k_000
c16_native,test_105,test_105_tile_embeddings,a39277523e5888f7,28160,29696,256,20,0.984649658203125,1,1.0,1,1,top_k,3,a50fbde29aa04e9d829a4580fd5c68b8,a50fbde29aa04e9d829a4580fd5c68b8,standard,0,0,vlm_patches/test_105_tile_embeddings/standard/top_k/test_105_tile_embeddings_standard_top_k_002.png,s3://pershin-medailab/Pathomorphology/CAMELYON/mil/vlm_patches/c16_abmil_vlm_patches_a50fbde29aa04e9d829a4580fd5c68b8.tar.gz!/vlm_patches/test_105_tile_embeddings/standard/top_k/test_105_tile_embeddings_standard_top_k_002.png,test_105_tile_embeddings_standard_top_k_002
c16_native,test_105,test_105_tile_embeddings,16673287f5ebe922,27904,29952,256,20,0.979278564453125,1,1.0,1,1,top_k,4,a50fbde29aa04e9d829a4580fd5c68b8,a50fbde29aa04e9d829a4580fd5c68b8,standard,0,0,vlm_patches/test_105_tile_embeddings/standard/top_k/test_105_tile_embeddings_standard_top_k_003.png,s3://pershin-medailab/Pathomorphology/CAMELYON/mil/vlm_patches/c16_abmil_vlm_patches_a50fbde29aa04e9d829a4580fd5c68b8.tar.gz!/vlm_patches/test_105_tile_embeddings/standard/top_k/test_105_tile_embeddings_standard_top_k_003.png,test_105_tile_embeddings_standard_top_k_003
c16_native,test_082,test_082_tile_embeddings,67f20a0052c1ac65,41728,99840,256,20,0.8176422119140625,1,1.0,1,1,top_k,1,a50fbde29aa04e9d829a4580fd5c68b8,a50fbde29aa04e9d829a4580fd5c68b8,standard,0,0,vlm_patches/test_082_tile_embeddings/standard/top_k/test_082_tile_embeddings_standard_top_k_000.png,s3://pershin-medailab/Pathomorphology/CAMELYON/mil/vlm_patches/c16_abmil_vlm_patches_a50fbde29aa04e9d829a4580fd5c68b8.tar.gz!/vlm_patches/test_082_tile_embeddings/standard/top_k/test_082_tile_embeddings_standard_top_k_000.png,test_082_tile_embeddings_standard_top_k_000
c16_native,test_082,test_082_tile_embeddings,c3995681cdfa5d05,40448,98048,256,20,0.8608856201171875,1,1.0,1,1,top_k,2,a50fbde29aa04e9d829a4580fd5c68b8,a50fbde29aa04e9d829a4580fd5c68b8,standard,0,0,vlm_patches/test_082_tile_embeddings/standard/top_k/test_082_tile_embeddings_standard_top_k_001.png,s3://pershin-medailab/Pathomorphology/CAMELYON/mil/vlm_patches/c16_abmil_vlm_patches_a50fbde29aa04e9d829a4580fd5c68b8.tar.gz!/vlm_patches/test_082_tile_embeddings/standard/top_k/test_082_tile_embeddings_standard_top_k_001.png,test_082_tile_embeddings_standard_top_k_001
c16_native,test_082,test_082_tile_embeddings,a3f94c53508a0189,41472,100608,256,20,0.7652587890625,1,1.0,1,1,top_k,3,a50fbde29aa04e9d829a4580fd5c68b8,a50fbde29aa04e9d829a4580fd5c68b8,standard,0,0,vlm_patches/test_082_tile_embeddings/standard/top_k/test_082_tile_embeddings_standard_top_k_002.png,s3://pershin-medailab/Pathomorphology/CAMELYON/mil/vlm_patches/c16_abmil_vlm_patches_a50fbde29aa04e9d829a4580fd5c68b8.tar.gz!/vlm_patches/test_082_tile_embeddings/standard/top_k/test_082_tile_embeddings_standard_top_k_002.png,test_082_tile_embeddings_standard_top_k_002
c16_native,test_079,test_079_tile_embeddings,4ce6dc8e3d5fa7f2,39936,66560,256,20,0.9767303466796876,1,1.0,1,1,top_k,1,a50fbde29aa04e9d829a4580fd5c68b8,a50fbde29aa04e9d829a4580fd5c68b8,standard,0,0,vlm_patches/test_079_tile_embeddings/standard/top_k/test_079_tile_embeddings_standard_top_k_000.png,s3://pershin-medailab/Pathomorphology/CAMELYON/mil/vlm_patches/c16_abmil_vlm_patches_a50fbde29aa04e9d829a4580fd5c68b8.tar.gz!/vlm_patches/test_079_tile_embeddings/standard/top_k/test_079_tile_embeddings_standard_top_k_000.png,test_079_tile_embeddings_standard_top_k_000
c16_native,test_079,test_079_tile_embeddings,cc77a7030252b84a,47616,69120,256,20,0.99591064453125,1,1.0,1,1,top_k,2,a50fbde29aa04e9d829a4580fd5c68b8,a50fbde29aa04e9d829a4580fd5c68b8,standard,0,0,vlm_patches/test_079_tile_embeddings/standard/top_k/test_079_tile_embeddings_standard_top_k_001.png,s3://pershin-medailab/Pathomorphology/CAMELYON/mil/vlm_patches/c16_abmil_vlm_patches_a50fbde29aa04e9d829a4580fd5c68b8.tar.gz!/vlm_patches/test_079_tile_embeddings/standard/top_k/test_079_tile_embeddings_standard_top_k_001.png,test_079_tile_embeddings_standard_top_k_001
c16_native,test_079,test_079_tile_embeddings,b3e89daf8ebf0e86,40192,67328,256,20,0.97174072265625,1,1.0,1,1,top_k,3,a50fbde29aa04e9d829a4580fd5c68b8,a50fbde29aa04e9d829a4580fd5c68b8,standard,0,0,vlm_patches/test_079_tile_embeddings/standard/top_k/test_079_tile_embeddings_standard_top_k_002.png,s3://pershin-medailab/Pathomorphology/CAMELYON/mil/vlm_patches/c16_abmil_vlm_patches_a50fbde29aa04e9d829a4580fd5c68b8.tar.gz!/vlm_patches/test_079_tile_embeddings/standard/top_k/test_079_tile_embeddings_standard_top_k_002.png,test_079_tile_embeddings_standard_top_k_002
c16_native,test_026,test_026_tile_embeddings,f2da798a9b0dd7ec,73216,46592,256,20,0.90032958984375,1,0.8875,1,1,top_k,1,a50fbde29aa04e9d829a4580fd5c68b8,a50fbde29aa04e9d829a4580fd5c68b8,standard,0,0,vlm_patches/test_026_tile_embeddings/standard/top_k/test_026_tile_embeddings_standard_top_k_000.png,s3://pershin-medailab/Pathomorphology/CAMELYON/mil/vlm_patches/c16_abmil_vlm_patches_a50fbde29aa04e9d829a4580fd5c68b8.tar.gz!/vlm_patches/test_026_tile_embeddings/standard/top_k/test_026_tile_embeddings_standard_top_k_000.png,test_026_tile_embeddings_standard_top_k_000
c16_native,test_026,test_026_tile_embeddings,29494d57083e0194,72704,45824,256,20,0.88214111328125,1,0.8375,1,1,top_k,2,a50fbde29aa04e9d829a4580fd5c68b8,a50fbde29aa04e9d829a4580fd5c68b8,standard,0,0,vlm_patches/test_026_tile_embeddings/standard/top_k/test_026_tile_embeddings_standard_top_k_001.png,s3://pershin-medailab/Pathomorphology/CAMELYON/mil/vlm_patches/c16_abmil_vlm_patches_a50fbde29aa04e9d829a4580fd5c68b8.tar.gz!/vlm_patches/test_026_tile_embeddings/standard/top_k/test_026_tile_embeddings_standard_top_k_001.png,test_026_tile_embeddings_standard_top_k_001
c16_native,test_026,test_026_tile_embeddings,59560cd42c397193,72192,45568,256,20,0.89862060546875,0,0.8425,0,1,top_k,3,a50fbde29aa04e9d829a4580fd5c68b8,a50fbde29aa04e9d829a4580fd5c68b8,standard,0,0,vlm_patches/test_026_tile_embeddings/standard/top_k/test_026_tile_embeddings_standard_top_k_002.png,s3://pershin-medailab/Pathomorphology/CAMELYON/mil/vlm_patches/c16_abmil_vlm_patches_a50fbde29aa04e9d829a4580fd5c68b8.tar.gz!/vlm_patches/test_026_tile_embeddings/standard/top_k/test_026_tile_embeddings_standard_top_k_002.png,test_026_tile_embeddings_standard_top_k_002
c16_native,test_073,test_073_tile_embeddings,690b0d435af5d801,109056,73472,256,20,0.9752960205078124,1,1.0,1,1,top_k,1,a50fbde29aa04e9d829a4580fd5c68b8,a50fbde29aa04e9d829a4580fd5c68b8,standard,0,0,vlm_patches/test_073_tile_embeddings/standard/top_k/test_073_tile_embeddings_standard_top_k_000.png,s3://pershin-medailab/Pathomorphology/CAMELYON/mil/vlm_patches/c16_abmil_vlm_patches_a50fbde29aa04e9d829a4580fd5c68b8.tar.gz!/vlm_patches/test_073_tile_embeddings/standard/top_k/test_073_tile_embeddings_standard_top_k_000.png,test_073_tile_embeddings_standard_top_k_000
c16_native,test_073,test_073_tile_embeddings,5ffebb2fce256204,109312,74240,256,20,0.9239654541015624,1,1.0,1,1,top_k,2,a50fbde29aa04e9d829a4580fd5c68b8,a50fbde29aa04e9d829a4580fd5c68b8,standard,0,0,vlm_patches/test_073_tile_embeddings/standard/top_k/test_073_tile_embeddings_standard_top_k_001.png,s3://pershin-medailab/Pathomorphology/CAMELYON/mil/vlm_patches/c16_abmil_vlm_patches_a50fbde29aa04e9d829a4580fd5c68b8.tar.gz!/vlm_patches/test_073_tile_embeddings/standard/top_k/test_073_tile_embeddings_standard_top_k_001.png,test_073_tile_embeddings_standard_top_k_001
c16_native,test_073,test_073_tile_embeddings,c4f9fa9db93ee49b,15360,73984,256,20,0.930999755859375,1,1.0,1,1,top_k,3,a50fbde29aa04e9d829a4580fd5c68b8,a50fbde29aa04e9d829a4580fd5c68b8,standard,0,0,vlm_patches/test_073_tile_embeddings/standard/top_k/test_073_tile_embeddings_standard_top_k_002.png,s3://pershin-medailab/Pathomorphology/CAMELYON/mil/vlm_patches/c16_abmil_vlm_patches_a50fbde29aa04e9d829a4580fd5c68b8.tar.gz!/vlm_patches/test_073_tile_embeddings/standard/top_k/test_073_tile_embeddings_standard_top_k_002.png,test_073_tile_embeddings_standard_top_k_002
c16_native,test_069,test_069_tile_embeddings,a8b0b52016305960,13312,41472,256,20,0.987701416015625,1,0.9975,1,1,top_k,1,a50fbde29aa04e9d829a4580fd5c68b8,a50fbde29aa04e9d829a4580fd5c68b8,standard,0,0,vlm_patches/test_069_tile_embeddings/standard/top_k/test_069_tile_embeddings_standard_top_k_000.png,s3://pershin-medailab/Pathomorphology/CAMELYON/mil/vlm_patches/c16_abmil_vlm_patches_a50fbde29aa04e9d829a4580fd5c68b8.tar.gz!/vlm_patches/test_069_tile_embeddings/standard/top_k/test_069_tile_embeddings_standard_top_k_000.png,test_069_tile_embeddings_standard_top_k_000
c16_native,test_069,test_069_tile_embeddings,99b55f77d6516ad9,16128,37888,256,20,0.960113525390625,1,1.0,1,1,top_k,2,a50fbde29aa04e9d829a4580fd5c68b8,a50fbde29aa04e9d829a4580fd5c68b8,standard,0,0,vlm_patches/test_069_tile_embeddings/standard/top_k/test_069_tile_embeddings_standard_top_k_001.png,s3://pershin-medailab/Pathomorphology/CAMELYON/mil/vlm_patches/c16_abmil_vlm_patches_a50fbde29aa04e9d829a4580fd5c68b8.tar.gz!/vlm_patches/test_069_tile_embeddings/standard/top_k/test_069_tile_embeddings_standard_top_k_001.png,test_069_tile_embeddings_standard_top_k_001
c16_native,test_069,test_069_tile_embeddings,ea8a175bf86faeed,113408,35840,256,20,0.8957672119140625,1,1.0,1,1,top_k,3,a50fbde29aa04e9d829a4580fd5c68b8,a50fbde29aa04e9d829a4580fd5c68b8,standard,0,0,vlm_patches/test_069_tile_embeddings/standard/top_k/test_069_tile_embeddings_standard_top_k_002.png,s3://pershin-medailab/Pathomorphology/CAMELYON/mil/vlm_patches/c16_abmil_vlm_patches_a50fbde29aa04e9d829a4580fd5c68b8.tar.gz!/vlm_patches/test_069_tile_embeddings/standard/top_k/test_069_tile_embeddings_standard_top_k_002.png,test_069_tile_embeddings_standard_top_k_002
c16_native,test_064,test_064_tile_embeddings,6ef19b1d71d9b733,51968,153856,256,20,0.875213623046875,1,1.0,1,1,top_k,1,a50fbde29aa04e9d829a4580fd5c68b8,a50fbde29aa04e9d829a4580fd5c68b8,standard,0,0,vlm_patches/test_064_tile_embeddings/standard/top_k/test_064_tile_embeddings_standard_top_k_000.png,s3://pershin-medailab/Pathomorphology/CAMELYON/mil/vlm_patches/c16_abmil_vlm_patches_a50fbde29aa04e9d829a4580fd5c68b8.tar.gz!/vlm_patches/test_064_tile_embeddings/standard/top_k/test_064_tile_embeddings_standard_top_k_000.png,test_064_tile_embeddings_standard_top_k_000
c16_native,test_064,test_064_tile_embeddings,be8195c493b1a6ff,51712,153600,256,20,0.8614349365234375,1,0.815,1,1,top_k,2,a50fbde29aa04e9d829a4580fd5c68b8,a50fbde29aa04e9d829a4580fd5c68b8,standard,0,0,vlm_patches/test_064_tile_embeddings/standard/top_k/test_064_tile_embeddings_standard_top_k_001.png,s3://pershin-medailab/Pathomorphology/CAMELYON/mil/vlm_patches/c16_abmil_vlm_patches_a50fbde29aa04e9d829a4580fd5c68b8.tar.gz!/vlm_patches/test_064_tile_embeddings/standard/top_k/test_064_tile_embeddings_standard_top_k_001.png,test_064_tile_embeddings_standard_top_k_001
c16_native,test_064,test_064_tile_embeddings,4df86d1259b2fe11,51968,153344,256,20,0.8529510498046875,1,1.0,1,1,top_k,3,a50fbde29aa04e9d829a4580fd5c68b8,a50fbde29aa04e9d829a4580fd5c68b8,standard,0,0,vlm_patches/test_064_tile_embeddings/standard/top_k/test_064_tile_embeddings_standard_top_k_002.png,s3://pershin-medailab/Pathomorphology/CAMELYON/mil/vlm_patches/c16_abmil_vlm_patches_a50fbde29aa04e9d829a4580fd5c68b8.tar.gz!/vlm_patches/test_064_tile_embeddings/standard/top_k/test_064_tile_embeddings_standard_top_k_002.png,test_064_tile_embeddings_standard_top_k_002
c16_native,test_075,test_075_tile_embeddings,ea28b4cf970fc82d,37632,146432,256,20,0.7820281982421875,1,0.9525,1,1,top_k,1,a50fbde29aa04e9d829a4580fd5c68b8,a50fbde29aa04e9d829a4580fd5c68b8,standard,0,0,vlm_patches/test_075_tile_embeddings/standard/top_k/test_075_tile_embeddings_standard_top_k_000.png,s3://pershin-medailab/Pathomorphology/CAMELYON/mil/vlm_patches/c16_abmil_vlm_patches_a50fbde29aa04e9d829a4580fd5c68b8.tar.gz!/vlm_patches/test_075_tile_embeddings/standard/top_k/test_075_tile_embeddings_standard_top_k_000.png,test_075_tile_embeddings_standard_top_k_000
c16_native,test_075,test_075_tile_embeddings,9577401396a7893d,37888,146432,256,20,0.902496337890625,1,0.765,1,1,top_k,2,a50fbde29aa04e9d829a4580fd5c68b8,a50fbde29aa04e9d829a4580fd5c68b8,standard,0,0,vlm_patches/test_075_tile_embeddings/standard/top_k/test_075_tile_embeddings_standard_top_k_001.png,s3://pershin-medailab/Pathomorphology/CAMELYON/mil/vlm_patches/c16_abmil_vlm_patches_a50fbde29aa04e9d829a4580fd5c68b8.tar.gz!/vlm_patches/test_075_tile_embeddings/standard/top_k/test_075_tile_embeddings_standard_top_k_001.png,test_075_tile_embeddings_standard_top_k_001
c16_native,test_075,test_075_tile_embeddings,cd19cf47ffb3697b,82688,144128,256,20,0.968353271484375,1,1.0,1,1,top_k,3,a50fbde29aa04e9d829a4580fd5c68b8,a50fbde29aa04e9d829a4580fd5c68b8,standard,0,0,vlm_patches/test_075_tile_embeddings/standard/top_k/test_075_tile_embeddings_standard_top_k_002.png,s3://pershin-medailab/Pathomorphology/CAMELYON/mil/vlm_patches/c16_abmil_vlm_patches_a50fbde29aa04e9d829a4580fd5c68b8.tar.gz!/vlm_patches/test_075_tile_embeddings/standard/top_k/test_075_tile_embeddings_standard_top_k_002.png,test_075_tile_embeddings_standard_top_k_002
c16_native,test_029,test_029_tile_embeddings,b908c1ccebbe8bb6,24320,92416,256,20,0.69927978515625,1,1.0,1,1,top_k,1,a50fbde29aa04e9d829a4580fd5c68b8,a50fbde29aa04e9d829a4580fd5c68b8,standard,0,0,vlm_patches/test_029_tile_embeddings/standard/top_k/test_029_tile_embeddings_standard_top_k_000.png,s3://pershin-medailab/Pathomorphology/CAMELYON/mil/vlm_patches/c16_abmil_vlm_patches_a50fbde29aa04e9d829a4580fd5c68b8.tar.gz!/vlm_patches/test_029_tile_embeddings/standard/top_k/test_029_tile_embeddings_standard_top_k_000.png,test_029_tile_embeddings_standard_top_k_000
c16_native,test_029,test_029_tile_embeddings,4695570632c36c41,24832,92160,256,20,0.6413726806640625,1,1.0,1,1,top_k,2,a50fbde29aa04e9d829a4580fd5c68b8,a50fbde29aa04e9d829a4580fd5c68b8,standard,0,0,vlm_patches/test_029_tile_embeddings/standard/top_k/test_029_tile_embeddings_standard_top_k_001.png,s3://pershin-medailab/Pathomorphology/CAMELYON/mil/vlm_patches/c16_abmil_vlm_patches_a50fbde29aa04e9d829a4580fd5c68b8.tar.gz!/vlm_patches/test_029_tile_embeddings/standard/top_k/test_029_tile_embeddings_standard_top_k_001.png,test_029_tile_embeddings_standard_top_k_001
c16_native,test_029,test_029_tile_embeddings,0f9d35aaf1363cb7,24320,92672,256,20,0.616119384765625,1,0.9825,1,1,top_k,4,a50fbde29aa04e9d829a4580fd5c68b8,a50fbde29aa04e9d829a4580fd5c68b8,standard,0,0,vlm_patches/test_029_tile_embeddings/standard/top_k/test_029_tile_embeddings_standard_top_k_003.png,s3://pershin-medailab/Pathomorphology/CAMELYON/mil/vlm_patches/c16_abmil_vlm_patches_a50fbde29aa04e9d829a4580fd5c68b8.tar.gz!/vlm_patches/test_029_tile_embeddings/standard/top_k/test_029_tile_embeddings_standard_top_k_003.png,test_029_tile_embeddings_standard_top_k_003
c16_native,test_004,test_004_tile_embeddings,444eaaae222526f3,66304,69120,256,20,0.6634979248046875,1,0.65,1,1,top_k,1,a50fbde29aa04e9d829a4580fd5c68b8,a50fbde29aa04e9d829a4580fd5c68b8,standard,0,0,vlm_patches/test_004_tile_embeddings/standard/top_k/test_004_tile_embeddings_standard_top_k_000.png,s3://pershin-medailab/Pathomorphology/CAMELYON/mil/vlm_patches/c16_abmil_vlm_patches_a50fbde29aa04e9d829a4580fd5c68b8.tar.gz!/vlm_patches/test_004_tile_embeddings/standard/top_k/test_004_tile_embeddings_standard_top_k_000.png,test_004_tile_embeddings_standard_top_k_000
c16_native,test_004,test_004_tile_embeddings,6329871d78ca884d,72192,72704,256,20,0.486419677734375,1,0.43,1,1,top_k,3,a50fbde29aa04e9d829a4580fd5c68b8,a50fbde29aa04e9d829a4580fd5c68b8,standard,0,0,vlm_patches/test_004_tile_embeddings/standard/top_k/test_004_tile_embeddings_standard_top_k_002.png,s3://pershin-medailab/Pathomorphology/CAMELYON/mil/vlm_patches/c16_abmil_vlm_patches_a50fbde29aa04e9d829a4580fd5c68b8.tar.gz!/vlm_patches/test_004_tile_embeddings/standard/top_k/test_004_tile_embeddings_standard_top_k_002.png,test_004_tile_embeddings_standard_top_k_002
c16_native,test_004,test_004_tile_embeddings,b5d78ec1b06bec48,72448,72704,256,20,0.659423828125,0,0.305,0,1,top_k,4,a50fbde29aa04e9d829a4580fd5c68b8,a50fbde29aa04e9d829a4580fd5c68b8,standard,0,0,vlm_patches/test_004_tile_embeddings/standard/top_k/test_004_tile_embeddings_standard_top_k_003.png,s3://pershin-medailab/Pathomorphology/CAMELYON/mil/vlm_patches/c16_abmil_vlm_patches_a50fbde29aa04e9d829a4580fd5c68b8.tar.gz!/vlm_patches/test_004_tile_embeddings/standard/top_k/test_004_tile_embeddings_standard_top_k_003.png,test_004_tile_embeddings_standard_top_k_003
c16_native,test_068,test_068_tile_embeddings,0558665a19956bb4,47872,167680,256,20,0.898040771484375,1,1.0,1,1,top_k,1,a50fbde29aa04e9d829a4580fd5c68b8,a50fbde29aa04e9d829a4580fd5c68b8,standard,0,0,vlm_patches/test_068_tile_embeddings/standard/top_k/test_068_tile_embeddings_standard_top_k_000.png,s3://pershin-medailab/Pathomorphology/CAMELYON/mil/vlm_patches/c16_abmil_vlm_patches_a50fbde29aa04e9d829a4580fd5c68b8.tar.gz!/vlm_patches/test_068_tile_embeddings/standard/top_k/test_068_tile_embeddings_standard_top_k_000.png,test_068_tile_embeddings_standard_top_k_000
c16_native,test_068,test_068_tile_embeddings,f758ffabee417e98,48128,167936,256,20,0.86260986328125,1,1.0,1,1,top_k,2,a50fbde29aa04e9d829a4580fd5c68b8,a50fbde29aa04e9d829a4580fd5c68b8,standard,0,0,vlm_patches/test_068_tile_embeddings/standard/top_k/test_068_tile_embeddings_standard_top_k_001.png,s3://pershin-medailab/Pathomorphology/CAMELYON/mil/vlm_patches/c16_abmil_vlm_patches_a50fbde29aa04e9d829a4580fd5c68b8.tar.gz!/vlm_patches/test_068_tile_embeddings/standard/top_k/test_068_tile_embeddings_standard_top_k_001.png,test_068_tile_embeddings_standard_top_k_001
c16_native,test_068,test_068_tile_embeddings,db380ca1ffba2c9a,48128,166656,256,20,0.792999267578125,1,1.0,1,1,top_k,3,a50fbde29aa04e9d829a4580fd5c68b8,a50fbde29aa04e9d829a4580fd5c68b8,standard,0,0,vlm_patches/test_068_tile_embeddings/standard/top_k/test_068_tile_embeddings_standard_top_k_002.png,s3://pershin-medailab/Pathomorphology/CAMELYON/mil/vlm_patches/c16_abmil_vlm_patches_a50fbde29aa04e9d829a4580fd5c68b8.tar.gz!/vlm_patches/test_068_tile_embeddings/standard/top_k/test_068_tile_embeddings_standard_top_k_002.png,test_068_tile_embeddings_standard_top_k_002
c16_native,test_117,test_117_tile_embeddings,dbd413bf0562cfa1,53760,127744,256,20,0.9296417236328124,1,1.0,1,1,top_k,1,a50fbde29aa04e9d829a4580fd5c68b8,a50fbde29aa04e9d829a4580fd5c68b8,standard,0,0,vlm_patches/test_117_tile_embeddings/standard/top_k/test_117_tile_embeddings_standard_top_k_000.png,s3://pershin-medailab/Pathomorphology/CAMELYON/mil/vlm_patches/c16_abmil_vlm_patches_a50fbde29aa04e9d829a4580fd5c68b8.tar.gz!/vlm_patches/test_117_tile_embeddings/standard/top_k/test_117_tile_embeddings_standard_top_k_000.png,test_117_tile_embeddings_standard_top_k_000
c16_native,test_117,test_117_tile_embeddings,e06700b2593154fe,54016,128000,256,20,0.924957275390625,1,1.0,1,1,top_k,2,a50fbde29aa04e9d829a4580fd5c68b8,a50fbde29aa04e9d829a4580fd5c68b8,standard,0,0,vlm_patches/test_117_tile_embeddings/standard/top_k/test_117_tile_embeddings_standard_top_k_001.png,s3://pershin-medailab/Pathomorphology/CAMELYON/mil/vlm_patches/c16_abmil_vlm_patches_a50fbde29aa04e9d829a4580fd5c68b8.tar.gz!/vlm_patches/test_117_tile_embeddings/standard/top_k/test_117_tile_embeddings_standard_top_k_001.png,test_117_tile_embeddings_standard_top_k_001
c16_native,test_117,test_117_tile_embeddings,12744763a1b04ea4,54016,128256,256,20,0.9370880126953124,1,1.0,1,1,top_k,3,a50fbde29aa04e9d829a4580fd5c68b8,a50fbde29aa04e9d829a4580fd5c68b8,standard,0,0,vlm_patches/test_117_tile_embeddings/standard/top_k/test_117_tile_embeddings_standard_top_k_002.png,s3://pershin-medailab/Pathomorphology/CAMELYON/mil/vlm_patches/c16_abmil_vlm_patches_a50fbde29aa04e9d829a4580fd5c68b8.tar.gz!/vlm_patches/test_117_tile_embeddings/standard/top_k/test_117_tile_embeddings_standard_top_k_002.png,test_117_tile_embeddings_standard_top_k_002
c16_native,test_074,test_074_tile_embeddings,7457379b8de8ada5,76032,145152,256,20,0.826324462890625,1,0.9225,1,1,top_k,1,a50fbde29aa04e9d829a4580fd5c68b8,a50fbde29aa04e9d829a4580fd5c68b8,standard,0,0,vlm_patches/test_074_tile_embeddings/standard/top_k/test_074_tile_embeddings_standard_top_k_000.png,s3://pershin-medailab/Pathomorphology/CAMELYON/mil/vlm_patches/c16_abmil_vlm_patches_a50fbde29aa04e9d829a4580fd5c68b8.tar.gz!/vlm_patches/test_074_tile_embeddings/standard/top_k/test_074_tile_embeddings_standard_top_k_000.png,test_074_tile_embeddings_standard_top_k_000
c16_native,test_074,test_074_tile_embeddings,867968a12cd05111,73728,144384,256,20,0.68756103515625,1,0.84,1,1,top_k,2,a50fbde29aa04e9d829a4580fd5c68b8,a50fbde29aa04e9d829a4580fd5c68b8,standard,0,0,vlm_patches/test_074_tile_embeddings/standard/top_k/test_074_tile_embeddings_standard_top_k_001.png,s3://pershin-medailab/Pathomorphology/CAMELYON/mil/vlm_patches/c16_abmil_vlm_patches_a50fbde29aa04e9d829a4580fd5c68b8.tar.gz!/vlm_patches/test_074_tile_embeddings/standard/top_k/test_074_tile_embeddings_standard_top_k_001.png,test_074_tile_embeddings_standard_top_k_001
c16_native,test_074,test_074_tile_embeddings,fb878ff4f4498bd7,73728,144128,256,20,0.6815032958984375,1,0.8725,1,1,top_k,3,a50fbde29aa04e9d829a4580fd5c68b8,a50fbde29aa04e9d829a4580fd5c68b8,standard,0,0,vlm_patches/test_074_tile_embeddings/standard/top_k/test_074_tile_embeddings_standard_top_k_002.png,s3://pershin-medailab/Pathomorphology/CAMELYON/mil/vlm_patches/c16_abmil_vlm_patches_a50fbde29aa04e9d829a4580fd5c68b8.tar.gz!/vlm_patches/test_074_tile_embeddings/standard/top_k/test_074_tile_embeddings_standard_top_k_002.png,test_074_tile_embeddings_standard_top_k_002
c16_native,test_048,test_048_tile_embeddings,324cd1ffa70443c5,51712,8704,256,20,0.8538665771484375,1,0.8175,1,1,top_k,1,a50fbde29aa04e9d829a4580fd5c68b8,a50fbde29aa04e9d829a4580fd5c68b8,standard,0,0,vlm_patches/test_048_tile_embeddings/standard/top_k/test_048_tile_embeddings_standard_top_k_000.png,s3://pershin-medailab/Pathomorphology/CAMELYON/mil/vlm_patches/c16_abmil_vlm_patches_a50fbde29aa04e9d829a4580fd5c68b8.tar.gz!/vlm_patches/test_048_tile_embeddings/standard/top_k/test_048_tile_embeddings_standard_top_k_000.png,test_048_tile_embeddings_standard_top_k_000
c16_native,test_048,test_048_tile_embeddings,e5c3124d12745df5,51968,8704,256,20,0.86285400390625,1,0.7825,1,1,top_k,2,a50fbde29aa04e9d829a4580fd5c68b8,a50fbde29aa04e9d829a4580fd5c68b8,standard,0,0,vlm_patches/test_048_tile_embeddings/standard/top_k/test_048_tile_embeddings_standard_top_k_001.png,s3://pershin-medailab/Pathomorphology/CAMELYON/mil/vlm_patches/c16_abmil_vlm_patches_a50fbde29aa04e9d829a4580fd5c68b8.tar.gz!/vlm_patches/test_048_tile_embeddings/standard/top_k/test_048_tile_embeddings_standard_top_k_001.png,test_048_tile_embeddings_standard_top_k_001
c16_native,test_048,test_048_tile_embeddings,e3dd1ee66049c7b0,39680,46592,256,20,0.92578125,1,0.8775,1,1,top_k,3,a50fbde29aa04e9d829a4580fd5c68b8,a50fbde29aa04e9d829a4580fd5c68b8,standard,0,0,vlm_patches/test_048_tile_embeddings/standard/top_k/test_048_tile_embeddings_standard_top_k_002.png,s3://pershin-medailab/Pathomorphology/CAMELYON/mil/vlm_patches/c16_abmil_vlm_patches_a50fbde29aa04e9d829a4580fd5c68b8.tar.gz!/vlm_patches/test_048_tile_embeddings/standard/top_k/test_048_tile_embeddings_standard_top_k_002.png,test_048_tile_embeddings_standard_top_k_002
c16_native,test_071,test_071_tile_embeddings,9b14e1bcae52fe64,112384,27136,256,20,0.97283935546875,1,1.0,1,1,top_k,1,a50fbde29aa04e9d829a4580fd5c68b8,a50fbde29aa04e9d829a4580fd5c68b8,standard,0,0,vlm_patches/test_071_tile_embeddings/standard/top_k/test_071_tile_embeddings_standard_top_k_000.png,s3://pershin-medailab/Pathomorphology/CAMELYON/mil/vlm_patches/c16_abmil_vlm_patches_a50fbde29aa04e9d829a4580fd5c68b8.tar.gz!/vlm_patches/test_071_tile_embeddings/standard/top_k/test_071_tile_embeddings_standard_top_k_000.png,test_071_tile_embeddings_standard_top_k_000
c16_native,test_071,test_071_tile_embeddings,065d68149a6d16e8,25600,25344,256,20,0.9028472900390624,1,1.0,1,1,top_k,2,a50fbde29aa04e9d829a4580fd5c68b8,a50fbde29aa04e9d829a4580fd5c68b8,standard,0,0,vlm_patches/test_071_tile_embeddings/standard/top_k/test_071_tile_embeddings_standard_top_k_001.png,s3://pershin-medailab/Pathomorphology/CAMELYON/mil/vlm_patches/c16_abmil_vlm_patches_a50fbde29aa04e9d829a4580fd5c68b8.tar.gz!/vlm_patches/test_071_tile_embeddings/standard/top_k/test_071_tile_embeddings_standard_top_k_001.png,test_071_tile_embeddings_standard_top_k_001
c16_native,test_071,test_071_tile_embeddings,47068f3edc211f57,15616,20224,256,20,0.9268035888671876,1,1.0,1,1,top_k,3,a50fbde29aa04e9d829a4580fd5c68b8,a50fbde29aa04e9d829a4580fd5c68b8,standard,0,0,vlm_patches/test_071_tile_embeddings/standard/top_k/test_071_tile_embeddings_standard_top_k_002.png,s3://pershin-medailab/Pathomorphology/CAMELYON/mil/vlm_patches/c16_abmil_vlm_patches_a50fbde29aa04e9d829a4580fd5c68b8.tar.gz!/vlm_patches/test_071_tile_embeddings/standard/top_k/test_071_tile_embeddings_standard_top_k_002.png,test_071_tile_embeddings_standard_top_k_002
c16_native,test_046,test_046_tile_embeddings,2f4aa84391ae0614,55040,26368,256,20,0.8240203857421875,1,0.505,1,1,top_k,1,a50fbde29aa04e9d829a4580fd5c68b8,a50fbde29aa04e9d829a4580fd5c68b8,standard,0,0,vlm_patches/test_046_tile_embeddings/standard/top_k/test_046_tile_embeddings_standard_top_k_000.png,s3://pershin-medailab/Pathomorphology/CAMELYON/mil/vlm_patches/c16_abmil_vlm_patches_a50fbde29aa04e9d829a4580fd5c68b8.tar.gz!/vlm_patches/test_046_tile_embeddings/standard/top_k/test_046_tile_embeddings_standard_top_k_000.png,test_046_tile_embeddings_standard_top_k_000
c16_native,test_046,test_046_tile_embeddings,447cf57fa85df9c7,55040,19456,256,20,0.8909149169921875,1,1.0,1,1,top_k,2,a50fbde29aa04e9d829a4580fd5c68b8,a50fbde29aa04e9d829a4580fd5c68b8,standard,0,0,vlm_patches/test_046_tile_embeddings/standard/top_k/test_046_tile_embeddings_standard_top_k_001.png,s3://pershin-medailab/Pathomorphology/CAMELYON/mil/vlm_patches/c16_abmil_vlm_patches_a50fbde29aa04e9d829a4580fd5c68b8.tar.gz!/vlm_patches/test_046_tile_embeddings/standard/top_k/test_046_tile_embeddings_standard_top_k_001.png,test_046_tile_embeddings_standard_top_k_001
c16_native,test_046,test_046_tile_embeddings,00d7c91855ac66cb,54528,23040,256,20,0.906890869140625,0,0.4475,0,1,top_k,3,a50fbde29aa04e9d829a4580fd5c68b8,a50fbde29aa04e9d829a4580fd5c68b8,standard,0,0,vlm_patches/test_046_tile_embeddings/standard/top_k/test_046_tile_embeddings_standard_top_k_002.png,s3://pershin-medailab/Pathomorphology/CAMELYON/mil/vlm_patches/c16_abmil_vlm_patches_a50fbde29aa04e9d829a4580fd5c68b8.tar.gz!/vlm_patches/test_046_tile_embeddings/standard/top_k/test_046_tile_embeddings_standard_top_k_002.png,test_046_tile_embeddings_standard_top_k_002
c16_native,test_010,test_010_tile_embeddings,924cefc14daa8ea0,81408,147712,256,20,0.884002685546875,1,0.81,1,1,top_k,1,a50fbde29aa04e9d829a4580fd5c68b8,a50fbde29aa04e9d829a4580fd5c68b8,standard,0,0,vlm_patches/test_010_tile_embeddings/standard/top_k/test_010_tile_embeddings_standard_top_k_000.png,s3://pershin-medailab/Pathomorphology/CAMELYON/mil/vlm_patches/c16_abmil_vlm_patches_a50fbde29aa04e9d829a4580fd5c68b8.tar.gz!/vlm_patches/test_010_tile_embeddings/standard/top_k/test_010_tile_embeddings_standard_top_k_000.png,test_010_tile_embeddings_standard_top_k_000
c16_native,test_010,test_010_tile_embeddings,0963231f347ef06d,81664,147712,256,20,0.899139404296875,1,0.7025,1,1,top_k,2,a50fbde29aa04e9d829a4580fd5c68b8,a50fbde29aa04e9d829a4580fd5c68b8,standard,0,0,vlm_patches/test_010_tile_embeddings/standard/top_k/test_010_tile_embeddings_standard_top_k_001.png,s3://pershin-medailab/Pathomorphology/CAMELYON/mil/vlm_patches/c16_abmil_vlm_patches_a50fbde29aa04e9d829a4580fd5c68b8.tar.gz!/vlm_patches/test_010_tile_embeddings/standard/top_k/test_010_tile_embeddings_standard_top_k_001.png,test_010_tile_embeddings_standard_top_k_001
c16_native,test_010,test_010_tile_embeddings,87dd6af94f8629df,81152,147712,256,20,0.9373321533203124,1,0.78,1,1,top_k,3,a50fbde29aa04e9d829a4580fd5c68b8,a50fbde29aa04e9d829a4580fd5c68b8,standard,0,0,vlm_patches/test_010_tile_embeddings/standard/top_k/test_010_tile_embeddings_standard_top_k_002.png,s3://pershin-medailab/Pathomorphology/CAMELYON/mil/vlm_patches/c16_abmil_vlm_patches_a50fbde29aa04e9d829a4580fd5c68b8.tar.gz!/vlm_patches/test_010_tile_embeddings/standard/top_k/test_010_tile_embeddings_standard_top_k_002.png,test_010_tile_embeddings_standard_top_k_002
c16_native,test_030,test_030_tile_embeddings,bc09f0ab5b0df789,57088,133888,256,20,0.6515960693359375,1,0.92,1,1,top_k,1,a50fbde29aa04e9d829a4580fd5c68b8,a50fbde29aa04e9d829a4580fd5c68b8,standard,0,0,vlm_patches/test_030_tile_embeddings/standard/top_k/test_030_tile_embeddings_standard_top_k_000.png,s3://pershin-medailab/Pathomorphology/CAMELYON/mil/vlm_patches/c16_abmil_vlm_patches_a50fbde29aa04e9d829a4580fd5c68b8.tar.gz!/vlm_patches/test_030_tile_embeddings/standard/top_k/test_030_tile_embeddings_standard_top_k_000.png,test_030_tile_embeddings_standard_top_k_000
c16_native,test_030,test_030_tile_embeddings,220f1232110f6ace,55040,142336,256,20,0.84564208984375,1,0.81,1,1,top_k,2,a50fbde29aa04e9d829a4580fd5c68b8,a50fbde29aa04e9d829a4580fd5c68b8,standard,0,0,vlm_patches/test_030_tile_embeddings/standard/top_k/test_030_tile_embeddings_standard_top_k_001.png,s3://pershin-medailab/Pathomorphology/CAMELYON/mil/vlm_patches/c16_abmil_vlm_patches_a50fbde29aa04e9d829a4580fd5c68b8.tar.gz!/vlm_patches/test_030_tile_embeddings/standard/top_k/test_030_tile_embeddings_standard_top_k_001.png,test_030_tile_embeddings_standard_top_k_001
c16_native,test_030,test_030_tile_embeddings,5ac41e9c85ffcd4c,64768,132352,256,20,0.7293243408203125,1,0.8825,1,1,top_k,3,a50fbde29aa04e9d829a4580fd5c68b8,a50fbde29aa04e9d829a4580fd5c68b8,standard,0,0,vlm_patches/test_030_tile_embeddings/standard/top_k/test_030_tile_embeddings_standard_top_k_002.png,s3://pershin-medailab/Pathomorphology/CAMELYON/mil/vlm_patches/c16_abmil_vlm_patches_a50fbde29aa04e9d829a4580fd5c68b8.tar.gz!/vlm_patches/test_030_tile_embeddings/standard/top_k/test_030_tile_embeddings_standard_top_k_002.png,test_030_tile_embeddings_standard_top_k_002
c16_native,test_038,test_038_tile_embeddings,5dfa99b5f740bb87,46848,124672,256,20,0.7327423095703125,1,0.8725,1,1,top_k,1,a50fbde29aa04e9d829a4580fd5c68b8,a50fbde29aa04e9d829a4580fd5c68b8,standard,0,0,vlm_patches/test_038_tile_embeddings/standard/top_k/test_038_tile_embeddings_standard_top_k_000.png,s3://pershin-medailab/Pathomorphology/CAMELYON/mil/vlm_patches/c16_abmil_vlm_patches_a50fbde29aa04e9d829a4580fd5c68b8.tar.gz!/vlm_patches/test_038_tile_embeddings/standard/top_k/test_038_tile_embeddings_standard_top_k_000.png,test_038_tile_embeddings_standard_top_k_000
c16_native,test_038,test_038_tile_embeddings,184ea57a7867d174,63232,120320,256,20,0.5699615478515625,0,0.0,0,0,top_k,2,a50fbde29aa04e9d829a4580fd5c68b8,a50fbde29aa04e9d829a4580fd5c68b8,standard,0,0,vlm_patches/test_038_tile_embeddings/standard/top_k/test_038_tile_embeddings_standard_top_k_001.png,s3://pershin-medailab/Pathomorphology/CAMELYON/mil/vlm_patches/c16_abmil_vlm_patches_a50fbde29aa04e9d829a4580fd5c68b8.tar.gz!/vlm_patches/test_038_tile_embeddings/standard/top_k/test_038_tile_embeddings_standard_top_k_001.png,test_038_tile_embeddings_standard_top_k_001
c16_native,test_038,test_038_tile_embeddings,385f53757908d151,45056,124928,256,20,0.542236328125,1,0.92,1,1,top_k,3,a50fbde29aa04e9d829a4580fd5c68b8,a50fbde29aa04e9d829a4580fd5c68b8,standard,0,0,vlm_patches/test_038_tile_embeddings/standard/top_k/test_038_tile_embeddings_standard_top_k_002.png,s3://pershin-medailab/Pathomorphology/CAMELYON/mil/vlm_patches/c16_abmil_vlm_patches_a50fbde29aa04e9d829a4580fd5c68b8.tar.gz!/vlm_patches/test_038_tile_embeddings/standard/top_k/test_038_tile_embeddings_standard_top_k_002.png,test_038_tile_embeddings_standard_top_k_002
c16_native,test_104,test_104_tile_embeddings,e76348acb0ba1b0e,60672,154880,256,20,0.7780609130859375,1,1.0,1,1,top_k,1,a50fbde29aa04e9d829a4580fd5c68b8,a50fbde29aa04e9d829a4580fd5c68b8,standard,0,0,vlm_patches/test_104_tile_embeddings/standard/top_k/test_104_tile_embeddings_standard_top_k_000.png,s3://pershin-medailab/Pathomorphology/CAMELYON/mil/vlm_patches/c16_abmil_vlm_patches_a50fbde29aa04e9d829a4580fd5c68b8.tar.gz!/vlm_patches/test_104_tile_embeddings/standard/top_k/test_104_tile_embeddings_standard_top_k_000.png,test_104_tile_embeddings_standard_top_k_000
c16_native,test_104,test_104_tile_embeddings,fc4989e899ce6683,60416,148992,256,20,0.7810821533203125,1,1.0,1,1,top_k,2,a50fbde29aa04e9d829a4580fd5c68b8,a50fbde29aa04e9d829a4580fd5c68b8,standard,0,0,vlm_patches/test_104_tile_embeddings/standard/top_k/test_104_tile_embeddings_standard_top_k_001.png,s3://pershin-medailab/Pathomorphology/CAMELYON/mil/vlm_patches/c16_abmil_vlm_patches_a50fbde29aa04e9d829a4580fd5c68b8.tar.gz!/vlm_patches/test_104_tile_embeddings/standard/top_k/test_104_tile_embeddings_standard_top_k_001.png,test_104_tile_embeddings_standard_top_k_001
c16_native,test_104,test_104_tile_embeddings,4dc6f8e8fad04fb2,60416,152832,256,20,0.76531982421875,1,1.0,1,1,top_k,3,a50fbde29aa04e9d829a4580fd5c68b8,a50fbde29aa04e9d829a4580fd5c68b8,standard,0,0,vlm_patches/test_104_tile_embeddings/standard/top_k/test_104_tile_embeddings_standard_top_k_002.png,s3://pershin-medailab/Pathomorphology/CAMELYON/mil/vlm_patches/c16_abmil_vlm_patches_a50fbde29aa04e9d829a4580fd5c68b8.tar.gz!/vlm_patches/test_104_tile_embeddings/standard/top_k/test_104_tile_embeddings_standard_top_k_002.png,test_104_tile_embeddings_standard_top_k_002
c16_native,test_052,test_052_tile_embeddings,c72a86da085bf17f,69888,147968,256,20,0.47979736328125,1,0.9625,1,1,top_k,1,a50fbde29aa04e9d829a4580fd5c68b8,a50fbde29aa04e9d829a4580fd5c68b8,standard,0,0,vlm_patches/test_052_tile_embeddings/standard/top_k/test_052_tile_embeddings_standard_top_k_000.png,s3://pershin-medailab/Pathomorphology/CAMELYON/mil/vlm_patches/c16_abmil_vlm_patches_a50fbde29aa04e9d829a4580fd5c68b8.tar.gz!/vlm_patches/test_052_tile_embeddings/standard/top_k/test_052_tile_embeddings_standard_top_k_000.png,test_052_tile_embeddings_standard_top_k_000
c16_native,test_052,test_052_tile_embeddings,27d8bf123aae6abd,69888,148224,256,20,0.4968719482421875,1,1.0,1,1,top_k,2,a50fbde29aa04e9d829a4580fd5c68b8,a50fbde29aa04e9d829a4580fd5c68b8,standard,0,0,vlm_patches/test_052_tile_embeddings/standard/top_k/test_052_tile_embeddings_standard_top_k_001.png,s3://pershin-medailab/Pathomorphology/CAMELYON/mil/vlm_patches/c16_abmil_vlm_patches_a50fbde29aa04e9d829a4580fd5c68b8.tar.gz!/vlm_patches/test_052_tile_embeddings/standard/top_k/test_052_tile_embeddings_standard_top_k_001.png,test_052_tile_embeddings_standard_top_k_001
c16_native,test_052,test_052_tile_embeddings,f54560a49c501304,69888,148480,256,20,0.50164794921875,1,1.0,1,1,top_k,3,a50fbde29aa04e9d829a4580fd5c68b8,a50fbde29aa04e9d829a4580fd5c68b8,standard,0,0,vlm_patches/test_052_tile_embeddings/standard/top_k/test_052_tile_embeddings_standard_top_k_002.png,s3://pershin-medailab/Pathomorphology/CAMELYON/mil/vlm_patches/c16_abmil_vlm_patches_a50fbde29aa04e9d829a4580fd5c68b8.tar.gz!/vlm_patches/test_052_tile_embeddings/standard/top_k/test_052_tile_embeddings_standard_top_k_002.png,test_052_tile_embeddings_standard_top_k_002
c16_native,test_061,test_061_tile_embeddings,fc708a546c3102ae,55552,137984,256,20,0.82977294921875,1,1.0,1,1,top_k,1,a50fbde29aa04e9d829a4580fd5c68b8,a50fbde29aa04e9d829a4580fd5c68b8,standard,0,0,vlm_patches/test_061_tile_embeddings/standard/top_k/test_061_tile_embeddings_standard_top_k_000.png,s3://pershin-medailab/Pathomorphology/CAMELYON/mil/vlm_patches/c16_abmil_vlm_patches_a50fbde29aa04e9d829a4580fd5c68b8.tar.gz!/vlm_patches/test_061_tile_embeddings/standard/top_k/test_061_tile_embeddings_standard_top_k_000.png,test_061_tile_embeddings_standard_top_k_000
c16_native,test_061,test_061_tile_embeddings,f46109c42ec33d47,18688,129536,256,20,0.916015625,1,0.93,1,1,top_k,2,a50fbde29aa04e9d829a4580fd5c68b8,a50fbde29aa04e9d829a4580fd5c68b8,standard,0,0,vlm_patches/test_061_tile_embeddings/standard/top_k/test_061_tile_embeddings_standard_top_k_001.png,s3://pershin-medailab/Pathomorphology/CAMELYON/mil/vlm_patches/c16_abmil_vlm_patches_a50fbde29aa04e9d829a4580fd5c68b8.tar.gz!/vlm_patches/test_061_tile_embeddings/standard/top_k/test_061_tile_embeddings_standard_top_k_001.png,test_061_tile_embeddings_standard_top_k_001
c16_native,test_061,test_061_tile_embeddings,4ef531c7a5489cb6,56064,138752,256,20,0.8366241455078125,1,1.0,1,1,top_k,3,a50fbde29aa04e9d829a4580fd5c68b8,a50fbde29aa04e9d829a4580fd5c68b8,standard,0,0,vlm_patches/test_061_tile_embeddings/standard/top_k/test_061_tile_embeddings_standard_top_k_002.png,s3://pershin-medailab/Pathomorphology/CAMELYON/mil/vlm_patches/c16_abmil_vlm_patches_a50fbde29aa04e9d829a4580fd5c68b8.tar.gz!/vlm_patches/test_061_tile_embeddings/standard/top_k/test_061_tile_embeddings_standard_top_k_002.png,test_061_tile_embeddings_standard_top_k_002
c16_native,test_116,test_116_tile_embeddings,c6043b542e032c88,51968,22528,256,20,0.9951934814453124,1,0.9,1,1,top_k,1,a50fbde29aa04e9d829a4580fd5c68b8,a50fbde29aa04e9d829a4580fd5c68b8,standard,0,0,vlm_patches/test_116_tile_embeddings/standard/top_k/test_116_tile_embeddings_standard_top_k_000.png,s3://pershin-medailab/Pathomorphology/CAMELYON/mil/vlm_patches/c16_abmil_vlm_patches_a50fbde29aa04e9d829a4580fd5c68b8.tar.gz!/vlm_patches/test_116_tile_embeddings/standard/top_k/test_116_tile_embeddings_standard_top_k_000.png,test_116_tile_embeddings_standard_top_k_000
c16_native,test_116,test_116_tile_embeddings,4fcb73687e28ce9c,57856,35328,256,20,0.9750213623046876,1,0.76,1,1,top_k,2,a50fbde29aa04e9d829a4580fd5c68b8,a50fbde29aa04e9d829a4580fd5c68b8,standard,0,0,vlm_patches/test_116_tile_embeddings/standard/top_k/test_116_tile_embeddings_standard_top_k_001.png,s3://pershin-medailab/Pathomorphology/CAMELYON/mil/vlm_patches/c16_abmil_vlm_patches_a50fbde29aa04e9d829a4580fd5c68b8.tar.gz!/vlm_patches/test_116_tile_embeddings/standard/top_k/test_116_tile_embeddings_standard_top_k_001.png,test_116_tile_embeddings_standard_top_k_001
c16_native,test_116,test_116_tile_embeddings,dd1aace513973ec5,66560,3840,256,20,0.972442626953125,0,0.2775,0,1,top_k,3,a50fbde29aa04e9d829a4580fd5c68b8,a50fbde29aa04e9d829a4580fd5c68b8,standard,0,0,vlm_patches/test_116_tile_embeddings/standard/top_k/test_116_tile_embeddings_standard_top_k_002.png,s3://pershin-medailab/Pathomorphology/CAMELYON/mil/vlm_patches/c16_abmil_vlm_patches_a50fbde29aa04e9d829a4580fd5c68b8.tar.gz!/vlm_patches/test_116_tile_embeddings/standard/top_k/test_116_tile_embeddings_standard_top_k_002.png,test_116_tile_embeddings_standard_top_k_002
c16_native,test_021,test_021_tile_embeddings,6e2269b17ecc9030,34816,193536,256,20,0.7014312744140625,1,1.0,1,1,top_k,1,a50fbde29aa04e9d829a4580fd5c68b8,a50fbde29aa04e9d829a4580fd5c68b8,standard,0,0,vlm_patches/test_021_tile_embeddings/standard/top_k/test_021_tile_embeddings_standard_top_k_000.png,s3://pershin-medailab/Pathomorphology/CAMELYON/mil/vlm_patches/c16_abmil_vlm_patches_a50fbde29aa04e9d829a4580fd5c68b8.tar.gz!/vlm_patches/test_021_tile_embeddings/standard/top_k/test_021_tile_embeddings_standard_top_k_000.png,test_021_tile_embeddings_standard_top_k_000
c16_native,test_021,test_021_tile_embeddings,ea9bc4b129983320,49664,193536,256,20,0.720611572265625,1,1.0,1,1,top_k,2,a50fbde29aa04e9d829a4580fd5c68b8,a50fbde29aa04e9d829a4580fd5c68b8,standard,0,0,vlm_patches/test_021_tile_embeddings/standard/top_k/test_021_tile_embeddings_standard_top_k_001.png,s3://pershin-medailab/Pathomorphology/CAMELYON/mil/vlm_patches/c16_abmil_vlm_patches_a50fbde29aa04e9d829a4580fd5c68b8.tar.gz!/vlm_patches/test_021_tile_embeddings/standard/top_k/test_021_tile_embeddings_standard_top_k_001.png,test_021_tile_embeddings_standard_top_k_001
c16_native,test_021,test_021_tile_embeddings,558d842da2de40ef,49664,193792,256,20,0.6125946044921875,1,1.0,1,1,top_k,3,a50fbde29aa04e9d829a4580fd5c68b8,a50fbde29aa04e9d829a4580fd5c68b8,standard,0,0,vlm_patches/test_021_tile_embeddings/standard/top_k/test_021_tile_embeddings_standard_top_k_002.png,s3://pershin-medailab/Pathomorphology/CAMELYON/mil/vlm_patches/c16_abmil_vlm_patches_a50fbde29aa04e9d829a4580fd5c68b8.tar.gz!/vlm_patches/test_021_tile_embeddings/standard/top_k/test_021_tile_embeddings_standard_top_k_002.png,test_021_tile_embeddings_standard_top_k_002
c16_native,test_113,test_113_tile_embeddings,433e6fa0a105b917,42240,77056,256,20,0.9296417236328124,1,1.0,1,1,top_k,1,a50fbde29aa04e9d829a4580fd5c68b8,a50fbde29aa04e9d829a4580fd5c68b8,standard,0,0,vlm_patches/test_113_tile_embeddings/standard/top_k/test_113_tile_embeddings_standard_top_k_000.png,s3://pershin-medailab/Pathomorphology/CAMELYON/mil/vlm_patches/c16_abmil_vlm_patches_a50fbde29aa04e9d829a4580fd5c68b8.tar.gz!/vlm_patches/test_113_tile_embeddings/standard/top_k/test_113_tile_embeddings_standard_top_k_000.png,test_113_tile_embeddings_standard_top_k_000
c16_native,test_113,test_113_tile_embeddings,05208d26f38af756,41728,76800,256,20,0.9274444580078124,1,1.0,1,1,top_k,2,a50fbde29aa04e9d829a4580fd5c68b8,a50fbde29aa04e9d829a4580fd5c68b8,standard,0,0,vlm_patches/test_113_tile_embeddings/standard/top_k/test_113_tile_embeddings_standard_top_k_001.png,s3://pershin-medailab/Pathomorphology/CAMELYON/mil/vlm_patches/c16_abmil_vlm_patches_a50fbde29aa04e9d829a4580fd5c68b8.tar.gz!/vlm_patches/test_113_tile_embeddings/standard/top_k/test_113_tile_embeddings_standard_top_k_001.png,test_113_tile_embeddings_standard_top_k_001
c16_native,test_113,test_113_tile_embeddings,248d02475bb8cdc0,41472,76288,256,20,0.9393768310546876,1,1.0,1,1,top_k,4,a50fbde29aa04e9d829a4580fd5c68b8,a50fbde29aa04e9d829a4580fd5c68b8,standard,0,0,vlm_patches/test_113_tile_embeddings/standard/top_k/test_113_tile_embeddings_standard_top_k_003.png,s3://pershin-medailab/Pathomorphology/CAMELYON/mil/vlm_patches/c16_abmil_vlm_patches_a50fbde29aa04e9d829a4580fd5c68b8.tar.gz!/vlm_patches/test_113_tile_embeddings/standard/top_k/test_113_tile_embeddings_standard_top_k_003.png,test_113_tile_embeddings_standard_top_k_003
c16_native,test_092,test_092_tile_embeddings,d73dc49fe95073fe,77056,84992,256,20,0.9599456787109376,1,1.0,1,1,top_k,1,a50fbde29aa04e9d829a4580fd5c68b8,a50fbde29aa04e9d829a4580fd5c68b8,standard,0,0,vlm_patches/test_092_tile_embeddings/standard/top_k/test_092_tile_embeddings_standard_top_k_000.png,s3://pershin-medailab/Pathomorphology/CAMELYON/mil/vlm_patches/c16_abmil_vlm_patches_a50fbde29aa04e9d829a4580fd5c68b8.tar.gz!/vlm_patches/test_092_tile_embeddings/standard/top_k/test_092_tile_embeddings_standard_top_k_000.png,test_092_tile_embeddings_standard_top_k_000
c16_native,test_092,test_092_tile_embeddings,738fe7573e5a9320,77056,84736,256,20,0.942657470703125,1,1.0,1,1,top_k,2,a50fbde29aa04e9d829a4580fd5c68b8,a50fbde29aa04e9d829a4580fd5c68b8,standard,0,0,vlm_patches/test_092_tile_embeddings/standard/top_k/test_092_tile_embeddings_standard_top_k_001.png,s3://pershin-medailab/Pathomorphology/CAMELYON/mil/vlm_patches/c16_abmil_vlm_patches_a50fbde29aa04e9d829a4580fd5c68b8.tar.gz!/vlm_patches/test_092_tile_embeddings/standard/top_k/test_092_tile_embeddings_standard_top_k_001.png,test_092_tile_embeddings_standard_top_k_001
c16_native,test_092,test_092_tile_embeddings,099eab3a6ff384ed,75520,84480,256,20,0.9674224853515624,1,1.0,1,1,top_k,3,a50fbde29aa04e9d829a4580fd5c68b8,a50fbde29aa04e9d829a4580fd5c68b8,standard,0,0,vlm_patches/test_092_tile_embeddings/standard/top_k/test_092_tile_embeddings_standard_top_k_002.png,s3://pershin-medailab/Pathomorphology/CAMELYON/mil/vlm_patches/c16_abmil_vlm_patches_a50fbde29aa04e9d829a4580fd5c68b8.tar.gz!/vlm_patches/test_092_tile_embeddings/standard/top_k/test_092_tile_embeddings_standard_top_k_002.png,test_092_tile_embeddings_standard_top_k_002
c16_native,test_002,test_002_tile_embeddings,a87783cbc94e389f,32768,165120,256,20,0.77044677734375,1,1.0,1,1,top_k,1,a50fbde29aa04e9d829a4580fd5c68b8,a50fbde29aa04e9d829a4580fd5c68b8,standard,0,0,vlm_patches/test_002_tile_embeddings/standard/top_k/test_002_tile_embeddings_standard_top_k_000.png,s3://pershin-medailab/Pathomorphology/CAMELYON/mil/vlm_patches/c16_abmil_vlm_patches_a50fbde29aa04e9d829a4580fd5c68b8.tar.gz!/vlm_patches/test_002_tile_embeddings/standard/top_k/test_002_tile_embeddings_standard_top_k_000.png,test_002_tile_embeddings_standard_top_k_000
c16_native,test_002,test_002_tile_embeddings,1dcd89966158ac98,33024,166144,256,20,0.793182373046875,1,1.0,1,1,top_k,2,a50fbde29aa04e9d829a4580fd5c68b8,a50fbde29aa04e9d829a4580fd5c68b8,standard,0,0,vlm_patches/test_002_tile_embeddings/standard/top_k/test_002_tile_embeddings_standard_top_k_001.png,s3://pershin-medailab/Pathomorphology/CAMELYON/mil/vlm_patches/c16_abmil_vlm_patches_a50fbde29aa04e9d829a4580fd5c68b8.tar.gz!/vlm_patches/test_002_tile_embeddings/standard/top_k/test_002_tile_embeddings_standard_top_k_001.png,test_002_tile_embeddings_standard_top_k_001
c16_native,test_002,test_002_tile_embeddings,6b5edd51e30ceef3,32512,165632,256,20,0.7733612060546875,1,1.0,1,1,top_k,3,a50fbde29aa04e9d829a4580fd5c68b8,a50fbde29aa04e9d829a4580fd5c68b8,standard,0,0,vlm_patches/test_002_tile_embeddings/standard/top_k/test_002_tile_embeddings_standard_top_k_002.png,s3://pershin-medailab/Pathomorphology/CAMELYON/mil/vlm_patches/c16_abmil_vlm_patches_a50fbde29aa04e9d829a4580fd5c68b8.tar.gz!/vlm_patches/test_002_tile_embeddings/standard/top_k/test_002_tile_embeddings_standard_top_k_002.png,test_002_tile_embeddings_standard_top_k_002
c16_native,test_094,test_094_tile_embeddings,7b13ff272c66ac98,37632,43776,256,20,0.8824920654296875,1,1.0,1,1,top_k,1,a50fbde29aa04e9d829a4580fd5c68b8,a50fbde29aa04e9d829a4580fd5c68b8,standard,0,0,vlm_patches/test_094_tile_embeddings/standard/top_k/test_094_tile_embeddings_standard_top_k_000.png,s3://pershin-medailab/Pathomorphology/CAMELYON/mil/vlm_patches/c16_abmil_vlm_patches_a50fbde29aa04e9d829a4580fd5c68b8.tar.gz!/vlm_patches/test_094_tile_embeddings/standard/top_k/test_094_tile_embeddings_standard_top_k_000.png,test_094_tile_embeddings_standard_top_k_000
c16_native,test_094,test_094_tile_embeddings,713c9d6d325a8910,36352,41984,256,20,0.89727783203125,1,0.975,1,1,top_k,2,a50fbde29aa04e9d829a4580fd5c68b8,a50fbde29aa04e9d829a4580fd5c68b8,standard,0,0,vlm_patches/test_094_tile_embeddings/standard/top_k/test_094_tile_embeddings_standard_top_k_001.png,s3://pershin-medailab/Pathomorphology/CAMELYON/mil/vlm_patches/c16_abmil_vlm_patches_a50fbde29aa04e9d829a4580fd5c68b8.tar.gz!/vlm_patches/test_094_tile_embeddings/standard/top_k/test_094_tile_embeddings_standard_top_k_001.png,test_094_tile_embeddings_standard_top_k_001
c16_native,test_094,test_094_tile_embeddings,f430838a15f65d07,38144,41472,256,20,0.89801025390625,1,1.0,1,1,top_k,4,a50fbde29aa04e9d829a4580fd5c68b8,a50fbde29aa04e9d829a4580fd5c68b8,standard,0,0,vlm_patches/test_094_tile_embeddings/standard/top_k/test_094_tile_embeddings_standard_top_k_003.png,s3://pershin-medailab/Pathomorphology/CAMELYON/mil/vlm_patches/c16_abmil_vlm_patches_a50fbde29aa04e9d829a4580fd5c68b8.tar.gz!/vlm_patches/test_094_tile_embeddings/standard/top_k/test_094_tile_embeddings_standard_top_k_003.png,test_094_tile_embeddings_standard_top_k_003
c16_native,test_013,test_013_tile_embeddings,ab0171c871327d00,49152,155136,256,20,0.659942626953125,1,0.5975,1,1,top_k,1,a50fbde29aa04e9d829a4580fd5c68b8,a50fbde29aa04e9d829a4580fd5c68b8,standard,0,0,vlm_patches/test_013_tile_embeddings/standard/top_k/test_013_tile_embeddings_standard_top_k_000.png,s3://pershin-medailab/Pathomorphology/CAMELYON/mil/vlm_patches/c16_abmil_vlm_patches_a50fbde29aa04e9d829a4580fd5c68b8.tar.gz!/vlm_patches/test_013_tile_embeddings/standard/top_k/test_013_tile_embeddings_standard_top_k_000.png,test_013_tile_embeddings_standard_top_k_000
c16_native,test_013,test_013_tile_embeddings,28d0fd469ce7e3cc,53248,108800,256,20,0.40985107421875,0,0.0,0,0,top_k,2,a50fbde29aa04e9d829a4580fd5c68b8,a50fbde29aa04e9d829a4580fd5c68b8,standard,0,0,vlm_patches/test_013_tile_embeddings/standard/top_k/test_013_tile_embeddings_standard_top_k_001.png,s3://pershin-medailab/Pathomorphology/CAMELYON/mil/vlm_patches/c16_abmil_vlm_patches_a50fbde29aa04e9d829a4580fd5c68b8.tar.gz!/vlm_patches/test_013_tile_embeddings/standard/top_k/test_013_tile_embeddings_standard_top_k_001.png,test_013_tile_embeddings_standard_top_k_001
c16_native,test_013,test_013_tile_embeddings,8bba3c45b6d7de63,49152,155904,256,20,0.896636962890625,1,0.7625,1,1,top_k,3,a50fbde29aa04e9d829a4580fd5c68b8,a50fbde29aa04e9d829a4580fd5c68b8,standard,0,0,vlm_patches/test_013_tile_embeddings/standard/top_k/test_013_tile_embeddings_standard_top_k_002.png,s3://pershin-medailab/Pathomorphology/CAMELYON/mil/vlm_patches/c16_abmil_vlm_patches_a50fbde29aa04e9d829a4580fd5c68b8.tar.gz!/vlm_patches/test_013_tile_embeddings/standard/top_k/test_013_tile_embeddings_standard_top_k_002.png,test_013_tile_embeddings_standard_top_k_002
c16_native,test_033,test_033_tile_embeddings,0b3ca0e0c7ac3e0a,76800,84736,256,20,0.87481689453125,1,0.975,1,1,top_k,1,a50fbde29aa04e9d829a4580fd5c68b8,a50fbde29aa04e9d829a4580fd5c68b8,standard,0,0,vlm_patches/test_033_tile_embeddings/standard/top_k/test_033_tile_embeddings_standard_top_k_000.png,s3://pershin-medailab/Pathomorphology/CAMELYON/mil/vlm_patches/c16_abmil_vlm_patches_a50fbde29aa04e9d829a4580fd5c68b8.tar.gz!/vlm_patches/test_033_tile_embeddings/standard/top_k/test_033_tile_embeddings_standard_top_k_000.png,test_033_tile_embeddings_standard_top_k_000
c16_native,test_033,test_033_tile_embeddings,a45ab09956e060eb,180480,84480,256,20,0.8597869873046875,1,0.7775,1,1,top_k,4,a50fbde29aa04e9d829a4580fd5c68b8,a50fbde29aa04e9d829a4580fd5c68b8,standard,0,0,vlm_patches/test_033_tile_embeddings/standard/top_k/test_033_tile_embeddings_standard_top_k_003.png,s3://pershin-medailab/Pathomorphology/CAMELYON/mil/vlm_patches/c16_abmil_vlm_patches_a50fbde29aa04e9d829a4580fd5c68b8.tar.gz!/vlm_patches/test_033_tile_embeddings/standard/top_k/test_033_tile_embeddings_standard_top_k_003.png,test_033_tile_embeddings_standard_top_k_003
c16_native,test_033,test_033_tile_embeddings,4ececee160c1c8d3,76544,84736,256,20,0.91015625,0,0.4825,0,1,top_k,5,a50fbde29aa04e9d829a4580fd5c68b8,a50fbde29aa04e9d829a4580fd5c68b8,standard,0,0,vlm_patches/test_033_tile_embeddings/standard/top_k/test_033_tile_embeddings_standard_top_k_004.png,s3://pershin-medailab/Pathomorphology/CAMELYON/mil/vlm_patches/c16_abmil_vlm_patches_a50fbde29aa04e9d829a4580fd5c68b8.tar.gz!/vlm_patches/test_033_tile_embeddings/standard/top_k/test_033_tile_embeddings_standard_top_k_004.png,test_033_tile_embeddings_standard_top_k_004
c16_native,test_028,test_028_tile_embeddings,bebc5cdd6197527d,56320,59648,256,20,0.9857025146484376,0,0.0,0,0,top_k,1,a50fbde29aa04e9d829a4580fd5c68b8,a50fbde29aa04e9d829a4580fd5c68b8,standard,0,0,vlm_patches/test_028_tile_embeddings/standard/top_k/test_028_tile_embeddings_standard_top_k_000.png,s3://pershin-medailab/Pathomorphology/CAMELYON/mil/vlm_patches/c16_abmil_vlm_patches_a50fbde29aa04e9d829a4580fd5c68b8.tar.gz!/vlm_patches/test_028_tile_embeddings/standard/top_k/test_028_tile_embeddings_standard_top_k_000.png,test_028_tile_embeddings_standard_top_k_000
c16_native,test_028,test_028_tile_embeddings,ce6af7e4219e6fc4,16128,30720,256,20,0.9684295654296876,0,0.0,0,0,top_k,2,a50fbde29aa04e9d829a4580fd5c68b8,a50fbde29aa04e9d829a4580fd5c68b8,standard,0,0,vlm_patches/test_028_tile_embeddings/standard/top_k/test_028_tile_embeddings_standard_top_k_001.png,s3://pershin-medailab/Pathomorphology/CAMELYON/mil/vlm_patches/c16_abmil_vlm_patches_a50fbde29aa04e9d829a4580fd5c68b8.tar.gz!/vlm_patches/test_028_tile_embeddings/standard/top_k/test_028_tile_embeddings_standard_top_k_001.png,test_028_tile_embeddings_standard_top_k_001
c16_native,test_028,test_028_tile_embeddings,0e1824139e6cd01e,104704,7424,256,20,0.75518798828125,0,0.0,0,0,top_k,3,a50fbde29aa04e9d829a4580fd5c68b8,a50fbde29aa04e9d829a4580fd5c68b8,standard,0,0,vlm_patches/test_028_tile_embeddings/standard/top_k/test_028_tile_embeddings_standard_top_k_002.png,s3://pershin-medailab/Pathomorphology/CAMELYON/mil/vlm_patches/c16_abmil_vlm_patches_a50fbde29aa04e9d829a4580fd5c68b8.tar.gz!/vlm_patches/test_028_tile_embeddings/standard/top_k/test_028_tile_embeddings_standard_top_k_002.png,test_028_tile_embeddings_standard_top_k_002
c16_native,test_109,test_109_tile_embeddings,f4e269295d9846d7,40448,33024,256,20,0.7469024658203125,0,0.0,0,0,top_k,1,a50fbde29aa04e9d829a4580fd5c68b8,a50fbde29aa04e9d829a4580fd5c68b8,standard,0,0,vlm_patches/test_109_tile_embeddings/standard/top_k/test_109_tile_embeddings_standard_top_k_000.png,s3://pershin-medailab/Pathomorphology/CAMELYON/mil/vlm_patches/c16_abmil_vlm_patches_a50fbde29aa04e9d829a4580fd5c68b8.tar.gz!/vlm_patches/test_109_tile_embeddings/standard/top_k/test_109_tile_embeddings_standard_top_k_000.png,test_109_tile_embeddings_standard_top_k_000
c16_native,test_109,test_109_tile_embeddings,0de96ce231be12a1,139776,34560,256,20,0.8463134765625,0,0.0,0,0,top_k,2,a50fbde29aa04e9d829a4580fd5c68b8,a50fbde29aa04e9d829a4580fd5c68b8,standard,0,0,vlm_patches/test_109_tile_embeddings/standard/top_k/test_109_tile_embeddings_standard_top_k_001.png,s3://pershin-medailab/Pathomorphology/CAMELYON/mil/vlm_patches/c16_abmil_vlm_patches_a50fbde29aa04e9d829a4580fd5c68b8.tar.gz!/vlm_patches/test_109_tile_embeddings/standard/top_k/test_109_tile_embeddings_standard_top_k_001.png,test_109_tile_embeddings_standard_top_k_001
c16_native,test_109,test_109_tile_embeddings,a48f84aa8eb51542,155136,14592,256,20,0.9569549560546876,0,0.0,0,0,top_k,3,a50fbde29aa04e9d829a4580fd5c68b8,a50fbde29aa04e9d829a4580fd5c68b8,standard,0,0,vlm_patches/test_109_tile_embeddings/standard/top_k/test_109_tile_embeddings_standard_top_k_002.png,s3://pershin-medailab/Pathomorphology/CAMELYON/mil/vlm_patches/c16_abmil_vlm_patches_a50fbde29aa04e9d829a4580fd5c68b8.tar.gz!/vlm_patches/test_109_tile_embeddings/standard/top_k/test_109_tile_embeddings_standard_top_k_002.png,test_109_tile_embeddings_standard_top_k_002
c16_native,test_086,test_086_tile_embeddings,44aa47832871c7f6,41472,24320,256,20,0.9350128173828124,0,0.0,0,0,top_k,1,a50fbde29aa04e9d829a4580fd5c68b8,a50fbde29aa04e9d829a4580fd5c68b8,standard,0,0,vlm_patches/test_086_tile_embeddings/standard/top_k/test_086_tile_embeddings_standard_top_k_000.png,s3://pershin-medailab/Pathomorphology/CAMELYON/mil/vlm_patches/c16_abmil_vlm_patches_a50fbde29aa04e9d829a4580fd5c68b8.tar.gz!/vlm_patches/test_086_tile_embeddings/standard/top_k/test_086_tile_embeddings_standard_top_k_000.png,test_086_tile_embeddings_standard_top_k_000
c16_native,test_086,test_086_tile_embeddings,a93618da573d5da8,65024,29952,256,20,0.96044921875,0,0.0,0,0,top_k,2,a50fbde29aa04e9d829a4580fd5c68b8,a50fbde29aa04e9d829a4580fd5c68b8,standard,0,0,vlm_patches/test_086_tile_embeddings/standard/top_k/test_086_tile_embeddings_standard_top_k_001.png,s3://pershin-medailab/Pathomorphology/CAMELYON/mil/vlm_patches/c16_abmil_vlm_patches_a50fbde29aa04e9d829a4580fd5c68b8.tar.gz!/vlm_patches/test_086_tile_embeddings/standard/top_k/test_086_tile_embeddings_standard_top_k_001.png,test_086_tile_embeddings_standard_top_k_001
c16_native,test_086,test_086_tile_embeddings,4039c210ad8aeab5,41472,21504,256,20,0.8745269775390625,0,0.0,0,0,top_k,3,a50fbde29aa04e9d829a4580fd5c68b8,a50fbde29aa04e9d829a4580fd5c68b8,standard,0,0,vlm_patches/test_086_tile_embeddings/standard/top_k/test_086_tile_embeddings_standard_top_k_002.png,s3://pershin-medailab/Pathomorphology/CAMELYON/mil/vlm_patches/c16_abmil_vlm_patches_a50fbde29aa04e9d829a4580fd5c68b8.tar.gz!/vlm_patches/test_086_tile_embeddings/standard/top_k/test_086_tile_embeddings_standard_top_k_002.png,test_086_tile_embeddings_standard_top_k_002
c16_native,test_054,test_054_tile_embeddings,d3866beeb9bcc7b6,23296,94720,256,20,0.7824859619140625,0,0.0,0,0,top_k,1,a50fbde29aa04e9d829a4580fd5c68b8,a50fbde29aa04e9d829a4580fd5c68b8,standard,0,0,vlm_patches/test_054_tile_embeddings/standard/top_k/test_054_tile_embeddings_standard_top_k_000.png,s3://pershin-medailab/Pathomorphology/CAMELYON/mil/vlm_patches/c16_abmil_vlm_patches_a50fbde29aa04e9d829a4580fd5c68b8.tar.gz!/vlm_patches/test_054_tile_embeddings/standard/top_k/test_054_tile_embeddings_standard_top_k_000.png,test_054_tile_embeddings_standard_top_k_000
c16_native,test_054,test_054_tile_embeddings,0810f7fa513ffe23,35328,170240,256,20,0.4394378662109375,0,0.0,0,0,top_k,2,a50fbde29aa04e9d829a4580fd5c68b8,a50fbde29aa04e9d829a4580fd5c68b8,standard,0,0,vlm_patches/test_054_tile_embeddings/standard/top_k/test_054_tile_embeddings_standard_top_k_001.png,s3://pershin-medailab/Pathomorphology/CAMELYON/mil/vlm_patches/c16_abmil_vlm_patches_a50fbde29aa04e9d829a4580fd5c68b8.tar.gz!/vlm_patches/test_054_tile_embeddings/standard/top_k/test_054_tile_embeddings_standard_top_k_001.png,test_054_tile_embeddings_standard_top_k_001
c16_native,test_054,test_054_tile_embeddings,b6a4586e9c0c7cd4,22528,94208,256,20,0.731597900390625,0,0.0,0,0,top_k,3,a50fbde29aa04e9d829a4580fd5c68b8,a50fbde29aa04e9d829a4580fd5c68b8,standard,0,0,vlm_patches/test_054_tile_embeddings/standard/top_k/test_054_tile_embeddings_standard_top_k_002.png,s3://pershin-medailab/Pathomorphology/CAMELYON/mil/vlm_patches/c16_abmil_vlm_patches_a50fbde29aa04e9d829a4580fd5c68b8.tar.gz!/vlm_patches/test_054_tile_embeddings/standard/top_k/test_054_tile_embeddings_standard_top_k_002.png,test_054_tile_embeddings_standard_top_k_002
c16_native,test_114,test_114_tile_embeddings,e0316368319929c8,42496,17408,256,20,0.9987945556640624,0,0.0,0,0,top_k,1,a50fbde29aa04e9d829a4580fd5c68b8,a50fbde29aa04e9d829a4580fd5c68b8,standard,0,0,vlm_patches/test_114_tile_embeddings/standard/top_k/test_114_tile_embeddings_standard_top_k_000.png,s3://pershin-medailab/Pathomorphology/CAMELYON/mil/vlm_patches/c16_abmil_vlm_patches_a50fbde29aa04e9d829a4580fd5c68b8.tar.gz!/vlm_patches/test_114_tile_embeddings/standard/top_k/test_114_tile_embeddings_standard_top_k_000.png,test_114_tile_embeddings_standard_top_k_000
c16_native,test_114,test_114_tile_embeddings,3704aee440d11f39,43264,17920,256,20,0.999298095703125,0,0.0,0,0,top_k,2,a50fbde29aa04e9d829a4580fd5c68b8,a50fbde29aa04e9d829a4580fd5c68b8,standard,0,0,vlm_patches/test_114_tile_embeddings/standard/top_k/test_114_tile_embeddings_standard_top_k_001.png,s3://pershin-medailab/Pathomorphology/CAMELYON/mil/vlm_patches/c16_abmil_vlm_patches_a50fbde29aa04e9d829a4580fd5c68b8.tar.gz!/vlm_patches/test_114_tile_embeddings/standard/top_k/test_114_tile_embeddings_standard_top_k_001.png,test_114_tile_embeddings_standard_top_k_001
c16_native,test_114,test_114_tile_embeddings,b355e4829f6df24b,43264,18432,256,20,0.9982147216796876,0,0.0,0,0,top_k,3,a50fbde29aa04e9d829a4580fd5c68b8,a50fbde29aa04e9d829a4580fd5c68b8,standard,0,0,vlm_patches/test_114_tile_embeddings/standard/top_k/test_114_tile_embeddings_standard_top_k_002.png,s3://pershin-medailab/Pathomorphology/CAMELYON/mil/vlm_patches/c16_abmil_vlm_patches_a50fbde29aa04e9d829a4580fd5c68b8.tar.gz!/vlm_patches/test_114_tile_embeddings/standard/top_k/test_114_tile_embeddings_standard_top_k_002.png,test_114_tile_embeddings_standard_top_k_002
c16_native,test_055,test_055_tile_embeddings,0d43aad5714ab021,39680,8192,256,20,0.8465576171875,0,0.0,0,0,top_k,1,a50fbde29aa04e9d829a4580fd5c68b8,a50fbde29aa04e9d829a4580fd5c68b8,standard,0,0,vlm_patches/test_055_tile_embeddings/standard/top_k/test_055_tile_embeddings_standard_top_k_000.png,s3://pershin-medailab/Pathomorphology/CAMELYON/mil/vlm_patches/c16_abmil_vlm_patches_a50fbde29aa04e9d829a4580fd5c68b8.tar.gz!/vlm_patches/test_055_tile_embeddings/standard/top_k/test_055_tile_embeddings_standard_top_k_000.png,test_055_tile_embeddings_standard_top_k_000
c16_native,test_055,test_055_tile_embeddings,abd47b03bc39f9fc,87296,15616,256,20,0.9179840087890624,0,0.0,0,0,top_k,2,a50fbde29aa04e9d829a4580fd5c68b8,a50fbde29aa04e9d829a4580fd5c68b8,standard,0,0,vlm_patches/test_055_tile_embeddings/standard/top_k/test_055_tile_embeddings_standard_top_k_001.png,s3://pershin-medailab/Pathomorphology/CAMELYON/mil/vlm_patches/c16_abmil_vlm_patches_a50fbde29aa04e9d829a4580fd5c68b8.tar.gz!/vlm_patches/test_055_tile_embeddings/standard/top_k/test_055_tile_embeddings_standard_top_k_001.png,test_055_tile_embeddings_standard_top_k_001
c16_native,test_055,test_055_tile_embeddings,bfe45863e780f32c,84736,7424,256,20,0.793731689453125,0,0.0,0,0,top_k,3,a50fbde29aa04e9d829a4580fd5c68b8,a50fbde29aa04e9d829a4580fd5c68b8,standard,0,0,vlm_patches/test_055_tile_embeddings/standard/top_k/test_055_tile_embeddings_standard_top_k_002.png,s3://pershin-medailab/Pathomorphology/CAMELYON/mil/vlm_patches/c16_abmil_vlm_patches_a50fbde29aa04e9d829a4580fd5c68b8.tar.gz!/vlm_patches/test_055_tile_embeddings/standard/top_k/test_055_tile_embeddings_standard_top_k_002.png,test_055_tile_embeddings_standard_top_k_002
c16_native,test_081,test_081_tile_embeddings,524b871dcd9c3a6a,74496,165888,256,20,0.735137939453125,0,0.0,0,0,top_k,1,a50fbde29aa04e9d829a4580fd5c68b8,a50fbde29aa04e9d829a4580fd5c68b8,standard,0,0,vlm_patches/test_081_tile_embeddings/standard/top_k/test_081_tile_embeddings_standard_top_k_000.png,s3://pershin-medailab/Pathomorphology/CAMELYON/mil/vlm_patches/c16_abmil_vlm_patches_a50fbde29aa04e9d829a4580fd5c68b8.tar.gz!/vlm_patches/test_081_tile_embeddings/standard/top_k/test_081_tile_embeddings_standard_top_k_000.png,test_081_tile_embeddings_standard_top_k_000
c16_native,test_081,test_081_tile_embeddings,5d49c1baf00aa2de,50176,173568,256,20,0.4436798095703125,0,0.0,0,0,top_k,2,a50fbde29aa04e9d829a4580fd5c68b8,a50fbde29aa04e9d829a4580fd5c68b8,standard,0,0,vlm_patches/test_081_tile_embeddings/standard/top_k/test_081_tile_embeddings_standard_top_k_001.png,s3://pershin-medailab/Pathomorphology/CAMELYON/mil/vlm_patches/c16_abmil_vlm_patches_a50fbde29aa04e9d829a4580fd5c68b8.tar.gz!/vlm_patches/test_081_tile_embeddings/standard/top_k/test_081_tile_embeddings_standard_top_k_001.png,test_081_tile_embeddings_standard_top_k_001
c16_native,test_081,test_081_tile_embeddings,e529fd583c59daa4,43520,137728,256,20,0.98638916015625,0,0.0,0,0,top_k,3,a50fbde29aa04e9d829a4580fd5c68b8,a50fbde29aa04e9d829a4580fd5c68b8,standard,0,0,vlm_patches/test_081_tile_embeddings/standard/top_k/test_081_tile_embeddings_standard_top_k_002.png,s3://pershin-medailab/Pathomorphology/CAMELYON/mil/vlm_patches/c16_abmil_vlm_patches_a50fbde29aa04e9d829a4580fd5c68b8.tar.gz!/vlm_patches/test_081_tile_embeddings/standard/top_k/test_081_tile_embeddings_standard_top_k_002.png,test_081_tile_embeddings_standard_top_k_002
c16_native,test_120,test_120_tile_embeddings,2442352f8da484b3,28672,31488,256,20,0.897308349609375,0,0.0,0,0,top_k,1,a50fbde29aa04e9d829a4580fd5c68b8,a50fbde29aa04e9d829a4580fd5c68b8,standard,0,0,vlm_patches/test_120_tile_embeddings/standard/top_k/test_120_tile_embeddings_standard_top_k_000.png,s3://pershin-medailab/Pathomorphology/CAMELYON/mil/vlm_patches/c16_abmil_vlm_patches_a50fbde29aa04e9d829a4580fd5c68b8.tar.gz!/vlm_patches/test_120_tile_embeddings/standard/top_k/test_120_tile_embeddings_standard_top_k_000.png,test_120_tile_embeddings_standard_top_k_000
c16_native,test_120,test_120_tile_embeddings,a5ba086f9ed74a37,55552,38144,256,20,0.8250885009765625,0,0.0,0,0,top_k,2,a50fbde29aa04e9d829a4580fd5c68b8,a50fbde29aa04e9d829a4580fd5c68b8,standard,0,0,vlm_patches/test_120_tile_embeddings/standard/top_k/test_120_tile_embeddings_standard_top_k_001.png,s3://pershin-medailab/Pathomorphology/CAMELYON/mil/vlm_patches/c16_abmil_vlm_patches_a50fbde29aa04e9d829a4580fd5c68b8.tar.gz!/vlm_patches/test_120_tile_embeddings/standard/top_k/test_120_tile_embeddings_standard_top_k_001.png,test_120_tile_embeddings_standard_top_k_001
c16_native,test_120,test_120_tile_embeddings,219d32ffec8f514e,23296,23296,256,20,0.9629974365234376,0,0.0,0,0,top_k,3,a50fbde29aa04e9d829a4580fd5c68b8,a50fbde29aa04e9d829a4580fd5c68b8,standard,0,0,vlm_patches/test_120_tile_embeddings/standard/top_k/test_120_tile_embeddings_standard_top_k_002.png,s3://pershin-medailab/Pathomorphology/CAMELYON/mil/vlm_patches/c16_abmil_vlm_patches_a50fbde29aa04e9d829a4580fd5c68b8.tar.gz!/vlm_patches/test_120_tile_embeddings/standard/top_k/test_120_tile_embeddings_standard_top_k_002.png,test_120_tile_embeddings_standard_top_k_002
c16_native,test_053,test_053_tile_embeddings,ac0119e58b85435d,63744,164608,256,20,0.5816802978515625,0,0.0,0,0,top_k,1,a50fbde29aa04e9d829a4580fd5c68b8,a50fbde29aa04e9d829a4580fd5c68b8,standard,0,0,vlm_patches/test_053_tile_embeddings/standard/top_k/test_053_tile_embeddings_standard_top_k_000.png,s3://pershin-medailab/Pathomorphology/CAMELYON/mil/vlm_patches/c16_abmil_vlm_patches_a50fbde29aa04e9d829a4580fd5c68b8.tar.gz!/vlm_patches/test_053_tile_embeddings/standard/top_k/test_053_tile_embeddings_standard_top_k_000.png,test_053_tile_embeddings_standard_top_k_000
c16_native,test_053,test_053_tile_embeddings,348229d4bb86bf4a,76288,114944,256,20,0.845458984375,0,0.0,0,0,top_k,2,a50fbde29aa04e9d829a4580fd5c68b8,a50fbde29aa04e9d829a4580fd5c68b8,standard,0,0,vlm_patches/test_053_tile_embeddings/standard/top_k/test_053_tile_embeddings_standard_top_k_001.png,s3://pershin-medailab/Pathomorphology/CAMELYON/mil/vlm_patches/c16_abmil_vlm_patches_a50fbde29aa04e9d829a4580fd5c68b8.tar.gz!/vlm_patches/test_053_tile_embeddings/standard/top_k/test_053_tile_embeddings_standard_top_k_001.png,test_053_tile_embeddings_standard_top_k_001
c16_native,test_053,test_053_tile_embeddings,8cbf7d13c8835457,76032,158208,256,20,0.9593048095703124,0,0.0,0,0,top_k,3,a50fbde29aa04e9d829a4580fd5c68b8,a50fbde29aa04e9d829a4580fd5c68b8,standard,0,0,vlm_patches/test_053_tile_embeddings/standard/top_k/test_053_tile_embeddings_standard_top_k_002.png,s3://pershin-medailab/Pathomorphology/CAMELYON/mil/vlm_patches/c16_abmil_vlm_patches_a50fbde29aa04e9d829a4580fd5c68b8.tar.gz!/vlm_patches/test_053_tile_embeddings/standard/top_k/test_053_tile_embeddings_standard_top_k_002.png,test_053_tile_embeddings_standard_top_k_002
c16_native,test_034,test_034_tile_embeddings,c4f3250a75a461b9,78336,32512,256,20,0.9380035400390624,0,0.0,0,0,top_k,1,a50fbde29aa04e9d829a4580fd5c68b8,a50fbde29aa04e9d829a4580fd5c68b8,standard,0,0,vlm_patches/test_034_tile_embeddings/standard/top_k/test_034_tile_embeddings_standard_top_k_000.png,s3://pershin-medailab/Pathomorphology/CAMELYON/mil/vlm_patches/c16_abmil_vlm_patches_a50fbde29aa04e9d829a4580fd5c68b8.tar.gz!/vlm_patches/test_034_tile_embeddings/standard/top_k/test_034_tile_embeddings_standard_top_k_000.png,test_034_tile_embeddings_standard_top_k_000
c16_native,test_034,test_034_tile_embeddings,f15006ff4402b46f,56832,44032,256,20,0.9316253662109376,0,0.0,0,0,top_k,2,a50fbde29aa04e9d829a4580fd5c68b8,a50fbde29aa04e9d829a4580fd5c68b8,standard,0,0,vlm_patches/test_034_tile_embeddings/standard/top_k/test_034_tile_embeddings_standard_top_k_001.png,s3://pershin-medailab/Pathomorphology/CAMELYON/mil/vlm_patches/c16_abmil_vlm_patches_a50fbde29aa04e9d829a4580fd5c68b8.tar.gz!/vlm_patches/test_034_tile_embeddings/standard/top_k/test_034_tile_embeddings_standard_top_k_001.png,test_034_tile_embeddings_standard_top_k_001
c16_native,test_034,test_034_tile_embeddings,d1964c224fbc2e05,20480,62464,256,20,0.834930419921875,0,0.0,0,0,top_k,3,a50fbde29aa04e9d829a4580fd5c68b8,a50fbde29aa04e9d829a4580fd5c68b8,standard,0,0,vlm_patches/test_034_tile_embeddings/standard/top_k/test_034_tile_embeddings_standard_top_k_002.png,s3://pershin-medailab/Pathomorphology/CAMELYON/mil/vlm_patches/c16_abmil_vlm_patches_a50fbde29aa04e9d829a4580fd5c68b8.tar.gz!/vlm_patches/test_034_tile_embeddings/standard/top_k/test_034_tile_embeddings_standard_top_k_002.png,test_034_tile_embeddings_standard_top_k_002
c16_native,test_037,test_037_tile_embeddings,c68d2b92278de862,64000,70912,256,20,0.9392242431640624,0,0.0,0,0,top_k,1,a50fbde29aa04e9d829a4580fd5c68b8,a50fbde29aa04e9d829a4580fd5c68b8,standard,0,0,vlm_patches/test_037_tile_embeddings/standard/top_k/test_037_tile_embeddings_standard_top_k_000.png,s3://pershin-medailab/Pathomorphology/CAMELYON/mil/vlm_patches/c16_abmil_vlm_patches_a50fbde29aa04e9d829a4580fd5c68b8.tar.gz!/vlm_patches/test_037_tile_embeddings/standard/top_k/test_037_tile_embeddings_standard_top_k_000.png,test_037_tile_embeddings_standard_top_k_000
c16_native,test_037,test_037_tile_embeddings,05989114060e4acf,64768,71680,256,20,0.8668975830078125,0,0.0,0,0,top_k,2,a50fbde29aa04e9d829a4580fd5c68b8,a50fbde29aa04e9d829a4580fd5c68b8,standard,0,0,vlm_patches/test_037_tile_embeddings/standard/top_k/test_037_tile_embeddings_standard_top_k_001.png,s3://pershin-medailab/Pathomorphology/CAMELYON/mil/vlm_patches/c16_abmil_vlm_patches_a50fbde29aa04e9d829a4580fd5c68b8.tar.gz!/vlm_patches/test_037_tile_embeddings/standard/top_k/test_037_tile_embeddings_standard_top_k_001.png,test_037_tile_embeddings_standard_top_k_001
c16_native,test_037,test_037_tile_embeddings,04fdd0c857c26257,77312,74496,256,20,0.860870361328125,0,0.0,0,0,top_k,3,a50fbde29aa04e9d829a4580fd5c68b8,a50fbde29aa04e9d829a4580fd5c68b8,standard,0,0,vlm_patches/test_037_tile_embeddings/standard/top_k/test_037_tile_embeddings_standard_top_k_002.png,s3://pershin-medailab/Pathomorphology/CAMELYON/mil/vlm_patches/c16_abmil_vlm_patches_a50fbde29aa04e9d829a4580fd5c68b8.tar.gz!/vlm_patches/test_037_tile_embeddings/standard/top_k/test_037_tile_embeddings_standard_top_k_002.png,test_037_tile_embeddings_standard_top_k_002
c16_native,test_022,test_022_tile_embeddings,b3e841bbcc6faf07,108288,58880,256,20,0.9844818115234376,0,0.0,0,0,top_k,1,a50fbde29aa04e9d829a4580fd5c68b8,a50fbde29aa04e9d829a4580fd5c68b8,standard,0,0,vlm_patches/test_022_tile_embeddings/standard/top_k/test_022_tile_embeddings_standard_top_k_000.png,s3://pershin-medailab/Pathomorphology/CAMELYON/mil/vlm_patches/c16_abmil_vlm_patches_a50fbde29aa04e9d829a4580fd5c68b8.tar.gz!/vlm_patches/test_022_tile_embeddings/standard/top_k/test_022_tile_embeddings_standard_top_k_000.png,test_022_tile_embeddings_standard_top_k_000
c16_native,test_022,test_022_tile_embeddings,b9205e0774380c1e,107776,59136,256,20,0.9761199951171876,0,0.0,0,0,top_k,2,a50fbde29aa04e9d829a4580fd5c68b8,a50fbde29aa04e9d829a4580fd5c68b8,standard,0,0,vlm_patches/test_022_tile_embeddings/standard/top_k/test_022_tile_embeddings_standard_top_k_001.png,s3://pershin-medailab/Pathomorphology/CAMELYON/mil/vlm_patches/c16_abmil_vlm_patches_a50fbde29aa04e9d829a4580fd5c68b8.tar.gz!/vlm_patches/test_022_tile_embeddings/standard/top_k/test_022_tile_embeddings_standard_top_k_001.png,test_022_tile_embeddings_standard_top_k_001
c16_native,test_022,test_022_tile_embeddings,316adf0ec58cccf5,108288,59136,256,20,0.9869232177734376,0,0.0,0,0,top_k,3,a50fbde29aa04e9d829a4580fd5c68b8,a50fbde29aa04e9d829a4580fd5c68b8,standard,0,0,vlm_patches/test_022_tile_embeddings/standard/top_k/test_022_tile_embeddings_standard_top_k_002.png,s3://pershin-medailab/Pathomorphology/CAMELYON/mil/vlm_patches/c16_abmil_vlm_patches_a50fbde29aa04e9d829a4580fd5c68b8.tar.gz!/vlm_patches/test_022_tile_embeddings/standard/top_k/test_022_tile_embeddings_standard_top_k_002.png,test_022_tile_embeddings_standard_top_k_002
c16_native,test_085,test_085_tile_embeddings,63a71470b0d14046,29440,95744,256,20,0.5250396728515625,0,0.0,0,0,top_k,1,a50fbde29aa04e9d829a4580fd5c68b8,a50fbde29aa04e9d829a4580fd5c68b8,standard,0,0,vlm_patches/test_085_tile_embeddings/standard/top_k/test_085_tile_embeddings_standard_top_k_000.png,s3://pershin-medailab/Pathomorphology/CAMELYON/mil/vlm_patches/c16_abmil_vlm_patches_a50fbde29aa04e9d829a4580fd5c68b8.tar.gz!/vlm_patches/test_085_tile_embeddings/standard/top_k/test_085_tile_embeddings_standard_top_k_000.png,test_085_tile_embeddings_standard_top_k_000
c16_native,test_085,test_085_tile_embeddings,9e7b0aac47359926,68096,122112,256,20,0.5977935791015625,0,0.0,0,0,top_k,2,a50fbde29aa04e9d829a4580fd5c68b8,a50fbde29aa04e9d829a4580fd5c68b8,standard,0,0,vlm_patches/test_085_tile_embeddings/standard/top_k/test_085_tile_embeddings_standard_top_k_001.png,s3://pershin-medailab/Pathomorphology/CAMELYON/mil/vlm_patches/c16_abmil_vlm_patches_a50fbde29aa04e9d829a4580fd5c68b8.tar.gz!/vlm_patches/test_085_tile_embeddings/standard/top_k/test_085_tile_embeddings_standard_top_k_001.png,test_085_tile_embeddings_standard_top_k_001
c16_native,test_085,test_085_tile_embeddings,b75e02e14185cfda,61696,112640,256,20,0.6229248046875,0,0.0,0,0,top_k,3,a50fbde29aa04e9d829a4580fd5c68b8,a50fbde29aa04e9d829a4580fd5c68b8,standard,0,0,vlm_patches/test_085_tile_embeddings/standard/top_k/test_085_tile_embeddings_standard_top_k_002.png,s3://pershin-medailab/Pathomorphology/CAMELYON/mil/vlm_patches/c16_abmil_vlm_patches_a50fbde29aa04e9d829a4580fd5c68b8.tar.gz!/vlm_patches/test_085_tile_embeddings/standard/top_k/test_085_tile_embeddings_standard_top_k_002.png,test_085_tile_embeddings_standard_top_k_002
c16_native,test_089,test_089_tile_embeddings,c844ef6e0a3882cf,120832,39424,256,20,0.972900390625,0,0.0,0,0,top_k,1,a50fbde29aa04e9d829a4580fd5c68b8,a50fbde29aa04e9d829a4580fd5c68b8,standard,0,0,vlm_patches/test_089_tile_embeddings/standard/top_k/test_089_tile_embeddings_standard_top_k_000.png,s3://pershin-medailab/Pathomorphology/CAMELYON/mil/vlm_patches/c16_abmil_vlm_patches_a50fbde29aa04e9d829a4580fd5c68b8.tar.gz!/vlm_patches/test_089_tile_embeddings/standard/top_k/test_089_tile_embeddings_standard_top_k_000.png,test_089_tile_embeddings_standard_top_k_000
c16_native,test_089,test_089_tile_embeddings,66bc5ff462e98c72,55296,34048,256,20,0.961456298828125,0,0.0,0,0,top_k,2,a50fbde29aa04e9d829a4580fd5c68b8,a50fbde29aa04e9d829a4580fd5c68b8,standard,0,0,vlm_patches/test_089_tile_embeddings/standard/top_k/test_089_tile_embeddings_standard_top_k_001.png,s3://pershin-medailab/Pathomorphology/CAMELYON/mil/vlm_patches/c16_abmil_vlm_patches_a50fbde29aa04e9d829a4580fd5c68b8.tar.gz!/vlm_patches/test_089_tile_embeddings/standard/top_k/test_089_tile_embeddings_standard_top_k_001.png,test_089_tile_embeddings_standard_top_k_001
c16_native,test_089,test_089_tile_embeddings,eff39110e8c1df47,122880,40448,256,20,0.98291015625,0,0.0,0,0,top_k,3,a50fbde29aa04e9d829a4580fd5c68b8,a50fbde29aa04e9d829a4580fd5c68b8,standard,0,0,vlm_patches/test_089_tile_embeddings/standard/top_k/test_089_tile_embeddings_standard_top_k_002.png,s3://pershin-medailab/Pathomorphology/CAMELYON/mil/vlm_patches/c16_abmil_vlm_patches_a50fbde29aa04e9d829a4580fd5c68b8.tar.gz!/vlm_patches/test_089_tile_embeddings/standard/top_k/test_089_tile_embeddings_standard_top_k_002.png,test_089_tile_embeddings_standard_top_k_002
c16_native,test_080,test_080_tile_embeddings,63f9cc10c65828e5,22272,66816,256,20,0.92596435546875,0,0.0,0,0,top_k,1,a50fbde29aa04e9d829a4580fd5c68b8,a50fbde29aa04e9d829a4580fd5c68b8,standard,0,0,vlm_patches/test_080_tile_embeddings/standard/top_k/test_080_tile_embeddings_standard_top_k_000.png,s3://pershin-medailab/Pathomorphology/CAMELYON/mil/vlm_patches/c16_abmil_vlm_patches_a50fbde29aa04e9d829a4580fd5c68b8.tar.gz!/vlm_patches/test_080_tile_embeddings/standard/top_k/test_080_tile_embeddings_standard_top_k_000.png,test_080_tile_embeddings_standard_top_k_000
c16_native,test_080,test_080_tile_embeddings,4dc04d69218bca29,20992,66816,256,20,0.955841064453125,0,0.0,0,0,top_k,2,a50fbde29aa04e9d829a4580fd5c68b8,a50fbde29aa04e9d829a4580fd5c68b8,standard,0,0,vlm_patches/test_080_tile_embeddings/standard/top_k/test_080_tile_embeddings_standard_top_k_001.png,s3://pershin-medailab/Pathomorphology/CAMELYON/mil/vlm_patches/c16_abmil_vlm_patches_a50fbde29aa04e9d829a4580fd5c68b8.tar.gz!/vlm_patches/test_080_tile_embeddings/standard/top_k/test_080_tile_embeddings_standard_top_k_001.png,test_080_tile_embeddings_standard_top_k_001
c16_native,test_080,test_080_tile_embeddings,8a92d2cdce7bf4f3,21504,67072,256,20,0.951324462890625,0,0.0,0,0,top_k,3,a50fbde29aa04e9d829a4580fd5c68b8,a50fbde29aa04e9d829a4580fd5c68b8,standard,0,0,vlm_patches/test_080_tile_embeddings/standard/top_k/test_080_tile_embeddings_standard_top_k_002.png,s3://pershin-medailab/Pathomorphology/CAMELYON/mil/vlm_patches/c16_abmil_vlm_patches_a50fbde29aa04e9d829a4580fd5c68b8.tar.gz!/vlm_patches/test_080_tile_embeddings/standard/top_k/test_080_tile_embeddings_standard_top_k_002.png,test_080_tile_embeddings_standard_top_k_002
c16_native,test_050,test_050_tile_embeddings,3f1f2952b3e81a61,54784,149248,256,20,0.900299072265625,0,0.0,0,0,top_k,1,a50fbde29aa04e9d829a4580fd5c68b8,a50fbde29aa04e9d829a4580fd5c68b8,standard,0,0,vlm_patches/test_050_tile_embeddings/standard/top_k/test_050_tile_embeddings_standard_top_k_000.png,s3://pershin-medailab/Pathomorphology/CAMELYON/mil/vlm_patches/c16_abmil_vlm_patches_a50fbde29aa04e9d829a4580fd5c68b8.tar.gz!/vlm_patches/test_050_tile_embeddings/standard/top_k/test_050_tile_embeddings_standard_top_k_000.png,test_050_tile_embeddings_standard_top_k_000
c16_native,test_050,test_050_tile_embeddings,8bbcef55c297ad1f,45056,160512,256,20,0.8414764404296875,0,0.0,0,0,top_k,2,a50fbde29aa04e9d829a4580fd5c68b8,a50fbde29aa04e9d829a4580fd5c68b8,standard,0,0,vlm_patches/test_050_tile_embeddings/standard/top_k/test_050_tile_embeddings_standard_top_k_001.png,s3://pershin-medailab/Pathomorphology/CAMELYON/mil/vlm_patches/c16_abmil_vlm_patches_a50fbde29aa04e9d829a4580fd5c68b8.tar.gz!/vlm_patches/test_050_tile_embeddings/standard/top_k/test_050_tile_embeddings_standard_top_k_001.png,test_050_tile_embeddings_standard_top_k_001
c16_native,test_050,test_050_tile_embeddings,193168e6221fa550,43776,116224,256,20,0.0056610107421875,0,0.0,0,0,top_k,3,a50fbde29aa04e9d829a4580fd5c68b8,a50fbde29aa04e9d829a4580fd5c68b8,standard,0,0,vlm_patches/test_050_tile_embeddings/standard/top_k/test_050_tile_embeddings_standard_top_k_002.png,s3://pershin-medailab/Pathomorphology/CAMELYON/mil/vlm_patches/c16_abmil_vlm_patches_a50fbde29aa04e9d829a4580fd5c68b8.tar.gz!/vlm_patches/test_050_tile_embeddings/standard/top_k/test_050_tile_embeddings_standard_top_k_002.png,test_050_tile_embeddings_standard_top_k_002
c16_native,test_095,test_095_tile_embeddings,8be59f1527600602,70656,23296,256,20,0.9471588134765624,0,0.0,0,0,top_k,1,a50fbde29aa04e9d829a4580fd5c68b8,a50fbde29aa04e9d829a4580fd5c68b8,standard,0,0,vlm_patches/test_095_tile_embeddings/standard/top_k/test_095_tile_embeddings_standard_top_k_000.png,s3://pershin-medailab/Pathomorphology/CAMELYON/mil/vlm_patches/c16_abmil_vlm_patches_a50fbde29aa04e9d829a4580fd5c68b8.tar.gz!/vlm_patches/test_095_tile_embeddings/standard/top_k/test_095_tile_embeddings_standard_top_k_000.png,test_095_tile_embeddings_standard_top_k_000
c16_native,test_095,test_095_tile_embeddings,dfbb79fafe808b77,90624,27392,256,20,0.978729248046875,0,0.0,0,0,top_k,2,a50fbde29aa04e9d829a4580fd5c68b8,a50fbde29aa04e9d829a4580fd5c68b8,standard,0,0,vlm_patches/test_095_tile_embeddings/standard/top_k/test_095_tile_embeddings_standard_top_k_001.png,s3://pershin-medailab/Pathomorphology/CAMELYON/mil/vlm_patches/c16_abmil_vlm_patches_a50fbde29aa04e9d829a4580fd5c68b8.tar.gz!/vlm_patches/test_095_tile_embeddings/standard/top_k/test_095_tile_embeddings_standard_top_k_001.png,test_095_tile_embeddings_standard_top_k_001
c16_native,test_095,test_095_tile_embeddings,ff17bfc473534372,90880,27904,256,20,0.9674835205078124,0,0.0,0,0,top_k,3,a50fbde29aa04e9d829a4580fd5c68b8,a50fbde29aa04e9d829a4580fd5c68b8,standard,0,0,vlm_patches/test_095_tile_embeddings/standard/top_k/test_095_tile_embeddings_standard_top_k_002.png,s3://pershin-medailab/Pathomorphology/CAMELYON/mil/vlm_patches/c16_abmil_vlm_patches_a50fbde29aa04e9d829a4580fd5c68b8.tar.gz!/vlm_patches/test_095_tile_embeddings/standard/top_k/test_095_tile_embeddings_standard_top_k_002.png,test_095_tile_embeddings_standard_top_k_002
c16_native,test_096,test_096_tile_embeddings,39b85f6979cb2f65,70656,125696,256,20,0.7913055419921875,0,0.0,0,0,top_k,1,a50fbde29aa04e9d829a4580fd5c68b8,a50fbde29aa04e9d829a4580fd5c68b8,standard,0,0,vlm_patches/test_096_tile_embeddings/standard/top_k/test_096_tile_embeddings_standard_top_k_000.png,s3://pershin-medailab/Pathomorphology/CAMELYON/mil/vlm_patches/c16_abmil_vlm_patches_a50fbde29aa04e9d829a4580fd5c68b8.tar.gz!/vlm_patches/test_096_tile_embeddings/standard/top_k/test_096_tile_embeddings_standard_top_k_000.png,test_096_tile_embeddings_standard_top_k_000
c16_native,test_096,test_096_tile_embeddings,19a762e9b6f43e5d,70912,128256,256,20,0.9421844482421876,0,0.0,0,0,top_k,2,a50fbde29aa04e9d829a4580fd5c68b8,a50fbde29aa04e9d829a4580fd5c68b8,standard,0,0,vlm_patches/test_096_tile_embeddings/standard/top_k/test_096_tile_embeddings_standard_top_k_001.png,s3://pershin-medailab/Pathomorphology/CAMELYON/mil/vlm_patches/c16_abmil_vlm_patches_a50fbde29aa04e9d829a4580fd5c68b8.tar.gz!/vlm_patches/test_096_tile_embeddings/standard/top_k/test_096_tile_embeddings_standard_top_k_001.png,test_096_tile_embeddings_standard_top_k_001
c16_native,test_096,test_096_tile_embeddings,a900518612bc0286,70400,127232,256,20,0.929931640625,0,0.0,0,0,top_k,3,a50fbde29aa04e9d829a4580fd5c68b8,a50fbde29aa04e9d829a4580fd5c68b8,standard,0,0,vlm_patches/test_096_tile_embeddings/standard/top_k/test_096_tile_embeddings_standard_top_k_002.png,s3://pershin-medailab/Pathomorphology/CAMELYON/mil/vlm_patches/c16_abmil_vlm_patches_a50fbde29aa04e9d829a4580fd5c68b8.tar.gz!/vlm_patches/test_096_tile_embeddings/standard/top_k/test_096_tile_embeddings_standard_top_k_002.png,test_096_tile_embeddings_standard_top_k_002
c16_native,test_083,test_083_tile_embeddings,fd73c8aa657848f7,57088,97280,256,20,0.8834228515625,0,0.0,0,0,top_k,1,a50fbde29aa04e9d829a4580fd5c68b8,a50fbde29aa04e9d829a4580fd5c68b8,standard,0,0,vlm_patches/test_083_tile_embeddings/standard/top_k/test_083_tile_embeddings_standard_top_k_000.png,s3://pershin-medailab/Pathomorphology/CAMELYON/mil/vlm_patches/c16_abmil_vlm_patches_a50fbde29aa04e9d829a4580fd5c68b8.tar.gz!/vlm_patches/test_083_tile_embeddings/standard/top_k/test_083_tile_embeddings_standard_top_k_000.png,test_083_tile_embeddings_standard_top_k_000
c16_native,test_083,test_083_tile_embeddings,4e48e2647ea17120,56832,97024,256,20,0.9004669189453125,0,0.0,0,0,top_k,2,a50fbde29aa04e9d829a4580fd5c68b8,a50fbde29aa04e9d829a4580fd5c68b8,standard,0,0,vlm_patches/test_083_tile_embeddings/standard/top_k/test_083_tile_embeddings_standard_top_k_001.png,s3://pershin-medailab/Pathomorphology/CAMELYON/mil/vlm_patches/c16_abmil_vlm_patches_a50fbde29aa04e9d829a4580fd5c68b8.tar.gz!/vlm_patches/test_083_tile_embeddings/standard/top_k/test_083_tile_embeddings_standard_top_k_001.png,test_083_tile_embeddings_standard_top_k_001
c16_native,test_083,test_083_tile_embeddings,156c4df959eecd10,56576,94464,256,20,0.9608154296875,0,0.0,0,0,top_k,3,a50fbde29aa04e9d829a4580fd5c68b8,a50fbde29aa04e9d829a4580fd5c68b8,standard,0,0,vlm_patches/test_083_tile_embeddings/standard/top_k/test_083_tile_embeddings_standard_top_k_002.png,s3://pershin-medailab/Pathomorphology/CAMELYON/mil/vlm_patches/c16_abmil_vlm_patches_a50fbde29aa04e9d829a4580fd5c68b8.tar.gz!/vlm_patches/test_083_tile_embeddings/standard/top_k/test_083_tile_embeddings_standard_top_k_002.png,test_083_tile_embeddings_standard_top_k_002
c16_native,test_032,test_032_tile_embeddings,56c15946eb38f74b,34304,120832,256,20,0.621551513671875,0,0.0,0,0,top_k,1,a50fbde29aa04e9d829a4580fd5c68b8,a50fbde29aa04e9d829a4580fd5c68b8,standard,0,0,vlm_patches/test_032_tile_embeddings/standard/top_k/test_032_tile_embeddings_standard_top_k_000.png,s3://pershin-medailab/Pathomorphology/CAMELYON/mil/vlm_patches/c16_abmil_vlm_patches_a50fbde29aa04e9d829a4580fd5c68b8.tar.gz!/vlm_patches/test_032_tile_embeddings/standard/top_k/test_032_tile_embeddings_standard_top_k_000.png,test_032_tile_embeddings_standard_top_k_000
c16_native,test_032,test_032_tile_embeddings,aab03e836052fc79,39680,152064,256,20,0.83367919921875,0,0.0,0,0,top_k,2,a50fbde29aa04e9d829a4580fd5c68b8,a50fbde29aa04e9d829a4580fd5c68b8,standard,0,0,vlm_patches/test_032_tile_embeddings/standard/top_k/test_032_tile_embeddings_standard_top_k_001.png,s3://pershin-medailab/Pathomorphology/CAMELYON/mil/vlm_patches/c16_abmil_vlm_patches_a50fbde29aa04e9d829a4580fd5c68b8.tar.gz!/vlm_patches/test_032_tile_embeddings/standard/top_k/test_032_tile_embeddings_standard_top_k_001.png,test_032_tile_embeddings_standard_top_k_001
c16_native,test_032,test_032_tile_embeddings,f8aea4615271f444,13824,150784,256,20,0.761566162109375,0,0.0,0,0,top_k,3,a50fbde29aa04e9d829a4580fd5c68b8,a50fbde29aa04e9d829a4580fd5c68b8,standard,0,0,vlm_patches/test_032_tile_embeddings/standard/top_k/test_032_tile_embeddings_standard_top_k_002.png,s3://pershin-medailab/Pathomorphology/CAMELYON/mil/vlm_patches/c16_abmil_vlm_patches_a50fbde29aa04e9d829a4580fd5c68b8.tar.gz!/vlm_patches/test_032_tile_embeddings/standard/top_k/test_032_tile_embeddings_standard_top_k_002.png,test_032_tile_embeddings_standard_top_k_002
c16_native,test_076,test_076_tile_embeddings,68780735c2bfe5bf,38656,189184,256,20,0.93353271484375,0,0.0,0,0,top_k,1,a50fbde29aa04e9d829a4580fd5c68b8,a50fbde29aa04e9d829a4580fd5c68b8,standard,0,0,vlm_patches/test_076_tile_embeddings/standard/top_k/test_076_tile_embeddings_standard_top_k_000.png,s3://pershin-medailab/Pathomorphology/CAMELYON/mil/vlm_patches/c16_abmil_vlm_patches_a50fbde29aa04e9d829a4580fd5c68b8.tar.gz!/vlm_patches/test_076_tile_embeddings/standard/top_k/test_076_tile_embeddings_standard_top_k_000.png,test_076_tile_embeddings_standard_top_k_000
c16_native,test_076,test_076_tile_embeddings,8b4e8ab2cc1bf3f6,46848,158976,256,20,0.9324798583984376,0,0.0,0,0,top_k,2,a50fbde29aa04e9d829a4580fd5c68b8,a50fbde29aa04e9d829a4580fd5c68b8,standard,0,0,vlm_patches/test_076_tile_embeddings/standard/top_k/test_076_tile_embeddings_standard_top_k_001.png,s3://pershin-medailab/Pathomorphology/CAMELYON/mil/vlm_patches/c16_abmil_vlm_patches_a50fbde29aa04e9d829a4580fd5c68b8.tar.gz!/vlm_patches/test_076_tile_embeddings/standard/top_k/test_076_tile_embeddings_standard_top_k_001.png,test_076_tile_embeddings_standard_top_k_001
c16_native,test_076,test_076_tile_embeddings,1cbe64b41a77c1aa,56832,88832,256,20,0.9532928466796876,0,0.0,0,0,top_k,3,a50fbde29aa04e9d829a4580fd5c68b8,a50fbde29aa04e9d829a4580fd5c68b8,standard,0,0,vlm_patches/test_076_tile_embeddings/standard/top_k/test_076_tile_embeddings_standard_top_k_002.png,s3://pershin-medailab/Pathomorphology/CAMELYON/mil/vlm_patches/c16_abmil_vlm_patches_a50fbde29aa04e9d829a4580fd5c68b8.tar.gz!/vlm_patches/test_076_tile_embeddings/standard/top_k/test_076_tile_embeddings_standard_top_k_002.png,test_076_tile_embeddings_standard_top_k_002
c16_native,test_031,test_031_tile_embeddings,6d3ab954e9714272,50944,90112,256,20,0.9590911865234376,0,0.0,0,0,top_k,1,a50fbde29aa04e9d829a4580fd5c68b8,a50fbde29aa04e9d829a4580fd5c68b8,standard,0,0,vlm_patches/test_031_tile_embeddings/standard/top_k/test_031_tile_embeddings_standard_top_k_000.png,s3://pershin-medailab/Pathomorphology/CAMELYON/mil/vlm_patches/c16_abmil_vlm_patches_a50fbde29aa04e9d829a4580fd5c68b8.tar.gz!/vlm_patches/test_031_tile_embeddings/standard/top_k/test_031_tile_embeddings_standard_top_k_000.png,test_031_tile_embeddings_standard_top_k_000
c16_native,test_031,test_031_tile_embeddings,9d6413f2cf896433,50688,89856,256,20,0.9914093017578124,0,0.0,0,0,top_k,2,a50fbde29aa04e9d829a4580fd5c68b8,a50fbde29aa04e9d829a4580fd5c68b8,standard,0,0,vlm_patches/test_031_tile_embeddings/standard/top_k/test_031_tile_embeddings_standard_top_k_001.png,s3://pershin-medailab/Pathomorphology/CAMELYON/mil/vlm_patches/c16_abmil_vlm_patches_a50fbde29aa04e9d829a4580fd5c68b8.tar.gz!/vlm_patches/test_031_tile_embeddings/standard/top_k/test_031_tile_embeddings_standard_top_k_001.png,test_031_tile_embeddings_standard_top_k_001
c16_native,test_031,test_031_tile_embeddings,cdcc7f9d3c6abb0b,36096,34048,256,20,0.8524627685546875,0,0.0,0,0,top_k,3,a50fbde29aa04e9d829a4580fd5c68b8,a50fbde29aa04e9d829a4580fd5c68b8,standard,0,0,vlm_patches/test_031_tile_embeddings/standard/top_k/test_031_tile_embeddings_standard_top_k_002.png,s3://pershin-medailab/Pathomorphology/CAMELYON/mil/vlm_patches/c16_abmil_vlm_patches_a50fbde29aa04e9d829a4580fd5c68b8.tar.gz!/vlm_patches/test_031_tile_embeddings/standard/top_k/test_031_tile_embeddings_standard_top_k_002.png,test_031_tile_embeddings_standard_top_k_002
c16_native,test_001,test_001_tile_embeddings,e91f9e9d87344505,20224,15104,256,20,0.9504852294921876,1,1.0,1,1,top_k,1,a50fbde29aa04e9d829a4580fd5c68b8,a50fbde29aa04e9d829a4580fd5c68b8,standard,0,0,vlm_patches/test_001_tile_embeddings/standard/top_k/test_001_tile_embeddings_standard_top_k_000.png,s3://pershin-medailab/Pathomorphology/CAMELYON/mil/vlm_patches/c16_abmil_vlm_patches_a50fbde29aa04e9d829a4580fd5c68b8.tar.gz!/vlm_patches/test_001_tile_embeddings/standard/top_k/test_001_tile_embeddings_standard_top_k_000.png,test_001_tile_embeddings_standard_top_k_000
c16_native,test_001,test_001_tile_embeddings,981de0a0a422ea3a,18688,11264,256,20,0.9235992431640624,1,1.0,1,1,top_k,2,a50fbde29aa04e9d829a4580fd5c68b8,a50fbde29aa04e9d829a4580fd5c68b8,standard,0,0,vlm_patches/test_001_tile_embeddings/standard/top_k/test_001_tile_embeddings_standard_top_k_001.png,s3://pershin-medailab/Pathomorphology/CAMELYON/mil/vlm_patches/c16_abmil_vlm_patches_a50fbde29aa04e9d829a4580fd5c68b8.tar.gz!/vlm_patches/test_001_tile_embeddings/standard/top_k/test_001_tile_embeddings_standard_top_k_001.png,test_001_tile_embeddings_standard_top_k_001
c16_native,test_001,test_001_tile_embeddings,3ff45cfcb16356cc,20480,11520,256,20,0.9389495849609376,1,1.0,1,1,top_k,3,a50fbde29aa04e9d829a4580fd5c68b8,a50fbde29aa04e9d829a4580fd5c68b8,standard,0,0,vlm_patches/test_001_tile_embeddings/standard/top_k/test_001_tile_embeddings_standard_top_k_002.png,s3://pershin-medailab/Pathomorphology/CAMELYON/mil/vlm_patches/c16_abmil_vlm_patches_a50fbde29aa04e9d829a4580fd5c68b8.tar.gz!/vlm_patches/test_001_tile_embeddings/standard/top_k/test_001_tile_embeddings_standard_top_k_002.png,test_001_tile_embeddings_standard_top_k_002
c16_native,test_011,test_011_tile_embeddings,71a7cae3c4e05509,65792,179200,256,20,0.6468658447265625,1,0.605,1,1,top_k,1,a50fbde29aa04e9d829a4580fd5c68b8,a50fbde29aa04e9d829a4580fd5c68b8,standard,0,0,vlm_patches/test_011_tile_embeddings/standard/top_k/test_011_tile_embeddings_standard_top_k_000.png,s3://pershin-medailab/Pathomorphology/CAMELYON/mil/vlm_patches/c16_abmil_vlm_patches_a50fbde29aa04e9d829a4580fd5c68b8.tar.gz!/vlm_patches/test_011_tile_embeddings/standard/top_k/test_011_tile_embeddings_standard_top_k_000.png,test_011_tile_embeddings_standard_top_k_000
c16_native,test_011,test_011_tile_embeddings,ba0ccf0e33402685,61696,159744,256,20,0.0,0,0.0,0,0,top_k,2,a50fbde29aa04e9d829a4580fd5c68b8,a50fbde29aa04e9d829a4580fd5c68b8,standard,0,0,vlm_patches/test_011_tile_embeddings/standard/top_k/test_011_tile_embeddings_standard_top_k_001.png,s3://pershin-medailab/Pathomorphology/CAMELYON/mil/vlm_patches/c16_abmil_vlm_patches_a50fbde29aa04e9d829a4580fd5c68b8.tar.gz!/vlm_patches/test_011_tile_embeddings/standard/top_k/test_011_tile_embeddings_standard_top_k_001.png,test_011_tile_embeddings_standard_top_k_001
c16_native,test_011,test_011_tile_embeddings,1119c193ee88af7a,71168,141056,256,20,0.000518798828125,0,0.0,0,0,top_k,3,a50fbde29aa04e9d829a4580fd5c68b8,a50fbde29aa04e9d829a4580fd5c68b8,standard,0,0,vlm_patches/test_011_tile_embeddings/standard/top_k/test_011_tile_embeddings_standard_top_k_002.png,s3://pershin-medailab/Pathomorphology/CAMELYON/mil/vlm_patches/c16_abmil_vlm_patches_a50fbde29aa04e9d829a4580fd5c68b8.tar.gz!/vlm_patches/test_011_tile_embeddings/standard/top_k/test_011_tile_embeddings_standard_top_k_002.png,test_011_tile_embeddings_standard_top_k_002
c16_native,test_110,test_110_tile_embeddings,3c5a9814fd80ec77,93952,60672,256,20,0.83892822265625,1,0.9475,1,1,top_k,1,a50fbde29aa04e9d829a4580fd5c68b8,a50fbde29aa04e9d829a4580fd5c68b8,standard,0,0,vlm_patches/test_110_tile_embeddings/standard/top_k/test_110_tile_embeddings_standard_top_k_000.png,s3://pershin-medailab/Pathomorphology/CAMELYON/mil/vlm_patches/c16_abmil_vlm_patches_a50fbde29aa04e9d829a4580fd5c68b8.tar.gz!/vlm_patches/test_110_tile_embeddings/standard/top_k/test_110_tile_embeddings_standard_top_k_000.png,test_110_tile_embeddings_standard_top_k_000
c16_native,test_110,test_110_tile_embeddings,b4fa5a7c28009782,74752,55552,256,20,0.8185882568359375,0,0.0,0,0,top_k,3,a50fbde29aa04e9d829a4580fd5c68b8,a50fbde29aa04e9d829a4580fd5c68b8,standard,0,0,vlm_patches/test_110_tile_embeddings/standard/top_k/test_110_tile_embeddings_standard_top_k_002.png,s3://pershin-medailab/Pathomorphology/CAMELYON/mil/vlm_patches/c16_abmil_vlm_patches_a50fbde29aa04e9d829a4580fd5c68b8.tar.gz!/vlm_patches/test_110_tile_embeddings/standard/top_k/test_110_tile_embeddings_standard_top_k_002.png,test_110_tile_embeddings_standard_top_k_002
c16_native,test_110,test_110_tile_embeddings,4a277382465602c7,93440,60160,256,20,0.83184814453125,1,0.85,1,1,top_k,4,a50fbde29aa04e9d829a4580fd5c68b8,a50fbde29aa04e9d829a4580fd5c68b8,standard,0,0,vlm_patches/test_110_tile_embeddings/standard/top_k/test_110_tile_embeddings_standard_top_k_003.png,s3://pershin-medailab/Pathomorphology/CAMELYON/mil/vlm_patches/c16_abmil_vlm_patches_a50fbde29aa04e9d829a4580fd5c68b8.tar.gz!/vlm_patches/test_110_tile_embeddings/standard/top_k/test_110_tile_embeddings_standard_top_k_003.png,test_110_tile_embeddings_standard_top_k_003
c16_native,test_090,test_090_tile_embeddings,b61f6acee98a92fa,59904,94464,256,20,0.8036956787109375,0,0.0,0,0,hard_negative,1,a50fbde29aa04e9d829a4580fd5c68b8,a50fbde29aa04e9d829a4580fd5c68b8,standard,0,0,vlm_patches/test_090_tile_embeddings/standard/hard_negative/test_090_tile_embeddings_standard_hard_negative_000.png,s3://pershin-medailab/Pathomorphology/CAMELYON/mil/vlm_patches/c16_abmil_vlm_patches_a50fbde29aa04e9d829a4580fd5c68b8.tar.gz!/vlm_patches/test_090_tile_embeddings/standard/hard_negative/test_090_tile_embeddings_standard_hard_negative_000.png,test_090_tile_embeddings_standard_hard_negative_000
c16_native,test_090,test_090_tile_embeddings,e5a58eefb68bab14,33792,119296,256,20,0.8298797607421875,0,0.315,0,1,hard_negative,2,a50fbde29aa04e9d829a4580fd5c68b8,a50fbde29aa04e9d829a4580fd5c68b8,standard,0,0,vlm_patches/test_090_tile_embeddings/standard/hard_negative/test_090_tile_embeddings_standard_hard_negative_001.png,s3://pershin-medailab/Pathomorphology/CAMELYON/mil/vlm_patches/c16_abmil_vlm_patches_a50fbde29aa04e9d829a4580fd5c68b8.tar.gz!/vlm_patches/test_090_tile_embeddings/standard/hard_negative/test_090_tile_embeddings_standard_hard_negative_001.png,test_090_tile_embeddings_standard_hard_negative_001
c16_native,test_090,test_090_tile_embeddings,f2c66d0a2d86f79f,47616,129536,256,20,0.8958282470703125,0,0.3975,0,1,hard_negative,4,a50fbde29aa04e9d829a4580fd5c68b8,a50fbde29aa04e9d829a4580fd5c68b8,standard,0,0,vlm_patches/test_090_tile_embeddings/standard/hard_negative/test_090_tile_embeddings_standard_hard_negative_003.png,s3://pershin-medailab/Pathomorphology/CAMELYON/mil/vlm_patches/c16_abmil_vlm_patches_a50fbde29aa04e9d829a4580fd5c68b8.tar.gz!/vlm_patches/test_090_tile_embeddings/standard/hard_negative/test_090_tile_embeddings_standard_hard_negative_003.png,test_090_tile_embeddings_standard_hard_negative_003
c16_native,test_001,test_001_tile_embeddings,9ffc5563a2ce85b1,17920,17920,256,20,0.90087890625,0,0.735,0,1,hard_negative,1,a50fbde29aa04e9d829a4580fd5c68b8,a50fbde29aa04e9d829a4580fd5c68b8,standard,0,0,vlm_patches/test_001_tile_embeddings/standard/hard_negative/test_001_tile_embeddings_standard_hard_negative_000.png,s3://pershin-medailab/Pathomorphology/CAMELYON/mil/vlm_patches/c16_abmil_vlm_patches_a50fbde29aa04e9d829a4580fd5c68b8.tar.gz!/vlm_patches/test_001_tile_embeddings/standard/hard_negative/test_001_tile_embeddings_standard_hard_negative_000.png,test_001_tile_embeddings_standard_hard_negative_000
c16_native,test_001,test_001_tile_embeddings,ac602bbc0d5e405c,28416,16640,256,20,0.989013671875,0,0.5025,0,1,hard_negative,2,a50fbde29aa04e9d829a4580fd5c68b8,a50fbde29aa04e9d829a4580fd5c68b8,standard,0,0,vlm_patches/test_001_tile_embeddings/standard/hard_negative/test_001_tile_embeddings_standard_hard_negative_001.png,s3://pershin-medailab/Pathomorphology/CAMELYON/mil/vlm_patches/c16_abmil_vlm_patches_a50fbde29aa04e9d829a4580fd5c68b8.tar.gz!/vlm_patches/test_001_tile_embeddings/standard/hard_negative/test_001_tile_embeddings_standard_hard_negative_001.png,test_001_tile_embeddings_standard_hard_negative_001
c16_native,test_001,test_001_tile_embeddings,fa0e108b67de7b03,28416,16384,256,20,0.95550537109375,0,0.555,0,1,hard_negative,3,a50fbde29aa04e9d829a4580fd5c68b8,a50fbde29aa04e9d829a4580fd5c68b8,standard,0,0,vlm_patches/test_001_tile_embeddings/standard/hard_negative/test_001_tile_embeddings_standard_hard_negative_002.png,s3://pershin-medailab/Pathomorphology/CAMELYON/mil/vlm_patches/c16_abmil_vlm_patches_a50fbde29aa04e9d829a4580fd5c68b8.tar.gz!/vlm_patches/test_001_tile_embeddings/standard/hard_negative/test_001_tile_embeddings_standard_hard_negative_002.png,test_001_tile_embeddings_standard_hard_negative_002
c16_native,test_004,test_004_tile_embeddings,b5d78ec1b06bec48,72448,72704,256,20,0.659423828125,0,0.305,0,1,hard_negative,1,a50fbde29aa04e9d829a4580fd5c68b8,a50fbde29aa04e9d829a4580fd5c68b8,standard,0,0,vlm_patches/test_004_tile_embeddings/standard/hard_negative/test_004_tile_embeddings_standard_hard_negative_000.png,s3://pershin-medailab/Pathomorphology/CAMELYON/mil/vlm_patches/c16_abmil_vlm_patches_a50fbde29aa04e9d829a4580fd5c68b8.tar.gz!/vlm_patches/test_004_tile_embeddings/standard/hard_negative/test_004_tile_embeddings_standard_hard_negative_000.png,test_004_tile_embeddings_standard_hard_negative_000
c16_native,test_004,test_004_tile_embeddings,f6f830a3078e416c,76800,70144,256,20,0.9246368408203124,0,0.0,0,0,hard_negative,2,a50fbde29aa04e9d829a4580fd5c68b8,a50fbde29aa04e9d829a4580fd5c68b8,standard,0,0,vlm_patches/test_004_tile_embeddings/standard/hard_negative/test_004_tile_embeddings_standard_hard_negative_001.png,s3://pershin-medailab/Pathomorphology/CAMELYON/mil/vlm_patches/c16_abmil_vlm_patches_a50fbde29aa04e9d829a4580fd5c68b8.tar.gz!/vlm_patches/test_004_tile_embeddings/standard/hard_negative/test_004_tile_embeddings_standard_hard_negative_001.png,test_004_tile_embeddings_standard_hard_negative_001
c16_native,test_004,test_004_tile_embeddings,052a8e120666c283,68096,69632,256,20,0.91448974609375,0,0.0,0,0,hard_negative,3,a50fbde29aa04e9d829a4580fd5c68b8,a50fbde29aa04e9d829a4580fd5c68b8,standard,0,0,vlm_patches/test_004_tile_embeddings/standard/hard_negative/test_004_tile_embeddings_standard_hard_negative_002.png,s3://pershin-medailab/Pathomorphology/CAMELYON/mil/vlm_patches/c16_abmil_vlm_patches_a50fbde29aa04e9d829a4580fd5c68b8.tar.gz!/vlm_patches/test_004_tile_embeddings/standard/hard_negative/test_004_tile_embeddings_standard_hard_negative_002.png,test_004_tile_embeddings_standard_hard_negative_002
c16_native,test_073,test_073_tile_embeddings,abac3cb51f9b557b,136192,24576,256,20,0.73126220703125,0,0.405,0,1,hard_negative,1,a50fbde29aa04e9d829a4580fd5c68b8,a50fbde29aa04e9d829a4580fd5c68b8,standard,0,0,vlm_patches/test_073_tile_embeddings/standard/hard_negative/test_073_tile_embeddings_standard_hard_negative_000.png,s3://pershin-medailab/Pathomorphology/CAMELYON/mil/vlm_patches/c16_abmil_vlm_patches_a50fbde29aa04e9d829a4580fd5c68b8.tar.gz!/vlm_patches/test_073_tile_embeddings/standard/hard_negative/test_073_tile_embeddings_standard_hard_negative_000.png,test_073_tile_embeddings_standard_hard_negative_000
c16_native,test_073,test_073_tile_embeddings,d49429e57351e245,48384,13312,256,20,0.86480712890625,0,0.4825,0,1,hard_negative,2,a50fbde29aa04e9d829a4580fd5c68b8,a50fbde29aa04e9d829a4580fd5c68b8,standard,0,0,vlm_patches/test_073_tile_embeddings/standard/hard_negative/test_073_tile_embeddings_standard_hard_negative_001.png,s3://pershin-medailab/Pathomorphology/CAMELYON/mil/vlm_patches/c16_abmil_vlm_patches_a50fbde29aa04e9d829a4580fd5c68b8.tar.gz!/vlm_patches/test_073_tile_embeddings/standard/hard_negative/test_073_tile_embeddings_standard_hard_negative_001.png,test_073_tile_embeddings_standard_hard_negative_001
c16_native,test_073,test_073_tile_embeddings,4d978529fbb48136,120576,10496,256,20,0.7178497314453125,0,0.615,0,1,hard_negative,3,a50fbde29aa04e9d829a4580fd5c68b8,a50fbde29aa04e9d829a4580fd5c68b8,standard,0,0,vlm_patches/test_073_tile_embeddings/standard/hard_negative/test_073_tile_embeddings_standard_hard_negative_002.png,s3://pershin-medailab/Pathomorphology/CAMELYON/mil/vlm_patches/c16_abmil_vlm_patches_a50fbde29aa04e9d829a4580fd5c68b8.tar.gz!/vlm_patches/test_073_tile_embeddings/standard/hard_negative/test_073_tile_embeddings_standard_hard_negative_002.png,test_073_tile_embeddings_standard_hard_negative_002
c16_native,test_069,test_069_tile_embeddings,af2d155b4276b605,113408,37632,256,20,0.9789276123046876,0,0.8,0,1,hard_negative,1,a50fbde29aa04e9d829a4580fd5c68b8,a50fbde29aa04e9d829a4580fd5c68b8,standard,0,0,vlm_patches/test_069_tile_embeddings/standard/hard_negative/test_069_tile_embeddings_standard_hard_negative_000.png,s3://pershin-medailab/Pathomorphology/CAMELYON/mil/vlm_patches/c16_abmil_vlm_patches_a50fbde29aa04e9d829a4580fd5c68b8.tar.gz!/vlm_patches/test_069_tile_embeddings/standard/hard_negative/test_069_tile_embeddings_standard_hard_negative_000.png,test_069_tile_embeddings_standard_hard_negative_000
c16_native,test_069,test_069_tile_embeddings,832b01e4a5622e13,71936,62720,256,20,0.8474273681640625,0,0.51,0,1,hard_negative,2,a50fbde29aa04e9d829a4580fd5c68b8,a50fbde29aa04e9d829a4580fd5c68b8,standard,0,0,vlm_patches/test_069_tile_embeddings/standard/hard_negative/test_069_tile_embeddings_standard_hard_negative_001.png,s3://pershin-medailab/Pathomorphology/CAMELYON/mil/vlm_patches/c16_abmil_vlm_patches_a50fbde29aa04e9d829a4580fd5c68b8.tar.gz!/vlm_patches/test_069_tile_embeddings/standard/hard_negative/test_069_tile_embeddings_standard_hard_negative_001.png,test_069_tile_embeddings_standard_hard_negative_001
c16_native,test_069,test_069_tile_embeddings,28cf69676b4f43bf,111872,39680,256,20,0.972900390625,0,0.3925,0,1,hard_negative,3,a50fbde29aa04e9d829a4580fd5c68b8,a50fbde29aa04e9d829a4580fd5c68b8,standard,0,0,vlm_patches/test_069_tile_embeddings/standard/hard_negative/test_069_tile_embeddings_standard_hard_negative_002.png,s3://pershin-medailab/Pathomorphology/CAMELYON/mil/vlm_patches/c16_abmil_vlm_patches_a50fbde29aa04e9d829a4580fd5c68b8.tar.gz!/vlm_patches/test_069_tile_embeddings/standard/hard_negative/test_069_tile_embeddings_standard_hard_negative_002.png,test_069_tile_embeddings_standard_hard_negative_002
c16_native,test_010,test_010_tile_embeddings,a86c13b099f3f51b,69120,88064,256,20,0.89154052734375,0,0.0,0,0,hard_negative,1,a50fbde29aa04e9d829a4580fd5c68b8,a50fbde29aa04e9d829a4580fd5c68b8,standard,0,0,vlm_patches/test_010_tile_embeddings/standard/hard_negative/test_010_tile_embeddings_standard_hard_negative_000.png,s3://pershin-medailab/Pathomorphology/CAMELYON/mil/vlm_patches/c16_abmil_vlm_patches_a50fbde29aa04e9d829a4580fd5c68b8.tar.gz!/vlm_patches/test_010_tile_embeddings/standard/hard_negative/test_010_tile_embeddings_standard_hard_negative_000.png,test_010_tile_embeddings_standard_hard_negative_000
c16_native,test_010,test_010_tile_embeddings,288ddbc9c732052b,9216,92160,256,20,0.97515869140625,0,0.0,0,0,hard_negative,2,a50fbde29aa04e9d829a4580fd5c68b8,a50fbde29aa04e9d829a4580fd5c68b8,standard,0,0,vlm_patches/test_010_tile_embeddings/standard/hard_negative/test_010_tile_embeddings_standard_hard_negative_001.png,s3://pershin-medailab/Pathomorphology/CAMELYON/mil/vlm_patches/c16_abmil_vlm_patches_a50fbde29aa04e9d829a4580fd5c68b8.tar.gz!/vlm_patches/test_010_tile_embeddings/standard/hard_negative/test_010_tile_embeddings_standard_hard_negative_001.png,test_010_tile_embeddings_standard_hard_negative_001
c16_native,test_010,test_010_tile_embeddings,8e050b29d7b53822,31488,74496,256,20,0.891387939453125,0,0.0,0,0,hard_negative,3,a50fbde29aa04e9d829a4580fd5c68b8,a50fbde29aa04e9d829a4580fd5c68b8,standard,0,0,vlm_patches/test_010_tile_embeddings/standard/hard_negative/test_010_tile_embeddings_standard_hard_negative_002.png,s3://pershin-medailab/Pathomorphology/CAMELYON/mil/vlm_patches/c16_abmil_vlm_patches_a50fbde29aa04e9d829a4580fd5c68b8.tar.gz!/vlm_patches/test_010_tile_embeddings/standard/hard_negative/test_010_tile_embeddings_standard_hard_negative_002.png,test_010_tile_embeddings_standard_hard_negative_002
c16_native,test_117,test_117_tile_embeddings,076c5b3644b547ea,56064,149248,256,20,0.975830078125,0,0.0,0,0,hard_negative,1,a50fbde29aa04e9d829a4580fd5c68b8,a50fbde29aa04e9d829a4580fd5c68b8,standard,0,0,vlm_patches/test_117_tile_embeddings/standard/hard_negative/test_117_tile_embeddings_standard_hard_negative_000.png,s3://pershin-medailab/Pathomorphology/CAMELYON/mil/vlm_patches/c16_abmil_vlm_patches_a50fbde29aa04e9d829a4580fd5c68b8.tar.gz!/vlm_patches/test_117_tile_embeddings/standard/hard_negative/test_117_tile_embeddings_standard_hard_negative_000.png,test_117_tile_embeddings_standard_hard_negative_000
c16_native,test_117,test_117_tile_embeddings,0a00ed740452b96f,56320,149248,256,20,0.9859466552734376,0,0.0,0,0,hard_negative,2,a50fbde29aa04e9d829a4580fd5c68b8,a50fbde29aa04e9d829a4580fd5c68b8,standard,0,0,vlm_patches/test_117_tile_embeddings/standard/hard_negative/test_117_tile_embeddings_standard_hard_negative_001.png,s3://pershin-medailab/Pathomorphology/CAMELYON/mil/vlm_patches/c16_abmil_vlm_patches_a50fbde29aa04e9d829a4580fd5c68b8.tar.gz!/vlm_patches/test_117_tile_embeddings/standard/hard_negative/test_117_tile_embeddings_standard_hard_negative_001.png,test_117_tile_embeddings_standard_hard_negative_001
c16_native,test_117,test_117_tile_embeddings,b2b7e4a9f74508a2,86016,123648,256,20,0.0009918212890625,0,0.0,0,0,hard_negative,3,a50fbde29aa04e9d829a4580fd5c68b8,a50fbde29aa04e9d829a4580fd5c68b8,standard,0,0,vlm_patches/test_117_tile_embeddings/standard/hard_negative/test_117_tile_embeddings_standard_hard_negative_002.png,s3://pershin-medailab/Pathomorphology/CAMELYON/mil/vlm_patches/c16_abmil_vlm_patches_a50fbde29aa04e9d829a4580fd5c68b8.tar.gz!/vlm_patches/test_117_tile_embeddings/standard/hard_negative/test_117_tile_embeddings_standard_hard_negative_002.png,test_117_tile_embeddings_standard_hard_negative_002
c16_native,test_026,test_026_tile_embeddings,59560cd42c397193,72192,45568,256,20,0.89862060546875,0,0.8425,0,1,hard_negative,1,a50fbde29aa04e9d829a4580fd5c68b8,a50fbde29aa04e9d829a4580fd5c68b8,standard,0,0,vlm_patches/test_026_tile_embeddings/standard/hard_negative/test_026_tile_embeddings_standard_hard_negative_000.png,s3://pershin-medailab/Pathomorphology/CAMELYON/mil/vlm_patches/c16_abmil_vlm_patches_a50fbde29aa04e9d829a4580fd5c68b8.tar.gz!/vlm_patches/test_026_tile_embeddings/standard/hard_negative/test_026_tile_embeddings_standard_hard_negative_000.png,test_026_tile_embeddings_standard_hard_negative_000
c16_native,test_026,test_026_tile_embeddings,5e545e338601a223,74752,48896,256,20,0.8760833740234375,0,0.2475,0,1,hard_negative,2,a50fbde29aa04e9d829a4580fd5c68b8,a50fbde29aa04e9d829a4580fd5c68b8,standard,0,0,vlm_patches/test_026_tile_embeddings/standard/hard_negative/test_026_tile_embeddings_standard_hard_negative_001.png,s3://pershin-medailab/Pathomorphology/CAMELYON/mil/vlm_patches/c16_abmil_vlm_patches_a50fbde29aa04e9d829a4580fd5c68b8.tar.gz!/vlm_patches/test_026_tile_embeddings/standard/hard_negative/test_026_tile_embeddings_standard_hard_negative_001.png,test_026_tile_embeddings_standard_hard_negative_001
c16_native,test_026,test_026_tile_embeddings,c78e8c17e9db12c9,29184,14336,256,20,0.3029022216796875,0,0.0,0,0,hard_negative,3,a50fbde29aa04e9d829a4580fd5c68b8,a50fbde29aa04e9d829a4580fd5c68b8,standard,0,0,vlm_patches/test_026_tile_embeddings/standard/hard_negative/test_026_tile_embeddings_standard_hard_negative_002.png,s3://pershin-medailab/Pathomorphology/CAMELYON/mil/vlm_patches/c16_abmil_vlm_patches_a50fbde29aa04e9d829a4580fd5c68b8.tar.gz!/vlm_patches/test_026_tile_embeddings/standard/hard_negative/test_026_tile_embeddings_standard_hard_negative_002.png,test_026_tile_embeddings_standard_hard_negative_002
c16_native,test_105,test_105_tile_embeddings,9d95614513c5b42e,40704,18688,256,20,0.9878387451171876,0,0.7125,0,1,hard_negative,1,a50fbde29aa04e9d829a4580fd5c68b8,a50fbde29aa04e9d829a4580fd5c68b8,standard,0,0,vlm_patches/test_105_tile_embeddings/standard/hard_negative/test_105_tile_embeddings_standard_hard_negative_000.png,s3://pershin-medailab/Pathomorphology/CAMELYON/mil/vlm_patches/c16_abmil_vlm_patches_a50fbde29aa04e9d829a4580fd5c68b8.tar.gz!/vlm_patches/test_105_tile_embeddings/standard/hard_negative/test_105_tile_embeddings_standard_hard_negative_000.png,test_105_tile_embeddings_standard_hard_negative_000
c16_native,test_105,test_105_tile_embeddings,6b94d65f10ac51ee,47872,18432,256,20,0.975616455078125,0,0.3775,0,1,hard_negative,2,a50fbde29aa04e9d829a4580fd5c68b8,a50fbde29aa04e9d829a4580fd5c68b8,standard,0,0,vlm_patches/test_105_tile_embeddings/standard/hard_negative/test_105_tile_embeddings_standard_hard_negative_001.png,s3://pershin-medailab/Pathomorphology/CAMELYON/mil/vlm_patches/c16_abmil_vlm_patches_a50fbde29aa04e9d829a4580fd5c68b8.tar.gz!/vlm_patches/test_105_tile_embeddings/standard/hard_negative/test_105_tile_embeddings_standard_hard_negative_001.png,test_105_tile_embeddings_standard_hard_negative_001
c16_native,test_105,test_105_tile_embeddings,463ee3ad0ae8b921,48128,18176,256,20,0.9609527587890624,0,0.52,0,1,hard_negative,3,a50fbde29aa04e9d829a4580fd5c68b8,a50fbde29aa04e9d829a4580fd5c68b8,standard,0,0,vlm_patches/test_105_tile_embeddings/standard/hard_negative/test_105_tile_embeddings_standard_hard_negative_002.png,s3://pershin-medailab/Pathomorphology/CAMELYON/mil/vlm_patches/c16_abmil_vlm_patches_a50fbde29aa04e9d829a4580fd5c68b8.tar.gz!/vlm_patches/test_105_tile_embeddings/standard/hard_negative/test_105_tile_embeddings_standard_hard_negative_002.png,test_105_tile_embeddings_standard_hard_negative_002
c16_native,test_065,test_065_tile_embeddings,b28bb75cfa7faf9d,15104,11776,256,20,0.5327606201171875,0,0.0,0,0,hard_negative,1,a50fbde29aa04e9d829a4580fd5c68b8,a50fbde29aa04e9d829a4580fd5c68b8,standard,0,0,vlm_patches/test_065_tile_embeddings/standard/hard_negative/test_065_tile_embeddings_standard_hard_negative_000.png,s3://pershin-medailab/Pathomorphology/CAMELYON/mil/vlm_patches/c16_abmil_vlm_patches_a50fbde29aa04e9d829a4580fd5c68b8.tar.gz!/vlm_patches/test_065_tile_embeddings/standard/hard_negative/test_065_tile_embeddings_standard_hard_negative_000.png,test_065_tile_embeddings_standard_hard_negative_000
c16_native,test_065,test_065_tile_embeddings,7748ae39c064109b,43776,25856,256,20,0.6766357421875,0,0.2575,0,1,hard_negative,2,a50fbde29aa04e9d829a4580fd5c68b8,a50fbde29aa04e9d829a4580fd5c68b8,standard,0,0,vlm_patches/test_065_tile_embeddings/standard/hard_negative/test_065_tile_embeddings_standard_hard_negative_001.png,s3://pershin-medailab/Pathomorphology/CAMELYON/mil/vlm_patches/c16_abmil_vlm_patches_a50fbde29aa04e9d829a4580fd5c68b8.tar.gz!/vlm_patches/test_065_tile_embeddings/standard/hard_negative/test_065_tile_embeddings_standard_hard_negative_001.png,test_065_tile_embeddings_standard_hard_negative_001
c16_native,test_065,test_065_tile_embeddings,57c8bd6a9068c3bc,40448,26624,256,20,0.4102783203125,0,0.29,0,1,hard_negative,3,a50fbde29aa04e9d829a4580fd5c68b8,a50fbde29aa04e9d829a4580fd5c68b8,standard,0,0,vlm_patches/test_065_tile_embeddings/standard/hard_negative/test_065_tile_embeddings_standard_hard_negative_002.png,s3://pershin-medailab/Pathomorphology/CAMELYON/mil/vlm_patches/c16_abmil_vlm_patches_a50fbde29aa04e9d829a4580fd5c68b8.tar.gz!/vlm_patches/test_065_tile_embeddings/standard/hard_negative/test_065_tile_embeddings_standard_hard_negative_002.png,test_065_tile_embeddings_standard_hard_negative_002
c16_native,test_027,test_027_tile_embeddings,c6bdc1adbdca5a3c,59904,123648,256,20,0.7437591552734375,0,0.4275,0,1,hard_negative,1,a50fbde29aa04e9d829a4580fd5c68b8,a50fbde29aa04e9d829a4580fd5c68b8,standard,0,0,vlm_patches/test_027_tile_embeddings/standard/hard_negative/test_027_tile_embeddings_standard_hard_negative_000.png,s3://pershin-medailab/Pathomorphology/CAMELYON/mil/vlm_patches/c16_abmil_vlm_patches_a50fbde29aa04e9d829a4580fd5c68b8.tar.gz!/vlm_patches/test_027_tile_embeddings/standard/hard_negative/test_027_tile_embeddings_standard_hard_negative_000.png,test_027_tile_embeddings_standard_hard_negative_000
c16_native,test_027,test_027_tile_embeddings,ad093946ca3eadf9,57088,130816,256,20,0.5776824951171875,0,0.755,0,1,hard_negative,2,a50fbde29aa04e9d829a4580fd5c68b8,a50fbde29aa04e9d829a4580fd5c68b8,standard,0,0,vlm_patches/test_027_tile_embeddings/standard/hard_negative/test_027_tile_embeddings_standard_hard_negative_001.png,s3://pershin-medailab/Pathomorphology/CAMELYON/mil/vlm_patches/c16_abmil_vlm_patches_a50fbde29aa04e9d829a4580fd5c68b8.tar.gz!/vlm_patches/test_027_tile_embeddings/standard/hard_negative/test_027_tile_embeddings_standard_hard_negative_001.png,test_027_tile_embeddings_standard_hard_negative_001
c16_native,test_027,test_027_tile_embeddings,ea8dcbc6fce96135,58368,123904,256,20,0.75177001953125,0,0.425,0,1,hard_negative,3,a50fbde29aa04e9d829a4580fd5c68b8,a50fbde29aa04e9d829a4580fd5c68b8,standard,0,0,vlm_patches/test_027_tile_embeddings/standard/hard_negative/test_027_tile_embeddings_standard_hard_negative_002.png,s3://pershin-medailab/Pathomorphology/CAMELYON/mil/vlm_patches/c16_abmil_vlm_patches_a50fbde29aa04e9d829a4580fd5c68b8.tar.gz!/vlm_patches/test_027_tile_embeddings/standard/hard_negative/test_027_tile_embeddings_standard_hard_negative_002.png,test_027_tile_embeddings_standard_hard_negative_002
c16_native,test_094,test_094_tile_embeddings,ae21b81b1a0bf1c2,81920,35840,256,20,0.917022705078125,0,0.0,0,0,hard_negative,1,a50fbde29aa04e9d829a4580fd5c68b8,a50fbde29aa04e9d829a4580fd5c68b8,standard,0,0,vlm_patches/test_094_tile_embeddings/standard/hard_negative/test_094_tile_embeddings_standard_hard_negative_000.png,s3://pershin-medailab/Pathomorphology/CAMELYON/mil/vlm_patches/c16_abmil_vlm_patches_a50fbde29aa04e9d829a4580fd5c68b8.tar.gz!/vlm_patches/test_094_tile_embeddings/standard/hard_negative/test_094_tile_embeddings_standard_hard_negative_000.png,test_094_tile_embeddings_standard_hard_negative_000
c16_native,test_094,test_094_tile_embeddings,8e0a59cfe594d4da,82944,38144,256,20,0.965576171875,0,0.0,0,0,hard_negative,2,a50fbde29aa04e9d829a4580fd5c68b8,a50fbde29aa04e9d829a4580fd5c68b8,standard,0,0,vlm_patches/test_094_tile_embeddings/standard/hard_negative/test_094_tile_embeddings_standard_hard_negative_001.png,s3://pershin-medailab/Pathomorphology/CAMELYON/mil/vlm_patches/c16_abmil_vlm_patches_a50fbde29aa04e9d829a4580fd5c68b8.tar.gz!/vlm_patches/test_094_tile_embeddings/standard/hard_negative/test_094_tile_embeddings_standard_hard_negative_001.png,test_094_tile_embeddings_standard_hard_negative_001
c16_native,test_094,test_094_tile_embeddings,6c7d38e99c99a7b0,83200,36864,256,20,0.9014129638671876,0,0.0,0,0,hard_negative,3,a50fbde29aa04e9d829a4580fd5c68b8,a50fbde29aa04e9d829a4580fd5c68b8,standard,0,0,vlm_patches/test_094_tile_embeddings/standard/hard_negative/test_094_tile_embeddings_standard_hard_negative_002.png,s3://pershin-medailab/Pathomorphology/CAMELYON/mil/vlm_patches/c16_abmil_vlm_patches_a50fbde29aa04e9d829a4580fd5c68b8.tar.gz!/vlm_patches/test_094_tile_embeddings/standard/hard_negative/test_094_tile_embeddings_standard_hard_negative_002.png,test_094_tile_embeddings_standard_hard_negative_002
c16_native,test_104,test_104_tile_embeddings,b59153bf70aed901,59904,154112,256,20,0.6858978271484375,0,0.285,0,1,hard_negative,1,a50fbde29aa04e9d829a4580fd5c68b8,a50fbde29aa04e9d829a4580fd5c68b8,standard,0,0,vlm_patches/test_104_tile_embeddings/standard/hard_negative/test_104_tile_embeddings_standard_hard_negative_000.png,s3://pershin-medailab/Pathomorphology/CAMELYON/mil/vlm_patches/c16_abmil_vlm_patches_a50fbde29aa04e9d829a4580fd5c68b8.tar.gz!/vlm_patches/test_104_tile_embeddings/standard/hard_negative/test_104_tile_embeddings_standard_hard_negative_000.png,test_104_tile_embeddings_standard_hard_negative_000
c16_native,test_104,test_104_tile_embeddings,7dae2543d008af77,80384,92672,256,20,0.5792999267578125,0,0.48,0,1,hard_negative,2,a50fbde29aa04e9d829a4580fd5c68b8,a50fbde29aa04e9d829a4580fd5c68b8,standard,0,0,vlm_patches/test_104_tile_embeddings/standard/hard_negative/test_104_tile_embeddings_standard_hard_negative_001.png,s3://pershin-medailab/Pathomorphology/CAMELYON/mil/vlm_patches/c16_abmil_vlm_patches_a50fbde29aa04e9d829a4580fd5c68b8.tar.gz!/vlm_patches/test_104_tile_embeddings/standard/hard_negative/test_104_tile_embeddings_standard_hard_negative_001.png,test_104_tile_embeddings_standard_hard_negative_001
c16_native,test_104,test_104_tile_embeddings,a3e652cac1481978,81920,93696,256,20,0.3141326904296875,0,0.37,0,1,hard_negative,3,a50fbde29aa04e9d829a4580fd5c68b8,a50fbde29aa04e9d829a4580fd5c68b8,standard,0,0,vlm_patches/test_104_tile_embeddings/standard/hard_negative/test_104_tile_embeddings_standard_hard_negative_002.png,s3://pershin-medailab/Pathomorphology/CAMELYON/mil/vlm_patches/c16_abmil_vlm_patches_a50fbde29aa04e9d829a4580fd5c68b8.tar.gz!/vlm_patches/test_104_tile_embeddings/standard/hard_negative/test_104_tile_embeddings_standard_hard_negative_002.png,test_104_tile_embeddings_standard_hard_negative_002
c16_native,test_108,test_108_tile_embeddings,6f9668288ee6353c,38656,153088,256,20,0.8255767822265625,0,0.32,0,1,hard_negative,1,a50fbde29aa04e9d829a4580fd5c68b8,a50fbde29aa04e9d829a4580fd5c68b8,standard,0,0,vlm_patches/test_108_tile_embeddings/standard/hard_negative/test_108_tile_embeddings_standard_hard_negative_000.png,s3://pershin-medailab/Pathomorphology/CAMELYON/mil/vlm_patches/c16_abmil_vlm_patches_a50fbde29aa04e9d829a4580fd5c68b8.tar.gz!/vlm_patches/test_108_tile_embeddings/standard/hard_negative/test_108_tile_embeddings_standard_hard_negative_000.png,test_108_tile_embeddings_standard_hard_negative_000
c16_native,test_108,test_108_tile_embeddings,140224d347a793d3,72192,122368,256,20,0.0081329345703125,0,0.0,0,0,hard_negative,2,a50fbde29aa04e9d829a4580fd5c68b8,a50fbde29aa04e9d829a4580fd5c68b8,standard,0,0,vlm_patches/test_108_tile_embeddings/standard/hard_negative/test_108_tile_embeddings_standard_hard_negative_001.png,s3://pershin-medailab/Pathomorphology/CAMELYON/mil/vlm_patches/c16_abmil_vlm_patches_a50fbde29aa04e9d829a4580fd5c68b8.tar.gz!/vlm_patches/test_108_tile_embeddings/standard/hard_negative/test_108_tile_embeddings_standard_hard_negative_001.png,test_108_tile_embeddings_standard_hard_negative_001
c16_native,test_108,test_108_tile_embeddings,1173afaa38e5debc,66816,104704,256,20,0.00140380859375,0,0.0,0,0,hard_negative,3,a50fbde29aa04e9d829a4580fd5c68b8,a50fbde29aa04e9d829a4580fd5c68b8,standard,0,0,vlm_patches/test_108_tile_embeddings/standard/hard_negative/test_108_tile_embeddings_standard_hard_negative_002.png,s3://pershin-medailab/Pathomorphology/CAMELYON/mil/vlm_patches/c16_abmil_vlm_patches_a50fbde29aa04e9d829a4580fd5c68b8.tar.gz!/vlm_patches/test_108_tile_embeddings/standard/hard_negative/test_108_tile_embeddings_standard_hard_negative_002.png,test_108_tile_embeddings_standard_hard_negative_002
c16_native,test_030,test_030_tile_embeddings,865b63ddd0c55557,56832,133888,256,20,0.685211181640625,0,0.235,0,1,hard_negative,1,a50fbde29aa04e9d829a4580fd5c68b8,a50fbde29aa04e9d829a4580fd5c68b8,standard,0,0,vlm_patches/test_030_tile_embeddings/standard/hard_negative/test_030_tile_embeddings_standard_hard_negative_000.png,s3://pershin-medailab/Pathomorphology/CAMELYON/mil/vlm_patches/c16_abmil_vlm_patches_a50fbde29aa04e9d829a4580fd5c68b8.tar.gz!/vlm_patches/test_030_tile_embeddings/standard/hard_negative/test_030_tile_embeddings_standard_hard_negative_000.png,test_030_tile_embeddings_standard_hard_negative_000
c16_native,test_030,test_030_tile_embeddings,a4539ec21749b2b9,68864,150528,256,20,0.7110137939453125,0,0.0,0,0,hard_negative,2,a50fbde29aa04e9d829a4580fd5c68b8,a50fbde29aa04e9d829a4580fd5c68b8,standard,0,0,vlm_patches/test_030_tile_embeddings/standard/hard_negative/test_030_tile_embeddings_standard_hard_negative_001.png,s3://pershin-medailab/Pathomorphology/CAMELYON/mil/vlm_patches/c16_abmil_vlm_patches_a50fbde29aa04e9d829a4580fd5c68b8.tar.gz!/vlm_patches/test_030_tile_embeddings/standard/hard_negative/test_030_tile_embeddings_standard_hard_negative_001.png,test_030_tile_embeddings_standard_hard_negative_001
c16_native,test_030,test_030_tile_embeddings,29a5456f88aa3adf,68096,152320,256,20,0.54254150390625,0,0.0,0,0,hard_negative,3,a50fbde29aa04e9d829a4580fd5c68b8,a50fbde29aa04e9d829a4580fd5c68b8,standard,0,0,vlm_patches/test_030_tile_embeddings/standard/hard_negative/test_030_tile_embeddings_standard_hard_negative_002.png,s3://pershin-medailab/Pathomorphology/CAMELYON/mil/vlm_patches/c16_abmil_vlm_patches_a50fbde29aa04e9d829a4580fd5c68b8.tar.gz!/vlm_patches/test_030_tile_embeddings/standard/hard_negative/test_030_tile_embeddings_standard_hard_negative_002.png,test_030_tile_embeddings_standard_hard_negative_002
c16_native,test_113,test_113_tile_embeddings,469d14d4c6c18d2d,50944,87040,256,20,0.989410400390625,0,0.0,0,0,hard_negative,1,a50fbde29aa04e9d829a4580fd5c68b8,a50fbde29aa04e9d829a4580fd5c68b8,standard,0,0,vlm_patches/test_113_tile_embeddings/standard/hard_negative/test_113_tile_embeddings_standard_hard_negative_000.png,s3://pershin-medailab/Pathomorphology/CAMELYON/mil/vlm_patches/c16_abmil_vlm_patches_a50fbde29aa04e9d829a4580fd5c68b8.tar.gz!/vlm_patches/test_113_tile_embeddings/standard/hard_negative/test_113_tile_embeddings_standard_hard_negative_000.png,test_113_tile_embeddings_standard_hard_negative_000
c16_native,test_113,test_113_tile_embeddings,bf5467782f269bc1,57856,45312,256,20,0.9073333740234376,0,0.0,0,0,hard_negative,2,a50fbde29aa04e9d829a4580fd5c68b8,a50fbde29aa04e9d829a4580fd5c68b8,standard,0,0,vlm_patches/test_113_tile_embeddings/standard/hard_negative/test_113_tile_embeddings_standard_hard_negative_001.png,s3://pershin-medailab/Pathomorphology/CAMELYON/mil/vlm_patches/c16_abmil_vlm_patches_a50fbde29aa04e9d829a4580fd5c68b8.tar.gz!/vlm_patches/test_113_tile_embeddings/standard/hard_negative/test_113_tile_embeddings_standard_hard_negative_001.png,test_113_tile_embeddings_standard_hard_negative_001
c16_native,test_113,test_113_tile_embeddings,20ed259057c7e105,72448,45312,256,20,0.8521270751953125,0,0.315,0,1,hard_negative,3,a50fbde29aa04e9d829a4580fd5c68b8,a50fbde29aa04e9d829a4580fd5c68b8,standard,0,0,vlm_patches/test_113_tile_embeddings/standard/hard_negative/test_113_tile_embeddings_standard_hard_negative_002.png,s3://pershin-medailab/Pathomorphology/CAMELYON/mil/vlm_patches/c16_abmil_vlm_patches_a50fbde29aa04e9d829a4580fd5c68b8.tar.gz!/vlm_patches/test_113_tile_embeddings/standard/hard_negative/test_113_tile_embeddings_standard_hard_negative_002.png,test_113_tile_embeddings_standard_hard_negative_002
c16_native,test_040,test_040_tile_embeddings,a1f5df9a5d931815,70912,81920,256,20,0.8935394287109375,0,0.47,0,1,hard_negative,1,a50fbde29aa04e9d829a4580fd5c68b8,a50fbde29aa04e9d829a4580fd5c68b8,standard,0,0,vlm_patches/test_040_tile_embeddings/standard/hard_negative/test_040_tile_embeddings_standard_hard_negative_000.png,s3://pershin-medailab/Pathomorphology/CAMELYON/mil/vlm_patches/c16_abmil_vlm_patches_a50fbde29aa04e9d829a4580fd5c68b8.tar.gz!/vlm_patches/test_040_tile_embeddings/standard/hard_negative/test_040_tile_embeddings_standard_hard_negative_000.png,test_040_tile_embeddings_standard_hard_negative_000
c16_native,test_040,test_040_tile_embeddings,928a6fe27729bac9,70400,84480,256,20,0.6392364501953125,0,0.62,0,1,hard_negative,2,a50fbde29aa04e9d829a4580fd5c68b8,a50fbde29aa04e9d829a4580fd5c68b8,standard,0,0,vlm_patches/test_040_tile_embeddings/standard/hard_negative/test_040_tile_embeddings_standard_hard_negative_001.png,s3://pershin-medailab/Pathomorphology/CAMELYON/mil/vlm_patches/c16_abmil_vlm_patches_a50fbde29aa04e9d829a4580fd5c68b8.tar.gz!/vlm_patches/test_040_tile_embeddings/standard/hard_negative/test_040_tile_embeddings_standard_hard_negative_001.png,test_040_tile_embeddings_standard_hard_negative_001
c16_native,test_040,test_040_tile_embeddings,6c84ec03bd15acf8,68096,83712,256,20,0.90277099609375,0,0.635,0,1,hard_negative,4,a50fbde29aa04e9d829a4580fd5c68b8,a50fbde29aa04e9d829a4580fd5c68b8,standard,0,0,vlm_patches/test_040_tile_embeddings/standard/hard_negative/test_040_tile_embeddings_standard_hard_negative_003.png,s3://pershin-medailab/Pathomorphology/CAMELYON/mil/vlm_patches/c16_abmil_vlm_patches_a50fbde29aa04e9d829a4580fd5c68b8.tar.gz!/vlm_patches/test_040_tile_embeddings/standard/hard_negative/test_040_tile_embeddings_standard_hard_negative_003.png,test_040_tile_embeddings_standard_hard_negative_003
c16_native,test_074,test_074_tile_embeddings,7fabb656e03a927d,73216,144384,256,20,0.637542724609375,0,0.5425,0,1,hard_negative,1,a50fbde29aa04e9d829a4580fd5c68b8,a50fbde29aa04e9d829a4580fd5c68b8,standard,0,0,vlm_patches/test_074_tile_embeddings/standard/hard_negative/test_074_tile_embeddings_standard_hard_negative_000.png,s3://pershin-medailab/Pathomorphology/CAMELYON/mil/vlm_patches/c16_abmil_vlm_patches_a50fbde29aa04e9d829a4580fd5c68b8.tar.gz!/vlm_patches/test_074_tile_embeddings/standard/hard_negative/test_074_tile_embeddings_standard_hard_negative_000.png,test_074_tile_embeddings_standard_hard_negative_000
c16_native,test_074,test_074_tile_embeddings,747be5d1f1efc11b,77056,145920,256,20,0.7740631103515625,0,0.0,0,0,hard_negative,3,a50fbde29aa04e9d829a4580fd5c68b8,a50fbde29aa04e9d829a4580fd5c68b8,standard,0,0,vlm_patches/test_074_tile_embeddings/standard/hard_negative/test_074_tile_embeddings_standard_hard_negative_002.png,s3://pershin-medailab/Pathomorphology/CAMELYON/mil/vlm_patches/c16_abmil_vlm_patches_a50fbde29aa04e9d829a4580fd5c68b8.tar.gz!/vlm_patches/test_074_tile_embeddings/standard/hard_negative/test_074_tile_embeddings_standard_hard_negative_002.png,test_074_tile_embeddings_standard_hard_negative_002
c16_native,test_074,test_074_tile_embeddings,7966a03873e9e7a0,35072,194560,256,20,0.724029541015625,0,0.0,0,0,hard_negative,4,a50fbde29aa04e9d829a4580fd5c68b8,a50fbde29aa04e9d829a4580fd5c68b8,standard,0,0,vlm_patches/test_074_tile_embeddings/standard/hard_negative/test_074_tile_embeddings_standard_hard_negative_003.png,s3://pershin-medailab/Pathomorphology/CAMELYON/mil/vlm_patches/c16_abmil_vlm_patches_a50fbde29aa04e9d829a4580fd5c68b8.tar.gz!/vlm_patches/test_074_tile_embeddings/standard/hard_negative/test_074_tile_embeddings_standard_hard_negative_003.png,test_074_tile_embeddings_standard_hard_negative_003
c16_native,test_033,test_033_tile_embeddings,4ececee160c1c8d3,76544,84736,256,20,0.91015625,0,0.4825,0,1,hard_negative,1,a50fbde29aa04e9d829a4580fd5c68b8,a50fbde29aa04e9d829a4580fd5c68b8,standard,0,0,vlm_patches/test_033_tile_embeddings/standard/hard_negative/test_033_tile_embeddings_standard_hard_negative_000.png,s3://pershin-medailab/Pathomorphology/CAMELYON/mil/vlm_patches/c16_abmil_vlm_patches_a50fbde29aa04e9d829a4580fd5c68b8.tar.gz!/vlm_patches/test_033_tile_embeddings/standard/hard_negative/test_033_tile_embeddings_standard_hard_negative_000.png,test_033_tile_embeddings_standard_hard_negative_000
c16_native,test_033,test_033_tile_embeddings,a9b50c0ae97f58b3,76800,84480,256,20,0.8778228759765625,0,0.545,0,1,hard_negative,2,a50fbde29aa04e9d829a4580fd5c68b8,a50fbde29aa04e9d829a4580fd5c68b8,standard,0,0,vlm_patches/test_033_tile_embeddings/standard/hard_negative/test_033_tile_embeddings_standard_hard_negative_001.png,s3://pershin-medailab/Pathomorphology/CAMELYON/mil/vlm_patches/c16_abmil_vlm_patches_a50fbde29aa04e9d829a4580fd5c68b8.tar.gz!/vlm_patches/test_033_tile_embeddings/standard/hard_negative/test_033_tile_embeddings_standard_hard_negative_001.png,test_033_tile_embeddings_standard_hard_negative_001
c16_native,test_033,test_033_tile_embeddings,6746830822a71413,179968,84992,256,20,0.8172760009765625,0,0.3075,0,1,hard_negative,3,a50fbde29aa04e9d829a4580fd5c68b8,a50fbde29aa04e9d829a4580fd5c68b8,standard,0,0,vlm_patches/test_033_tile_embeddings/standard/hard_negative/test_033_tile_embeddings_standard_hard_negative_002.png,s3://pershin-medailab/Pathomorphology/CAMELYON/mil/vlm_patches/c16_abmil_vlm_patches_a50fbde29aa04e9d829a4580fd5c68b8.tar.gz!/vlm_patches/test_033_tile_embeddings/standard/hard_negative/test_033_tile_embeddings_standard_hard_negative_002.png,test_033_tile_embeddings_standard_hard_negative_002
c16_native,test_084,test_084_tile_embeddings,d255ee470979dda4,27648,8192,256,20,0.8229522705078125,0,0.0,0,0,hard_negative,1,a50fbde29aa04e9d829a4580fd5c68b8,a50fbde29aa04e9d829a4580fd5c68b8,standard,0,0,vlm_patches/test_084_tile_embeddings/standard/hard_negative/test_084_tile_embeddings_standard_hard_negative_000.png,s3://pershin-medailab/Pathomorphology/CAMELYON/mil/vlm_patches/c16_abmil_vlm_patches_a50fbde29aa04e9d829a4580fd5c68b8.tar.gz!/vlm_patches/test_084_tile_embeddings/standard/hard_negative/test_084_tile_embeddings_standard_hard_negative_000.png,test_084_tile_embeddings_standard_hard_negative_000
c16_native,test_084,test_084_tile_embeddings,ec091539a67c8b8d,51968,31232,256,20,0.7894134521484375,0,0.0,0,0,hard_negative,2,a50fbde29aa04e9d829a4580fd5c68b8,a50fbde29aa04e9d829a4580fd5c68b8,standard,0,0,vlm_patches/test_084_tile_embeddings/standard/hard_negative/test_084_tile_embeddings_standard_hard_negative_001.png,s3://pershin-medailab/Pathomorphology/CAMELYON/mil/vlm_patches/c16_abmil_vlm_patches_a50fbde29aa04e9d829a4580fd5c68b8.tar.gz!/vlm_patches/test_084_tile_embeddings/standard/hard_negative/test_084_tile_embeddings_standard_hard_negative_001.png,test_084_tile_embeddings_standard_hard_negative_001
c16_native,test_084,test_084_tile_embeddings,4118da1dafe99065,27904,8192,256,20,0.821197509765625,0,0.0,0,0,hard_negative,3,a50fbde29aa04e9d829a4580fd5c68b8,a50fbde29aa04e9d829a4580fd5c68b8,standard,0,0,vlm_patches/test_084_tile_embeddings/standard/hard_negative/test_084_tile_embeddings_standard_hard_negative_002.png,s3://pershin-medailab/Pathomorphology/CAMELYON/mil/vlm_patches/c16_abmil_vlm_patches_a50fbde29aa04e9d829a4580fd5c68b8.tar.gz!/vlm_patches/test_084_tile_embeddings/standard/hard_negative/test_084_tile_embeddings_standard_hard_negative_002.png,test_084_tile_embeddings_standard_hard_negative_002
c16_native,test_016,test_016_tile_embeddings,9c3389a2b36376f5,49152,78080,256,20,0.9671478271484376,0,0.525,0,1,hard_negative,1,a50fbde29aa04e9d829a4580fd5c68b8,a50fbde29aa04e9d829a4580fd5c68b8,standard,0,0,vlm_patches/test_016_tile_embeddings/standard/hard_negative/test_016_tile_embeddings_standard_hard_negative_000.png,s3://pershin-medailab/Pathomorphology/CAMELYON/mil/vlm_patches/c16_abmil_vlm_patches_a50fbde29aa04e9d829a4580fd5c68b8.tar.gz!/vlm_patches/test_016_tile_embeddings/standard/hard_negative/test_016_tile_embeddings_standard_hard_negative_000.png,test_016_tile_embeddings_standard_hard_negative_000
c16_native,test_016,test_016_tile_embeddings,1cf20c5157d8992a,43264,71680,256,20,0.9944915771484376,0,0.375,0,1,hard_negative,2,a50fbde29aa04e9d829a4580fd5c68b8,a50fbde29aa04e9d829a4580fd5c68b8,standard,0,0,vlm_patches/test_016_tile_embeddings/standard/hard_negative/test_016_tile_embeddings_standard_hard_negative_001.png,s3://pershin-medailab/Pathomorphology/CAMELYON/mil/vlm_patches/c16_abmil_vlm_patches_a50fbde29aa04e9d829a4580fd5c68b8.tar.gz!/vlm_patches/test_016_tile_embeddings/standard/hard_negative/test_016_tile_embeddings_standard_hard_negative_001.png,test_016_tile_embeddings_standard_hard_negative_001
c16_native,test_016,test_016_tile_embeddings,4d7e39d00b77241a,42752,78080,256,20,0.9892425537109376,0,0.485,0,1,hard_negative,3,a50fbde29aa04e9d829a4580fd5c68b8,a50fbde29aa04e9d829a4580fd5c68b8,standard,0,0,vlm_patches/test_016_tile_embeddings/standard/hard_negative/test_016_tile_embeddings_standard_hard_negative_002.png,s3://pershin-medailab/Pathomorphology/CAMELYON/mil/vlm_patches/c16_abmil_vlm_patches_a50fbde29aa04e9d829a4580fd5c68b8.tar.gz!/vlm_patches/test_016_tile_embeddings/standard/hard_negative/test_016_tile_embeddings_standard_hard_negative_002.png,test_016_tile_embeddings_standard_hard_negative_002
c16_native,test_064,test_064_tile_embeddings,1701a11ea7c98de9,39424,137984,256,20,0.9119873046875,0,0.0,0,0,hard_negative,1,a50fbde29aa04e9d829a4580fd5c68b8,a50fbde29aa04e9d829a4580fd5c68b8,standard,0,0,vlm_patches/test_064_tile_embeddings/standard/hard_negative/test_064_tile_embeddings_standard_hard_negative_000.png,s3://pershin-medailab/Pathomorphology/CAMELYON/mil/vlm_patches/c16_abmil_vlm_patches_a50fbde29aa04e9d829a4580fd5c68b8.tar.gz!/vlm_patches/test_064_tile_embeddings/standard/hard_negative/test_064_tile_embeddings_standard_hard_negative_000.png,test_064_tile_embeddings_standard_hard_negative_000
c16_native,test_064,test_064_tile_embeddings,cce7b31f715f494f,22016,112384,256,20,0.0093536376953125,0,0.0,0,0,hard_negative,2,a50fbde29aa04e9d829a4580fd5c68b8,a50fbde29aa04e9d829a4580fd5c68b8,standard,0,0,vlm_patches/test_064_tile_embeddings/standard/hard_negative/test_064_tile_embeddings_standard_hard_negative_001.png,s3://pershin-medailab/Pathomorphology/CAMELYON/mil/vlm_patches/c16_abmil_vlm_patches_a50fbde29aa04e9d829a4580fd5c68b8.tar.gz!/vlm_patches/test_064_tile_embeddings/standard/hard_negative/test_064_tile_embeddings_standard_hard_negative_001.png,test_064_tile_embeddings_standard_hard_negative_001
c16_native,test_064,test_064_tile_embeddings,d4e129a94fe39a64,63744,147456,256,20,0.005889892578125,0,0.0,0,0,hard_negative,3,a50fbde29aa04e9d829a4580fd5c68b8,a50fbde29aa04e9d829a4580fd5c68b8,standard,0,0,vlm_patches/test_064_tile_embeddings/standard/hard_negative/test_064_tile_embeddings_standard_hard_negative_002.png,s3://pershin-medailab/Pathomorphology/CAMELYON/mil/vlm_patches/c16_abmil_vlm_patches_a50fbde29aa04e9d829a4580fd5c68b8.tar.gz!/vlm_patches/test_064_tile_embeddings/standard/hard_negative/test_064_tile_embeddings_standard_hard_negative_002.png,test_064_tile_embeddings_standard_hard_negative_002
c16_native,test_008,test_008_tile_embeddings,8803f32a794ccf16,33024,74240,256,20,0.96307373046875,0,0.0,0,0,hard_negative,1,a50fbde29aa04e9d829a4580fd5c68b8,a50fbde29aa04e9d829a4580fd5c68b8,standard,0,0,vlm_patches/test_008_tile_embeddings/standard/hard_negative/test_008_tile_embeddings_standard_hard_negative_000.png,s3://pershin-medailab/Pathomorphology/CAMELYON/mil/vlm_patches/c16_abmil_vlm_patches_a50fbde29aa04e9d829a4580fd5c68b8.tar.gz!/vlm_patches/test_008_tile_embeddings/standard/hard_negative/test_008_tile_embeddings_standard_hard_negative_000.png,test_008_tile_embeddings_standard_hard_negative_000
c16_native,test_008,test_008_tile_embeddings,2d848108ee8547b4,33280,81920,256,20,0.849639892578125,0,0.0,0,0,hard_negative,2,a50fbde29aa04e9d829a4580fd5c68b8,a50fbde29aa04e9d829a4580fd5c68b8,standard,0,0,vlm_patches/test_008_tile_embeddings/standard/hard_negative/test_008_tile_embeddings_standard_hard_negative_001.png,s3://pershin-medailab/Pathomorphology/CAMELYON/mil/vlm_patches/c16_abmil_vlm_patches_a50fbde29aa04e9d829a4580fd5c68b8.tar.gz!/vlm_patches/test_008_tile_embeddings/standard/hard_negative/test_008_tile_embeddings_standard_hard_negative_001.png,test_008_tile_embeddings_standard_hard_negative_001
c16_native,test_008,test_008_tile_embeddings,e6f4364b1ae1cb05,29952,76544,256,20,0.947418212890625,0,0.0,0,0,hard_negative,3,a50fbde29aa04e9d829a4580fd5c68b8,a50fbde29aa04e9d829a4580fd5c68b8,standard,0,0,vlm_patches/test_008_tile_embeddings/standard/hard_negative/test_008_tile_embeddings_standard_hard_negative_002.png,s3://pershin-medailab/Pathomorphology/CAMELYON/mil/vlm_patches/c16_abmil_vlm_patches_a50fbde29aa04e9d829a4580fd5c68b8.tar.gz!/vlm_patches/test_008_tile_embeddings/standard/hard_negative/test_008_tile_embeddings_standard_hard_negative_002.png,test_008_tile_embeddings_standard_hard_negative_002
c16_native,test_029,test_029_tile_embeddings,5ae9a91277e7a2a8,76032,92160,256,20,0.5909576416015625,0,0.39,0,1,hard_negative,1,a50fbde29aa04e9d829a4580fd5c68b8,a50fbde29aa04e9d829a4580fd5c68b8,standard,0,0,vlm_patches/test_029_tile_embeddings/standard/hard_negative/test_029_tile_embeddings_standard_hard_negative_000.png,s3://pershin-medailab/Pathomorphology/CAMELYON/mil/vlm_patches/c16_abmil_vlm_patches_a50fbde29aa04e9d829a4580fd5c68b8.tar.gz!/vlm_patches/test_029_tile_embeddings/standard/hard_negative/test_029_tile_embeddings_standard_hard_negative_000.png,test_029_tile_embeddings_standard_hard_negative_000
c16_native,test_029,test_029_tile_embeddings,3f9dd57049be2c83,24576,92416,256,20,0.5685272216796875,0,0.415,0,1,hard_negative,2,a50fbde29aa04e9d829a4580fd5c68b8,a50fbde29aa04e9d829a4580fd5c68b8,standard,0,0,vlm_patches/test_029_tile_embeddings/standard/hard_negative/test_029_tile_embeddings_standard_hard_negative_001.png,s3://pershin-medailab/Pathomorphology/CAMELYON/mil/vlm_patches/c16_abmil_vlm_patches_a50fbde29aa04e9d829a4580fd5c68b8.tar.gz!/vlm_patches/test_029_tile_embeddings/standard/hard_negative/test_029_tile_embeddings_standard_hard_negative_001.png,test_029_tile_embeddings_standard_hard_negative_001
c16_native,test_029,test_029_tile_embeddings,0e7f2d9a29fa0d11,73216,112384,256,20,0.0005035400390625,0,0.0,0,0,hard_negative,4,a50fbde29aa04e9d829a4580fd5c68b8,a50fbde29aa04e9d829a4580fd5c68b8,standard,0,0,vlm_patches/test_029_tile_embeddings/standard/hard_negative/test_029_tile_embeddings_standard_hard_negative_003.png,s3://pershin-medailab/Pathomorphology/CAMELYON/mil/vlm_patches/c16_abmil_vlm_patches_a50fbde29aa04e9d829a4580fd5c68b8.tar.gz!/vlm_patches/test_029_tile_embeddings/standard/hard_negative/test_029_tile_embeddings_standard_hard_negative_003.png,test_029_tile_embeddings_standard_hard_negative_003
c16_native,test_068,test_068_tile_embeddings,23ef202ea28863a0,46080,164608,256,20,0.6490631103515625,0,0.455,0,1,hard_negative,1,a50fbde29aa04e9d829a4580fd5c68b8,a50fbde29aa04e9d829a4580fd5c68b8,standard,0,0,vlm_patches/test_068_tile_embeddings/standard/hard_negative/test_068_tile_embeddings_standard_hard_negative_000.png,s3://pershin-medailab/Pathomorphology/CAMELYON/mil/vlm_patches/c16_abmil_vlm_patches_a50fbde29aa04e9d829a4580fd5c68b8.tar.gz!/vlm_patches/test_068_tile_embeddings/standard/hard_negative/test_068_tile_embeddings_standard_hard_negative_000.png,test_068_tile_embeddings_standard_hard_negative_000
c16_native,test_068,test_068_tile_embeddings,65b9528506229d19,42240,169472,256,20,0.856048583984375,0,0.41,0,1,hard_negative,2,a50fbde29aa04e9d829a4580fd5c68b8,a50fbde29aa04e9d829a4580fd5c68b8,standard,0,0,vlm_patches/test_068_tile_embeddings/standard/hard_negative/test_068_tile_embeddings_standard_hard_negative_001.png,s3://pershin-medailab/Pathomorphology/CAMELYON/mil/vlm_patches/c16_abmil_vlm_patches_a50fbde29aa04e9d829a4580fd5c68b8.tar.gz!/vlm_patches/test_068_tile_embeddings/standard/hard_negative/test_068_tile_embeddings_standard_hard_negative_001.png,test_068_tile_embeddings_standard_hard_negative_001
c16_native,test_068,test_068_tile_embeddings,5f2f718a33d9ed23,27904,163840,256,20,0.9568023681640624,0,0.0,0,0,hard_negative,3,a50fbde29aa04e9d829a4580fd5c68b8,a50fbde29aa04e9d829a4580fd5c68b8,standard,0,0,vlm_patches/test_068_tile_embeddings/standard/hard_negative/test_068_tile_embeddings_standard_hard_negative_002.png,s3://pershin-medailab/Pathomorphology/CAMELYON/mil/vlm_patches/c16_abmil_vlm_patches_a50fbde29aa04e9d829a4580fd5c68b8.tar.gz!/vlm_patches/test_068_tile_embeddings/standard/hard_negative/test_068_tile_embeddings_standard_hard_negative_002.png,test_068_tile_embeddings_standard_hard_negative_002
c16_native,test_048,test_048_tile_embeddings,664f72de3582ffb4,50176,8448,256,20,0.756072998046875,0,0.5375,0,1,hard_negative,1,a50fbde29aa04e9d829a4580fd5c68b8,a50fbde29aa04e9d829a4580fd5c68b8,standard,0,0,vlm_patches/test_048_tile_embeddings/standard/hard_negative/test_048_tile_embeddings_standard_hard_negative_000.png,s3://pershin-medailab/Pathomorphology/CAMELYON/mil/vlm_patches/c16_abmil_vlm_patches_a50fbde29aa04e9d829a4580fd5c68b8.tar.gz!/vlm_patches/test_048_tile_embeddings/standard/hard_negative/test_048_tile_embeddings_standard_hard_negative_000.png,test_048_tile_embeddings_standard_hard_negative_000
c16_native,test_048,test_048_tile_embeddings,e0eabe60945ade2b,39424,46592,256,20,0.8524932861328125,0,0.41,0,1,hard_negative,3,a50fbde29aa04e9d829a4580fd5c68b8,a50fbde29aa04e9d829a4580fd5c68b8,standard,0,0,vlm_patches/test_048_tile_embeddings/standard/hard_negative/test_048_tile_embeddings_standard_hard_negative_002.png,s3://pershin-medailab/Pathomorphology/CAMELYON/mil/vlm_patches/c16_abmil_vlm_patches_a50fbde29aa04e9d829a4580fd5c68b8.tar.gz!/vlm_patches/test_048_tile_embeddings/standard/hard_negative/test_048_tile_embeddings_standard_hard_negative_002.png,test_048_tile_embeddings_standard_hard_negative_002
c16_native,test_048,test_048_tile_embeddings,88b7acb615202644,49920,8448,256,20,0.72076416015625,0,0.465,0,1,hard_negative,4,a50fbde29aa04e9d829a4580fd5c68b8,a50fbde29aa04e9d829a4580fd5c68b8,standard,0,0,vlm_patches/test_048_tile_embeddings/standard/hard_negative/test_048_tile_embeddings_standard_hard_negative_003.png,s3://pershin-medailab/Pathomorphology/CAMELYON/mil/vlm_patches/c16_abmil_vlm_patches_a50fbde29aa04e9d829a4580fd5c68b8.tar.gz!/vlm_patches/test_048_tile_embeddings/standard/hard_negative/test_048_tile_embeddings_standard_hard_negative_003.png,test_048_tile_embeddings_standard_hard_negative_003
c16_native,test_013,test_013_tile_embeddings,28d0fd469ce7e3cc,53248,108800,256,20,0.40985107421875,0,0.0,0,0,hard_negative,1,a50fbde29aa04e9d829a4580fd5c68b8,a50fbde29aa04e9d829a4580fd5c68b8,standard,0,0,vlm_patches/test_013_tile_embeddings/standard/hard_negative/test_013_tile_embeddings_standard_hard_negative_000.png,s3://pershin-medailab/Pathomorphology/CAMELYON/mil/vlm_patches/c16_abmil_vlm_patches_a50fbde29aa04e9d829a4580fd5c68b8.tar.gz!/vlm_patches/test_013_tile_embeddings/standard/hard_negative/test_013_tile_embeddings_standard_hard_negative_000.png,test_013_tile_embeddings_standard_hard_negative_000
c16_native,test_013,test_013_tile_embeddings,f55b511388e4f279,48640,157440,256,20,0.75823974609375,0,0.4375,0,1,hard_negative,2,a50fbde29aa04e9d829a4580fd5c68b8,a50fbde29aa04e9d829a4580fd5c68b8,standard,0,0,vlm_patches/test_013_tile_embeddings/standard/hard_negative/test_013_tile_embeddings_standard_hard_negative_001.png,s3://pershin-medailab/Pathomorphology/CAMELYON/mil/vlm_patches/c16_abmil_vlm_patches_a50fbde29aa04e9d829a4580fd5c68b8.tar.gz!/vlm_patches/test_013_tile_embeddings/standard/hard_negative/test_013_tile_embeddings_standard_hard_negative_001.png,test_013_tile_embeddings_standard_hard_negative_001
c16_native,test_013,test_013_tile_embeddings,253c9f48b2c69597,40704,119808,256,20,0.9981842041015624,0,0.0,0,0,hard_negative,4,a50fbde29aa04e9d829a4580fd5c68b8,a50fbde29aa04e9d829a4580fd5c68b8,standard,0,0,vlm_patches/test_013_tile_embeddings/standard/hard_negative/test_013_tile_embeddings_standard_hard_negative_003.png,s3://pershin-medailab/Pathomorphology/CAMELYON/mil/vlm_patches/c16_abmil_vlm_patches_a50fbde29aa04e9d829a4580fd5c68b8.tar.gz!/vlm_patches/test_013_tile_embeddings/standard/hard_negative/test_013_tile_embeddings_standard_hard_negative_003.png,test_013_tile_embeddings_standard_hard_negative_003
c16_native,test_075,test_075_tile_embeddings,158c89d2eac76114,37888,145664,256,20,0.762298583984375,0,0.5125,0,1,hard_negative,1,a50fbde29aa04e9d829a4580fd5c68b8,a50fbde29aa04e9d829a4580fd5c68b8,standard,0,0,vlm_patches/test_075_tile_embeddings/standard/hard_negative/test_075_tile_embeddings_standard_hard_negative_000.png,s3://pershin-medailab/Pathomorphology/CAMELYON/mil/vlm_patches/c16_abmil_vlm_patches_a50fbde29aa04e9d829a4580fd5c68b8.tar.gz!/vlm_patches/test_075_tile_embeddings/standard/hard_negative/test_075_tile_embeddings_standard_hard_negative_000.png,test_075_tile_embeddings_standard_hard_negative_000
c16_native,test_075,test_075_tile_embeddings,4deccadd9620012f,38656,145408,256,20,0.925048828125,0,0.4525,0,1,hard_negative,2,a50fbde29aa04e9d829a4580fd5c68b8,a50fbde29aa04e9d829a4580fd5c68b8,standard,0,0,vlm_patches/test_075_tile_embeddings/standard/hard_negative/test_075_tile_embeddings_standard_hard_negative_001.png,s3://pershin-medailab/Pathomorphology/CAMELYON/mil/vlm_patches/c16_abmil_vlm_patches_a50fbde29aa04e9d829a4580fd5c68b8.tar.gz!/vlm_patches/test_075_tile_embeddings/standard/hard_negative/test_075_tile_embeddings_standard_hard_negative_001.png,test_075_tile_embeddings_standard_hard_negative_001
c16_native,test_075,test_075_tile_embeddings,45128ab33baaf16e,38144,146432,256,20,0.9234771728515624,0,0.56,0,1,hard_negative,4,a50fbde29aa04e9d829a4580fd5c68b8,a50fbde29aa04e9d829a4580fd5c68b8,standard,0,0,vlm_patches/test_075_tile_embeddings/standard/hard_negative/test_075_tile_embeddings_standard_hard_negative_003.png,s3://pershin-medailab/Pathomorphology/CAMELYON/mil/vlm_patches/c16_abmil_vlm_patches_a50fbde29aa04e9d829a4580fd5c68b8.tar.gz!/vlm_patches/test_075_tile_embeddings/standard/hard_negative/test_075_tile_embeddings_standard_hard_negative_003.png,test_075_tile_embeddings_standard_hard_negative_003
c16_native,test_110,test_110_tile_embeddings,b4fa5a7c28009782,74752,55552,256,20,0.8185882568359375,0,0.0,0,0,hard_negative,1,a50fbde29aa04e9d829a4580fd5c68b8,a50fbde29aa04e9d829a4580fd5c68b8,standard,0,0,vlm_patches/test_110_tile_embeddings/standard/hard_negative/test_110_tile_embeddings_standard_hard_negative_000.png,s3://pershin-medailab/Pathomorphology/CAMELYON/mil/vlm_patches/c16_abmil_vlm_patches_a50fbde29aa04e9d829a4580fd5c68b8.tar.gz!/vlm_patches/test_110_tile_embeddings/standard/hard_negative/test_110_tile_embeddings_standard_hard_negative_000.png,test_110_tile_embeddings_standard_hard_negative_000
c16_native,test_110,test_110_tile_embeddings,54ff59549e5773ed,82688,58112,256,20,0.665435791015625,0,0.0,0,0,hard_negative,2,a50fbde29aa04e9d829a4580fd5c68b8,a50fbde29aa04e9d829a4580fd5c68b8,standard,0,0,vlm_patches/test_110_tile_embeddings/standard/hard_negative/test_110_tile_embeddings_standard_hard_negative_001.png,s3://pershin-medailab/Pathomorphology/CAMELYON/mil/vlm_patches/c16_abmil_vlm_patches_a50fbde29aa04e9d829a4580fd5c68b8.tar.gz!/vlm_patches/test_110_tile_embeddings/standard/hard_negative/test_110_tile_embeddings_standard_hard_negative_001.png,test_110_tile_embeddings_standard_hard_negative_001
c16_native,test_110,test_110_tile_embeddings,761061cc1e5ec4c3,38144,49408,256,20,0.968719482421875,0,0.0,0,0,hard_negative,3,a50fbde29aa04e9d829a4580fd5c68b8,a50fbde29aa04e9d829a4580fd5c68b8,standard,0,0,vlm_patches/test_110_tile_embeddings/standard/hard_negative/test_110_tile_embeddings_standard_hard_negative_002.png,s3://pershin-medailab/Pathomorphology/CAMELYON/mil/vlm_patches/c16_abmil_vlm_patches_a50fbde29aa04e9d829a4580fd5c68b8.tar.gz!/vlm_patches/test_110_tile_embeddings/standard/hard_negative/test_110_tile_embeddings_standard_hard_negative_002.png,test_110_tile_embeddings_standard_hard_negative_002
c16_native,test_061,test_061_tile_embeddings,f076a4cd67f9b9f0,57600,141568,256,20,0.7058868408203125,0,0.4575,0,1,hard_negative,1,a50fbde29aa04e9d829a4580fd5c68b8,a50fbde29aa04e9d829a4580fd5c68b8,standard,0,0,vlm_patches/test_061_tile_embeddings/standard/hard_negative/test_061_tile_embeddings_standard_hard_negative_000.png,s3://pershin-medailab/Pathomorphology/CAMELYON/mil/vlm_patches/c16_abmil_vlm_patches_a50fbde29aa04e9d829a4580fd5c68b8.tar.gz!/vlm_patches/test_061_tile_embeddings/standard/hard_negative/test_061_tile_embeddings_standard_hard_negative_000.png,test_061_tile_embeddings_standard_hard_negative_000
c16_native,test_061,test_061_tile_embeddings,84c5ab3ff37e5eaf,56832,140032,256,20,0.739166259765625,0,0.445,0,1,hard_negative,2,a50fbde29aa04e9d829a4580fd5c68b8,a50fbde29aa04e9d829a4580fd5c68b8,standard,0,0,vlm_patches/test_061_tile_embeddings/standard/hard_negative/test_061_tile_embeddings_standard_hard_negative_001.png,s3://pershin-medailab/Pathomorphology/CAMELYON/mil/vlm_patches/c16_abmil_vlm_patches_a50fbde29aa04e9d829a4580fd5c68b8.tar.gz!/vlm_patches/test_061_tile_embeddings/standard/hard_negative/test_061_tile_embeddings_standard_hard_negative_001.png,test_061_tile_embeddings_standard_hard_negative_001
c16_native,test_061,test_061_tile_embeddings,1dbe8d46e55e89f9,56320,137728,256,20,0.5901336669921875,0,0.38,0,1,hard_negative,3,a50fbde29aa04e9d829a4580fd5c68b8,a50fbde29aa04e9d829a4580fd5c68b8,standard,0,0,vlm_patches/test_061_tile_embeddings/standard/hard_negative/test_061_tile_embeddings_standard_hard_negative_002.png,s3://pershin-medailab/Pathomorphology/CAMELYON/mil/vlm_patches/c16_abmil_vlm_patches_a50fbde29aa04e9d829a4580fd5c68b8.tar.gz!/vlm_patches/test_061_tile_embeddings/standard/hard_negative/test_061_tile_embeddings_standard_hard_negative_002.png,test_061_tile_embeddings_standard_hard_negative_002
c16_native,test_122,test_122_tile_embeddings,55cac1c70d444482,71424,11264,256,20,0.978912353515625,0,0.0,0,0,hard_negative,1,a50fbde29aa04e9d829a4580fd5c68b8,a50fbde29aa04e9d829a4580fd5c68b8,standard,0,0,vlm_patches/test_122_tile_embeddings/standard/hard_negative/test_122_tile_embeddings_standard_hard_negative_000.png,s3://pershin-medailab/Pathomorphology/CAMELYON/mil/vlm_patches/c16_abmil_vlm_patches_a50fbde29aa04e9d829a4580fd5c68b8.tar.gz!/vlm_patches/test_122_tile_embeddings/standard/hard_negative/test_122_tile_embeddings_standard_hard_negative_000.png,test_122_tile_embeddings_standard_hard_negative_000
c16_native,test_122,test_122_tile_embeddings,cdd455e7fd8e8628,71680,11264,256,20,0.9669952392578124,0,0.0,0,0,hard_negative,2,a50fbde29aa04e9d829a4580fd5c68b8,a50fbde29aa04e9d829a4580fd5c68b8,standard,0,0,vlm_patches/test_122_tile_embeddings/standard/hard_negative/test_122_tile_embeddings_standard_hard_negative_001.png,s3://pershin-medailab/Pathomorphology/CAMELYON/mil/vlm_patches/c16_abmil_vlm_patches_a50fbde29aa04e9d829a4580fd5c68b8.tar.gz!/vlm_patches/test_122_tile_embeddings/standard/hard_negative/test_122_tile_embeddings_standard_hard_negative_001.png,test_122_tile_embeddings_standard_hard_negative_001
c16_native,test_122,test_122_tile_embeddings,47314f5560706d46,52736,9984,256,20,0.9693756103515624,0,0.0,0,0,hard_negative,3,a50fbde29aa04e9d829a4580fd5c68b8,a50fbde29aa04e9d829a4580fd5c68b8,standard,0,0,vlm_patches/test_122_tile_embeddings/standard/hard_negative/test_122_tile_embeddings_standard_hard_negative_002.png,s3://pershin-medailab/Pathomorphology/CAMELYON/mil/vlm_patches/c16_abmil_vlm_patches_a50fbde29aa04e9d829a4580fd5c68b8.tar.gz!/vlm_patches/test_122_tile_embeddings/standard/hard_negative/test_122_tile_embeddings_standard_hard_negative_002.png,test_122_tile_embeddings_standard_hard_negative_002
c16_native,test_051,test_051_tile_embeddings,bb96f5e7917332b0,75776,119808,256,20,0.75836181640625,0,0.3125,0,1,hard_negative,1,a50fbde29aa04e9d829a4580fd5c68b8,a50fbde29aa04e9d829a4580fd5c68b8,standard,0,0,vlm_patches/test_051_tile_embeddings/standard/hard_negative/test_051_tile_embeddings_standard_hard_negative_000.png,s3://pershin-medailab/Pathomorphology/CAMELYON/mil/vlm_patches/c16_abmil_vlm_patches_a50fbde29aa04e9d829a4580fd5c68b8.tar.gz!/vlm_patches/test_051_tile_embeddings/standard/hard_negative/test_051_tile_embeddings_standard_hard_negative_000.png,test_051_tile_embeddings_standard_hard_negative_000
c16_native,test_051,test_051_tile_embeddings,d0d2f17ed807f31d,74496,111104,256,20,0.730865478515625,0,0.45,0,1,hard_negative,2,a50fbde29aa04e9d829a4580fd5c68b8,a50fbde29aa04e9d829a4580fd5c68b8,standard,0,0,vlm_patches/test_051_tile_embeddings/standard/hard_negative/test_051_tile_embeddings_standard_hard_negative_001.png,s3://pershin-medailab/Pathomorphology/CAMELYON/mil/vlm_patches/c16_abmil_vlm_patches_a50fbde29aa04e9d829a4580fd5c68b8.tar.gz!/vlm_patches/test_051_tile_embeddings/standard/hard_negative/test_051_tile_embeddings_standard_hard_negative_001.png,test_051_tile_embeddings_standard_hard_negative_001
c16_native,test_051,test_051_tile_embeddings,7bae00c97e120246,73984,111616,256,20,0.6609954833984375,0,0.5175,0,1,hard_negative,3,a50fbde29aa04e9d829a4580fd5c68b8,a50fbde29aa04e9d829a4580fd5c68b8,standard,0,0,vlm_patches/test_051_tile_embeddings/standard/hard_negative/test_051_tile_embeddings_standard_hard_negative_002.png,s3://pershin-medailab/Pathomorphology/CAMELYON/mil/vlm_patches/c16_abmil_vlm_patches_a50fbde29aa04e9d829a4580fd5c68b8.tar.gz!/vlm_patches/test_051_tile_embeddings/standard/hard_negative/test_051_tile_embeddings_standard_hard_negative_002.png,test_051_tile_embeddings_standard_hard_negative_002
c16_native,test_021,test_021_tile_embeddings,d6626faa4afee07d,36864,94976,256,20,0.7686309814453125,0,0.2375,0,1,hard_negative,1,a50fbde29aa04e9d829a4580fd5c68b8,a50fbde29aa04e9d829a4580fd5c68b8,standard,0,0,vlm_patches/test_021_tile_embeddings/standard/hard_negative/test_021_tile_embeddings_standard_hard_negative_000.png,s3://pershin-medailab/Pathomorphology/CAMELYON/mil/vlm_patches/c16_abmil_vlm_patches_a50fbde29aa04e9d829a4580fd5c68b8.tar.gz!/vlm_patches/test_021_tile_embeddings/standard/hard_negative/test_021_tile_embeddings_standard_hard_negative_000.png,test_021_tile_embeddings_standard_hard_negative_000
c16_native,test_021,test_021_tile_embeddings,14189ed9539121ad,69120,104192,256,20,0.433258056640625,0,0.0,0,0,hard_negative,2,a50fbde29aa04e9d829a4580fd5c68b8,a50fbde29aa04e9d829a4580fd5c68b8,standard,0,0,vlm_patches/test_021_tile_embeddings/standard/hard_negative/test_021_tile_embeddings_standard_hard_negative_001.png,s3://pershin-medailab/Pathomorphology/CAMELYON/mil/vlm_patches/c16_abmil_vlm_patches_a50fbde29aa04e9d829a4580fd5c68b8.tar.gz!/vlm_patches/test_021_tile_embeddings/standard/hard_negative/test_021_tile_embeddings_standard_hard_negative_001.png,test_021_tile_embeddings_standard_hard_negative_001
c16_native,test_021,test_021_tile_embeddings,f502787769828aff,19968,177920,256,20,0.466888427734375,0,0.4675,0,1,hard_negative,3,a50fbde29aa04e9d829a4580fd5c68b8,a50fbde29aa04e9d829a4580fd5c68b8,standard,0,0,vlm_patches/test_021_tile_embeddings/standard/hard_negative/test_021_tile_embeddings_standard_hard_negative_002.png,s3://pershin-medailab/Pathomorphology/CAMELYON/mil/vlm_patches/c16_abmil_vlm_patches_a50fbde29aa04e9d829a4580fd5c68b8.tar.gz!/vlm_patches/test_021_tile_embeddings/standard/hard_negative/test_021_tile_embeddings_standard_hard_negative_002.png,test_021_tile_embeddings_standard_hard_negative_002
c16_native,test_066,test_066_tile_embeddings,b5afd6f86567443e,124928,40704,256,20,0.90753173828125,0,0.475,0,1,hard_negative,1,a50fbde29aa04e9d829a4580fd5c68b8,a50fbde29aa04e9d829a4580fd5c68b8,standard,0,0,vlm_patches/test_066_tile_embeddings/standard/hard_negative/test_066_tile_embeddings_standard_hard_negative_000.png,s3://pershin-medailab/Pathomorphology/CAMELYON/mil/vlm_patches/c16_abmil_vlm_patches_a50fbde29aa04e9d829a4580fd5c68b8.tar.gz!/vlm_patches/test_066_tile_embeddings/standard/hard_negative/test_066_tile_embeddings_standard_hard_negative_000.png,test_066_tile_embeddings_standard_hard_negative_000
c16_native,test_066,test_066_tile_embeddings,542a5895deb5a30c,138752,16896,256,20,0.0626220703125,0,0.0,0,0,hard_negative,2,a50fbde29aa04e9d829a4580fd5c68b8,a50fbde29aa04e9d829a4580fd5c68b8,standard,0,0,vlm_patches/test_066_tile_embeddings/standard/hard_negative/test_066_tile_embeddings_standard_hard_negative_001.png,s3://pershin-medailab/Pathomorphology/CAMELYON/mil/vlm_patches/c16_abmil_vlm_patches_a50fbde29aa04e9d829a4580fd5c68b8.tar.gz!/vlm_patches/test_066_tile_embeddings/standard/hard_negative/test_066_tile_embeddings_standard_hard_negative_001.png,test_066_tile_embeddings_standard_hard_negative_001
c16_native,test_066,test_066_tile_embeddings,e3e6b46d138c0305,62720,13312,256,20,0.0,0,0.0,0,0,hard_negative,3,a50fbde29aa04e9d829a4580fd5c68b8,a50fbde29aa04e9d829a4580fd5c68b8,standard,0,0,vlm_patches/test_066_tile_embeddings/standard/hard_negative/test_066_tile_embeddings_standard_hard_negative_002.png,s3://pershin-medailab/Pathomorphology/CAMELYON/mil/vlm_patches/c16_abmil_vlm_patches_a50fbde29aa04e9d829a4580fd5c68b8.tar.gz!/vlm_patches/test_066_tile_embeddings/standard/hard_negative/test_066_tile_embeddings_standard_hard_negative_002.png,test_066_tile_embeddings_standard_hard_negative_002
c16_native,test_071,test_071_tile_embeddings,a50f2490b5e08d5a,110848,30464,256,20,0.9414825439453124,0,0.165,0,0,hard_negative,1,a50fbde29aa04e9d829a4580fd5c68b8,a50fbde29aa04e9d829a4580fd5c68b8,standard,0,0,vlm_patches/test_071_tile_embeddings/standard/hard_negative/test_071_tile_embeddings_standard_hard_negative_000.png,s3://pershin-medailab/Pathomorphology/CAMELYON/mil/vlm_patches/c16_abmil_vlm_patches_a50fbde29aa04e9d829a4580fd5c68b8.tar.gz!/vlm_patches/test_071_tile_embeddings/standard/hard_negative/test_071_tile_embeddings_standard_hard_negative_000.png,test_071_tile_embeddings_standard_hard_negative_000
c16_native,test_071,test_071_tile_embeddings,f0210ee614fdc2f3,15616,26112,256,20,0.9627685546875,0,0.355,0,1,hard_negative,2,a50fbde29aa04e9d829a4580fd5c68b8,a50fbde29aa04e9d829a4580fd5c68b8,standard,0,0,vlm_patches/test_071_tile_embeddings/standard/hard_negative/test_071_tile_embeddings_standard_hard_negative_001.png,s3://pershin-medailab/Pathomorphology/CAMELYON/mil/vlm_patches/c16_abmil_vlm_patches_a50fbde29aa04e9d829a4580fd5c68b8.tar.gz!/vlm_patches/test_071_tile_embeddings/standard/hard_negative/test_071_tile_embeddings_standard_hard_negative_001.png,test_071_tile_embeddings_standard_hard_negative_001
c16_native,test_071,test_071_tile_embeddings,aef8154fd379fd2d,109824,30208,256,20,0.8832550048828125,0,0.4625,0,1,hard_negative,3,a50fbde29aa04e9d829a4580fd5c68b8,a50fbde29aa04e9d829a4580fd5c68b8,standard,0,0,vlm_patches/test_071_tile_embeddings/standard/hard_negative/test_071_tile_embeddings_standard_hard_negative_002.png,s3://pershin-medailab/Pathomorphology/CAMELYON/mil/vlm_patches/c16_abmil_vlm_patches_a50fbde29aa04e9d829a4580fd5c68b8.tar.gz!/vlm_patches/test_071_tile_embeddings/standard/hard_negative/test_071_tile_embeddings_standard_hard_negative_002.png,test_071_tile_embeddings_standard_hard_negative_002
c16_native,test_079,test_079_tile_embeddings,51415e4b1e6ec81f,52992,14848,256,20,0.995819091796875,0,0.5175,0,1,hard_negative,1,a50fbde29aa04e9d829a4580fd5c68b8,a50fbde29aa04e9d829a4580fd5c68b8,standard,0,0,vlm_patches/test_079_tile_embeddings/standard/hard_negative/test_079_tile_embeddings_standard_hard_negative_000.png,s3://pershin-medailab/Pathomorphology/CAMELYON/mil/vlm_patches/c16_abmil_vlm_patches_a50fbde29aa04e9d829a4580fd5c68b8.tar.gz!/vlm_patches/test_079_tile_embeddings/standard/hard_negative/test_079_tile_embeddings_standard_hard_negative_000.png,test_079_tile_embeddings_standard_hard_negative_000
c16_native,test_079,test_079_tile_embeddings,1a2ae07a40cd4754,47360,69120,256,20,0.398223876953125,0,0.2775,0,1,hard_negative,2,a50fbde29aa04e9d829a4580fd5c68b8,a50fbde29aa04e9d829a4580fd5c68b8,standard,0,0,vlm_patches/test_079_tile_embeddings/standard/hard_negative/test_079_tile_embeddings_standard_hard_negative_001.png,s3://pershin-medailab/Pathomorphology/CAMELYON/mil/vlm_patches/c16_abmil_vlm_patches_a50fbde29aa04e9d829a4580fd5c68b8.tar.gz!/vlm_patches/test_079_tile_embeddings/standard/hard_negative/test_079_tile_embeddings_standard_hard_negative_001.png,test_079_tile_embeddings_standard_hard_negative_001
c16_native,test_079,test_079_tile_embeddings,432969deccb713de,47616,69888,256,20,0.3652801513671875,0,0.51,0,1,hard_negative,3,a50fbde29aa04e9d829a4580fd5c68b8,a50fbde29aa04e9d829a4580fd5c68b8,standard,0,0,vlm_patches/test_079_tile_embeddings/standard/hard_negative/test_079_tile_embeddings_standard_hard_negative_002.png,s3://pershin-medailab/Pathomorphology/CAMELYON/mil/vlm_patches/c16_abmil_vlm_patches_a50fbde29aa04e9d829a4580fd5c68b8.tar.gz!/vlm_patches/test_079_tile_embeddings/standard/hard_negative/test_079_tile_embeddings_standard_hard_negative_002.png,test_079_tile_embeddings_standard_hard_negative_002
c16_native,test_092,test_092_tile_embeddings,73588ae35f7bddec,77056,85248,256,20,0.9354095458984376,0,0.44,0,1,hard_negative,1,a50fbde29aa04e9d829a4580fd5c68b8,a50fbde29aa04e9d829a4580fd5c68b8,standard,0,0,vlm_patches/test_092_tile_embeddings/standard/hard_negative/test_092_tile_embeddings_standard_hard_negative_000.png,s3://pershin-medailab/Pathomorphology/CAMELYON/mil/vlm_patches/c16_abmil_vlm_patches_a50fbde29aa04e9d829a4580fd5c68b8.tar.gz!/vlm_patches/test_092_tile_embeddings/standard/hard_negative/test_092_tile_embeddings_standard_hard_negative_000.png,test_092_tile_embeddings_standard_hard_negative_000
c16_native,test_092,test_092_tile_embeddings,e415831225b2fab3,76288,85248,256,20,0.8448944091796875,0,0.56,0,1,hard_negative,3,a50fbde29aa04e9d829a4580fd5c68b8,a50fbde29aa04e9d829a4580fd5c68b8,standard,0,0,vlm_patches/test_092_tile_embeddings/standard/hard_negative/test_092_tile_embeddings_standard_hard_negative_002.png,s3://pershin-medailab/Pathomorphology/CAMELYON/mil/vlm_patches/c16_abmil_vlm_patches_a50fbde29aa04e9d829a4580fd5c68b8.tar.gz!/vlm_patches/test_092_tile_embeddings/standard/hard_negative/test_092_tile_embeddings_standard_hard_negative_002.png,test_092_tile_embeddings_standard_hard_negative_002
c16_native,test_092,test_092_tile_embeddings,724fa8de3e7cca99,77824,84992,256,20,0.900634765625,0,0.2575,0,1,hard_negative,4,a50fbde29aa04e9d829a4580fd5c68b8,a50fbde29aa04e9d829a4580fd5c68b8,standard,0,0,vlm_patches/test_092_tile_embeddings/standard/hard_negative/test_092_tile_embeddings_standard_hard_negative_003.png,s3://pershin-medailab/Pathomorphology/CAMELYON/mil/vlm_patches/c16_abmil_vlm_patches_a50fbde29aa04e9d829a4580fd5c68b8.tar.gz!/vlm_patches/test_092_tile_embeddings/standard/hard_negative/test_092_tile_embeddings_standard_hard_negative_003.png,test_092_tile_embeddings_standard_hard_negative_003
c16_native,test_038,test_038_tile_embeddings,184ea57a7867d174,63232,120320,256,20,0.5699615478515625,0,0.0,0,0,hard_negative,1,a50fbde29aa04e9d829a4580fd5c68b8,a50fbde29aa04e9d829a4580fd5c68b8,standard,0,0,vlm_patches/test_038_tile_embeddings/standard/hard_negative/test_038_tile_embeddings_standard_hard_negative_000.png,s3://pershin-medailab/Pathomorphology/CAMELYON/mil/vlm_patches/c16_abmil_vlm_patches_a50fbde29aa04e9d829a4580fd5c68b8.tar.gz!/vlm_patches/test_038_tile_embeddings/standard/hard_negative/test_038_tile_embeddings_standard_hard_negative_000.png,test_038_tile_embeddings_standard_hard_negative_000
c16_native,test_038,test_038_tile_embeddings,b81d16d9e490f5ab,47104,124672,256,20,0.7533721923828125,0,0.4125,0,1,hard_negative,2,a50fbde29aa04e9d829a4580fd5c68b8,a50fbde29aa04e9d829a4580fd5c68b8,standard,0,0,vlm_patches/test_038_tile_embeddings/standard/hard_negative/test_038_tile_embeddings_standard_hard_negative_001.png,s3://pershin-medailab/Pathomorphology/CAMELYON/mil/vlm_patches/c16_abmil_vlm_patches_a50fbde29aa04e9d829a4580fd5c68b8.tar.gz!/vlm_patches/test_038_tile_embeddings/standard/hard_negative/test_038_tile_embeddings_standard_hard_negative_001.png,test_038_tile_embeddings_standard_hard_negative_001
c16_native,test_038,test_038_tile_embeddings,635f6d233201f61c,62976,120320,256,20,0.545928955078125,0,0.0,0,0,hard_negative,3,a50fbde29aa04e9d829a4580fd5c68b8,a50fbde29aa04e9d829a4580fd5c68b8,standard,0,0,vlm_patches/test_038_tile_embeddings/standard/hard_negative/test_038_tile_embeddings_standard_hard_negative_002.png,s3://pershin-medailab/Pathomorphology/CAMELYON/mil/vlm_patches/c16_abmil_vlm_patches_a50fbde29aa04e9d829a4580fd5c68b8.tar.gz!/vlm_patches/test_038_tile_embeddings/standard/hard_negative/test_038_tile_embeddings_standard_hard_negative_002.png,test_038_tile_embeddings_standard_hard_negative_002
c16_native,test_082,test_082_tile_embeddings,3abd03bb2c81eaaa,42752,96512,256,20,0.836822509765625,0,0.4275,0,1,hard_negative,1,a50fbde29aa04e9d829a4580fd5c68b8,a50fbde29aa04e9d829a4580fd5c68b8,standard,0,0,vlm_patches/test_082_tile_embeddings/standard/hard_negative/test_082_tile_embeddings_standard_hard_negative_000.png,s3://pershin-medailab/Pathomorphology/CAMELYON/mil/vlm_patches/c16_abmil_vlm_patches_a50fbde29aa04e9d829a4580fd5c68b8.tar.gz!/vlm_patches/test_082_tile_embeddings/standard/hard_negative/test_082_tile_embeddings_standard_hard_negative_000.png,test_082_tile_embeddings_standard_hard_negative_000
c16_native,test_082,test_082_tile_embeddings,a8925e1237155188,41984,94720,256,20,0.696258544921875,0,0.62,0,1,hard_negative,2,a50fbde29aa04e9d829a4580fd5c68b8,a50fbde29aa04e9d829a4580fd5c68b8,standard,0,0,vlm_patches/test_082_tile_embeddings/standard/hard_negative/test_082_tile_embeddings_standard_hard_negative_001.png,s3://pershin-medailab/Pathomorphology/CAMELYON/mil/vlm_patches/c16_abmil_vlm_patches_a50fbde29aa04e9d829a4580fd5c68b8.tar.gz!/vlm_patches/test_082_tile_embeddings/standard/hard_negative/test_082_tile_embeddings_standard_hard_negative_001.png,test_082_tile_embeddings_standard_hard_negative_001
c16_native,test_082,test_082_tile_embeddings,e518567ea4a7e653,43264,93184,256,20,0.8165283203125,0,0.0,0,0,hard_negative,3,a50fbde29aa04e9d829a4580fd5c68b8,a50fbde29aa04e9d829a4580fd5c68b8,standard,0,0,vlm_patches/test_082_tile_embeddings/standard/hard_negative/test_082_tile_embeddings_standard_hard_negative_002.png,s3://pershin-medailab/Pathomorphology/CAMELYON/mil/vlm_patches/c16_abmil_vlm_patches_a50fbde29aa04e9d829a4580fd5c68b8.tar.gz!/vlm_patches/test_082_tile_embeddings/standard/hard_negative/test_082_tile_embeddings_standard_hard_negative_002.png,test_082_tile_embeddings_standard_hard_negative_002
c16_native,test_116,test_116_tile_embeddings,dd1aace513973ec5,66560,3840,256,20,0.972442626953125,0,0.2775,0,1,hard_negative,1,a50fbde29aa04e9d829a4580fd5c68b8,a50fbde29aa04e9d829a4580fd5c68b8,standard,0,0,vlm_patches/test_116_tile_embeddings/standard/hard_negative/test_116_tile_embeddings_standard_hard_negative_000.png,s3://pershin-medailab/Pathomorphology/CAMELYON/mil/vlm_patches/c16_abmil_vlm_patches_a50fbde29aa04e9d829a4580fd5c68b8.tar.gz!/vlm_patches/test_116_tile_embeddings/standard/hard_negative/test_116_tile_embeddings_standard_hard_negative_000.png,test_116_tile_embeddings_standard_hard_negative_000
c16_native,test_116,test_116_tile_embeddings,2be9e9dcc4efe83e,66816,4096,256,20,0.9595184326171876,0,0.2925,0,1,hard_negative,2,a50fbde29aa04e9d829a4580fd5c68b8,a50fbde29aa04e9d829a4580fd5c68b8,standard,0,0,vlm_patches/test_116_tile_embeddings/standard/hard_negative/test_116_tile_embeddings_standard_hard_negative_001.png,s3://pershin-medailab/Pathomorphology/CAMELYON/mil/vlm_patches/c16_abmil_vlm_patches_a50fbde29aa04e9d829a4580fd5c68b8.tar.gz!/vlm_patches/test_116_tile_embeddings/standard/hard_negative/test_116_tile_embeddings_standard_hard_negative_001.png,test_116_tile_embeddings_standard_hard_negative_001
c16_native,test_116,test_116_tile_embeddings,69bd4cb309687c1f,66816,3840,256,20,0.72021484375,0,0.34,0,1,hard_negative,4,a50fbde29aa04e9d829a4580fd5c68b8,a50fbde29aa04e9d829a4580fd5c68b8,standard,0,0,vlm_patches/test_116_tile_embeddings/standard/hard_negative/test_116_tile_embeddings_standard_hard_negative_003.png,s3://pershin-medailab/Pathomorphology/CAMELYON/mil/vlm_patches/c16_abmil_vlm_patches_a50fbde29aa04e9d829a4580fd5c68b8.tar.gz!/vlm_patches/test_116_tile_embeddings/standard/hard_negative/test_116_tile_embeddings_standard_hard_negative_003.png,test_116_tile_embeddings_standard_hard_negative_003
c16_native,test_108,test_108_tile_embeddings,5847cee6e746b1ec,39424,151552,256,20,0.835723876953125,1,1.0,1,1,oracle_tumor,1,a50fbde29aa04e9d829a4580fd5c68b8,a50fbde29aa04e9d829a4580fd5c68b8,standard,0,0,vlm_patches/test_108_tile_embeddings/standard/oracle_tumor/test_108_tile_embeddings_standard_oracle_tumor_000.png,s3://pershin-medailab/Pathomorphology/CAMELYON/mil/vlm_patches/c16_abmil_vlm_patches_a50fbde29aa04e9d829a4580fd5c68b8.tar.gz!/vlm_patches/test_108_tile_embeddings/standard/oracle_tumor/test_108_tile_embeddings_standard_oracle_tumor_000.png,test_108_tile_embeddings_standard_oracle_tumor_000
c16_native,test_108,test_108_tile_embeddings,e03243465f61821b,39680,152064,256,20,0.7458953857421875,1,1.0,1,1,oracle_tumor,2,a50fbde29aa04e9d829a4580fd5c68b8,a50fbde29aa04e9d829a4580fd5c68b8,standard,0,0,vlm_patches/test_108_tile_embeddings/standard/oracle_tumor/test_108_tile_embeddings_standard_oracle_tumor_001.png,s3://pershin-medailab/Pathomorphology/CAMELYON/mil/vlm_patches/c16_abmil_vlm_patches_a50fbde29aa04e9d829a4580fd5c68b8.tar.gz!/vlm_patches/test_108_tile_embeddings/standard/oracle_tumor/test_108_tile_embeddings_standard_oracle_tumor_001.png,test_108_tile_embeddings_standard_oracle_tumor_001
c16_native,test_108,test_108_tile_embeddings,c2f0b6831c48634d,39168,152320,256,20,0.7899932861328125,1,1.0,1,1,oracle_tumor,3,a50fbde29aa04e9d829a4580fd5c68b8,a50fbde29aa04e9d829a4580fd5c68b8,standard,0,0,vlm_patches/test_108_tile_embeddings/standard/oracle_tumor/test_108_tile_embeddings_standard_oracle_tumor_002.png,s3://pershin-medailab/Pathomorphology/CAMELYON/mil/vlm_patches/c16_abmil_vlm_patches_a50fbde29aa04e9d829a4580fd5c68b8.tar.gz!/vlm_patches/test_108_tile_embeddings/standard/oracle_tumor/test_108_tile_embeddings_standard_oracle_tumor_002.png,test_108_tile_embeddings_standard_oracle_tumor_002
c16_native,test_027,test_027_tile_embeddings,c8f4dcb0f4a04b0b,59392,126720,256,20,0.59765625,1,1.0,1,1,oracle_tumor,1,a50fbde29aa04e9d829a4580fd5c68b8,a50fbde29aa04e9d829a4580fd5c68b8,standard,0,0,vlm_patches/test_027_tile_embeddings/standard/oracle_tumor/test_027_tile_embeddings_standard_oracle_tumor_000.png,s3://pershin-medailab/Pathomorphology/CAMELYON/mil/vlm_patches/c16_abmil_vlm_patches_a50fbde29aa04e9d829a4580fd5c68b8.tar.gz!/vlm_patches/test_027_tile_embeddings/standard/oracle_tumor/test_027_tile_embeddings_standard_oracle_tumor_000.png,test_027_tile_embeddings_standard_oracle_tumor_000
c16_native,test_027,test_027_tile_embeddings,885a39187ae58229,60416,124416,256,20,0.7080078125,1,1.0,1,1,oracle_tumor,2,a50fbde29aa04e9d829a4580fd5c68b8,a50fbde29aa04e9d829a4580fd5c68b8,standard,0,0,vlm_patches/test_027_tile_embeddings/standard/oracle_tumor/test_027_tile_embeddings_standard_oracle_tumor_001.png,s3://pershin-medailab/Pathomorphology/CAMELYON/mil/vlm_patches/c16_abmil_vlm_patches_a50fbde29aa04e9d829a4580fd5c68b8.tar.gz!/vlm_patches/test_027_tile_embeddings/standard/oracle_tumor/test_027_tile_embeddings_standard_oracle_tumor_001.png,test_027_tile_embeddings_standard_oracle_tumor_001
c16_native,test_027,test_027_tile_embeddings,dbebe86161ee242f,62208,126976,256,20,0.68096923828125,1,0.9725,1,1,oracle_tumor,3,a50fbde29aa04e9d829a4580fd5c68b8,a50fbde29aa04e9d829a4580fd5c68b8,standard,0,0,vlm_patches/test_027_tile_embeddings/standard/oracle_tumor/test_027_tile_embeddings_standard_oracle_tumor_002.png,s3://pershin-medailab/Pathomorphology/CAMELYON/mil/vlm_patches/c16_abmil_vlm_patches_a50fbde29aa04e9d829a4580fd5c68b8.tar.gz!/vlm_patches/test_027_tile_embeddings/standard/oracle_tumor/test_027_tile_embeddings_standard_oracle_tumor_002.png,test_027_tile_embeddings_standard_oracle_tumor_002
c16_native,test_038,test_038_tile_embeddings,5dfa99b5f740bb87,46848,124672,256,20,0.7327423095703125,1,0.8725,1,1,oracle_tumor,1,a50fbde29aa04e9d829a4580fd5c68b8,a50fbde29aa04e9d829a4580fd5c68b8,standard,0,0,vlm_patches/test_038_tile_embeddings/standard/oracle_tumor/test_038_tile_embeddings_standard_oracle_tumor_000.png,s3://pershin-medailab/Pathomorphology/CAMELYON/mil/vlm_patches/c16_abmil_vlm_patches_a50fbde29aa04e9d829a4580fd5c68b8.tar.gz!/vlm_patches/test_038_tile_embeddings/standard/oracle_tumor/test_038_tile_embeddings_standard_oracle_tumor_000.png,test_038_tile_embeddings_standard_oracle_tumor_000
c16_native,test_038,test_038_tile_embeddings,385f53757908d151,45056,124928,256,20,0.542236328125,1,0.92,1,1,oracle_tumor,2,a50fbde29aa04e9d829a4580fd5c68b8,a50fbde29aa04e9d829a4580fd5c68b8,standard,0,0,vlm_patches/test_038_tile_embeddings/standard/oracle_tumor/test_038_tile_embeddings_standard_oracle_tumor_001.png,s3://pershin-medailab/Pathomorphology/CAMELYON/mil/vlm_patches/c16_abmil_vlm_patches_a50fbde29aa04e9d829a4580fd5c68b8.tar.gz!/vlm_patches/test_038_tile_embeddings/standard/oracle_tumor/test_038_tile_embeddings_standard_oracle_tumor_001.png,test_038_tile_embeddings_standard_oracle_tumor_001
c16_native,test_038,test_038_tile_embeddings,62094d31061d4648,44544,123904,256,20,0.531646728515625,1,0.8375,1,1,oracle_tumor,3,a50fbde29aa04e9d829a4580fd5c68b8,a50fbde29aa04e9d829a4580fd5c68b8,standard,0,0,vlm_patches/test_038_tile_embeddings/standard/oracle_tumor/test_038_tile_embeddings_standard_oracle_tumor_002.png,s3://pershin-medailab/Pathomorphology/CAMELYON/mil/vlm_patches/c16_abmil_vlm_patches_a50fbde29aa04e9d829a4580fd5c68b8.tar.gz!/vlm_patches/test_038_tile_embeddings/standard/oracle_tumor/test_038_tile_embeddings_standard_oracle_tumor_002.png,test_038_tile_embeddings_standard_oracle_tumor_002
c16_native,test_084,test_084_tile_embeddings,a708fe012f3750b7,40192,72960,256,20,0.9164886474609376,1,1.0,1,1,oracle_tumor,1,a50fbde29aa04e9d829a4580fd5c68b8,a50fbde29aa04e9d829a4580fd5c68b8,standard,0,0,vlm_patches/test_084_tile_embeddings/standard/oracle_tumor/test_084_tile_embeddings_standard_oracle_tumor_000.png,s3://pershin-medailab/Pathomorphology/CAMELYON/mil/vlm_patches/c16_abmil_vlm_patches_a50fbde29aa04e9d829a4580fd5c68b8.tar.gz!/vlm_patches/test_084_tile_embeddings/standard/oracle_tumor/test_084_tile_embeddings_standard_oracle_tumor_000.png,test_084_tile_embeddings_standard_oracle_tumor_000
c16_native,test_084,test_084_tile_embeddings,759c3d2b3303fda2,39936,72960,256,20,0.8874664306640625,1,1.0,1,1,oracle_tumor,2,a50fbde29aa04e9d829a4580fd5c68b8,a50fbde29aa04e9d829a4580fd5c68b8,standard,0,0,vlm_patches/test_084_tile_embeddings/standard/oracle_tumor/test_084_tile_embeddings_standard_oracle_tumor_001.png,s3://pershin-medailab/Pathomorphology/CAMELYON/mil/vlm_patches/c16_abmil_vlm_patches_a50fbde29aa04e9d829a4580fd5c68b8.tar.gz!/vlm_patches/test_084_tile_embeddings/standard/oracle_tumor/test_084_tile_embeddings_standard_oracle_tumor_001.png,test_084_tile_embeddings_standard_oracle_tumor_001
c16_native,test_084,test_084_tile_embeddings,a0e8f2af53673b13,40704,72960,256,20,0.7835540771484375,1,1.0,1,1,oracle_tumor,3,a50fbde29aa04e9d829a4580fd5c68b8,a50fbde29aa04e9d829a4580fd5c68b8,standard,0,0,vlm_patches/test_084_tile_embeddings/standard/oracle_tumor/test_084_tile_embeddings_standard_oracle_tumor_002.png,s3://pershin-medailab/Pathomorphology/CAMELYON/mil/vlm_patches/c16_abmil_vlm_patches_a50fbde29aa04e9d829a4580fd5c68b8.tar.gz!/vlm_patches/test_084_tile_embeddings/standard/oracle_tumor/test_084_tile_embeddings_standard_oracle_tumor_002.png,test_084_tile_embeddings_standard_oracle_tumor_002
c16_native,test_046,test_046_tile_embeddings,2f4aa84391ae0614,55040,26368,256,20,0.8240203857421875,1,0.505,1,1,oracle_tumor,1,a50fbde29aa04e9d829a4580fd5c68b8,a50fbde29aa04e9d829a4580fd5c68b8,standard,0,0,vlm_patches/test_046_tile_embeddings/standard/oracle_tumor/test_046_tile_embeddings_standard_oracle_tumor_000.png,s3://pershin-medailab/Pathomorphology/CAMELYON/mil/vlm_patches/c16_abmil_vlm_patches_a50fbde29aa04e9d829a4580fd5c68b8.tar.gz!/vlm_patches/test_046_tile_embeddings/standard/oracle_tumor/test_046_tile_embeddings_standard_oracle_tumor_000.png,test_046_tile_embeddings_standard_oracle_tumor_000
c16_native,test_046,test_046_tile_embeddings,447cf57fa85df9c7,55040,19456,256,20,0.8909149169921875,1,1.0,1,1,oracle_tumor,2,a50fbde29aa04e9d829a4580fd5c68b8,a50fbde29aa04e9d829a4580fd5c68b8,standard,0,0,vlm_patches/test_046_tile_embeddings/standard/oracle_tumor/test_046_tile_embeddings_standard_oracle_tumor_001.png,s3://pershin-medailab/Pathomorphology/CAMELYON/mil/vlm_patches/c16_abmil_vlm_patches_a50fbde29aa04e9d829a4580fd5c68b8.tar.gz!/vlm_patches/test_046_tile_embeddings/standard/oracle_tumor/test_046_tile_embeddings_standard_oracle_tumor_001.png,test_046_tile_embeddings_standard_oracle_tumor_001
c16_native,test_046,test_046_tile_embeddings,54d2c7116cc2280e,54528,19200,256,20,0.8036651611328125,1,0.7125,1,1,oracle_tumor,3,a50fbde29aa04e9d829a4580fd5c68b8,a50fbde29aa04e9d829a4580fd5c68b8,standard,0,0,vlm_patches/test_046_tile_embeddings/standard/oracle_tumor/test_046_tile_embeddings_standard_oracle_tumor_002.png,s3://pershin-medailab/Pathomorphology/CAMELYON/mil/vlm_patches/c16_abmil_vlm_patches_a50fbde29aa04e9d829a4580fd5c68b8.tar.gz!/vlm_patches/test_046_tile_embeddings/standard/oracle_tumor/test_046_tile_embeddings_standard_oracle_tumor_002.png,test_046_tile_embeddings_standard_oracle_tumor_002
c16_native,test_071,test_071_tile_embeddings,9b14e1bcae52fe64,112384,27136,256,20,0.97283935546875,1,1.0,1,1,oracle_tumor,1,a50fbde29aa04e9d829a4580fd5c68b8,a50fbde29aa04e9d829a4580fd5c68b8,standard,0,0,vlm_patches/test_071_tile_embeddings/standard/oracle_tumor/test_071_tile_embeddings_standard_oracle_tumor_000.png,s3://pershin-medailab/Pathomorphology/CAMELYON/mil/vlm_patches/c16_abmil_vlm_patches_a50fbde29aa04e9d829a4580fd5c68b8.tar.gz!/vlm_patches/test_071_tile_embeddings/standard/oracle_tumor/test_071_tile_embeddings_standard_oracle_tumor_000.png,test_071_tile_embeddings_standard_oracle_tumor_000
c16_native,test_071,test_071_tile_embeddings,065d68149a6d16e8,25600,25344,256,20,0.9028472900390624,1,1.0,1,1,oracle_tumor,2,a50fbde29aa04e9d829a4580fd5c68b8,a50fbde29aa04e9d829a4580fd5c68b8,standard,0,0,vlm_patches/test_071_tile_embeddings/standard/oracle_tumor/test_071_tile_embeddings_standard_oracle_tumor_001.png,s3://pershin-medailab/Pathomorphology/CAMELYON/mil/vlm_patches/c16_abmil_vlm_patches_a50fbde29aa04e9d829a4580fd5c68b8.tar.gz!/vlm_patches/test_071_tile_embeddings/standard/oracle_tumor/test_071_tile_embeddings_standard_oracle_tumor_001.png,test_071_tile_embeddings_standard_oracle_tumor_001
c16_native,test_071,test_071_tile_embeddings,47068f3edc211f57,15616,20224,256,20,0.9268035888671876,1,1.0,1,1,oracle_tumor,3,a50fbde29aa04e9d829a4580fd5c68b8,a50fbde29aa04e9d829a4580fd5c68b8,standard,0,0,vlm_patches/test_071_tile_embeddings/standard/oracle_tumor/test_071_tile_embeddings_standard_oracle_tumor_002.png,s3://pershin-medailab/Pathomorphology/CAMELYON/mil/vlm_patches/c16_abmil_vlm_patches_a50fbde29aa04e9d829a4580fd5c68b8.tar.gz!/vlm_patches/test_071_tile_embeddings/standard/oracle_tumor/test_071_tile_embeddings_standard_oracle_tumor_002.png,test_071_tile_embeddings_standard_oracle_tumor_002
c16_native,test_030,test_030_tile_embeddings,bc09f0ab5b0df789,57088,133888,256,20,0.6515960693359375,1,0.92,1,1,oracle_tumor,1,a50fbde29aa04e9d829a4580fd5c68b8,a50fbde29aa04e9d829a4580fd5c68b8,standard,0,0,vlm_patches/test_030_tile_embeddings/standard/oracle_tumor/test_030_tile_embeddings_standard_oracle_tumor_000.png,s3://pershin-medailab/Pathomorphology/CAMELYON/mil/vlm_patches/c16_abmil_vlm_patches_a50fbde29aa04e9d829a4580fd5c68b8.tar.gz!/vlm_patches/test_030_tile_embeddings/standard/oracle_tumor/test_030_tile_embeddings_standard_oracle_tumor_000.png,test_030_tile_embeddings_standard_oracle_tumor_000
c16_native,test_030,test_030_tile_embeddings,220f1232110f6ace,55040,142336,256,20,0.84564208984375,1,0.81,1,1,oracle_tumor,2,a50fbde29aa04e9d829a4580fd5c68b8,a50fbde29aa04e9d829a4580fd5c68b8,standard,0,0,vlm_patches/test_030_tile_embeddings/standard/oracle_tumor/test_030_tile_embeddings_standard_oracle_tumor_001.png,s3://pershin-medailab/Pathomorphology/CAMELYON/mil/vlm_patches/c16_abmil_vlm_patches_a50fbde29aa04e9d829a4580fd5c68b8.tar.gz!/vlm_patches/test_030_tile_embeddings/standard/oracle_tumor/test_030_tile_embeddings_standard_oracle_tumor_001.png,test_030_tile_embeddings_standard_oracle_tumor_001
c16_native,test_030,test_030_tile_embeddings,5ac41e9c85ffcd4c,64768,132352,256,20,0.7293243408203125,1,0.8825,1,1,oracle_tumor,3,a50fbde29aa04e9d829a4580fd5c68b8,a50fbde29aa04e9d829a4580fd5c68b8,standard,0,0,vlm_patches/test_030_tile_embeddings/standard/oracle_tumor/test_030_tile_embeddings_standard_oracle_tumor_002.png,s3://pershin-medailab/Pathomorphology/CAMELYON/mil/vlm_patches/c16_abmil_vlm_patches_a50fbde29aa04e9d829a4580fd5c68b8.tar.gz!/vlm_patches/test_030_tile_embeddings/standard/oracle_tumor/test_030_tile_embeddings_standard_oracle_tumor_002.png,test_030_tile_embeddings_standard_oracle_tumor_002
c16_native,test_116,test_116_tile_embeddings,c6043b542e032c88,51968,22528,256,20,0.9951934814453124,1,0.9,1,1,oracle_tumor,1,a50fbde29aa04e9d829a4580fd5c68b8,a50fbde29aa04e9d829a4580fd5c68b8,standard,0,0,vlm_patches/test_116_tile_embeddings/standard/oracle_tumor/test_116_tile_embeddings_standard_oracle_tumor_000.png,s3://pershin-medailab/Pathomorphology/CAMELYON/mil/vlm_patches/c16_abmil_vlm_patches_a50fbde29aa04e9d829a4580fd5c68b8.tar.gz!/vlm_patches/test_116_tile_embeddings/standard/oracle_tumor/test_116_tile_embeddings_standard_oracle_tumor_000.png,test_116_tile_embeddings_standard_oracle_tumor_000
c16_native,test_116,test_116_tile_embeddings,4fcb73687e28ce9c,57856,35328,256,20,0.9750213623046876,1,0.76,1,1,oracle_tumor,2,a50fbde29aa04e9d829a4580fd5c68b8,a50fbde29aa04e9d829a4580fd5c68b8,standard,0,0,vlm_patches/test_116_tile_embeddings/standard/oracle_tumor/test_116_tile_embeddings_standard_oracle_tumor_001.png,s3://pershin-medailab/Pathomorphology/CAMELYON/mil/vlm_patches/c16_abmil_vlm_patches_a50fbde29aa04e9d829a4580fd5c68b8.tar.gz!/vlm_patches/test_116_tile_embeddings/standard/oracle_tumor/test_116_tile_embeddings_standard_oracle_tumor_001.png,test_116_tile_embeddings_standard_oracle_tumor_001
c16_native,test_116,test_116_tile_embeddings,40822b2ff88a82d8,52224,22272,256,20,0.9813079833984376,1,0.405,1,1,oracle_tumor,4,a50fbde29aa04e9d829a4580fd5c68b8,a50fbde29aa04e9d829a4580fd5c68b8,standard,0,0,vlm_patches/test_116_tile_embeddings/standard/oracle_tumor/test_116_tile_embeddings_standard_oracle_tumor_003.png,s3://pershin-medailab/Pathomorphology/CAMELYON/mil/vlm_patches/c16_abmil_vlm_patches_a50fbde29aa04e9d829a4580fd5c68b8.tar.gz!/vlm_patches/test_116_tile_embeddings/standard/oracle_tumor/test_116_tile_embeddings_standard_oracle_tumor_003.png,test_116_tile_embeddings_standard_oracle_tumor_003
c16_native,test_069,test_069_tile_embeddings,a8b0b52016305960,13312,41472,256,20,0.987701416015625,1,0.9975,1,1,oracle_tumor,1,a50fbde29aa04e9d829a4580fd5c68b8,a50fbde29aa04e9d829a4580fd5c68b8,standard,0,0,vlm_patches/test_069_tile_embeddings/standard/oracle_tumor/test_069_tile_embeddings_standard_oracle_tumor_000.png,s3://pershin-medailab/Pathomorphology/CAMELYON/mil/vlm_patches/c16_abmil_vlm_patches_a50fbde29aa04e9d829a4580fd5c68b8.tar.gz!/vlm_patches/test_069_tile_embeddings/standard/oracle_tumor/test_069_tile_embeddings_standard_oracle_tumor_000.png,test_069_tile_embeddings_standard_oracle_tumor_000
c16_native,test_069,test_069_tile_embeddings,99b55f77d6516ad9,16128,37888,256,20,0.960113525390625,1,1.0,1,1,oracle_tumor,2,a50fbde29aa04e9d829a4580fd5c68b8,a50fbde29aa04e9d829a4580fd5c68b8,standard,0,0,vlm_patches/test_069_tile_embeddings/standard/oracle_tumor/test_069_tile_embeddings_standard_oracle_tumor_001.png,s3://pershin-medailab/Pathomorphology/CAMELYON/mil/vlm_patches/c16_abmil_vlm_patches_a50fbde29aa04e9d829a4580fd5c68b8.tar.gz!/vlm_patches/test_069_tile_embeddings/standard/oracle_tumor/test_069_tile_embeddings_standard_oracle_tumor_001.png,test_069_tile_embeddings_standard_oracle_tumor_001
c16_native,test_069,test_069_tile_embeddings,ea8a175bf86faeed,113408,35840,256,20,0.8957672119140625,1,1.0,1,1,oracle_tumor,3,a50fbde29aa04e9d829a4580fd5c68b8,a50fbde29aa04e9d829a4580fd5c68b8,standard,0,0,vlm_patches/test_069_tile_embeddings/standard/oracle_tumor/test_069_tile_embeddings_standard_oracle_tumor_002.png,s3://pershin-medailab/Pathomorphology/CAMELYON/mil/vlm_patches/c16_abmil_vlm_patches_a50fbde29aa04e9d829a4580fd5c68b8.tar.gz!/vlm_patches/test_069_tile_embeddings/standard/oracle_tumor/test_069_tile_embeddings_standard_oracle_tumor_002.png,test_069_tile_embeddings_standard_oracle_tumor_002
c16_native,test_033,test_033_tile_embeddings,0b3ca0e0c7ac3e0a,76800,84736,256,20,0.87481689453125,1,0.975,1,1,oracle_tumor,1,a50fbde29aa04e9d829a4580fd5c68b8,a50fbde29aa04e9d829a4580fd5c68b8,standard,0,0,vlm_patches/test_033_tile_embeddings/standard/oracle_tumor/test_033_tile_embeddings_standard_oracle_tumor_000.png,s3://pershin-medailab/Pathomorphology/CAMELYON/mil/vlm_patches/c16_abmil_vlm_patches_a50fbde29aa04e9d829a4580fd5c68b8.tar.gz!/vlm_patches/test_033_tile_embeddings/standard/oracle_tumor/test_033_tile_embeddings_standard_oracle_tumor_000.png,test_033_tile_embeddings_standard_oracle_tumor_000
c16_native,test_033,test_033_tile_embeddings,a45ab09956e060eb,180480,84480,256,20,0.8597869873046875,1,0.7775,1,1,oracle_tumor,4,a50fbde29aa04e9d829a4580fd5c68b8,a50fbde29aa04e9d829a4580fd5c68b8,standard,0,0,vlm_patches/test_033_tile_embeddings/standard/oracle_tumor/test_033_tile_embeddings_standard_oracle_tumor_003.png,s3://pershin-medailab/Pathomorphology/CAMELYON/mil/vlm_patches/c16_abmil_vlm_patches_a50fbde29aa04e9d829a4580fd5c68b8.tar.gz!/vlm_patches/test_033_tile_embeddings/standard/oracle_tumor/test_033_tile_embeddings_standard_oracle_tumor_003.png,test_033_tile_embeddings_standard_oracle_tumor_003
c16_native,test_033,test_033_tile_embeddings,23310359692d5dcc,179968,84736,256,20,0.9010162353515624,1,0.81,1,1,oracle_tumor,5,a50fbde29aa04e9d829a4580fd5c68b8,a50fbde29aa04e9d829a4580fd5c68b8,standard,0,0,vlm_patches/test_033_tile_embeddings/standard/oracle_tumor/test_033_tile_embeddings_standard_oracle_tumor_004.png,s3://pershin-medailab/Pathomorphology/CAMELYON/mil/vlm_patches/c16_abmil_vlm_patches_a50fbde29aa04e9d829a4580fd5c68b8.tar.gz!/vlm_patches/test_033_tile_embeddings/standard/oracle_tumor/test_033_tile_embeddings_standard_oracle_tumor_004.png,test_033_tile_embeddings_standard_oracle_tumor_004
c16_native,test_117,test_117_tile_embeddings,dbd413bf0562cfa1,53760,127744,256,20,0.9296417236328124,1,1.0,1,1,oracle_tumor,1,a50fbde29aa04e9d829a4580fd5c68b8,a50fbde29aa04e9d829a4580fd5c68b8,standard,0,0,vlm_patches/test_117_tile_embeddings/standard/oracle_tumor/test_117_tile_embeddings_standard_oracle_tumor_000.png,s3://pershin-medailab/Pathomorphology/CAMELYON/mil/vlm_patches/c16_abmil_vlm_patches_a50fbde29aa04e9d829a4580fd5c68b8.tar.gz!/vlm_patches/test_117_tile_embeddings/standard/oracle_tumor/test_117_tile_embeddings_standard_oracle_tumor_000.png,test_117_tile_embeddings_standard_oracle_tumor_000
c16_native,test_117,test_117_tile_embeddings,e06700b2593154fe,54016,128000,256,20,0.924957275390625,1,1.0,1,1,oracle_tumor,2,a50fbde29aa04e9d829a4580fd5c68b8,a50fbde29aa04e9d829a4580fd5c68b8,standard,0,0,vlm_patches/test_117_tile_embeddings/standard/oracle_tumor/test_117_tile_embeddings_standard_oracle_tumor_001.png,s3://pershin-medailab/Pathomorphology/CAMELYON/mil/vlm_patches/c16_abmil_vlm_patches_a50fbde29aa04e9d829a4580fd5c68b8.tar.gz!/vlm_patches/test_117_tile_embeddings/standard/oracle_tumor/test_117_tile_embeddings_standard_oracle_tumor_001.png,test_117_tile_embeddings_standard_oracle_tumor_001
c16_native,test_117,test_117_tile_embeddings,12744763a1b04ea4,54016,128256,256,20,0.9370880126953124,1,1.0,1,1,oracle_tumor,3,a50fbde29aa04e9d829a4580fd5c68b8,a50fbde29aa04e9d829a4580fd5c68b8,standard,0,0,vlm_patches/test_117_tile_embeddings/standard/oracle_tumor/test_117_tile_embeddings_standard_oracle_tumor_002.png,s3://pershin-medailab/Pathomorphology/CAMELYON/mil/vlm_patches/c16_abmil_vlm_patches_a50fbde29aa04e9d829a4580fd5c68b8.tar.gz!/vlm_patches/test_117_tile_embeddings/standard/oracle_tumor/test_117_tile_embeddings_standard_oracle_tumor_002.png,test_117_tile_embeddings_standard_oracle_tumor_002
c16_native,test_121,test_121_tile_embeddings,9e8d71a9676317f8,42752,130816,256,20,0.5326080322265625,1,0.825,1,1,oracle_tumor,1,a50fbde29aa04e9d829a4580fd5c68b8,a50fbde29aa04e9d829a4580fd5c68b8,standard,0,0,vlm_patches/test_121_tile_embeddings/standard/oracle_tumor/test_121_tile_embeddings_standard_oracle_tumor_000.png,s3://pershin-medailab/Pathomorphology/CAMELYON/mil/vlm_patches/c16_abmil_vlm_patches_a50fbde29aa04e9d829a4580fd5c68b8.tar.gz!/vlm_patches/test_121_tile_embeddings/standard/oracle_tumor/test_121_tile_embeddings_standard_oracle_tumor_000.png,test_121_tile_embeddings_standard_oracle_tumor_000
c16_native,test_121,test_121_tile_embeddings,90691c2ed1e61853,46336,133632,256,20,0.5958099365234375,1,1.0,1,1,oracle_tumor,3,a50fbde29aa04e9d829a4580fd5c68b8,a50fbde29aa04e9d829a4580fd5c68b8,standard,0,0,vlm_patches/test_121_tile_embeddings/standard/oracle_tumor/test_121_tile_embeddings_standard_oracle_tumor_002.png,s3://pershin-medailab/Pathomorphology/CAMELYON/mil/vlm_patches/c16_abmil_vlm_patches_a50fbde29aa04e9d829a4580fd5c68b8.tar.gz!/vlm_patches/test_121_tile_embeddings/standard/oracle_tumor/test_121_tile_embeddings_standard_oracle_tumor_002.png,test_121_tile_embeddings_standard_oracle_tumor_002
c16_native,test_121,test_121_tile_embeddings,85c45a7c57439f22,45312,132352,256,20,0.7540130615234375,1,1.0,1,1,oracle_tumor,4,a50fbde29aa04e9d829a4580fd5c68b8,a50fbde29aa04e9d829a4580fd5c68b8,standard,0,0,vlm_patches/test_121_tile_embeddings/standard/oracle_tumor/test_121_tile_embeddings_standard_oracle_tumor_003.png,s3://pershin-medailab/Pathomorphology/CAMELYON/mil/vlm_patches/c16_abmil_vlm_patches_a50fbde29aa04e9d829a4580fd5c68b8.tar.gz!/vlm_patches/test_121_tile_embeddings/standard/oracle_tumor/test_121_tile_embeddings_standard_oracle_tumor_003.png,test_121_tile_embeddings_standard_oracle_tumor_003
c16_native,test_092,test_092_tile_embeddings,d73dc49fe95073fe,77056,84992,256,20,0.9599456787109376,1,1.0,1,1,oracle_tumor,1,a50fbde29aa04e9d829a4580fd5c68b8,a50fbde29aa04e9d829a4580fd5c68b8,standard,0,0,vlm_patches/test_092_tile_embeddings/standard/oracle_tumor/test_092_tile_embeddings_standard_oracle_tumor_000.png,s3://pershin-medailab/Pathomorphology/CAMELYON/mil/vlm_patches/c16_abmil_vlm_patches_a50fbde29aa04e9d829a4580fd5c68b8.tar.gz!/vlm_patches/test_092_tile_embeddings/standard/oracle_tumor/test_092_tile_embeddings_standard_oracle_tumor_000.png,test_092_tile_embeddings_standard_oracle_tumor_000
c16_native,test_092,test_092_tile_embeddings,738fe7573e5a9320,77056,84736,256,20,0.942657470703125,1,1.0,1,1,oracle_tumor,2,a50fbde29aa04e9d829a4580fd5c68b8,a50fbde29aa04e9d829a4580fd5c68b8,standard,0,0,vlm_patches/test_092_tile_embeddings/standard/oracle_tumor/test_092_tile_embeddings_standard_oracle_tumor_001.png,s3://pershin-medailab/Pathomorphology/CAMELYON/mil/vlm_patches/c16_abmil_vlm_patches_a50fbde29aa04e9d829a4580fd5c68b8.tar.gz!/vlm_patches/test_092_tile_embeddings/standard/oracle_tumor/test_092_tile_embeddings_standard_oracle_tumor_001.png,test_092_tile_embeddings_standard_oracle_tumor_001
c16_native,test_092,test_092_tile_embeddings,099eab3a6ff384ed,75520,84480,256,20,0.9674224853515624,1,1.0,1,1,oracle_tumor,3,a50fbde29aa04e9d829a4580fd5c68b8,a50fbde29aa04e9d829a4580fd5c68b8,standard,0,0,vlm_patches/test_092_tile_embeddings/standard/oracle_tumor/test_092_tile_embeddings_standard_oracle_tumor_002.png,s3://pershin-medailab/Pathomorphology/CAMELYON/mil/vlm_patches/c16_abmil_vlm_patches_a50fbde29aa04e9d829a4580fd5c68b8.tar.gz!/vlm_patches/test_092_tile_embeddings/standard/oracle_tumor/test_092_tile_embeddings_standard_oracle_tumor_002.png,test_092_tile_embeddings_standard_oracle_tumor_002
c16_native,test_079,test_079_tile_embeddings,4ce6dc8e3d5fa7f2,39936,66560,256,20,0.9767303466796876,1,1.0,1,1,oracle_tumor,1,a50fbde29aa04e9d829a4580fd5c68b8,a50fbde29aa04e9d829a4580fd5c68b8,standard,0,0,vlm_patches/test_079_tile_embeddings/standard/oracle_tumor/test_079_tile_embeddings_standard_oracle_tumor_000.png,s3://pershin-medailab/Pathomorphology/CAMELYON/mil/vlm_patches/c16_abmil_vlm_patches_a50fbde29aa04e9d829a4580fd5c68b8.tar.gz!/vlm_patches/test_079_tile_embeddings/standard/oracle_tumor/test_079_tile_embeddings_standard_oracle_tumor_000.png,test_079_tile_embeddings_standard_oracle_tumor_000
c16_native,test_079,test_079_tile_embeddings,cc77a7030252b84a,47616,69120,256,20,0.99591064453125,1,1.0,1,1,oracle_tumor,2,a50fbde29aa04e9d829a4580fd5c68b8,a50fbde29aa04e9d829a4580fd5c68b8,standard,0,0,vlm_patches/test_079_tile_embeddings/standard/oracle_tumor/test_079_tile_embeddings_standard_oracle_tumor_001.png,s3://pershin-medailab/Pathomorphology/CAMELYON/mil/vlm_patches/c16_abmil_vlm_patches_a50fbde29aa04e9d829a4580fd5c68b8.tar.gz!/vlm_patches/test_079_tile_embeddings/standard/oracle_tumor/test_079_tile_embeddings_standard_oracle_tumor_001.png,test_079_tile_embeddings_standard_oracle_tumor_001
c16_native,test_079,test_079_tile_embeddings,b3e89daf8ebf0e86,40192,67328,256,20,0.97174072265625,1,1.0,1,1,oracle_tumor,3,a50fbde29aa04e9d829a4580fd5c68b8,a50fbde29aa04e9d829a4580fd5c68b8,standard,0,0,vlm_patches/test_079_tile_embeddings/standard/oracle_tumor/test_079_tile_embeddings_standard_oracle_tumor_002.png,s3://pershin-medailab/Pathomorphology/CAMELYON/mil/vlm_patches/c16_abmil_vlm_patches_a50fbde29aa04e9d829a4580fd5c68b8.tar.gz!/vlm_patches/test_079_tile_embeddings/standard/oracle_tumor/test_079_tile_embeddings_standard_oracle_tumor_002.png,test_079_tile_embeddings_standard_oracle_tumor_002
c16_native,test_013,test_013_tile_embeddings,ab0171c871327d00,49152,155136,256,20,0.659942626953125,1,0.5975,1,1,oracle_tumor,1,a50fbde29aa04e9d829a4580fd5c68b8,a50fbde29aa04e9d829a4580fd5c68b8,standard,0,0,vlm_patches/test_013_tile_embeddings/standard/oracle_tumor/test_013_tile_embeddings_standard_oracle_tumor_000.png,s3://pershin-medailab/Pathomorphology/CAMELYON/mil/vlm_patches/c16_abmil_vlm_patches_a50fbde29aa04e9d829a4580fd5c68b8.tar.gz!/vlm_patches/test_013_tile_embeddings/standard/oracle_tumor/test_013_tile_embeddings_standard_oracle_tumor_000.png,test_013_tile_embeddings_standard_oracle_tumor_000
c16_native,test_013,test_013_tile_embeddings,8bba3c45b6d7de63,49152,155904,256,20,0.896636962890625,1,0.7625,1,1,oracle_tumor,2,a50fbde29aa04e9d829a4580fd5c68b8,a50fbde29aa04e9d829a4580fd5c68b8,standard,0,0,vlm_patches/test_013_tile_embeddings/standard/oracle_tumor/test_013_tile_embeddings_standard_oracle_tumor_001.png,s3://pershin-medailab/Pathomorphology/CAMELYON/mil/vlm_patches/c16_abmil_vlm_patches_a50fbde29aa04e9d829a4580fd5c68b8.tar.gz!/vlm_patches/test_013_tile_embeddings/standard/oracle_tumor/test_013_tile_embeddings_standard_oracle_tumor_001.png,test_013_tile_embeddings_standard_oracle_tumor_001
c16_native,test_013,test_013_tile_embeddings,6eaf4b73e5cb410e,49152,155648,256,20,0.80218505859375,1,0.84,1,1,oracle_tumor,4,a50fbde29aa04e9d829a4580fd5c68b8,a50fbde29aa04e9d829a4580fd5c68b8,standard,0,0,vlm_patches/test_013_tile_embeddings/standard/oracle_tumor/test_013_tile_embeddings_standard_oracle_tumor_003.png,s3://pershin-medailab/Pathomorphology/CAMELYON/mil/vlm_patches/c16_abmil_vlm_patches_a50fbde29aa04e9d829a4580fd5c68b8.tar.gz!/vlm_patches/test_013_tile_embeddings/standard/oracle_tumor/test_013_tile_embeddings_standard_oracle_tumor_003.png,test_013_tile_embeddings_standard_oracle_tumor_003
c16_native,test_113,test_113_tile_embeddings,433e6fa0a105b917,42240,77056,256,20,0.9296417236328124,1,1.0,1,1,oracle_tumor,1,a50fbde29aa04e9d829a4580fd5c68b8,a50fbde29aa04e9d829a4580fd5c68b8,standard,0,0,vlm_patches/test_113_tile_embeddings/standard/oracle_tumor/test_113_tile_embeddings_standard_oracle_tumor_000.png,s3://pershin-medailab/Pathomorphology/CAMELYON/mil/vlm_patches/c16_abmil_vlm_patches_a50fbde29aa04e9d829a4580fd5c68b8.tar.gz!/vlm_patches/test_113_tile_embeddings/standard/oracle_tumor/test_113_tile_embeddings_standard_oracle_tumor_000.png,test_113_tile_embeddings_standard_oracle_tumor_000
c16_native,test_113,test_113_tile_embeddings,05208d26f38af756,41728,76800,256,20,0.9274444580078124,1,1.0,1,1,oracle_tumor,2,a50fbde29aa04e9d829a4580fd5c68b8,a50fbde29aa04e9d829a4580fd5c68b8,standard,0,0,vlm_patches/test_113_tile_embeddings/standard/oracle_tumor/test_113_tile_embeddings_standard_oracle_tumor_001.png,s3://pershin-medailab/Pathomorphology/CAMELYON/mil/vlm_patches/c16_abmil_vlm_patches_a50fbde29aa04e9d829a4580fd5c68b8.tar.gz!/vlm_patches/test_113_tile_embeddings/standard/oracle_tumor/test_113_tile_embeddings_standard_oracle_tumor_001.png,test_113_tile_embeddings_standard_oracle_tumor_001
c16_native,test_113,test_113_tile_embeddings,248d02475bb8cdc0,41472,76288,256,20,0.9393768310546876,1,1.0,1,1,oracle_tumor,4,a50fbde29aa04e9d829a4580fd5c68b8,a50fbde29aa04e9d829a4580fd5c68b8,standard,0,0,vlm_patches/test_113_tile_embeddings/standard/oracle_tumor/test_113_tile_embeddings_standard_oracle_tumor_003.png,s3://pershin-medailab/Pathomorphology/CAMELYON/mil/vlm_patches/c16_abmil_vlm_patches_a50fbde29aa04e9d829a4580fd5c68b8.tar.gz!/vlm_patches/test_113_tile_embeddings/standard/oracle_tumor/test_113_tile_embeddings_standard_oracle_tumor_003.png,test_113_tile_embeddings_standard_oracle_tumor_003
c16_native,test_065,test_065_tile_embeddings,4748174707f85e45,43520,24832,256,20,0.8442230224609375,1,0.9525,1,1,oracle_tumor,1,a50fbde29aa04e9d829a4580fd5c68b8,a50fbde29aa04e9d829a4580fd5c68b8,standard,0,0,vlm_patches/test_065_tile_embeddings/standard/oracle_tumor/test_065_tile_embeddings_standard_oracle_tumor_000.png,s3://pershin-medailab/Pathomorphology/CAMELYON/mil/vlm_patches/c16_abmil_vlm_patches_a50fbde29aa04e9d829a4580fd5c68b8.tar.gz!/vlm_patches/test_065_tile_embeddings/standard/oracle_tumor/test_065_tile_embeddings_standard_oracle_tumor_000.png,test_065_tile_embeddings_standard_oracle_tumor_000
c16_native,test_065,test_065_tile_embeddings,13bcdab303c3323b,43008,25344,256,20,0.7762451171875,1,1.0,1,1,oracle_tumor,2,a50fbde29aa04e9d829a4580fd5c68b8,a50fbde29aa04e9d829a4580fd5c68b8,standard,0,0,vlm_patches/test_065_tile_embeddings/standard/oracle_tumor/test_065_tile_embeddings_standard_oracle_tumor_001.png,s3://pershin-medailab/Pathomorphology/CAMELYON/mil/vlm_patches/c16_abmil_vlm_patches_a50fbde29aa04e9d829a4580fd5c68b8.tar.gz!/vlm_patches/test_065_tile_embeddings/standard/oracle_tumor/test_065_tile_embeddings_standard_oracle_tumor_001.png,test_065_tile_embeddings_standard_oracle_tumor_001
c16_native,test_065,test_065_tile_embeddings,49eb9fe4c569750f,43264,25088,256,20,0.8505401611328125,1,1.0,1,1,oracle_tumor,3,a50fbde29aa04e9d829a4580fd5c68b8,a50fbde29aa04e9d829a4580fd5c68b8,standard,0,0,vlm_patches/test_065_tile_embeddings/standard/oracle_tumor/test_065_tile_embeddings_standard_oracle_tumor_002.png,s3://pershin-medailab/Pathomorphology/CAMELYON/mil/vlm_patches/c16_abmil_vlm_patches_a50fbde29aa04e9d829a4580fd5c68b8.tar.gz!/vlm_patches/test_065_tile_embeddings/standard/oracle_tumor/test_065_tile_embeddings_standard_oracle_tumor_002.png,test_065_tile_embeddings_standard_oracle_tumor_002
c16_native,test_105,test_105_tile_embeddings,46e6fceb2fdf05d0,27392,29952,256,20,0.9681854248046876,1,1.0,1,1,oracle_tumor,1,a50fbde29aa04e9d829a4580fd5c68b8,a50fbde29aa04e9d829a4580fd5c68b8,standard,0,0,vlm_patches/test_105_tile_embeddings/standard/oracle_tumor/test_105_tile_embeddings_standard_oracle_tumor_000.png,s3://pershin-medailab/Pathomorphology/CAMELYON/mil/vlm_patches/c16_abmil_vlm_patches_a50fbde29aa04e9d829a4580fd5c68b8.tar.gz!/vlm_patches/test_105_tile_embeddings/standard/oracle_tumor/test_105_tile_embeddings_standard_oracle_tumor_000.png,test_105_tile_embeddings_standard_oracle_tumor_000
c16_native,test_105,test_105_tile_embeddings,a39277523e5888f7,28160,29696,256,20,0.984649658203125,1,1.0,1,1,oracle_tumor,3,a50fbde29aa04e9d829a4580fd5c68b8,a50fbde29aa04e9d829a4580fd5c68b8,standard,0,0,vlm_patches/test_105_tile_embeddings/standard/oracle_tumor/test_105_tile_embeddings_standard_oracle_tumor_002.png,s3://pershin-medailab/Pathomorphology/CAMELYON/mil/vlm_patches/c16_abmil_vlm_patches_a50fbde29aa04e9d829a4580fd5c68b8.tar.gz!/vlm_patches/test_105_tile_embeddings/standard/oracle_tumor/test_105_tile_embeddings_standard_oracle_tumor_002.png,test_105_tile_embeddings_standard_oracle_tumor_002
c16_native,test_105,test_105_tile_embeddings,16673287f5ebe922,27904,29952,256,20,0.979278564453125,1,1.0,1,1,oracle_tumor,4,a50fbde29aa04e9d829a4580fd5c68b8,a50fbde29aa04e9d829a4580fd5c68b8,standard,0,0,vlm_patches/test_105_tile_embeddings/standard/oracle_tumor/test_105_tile_embeddings_standard_oracle_tumor_003.png,s3://pershin-medailab/Pathomorphology/CAMELYON/mil/vlm_patches/c16_abmil_vlm_patches_a50fbde29aa04e9d829a4580fd5c68b8.tar.gz!/vlm_patches/test_105_tile_embeddings/standard/oracle_tumor/test_105_tile_embeddings_standard_oracle_tumor_003.png,test_105_tile_embeddings_standard_oracle_tumor_003
c16_native,test_040,test_040_tile_embeddings,d648f1b0ffdd2e4b,56832,74240,256,20,0.9619903564453124,1,1.0,1,1,oracle_tumor,1,a50fbde29aa04e9d829a4580fd5c68b8,a50fbde29aa04e9d829a4580fd5c68b8,standard,0,0,vlm_patches/test_040_tile_embeddings/standard/oracle_tumor/test_040_tile_embeddings_standard_oracle_tumor_000.png,s3://pershin-medailab/Pathomorphology/CAMELYON/mil/vlm_patches/c16_abmil_vlm_patches_a50fbde29aa04e9d829a4580fd5c68b8.tar.gz!/vlm_patches/test_040_tile_embeddings/standard/oracle_tumor/test_040_tile_embeddings_standard_oracle_tumor_000.png,test_040_tile_embeddings_standard_oracle_tumor_000
c16_native,test_040,test_040_tile_embeddings,158226ee7e2da085,56576,72704,256,20,0.95721435546875,1,1.0,1,1,oracle_tumor,2,a50fbde29aa04e9d829a4580fd5c68b8,a50fbde29aa04e9d829a4580fd5c68b8,standard,0,0,vlm_patches/test_040_tile_embeddings/standard/oracle_tumor/test_040_tile_embeddings_standard_oracle_tumor_001.png,s3://pershin-medailab/Pathomorphology/CAMELYON/mil/vlm_patches/c16_abmil_vlm_patches_a50fbde29aa04e9d829a4580fd5c68b8.tar.gz!/vlm_patches/test_040_tile_embeddings/standard/oracle_tumor/test_040_tile_embeddings_standard_oracle_tumor_001.png,test_040_tile_embeddings_standard_oracle_tumor_001
c16_native,test_040,test_040_tile_embeddings,305adccfb36dccd2,67840,83968,256,20,0.8974609375,1,1.0,1,1,oracle_tumor,3,a50fbde29aa04e9d829a4580fd5c68b8,a50fbde29aa04e9d829a4580fd5c68b8,standard,0,0,vlm_patches/test_040_tile_embeddings/standard/oracle_tumor/test_040_tile_embeddings_standard_oracle_tumor_002.png,s3://pershin-medailab/Pathomorphology/CAMELYON/mil/vlm_patches/c16_abmil_vlm_patches_a50fbde29aa04e9d829a4580fd5c68b8.tar.gz!/vlm_patches/test_040_tile_embeddings/standard/oracle_tumor/test_040_tile_embeddings_standard_oracle_tumor_002.png,test_040_tile_embeddings_standard_oracle_tumor_002
c16_native,test_052,test_052_tile_embeddings,c72a86da085bf17f,69888,147968,256,20,0.47979736328125,1,0.9625,1,1,oracle_tumor,1,a50fbde29aa04e9d829a4580fd5c68b8,a50fbde29aa04e9d829a4580fd5c68b8,standard,0,0,vlm_patches/test_052_tile_embeddings/standard/oracle_tumor/test_052_tile_embeddings_standard_oracle_tumor_000.png,s3://pershin-medailab/Pathomorphology/CAMELYON/mil/vlm_patches/c16_abmil_vlm_patches_a50fbde29aa04e9d829a4580fd5c68b8.tar.gz!/vlm_patches/test_052_tile_embeddings/standard/oracle_tumor/test_052_tile_embeddings_standard_oracle_tumor_000.png,test_052_tile_embeddings_standard_oracle_tumor_000
c16_native,test_052,test_052_tile_embeddings,27d8bf123aae6abd,69888,148224,256,20,0.4968719482421875,1,1.0,1,1,oracle_tumor,2,a50fbde29aa04e9d829a4580fd5c68b8,a50fbde29aa04e9d829a4580fd5c68b8,standard,0,0,vlm_patches/test_052_tile_embeddings/standard/oracle_tumor/test_052_tile_embeddings_standard_oracle_tumor_001.png,s3://pershin-medailab/Pathomorphology/CAMELYON/mil/vlm_patches/c16_abmil_vlm_patches_a50fbde29aa04e9d829a4580fd5c68b8.tar.gz!/vlm_patches/test_052_tile_embeddings/standard/oracle_tumor/test_052_tile_embeddings_standard_oracle_tumor_001.png,test_052_tile_embeddings_standard_oracle_tumor_001
c16_native,test_052,test_052_tile_embeddings,f54560a49c501304,69888,148480,256,20,0.50164794921875,1,1.0,1,1,oracle_tumor,3,a50fbde29aa04e9d829a4580fd5c68b8,a50fbde29aa04e9d829a4580fd5c68b8,standard,0,0,vlm_patches/test_052_tile_embeddings/standard/oracle_tumor/test_052_tile_embeddings_standard_oracle_tumor_002.png,s3://pershin-medailab/Pathomorphology/CAMELYON/mil/vlm_patches/c16_abmil_vlm_patches_a50fbde29aa04e9d829a4580fd5c68b8.tar.gz!/vlm_patches/test_052_tile_embeddings/standard/oracle_tumor/test_052_tile_embeddings_standard_oracle_tumor_002.png,test_052_tile_embeddings_standard_oracle_tumor_002
c16_native,test_073,test_073_tile_embeddings,690b0d435af5d801,109056,73472,256,20,0.9752960205078124,1,1.0,1,1,oracle_tumor,1,a50fbde29aa04e9d829a4580fd5c68b8,a50fbde29aa04e9d829a4580fd5c68b8,standard,0,0,vlm_patches/test_073_tile_embeddings/standard/oracle_tumor/test_073_tile_embeddings_standard_oracle_tumor_000.png,s3://pershin-medailab/Pathomorphology/CAMELYON/mil/vlm_patches/c16_abmil_vlm_patches_a50fbde29aa04e9d829a4580fd5c68b8.tar.gz!/vlm_patches/test_073_tile_embeddings/standard/oracle_tumor/test_073_tile_embeddings_standard_oracle_tumor_000.png,test_073_tile_embeddings_standard_oracle_tumor_000
c16_native,test_073,test_073_tile_embeddings,5ffebb2fce256204,109312,74240,256,20,0.9239654541015624,1,1.0,1,1,oracle_tumor,2,a50fbde29aa04e9d829a4580fd5c68b8,a50fbde29aa04e9d829a4580fd5c68b8,standard,0,0,vlm_patches/test_073_tile_embeddings/standard/oracle_tumor/test_073_tile_embeddings_standard_oracle_tumor_001.png,s3://pershin-medailab/Pathomorphology/CAMELYON/mil/vlm_patches/c16_abmil_vlm_patches_a50fbde29aa04e9d829a4580fd5c68b8.tar.gz!/vlm_patches/test_073_tile_embeddings/standard/oracle_tumor/test_073_tile_embeddings_standard_oracle_tumor_001.png,test_073_tile_embeddings_standard_oracle_tumor_001
c16_native,test_073,test_073_tile_embeddings,c4f9fa9db93ee49b,15360,73984,256,20,0.930999755859375,1,1.0,1,1,oracle_tumor,3,a50fbde29aa04e9d829a4580fd5c68b8,a50fbde29aa04e9d829a4580fd5c68b8,standard,0,0,vlm_patches/test_073_tile_embeddings/standard/oracle_tumor/test_073_tile_embeddings_standard_oracle_tumor_002.png,s3://pershin-medailab/Pathomorphology/CAMELYON/mil/vlm_patches/c16_abmil_vlm_patches_a50fbde29aa04e9d829a4580fd5c68b8.tar.gz!/vlm_patches/test_073_tile_embeddings/standard/oracle_tumor/test_073_tile_embeddings_standard_oracle_tumor_002.png,test_073_tile_embeddings_standard_oracle_tumor_002
c16_native,test_104,test_104_tile_embeddings,e76348acb0ba1b0e,60672,154880,256,20,0.7780609130859375,1,1.0,1,1,oracle_tumor,1,a50fbde29aa04e9d829a4580fd5c68b8,a50fbde29aa04e9d829a4580fd5c68b8,standard,0,0,vlm_patches/test_104_tile_embeddings/standard/oracle_tumor/test_104_tile_embeddings_standard_oracle_tumor_000.png,s3://pershin-medailab/Pathomorphology/CAMELYON/mil/vlm_patches/c16_abmil_vlm_patches_a50fbde29aa04e9d829a4580fd5c68b8.tar.gz!/vlm_patches/test_104_tile_embeddings/standard/oracle_tumor/test_104_tile_embeddings_standard_oracle_tumor_000.png,test_104_tile_embeddings_standard_oracle_tumor_000
c16_native,test_104,test_104_tile_embeddings,fc4989e899ce6683,60416,148992,256,20,0.7810821533203125,1,1.0,1,1,oracle_tumor,2,a50fbde29aa04e9d829a4580fd5c68b8,a50fbde29aa04e9d829a4580fd5c68b8,standard,0,0,vlm_patches/test_104_tile_embeddings/standard/oracle_tumor/test_104_tile_embeddings_standard_oracle_tumor_001.png,s3://pershin-medailab/Pathomorphology/CAMELYON/mil/vlm_patches/c16_abmil_vlm_patches_a50fbde29aa04e9d829a4580fd5c68b8.tar.gz!/vlm_patches/test_104_tile_embeddings/standard/oracle_tumor/test_104_tile_embeddings_standard_oracle_tumor_001.png,test_104_tile_embeddings_standard_oracle_tumor_001
c16_native,test_104,test_104_tile_embeddings,4dc6f8e8fad04fb2,60416,152832,256,20,0.76531982421875,1,1.0,1,1,oracle_tumor,3,a50fbde29aa04e9d829a4580fd5c68b8,a50fbde29aa04e9d829a4580fd5c68b8,standard,0,0,vlm_patches/test_104_tile_embeddings/standard/oracle_tumor/test_104_tile_embeddings_standard_oracle_tumor_002.png,s3://pershin-medailab/Pathomorphology/CAMELYON/mil/vlm_patches/c16_abmil_vlm_patches_a50fbde29aa04e9d829a4580fd5c68b8.tar.gz!/vlm_patches/test_104_tile_embeddings/standard/oracle_tumor/test_104_tile_embeddings_standard_oracle_tumor_002.png,test_104_tile_embeddings_standard_oracle_tumor_002
c16_native,test_061,test_061_tile_embeddings,fc708a546c3102ae,55552,137984,256,20,0.82977294921875,1,1.0,1,1,oracle_tumor,1,a50fbde29aa04e9d829a4580fd5c68b8,a50fbde29aa04e9d829a4580fd5c68b8,standard,0,0,vlm_patches/test_061_tile_embeddings/standard/oracle_tumor/test_061_tile_embeddings_standard_oracle_tumor_000.png,s3://pershin-medailab/Pathomorphology/CAMELYON/mil/vlm_patches/c16_abmil_vlm_patches_a50fbde29aa04e9d829a4580fd5c68b8.tar.gz!/vlm_patches/test_061_tile_embeddings/standard/oracle_tumor/test_061_tile_embeddings_standard_oracle_tumor_000.png,test_061_tile_embeddings_standard_oracle_tumor_000
c16_native,test_061,test_061_tile_embeddings,f46109c42ec33d47,18688,129536,256,20,0.916015625,1,0.93,1,1,oracle_tumor,2,a50fbde29aa04e9d829a4580fd5c68b8,a50fbde29aa04e9d829a4580fd5c68b8,standard,0,0,vlm_patches/test_061_tile_embeddings/standard/oracle_tumor/test_061_tile_embeddings_standard_oracle_tumor_001.png,s3://pershin-medailab/Pathomorphology/CAMELYON/mil/vlm_patches/c16_abmil_vlm_patches_a50fbde29aa04e9d829a4580fd5c68b8.tar.gz!/vlm_patches/test_061_tile_embeddings/standard/oracle_tumor/test_061_tile_embeddings_standard_oracle_tumor_001.png,test_061_tile_embeddings_standard_oracle_tumor_001
c16_native,test_061,test_061_tile_embeddings,4ef531c7a5489cb6,56064,138752,256,20,0.8366241455078125,1,1.0,1,1,oracle_tumor,3,a50fbde29aa04e9d829a4580fd5c68b8,a50fbde29aa04e9d829a4580fd5c68b8,standard,0,0,vlm_patches/test_061_tile_embeddings/standard/oracle_tumor/test_061_tile_embeddings_standard_oracle_tumor_002.png,s3://pershin-medailab/Pathomorphology/CAMELYON/mil/vlm_patches/c16_abmil_vlm_patches_a50fbde29aa04e9d829a4580fd5c68b8.tar.gz!/vlm_patches/test_061_tile_embeddings/standard/oracle_tumor/test_061_tile_embeddings_standard_oracle_tumor_002.png,test_061_tile_embeddings_standard_oracle_tumor_002
c16_native,test_029,test_029_tile_embeddings,b908c1ccebbe8bb6,24320,92416,256,20,0.69927978515625,1,1.0,1,1,oracle_tumor,1,a50fbde29aa04e9d829a4580fd5c68b8,a50fbde29aa04e9d829a4580fd5c68b8,standard,0,0,vlm_patches/test_029_tile_embeddings/standard/oracle_tumor/test_029_tile_embeddings_standard_oracle_tumor_000.png,s3://pershin-medailab/Pathomorphology/CAMELYON/mil/vlm_patches/c16_abmil_vlm_patches_a50fbde29aa04e9d829a4580fd5c68b8.tar.gz!/vlm_patches/test_029_tile_embeddings/standard/oracle_tumor/test_029_tile_embeddings_standard_oracle_tumor_000.png,test_029_tile_embeddings_standard_oracle_tumor_000
c16_native,test_029,test_029_tile_embeddings,4695570632c36c41,24832,92160,256,20,0.6413726806640625,1,1.0,1,1,oracle_tumor,2,a50fbde29aa04e9d829a4580fd5c68b8,a50fbde29aa04e9d829a4580fd5c68b8,standard,0,0,vlm_patches/test_029_tile_embeddings/standard/oracle_tumor/test_029_tile_embeddings_standard_oracle_tumor_001.png,s3://pershin-medailab/Pathomorphology/CAMELYON/mil/vlm_patches/c16_abmil_vlm_patches_a50fbde29aa04e9d829a4580fd5c68b8.tar.gz!/vlm_patches/test_029_tile_embeddings/standard/oracle_tumor/test_029_tile_embeddings_standard_oracle_tumor_001.png,test_029_tile_embeddings_standard_oracle_tumor_001
c16_native,test_029,test_029_tile_embeddings,0f9d35aaf1363cb7,24320,92672,256,20,0.616119384765625,1,0.9825,1,1,oracle_tumor,4,a50fbde29aa04e9d829a4580fd5c68b8,a50fbde29aa04e9d829a4580fd5c68b8,standard,0,0,vlm_patches/test_029_tile_embeddings/standard/oracle_tumor/test_029_tile_embeddings_standard_oracle_tumor_003.png,s3://pershin-medailab/Pathomorphology/CAMELYON/mil/vlm_patches/c16_abmil_vlm_patches_a50fbde29aa04e9d829a4580fd5c68b8.tar.gz!/vlm_patches/test_029_tile_embeddings/standard/oracle_tumor/test_029_tile_embeddings_standard_oracle_tumor_003.png,test_029_tile_embeddings_standard_oracle_tumor_003
c16_native,test_026,test_026_tile_embeddings,f2da798a9b0dd7ec,73216,46592,256,20,0.90032958984375,1,0.8875,1,1,oracle_tumor,1,a50fbde29aa04e9d829a4580fd5c68b8,a50fbde29aa04e9d829a4580fd5c68b8,standard,0,0,vlm_patches/test_026_tile_embeddings/standard/oracle_tumor/test_026_tile_embeddings_standard_oracle_tumor_000.png,s3://pershin-medailab/Pathomorphology/CAMELYON/mil/vlm_patches/c16_abmil_vlm_patches_a50fbde29aa04e9d829a4580fd5c68b8.tar.gz!/vlm_patches/test_026_tile_embeddings/standard/oracle_tumor/test_026_tile_embeddings_standard_oracle_tumor_000.png,test_026_tile_embeddings_standard_oracle_tumor_000
c16_native,test_026,test_026_tile_embeddings,29494d57083e0194,72704,45824,256,20,0.88214111328125,1,0.8375,1,1,oracle_tumor,2,a50fbde29aa04e9d829a4580fd5c68b8,a50fbde29aa04e9d829a4580fd5c68b8,standard,0,0,vlm_patches/test_026_tile_embeddings/standard/oracle_tumor/test_026_tile_embeddings_standard_oracle_tumor_001.png,s3://pershin-medailab/Pathomorphology/CAMELYON/mil/vlm_patches/c16_abmil_vlm_patches_a50fbde29aa04e9d829a4580fd5c68b8.tar.gz!/vlm_patches/test_026_tile_embeddings/standard/oracle_tumor/test_026_tile_embeddings_standard_oracle_tumor_001.png,test_026_tile_embeddings_standard_oracle_tumor_001
c16_native,test_026,test_026_tile_embeddings,a6ad3809533f0261,73472,47104,256,20,0.8719635009765625,1,0.785,1,1,oracle_tumor,4,a50fbde29aa04e9d829a4580fd5c68b8,a50fbde29aa04e9d829a4580fd5c68b8,standard,0,0,vlm_patches/test_026_tile_embeddings/standard/oracle_tumor/test_026_tile_embeddings_standard_oracle_tumor_003.png,s3://pershin-medailab/Pathomorphology/CAMELYON/mil/vlm_patches/c16_abmil_vlm_patches_a50fbde29aa04e9d829a4580fd5c68b8.tar.gz!/vlm_patches/test_026_tile_embeddings/standard/oracle_tumor/test_026_tile_embeddings_standard_oracle_tumor_003.png,test_026_tile_embeddings_standard_oracle_tumor_003
c16_native,test_075,test_075_tile_embeddings,ea28b4cf970fc82d,37632,146432,256,20,0.7820281982421875,1,0.9525,1,1,oracle_tumor,1,a50fbde29aa04e9d829a4580fd5c68b8,a50fbde29aa04e9d829a4580fd5c68b8,standard,0,0,vlm_patches/test_075_tile_embeddings/standard/oracle_tumor/test_075_tile_embeddings_standard_oracle_tumor_000.png,s3://pershin-medailab/Pathomorphology/CAMELYON/mil/vlm_patches/c16_abmil_vlm_patches_a50fbde29aa04e9d829a4580fd5c68b8.tar.gz!/vlm_patches/test_075_tile_embeddings/standard/oracle_tumor/test_075_tile_embeddings_standard_oracle_tumor_000.png,test_075_tile_embeddings_standard_oracle_tumor_000
c16_native,test_075,test_075_tile_embeddings,9577401396a7893d,37888,146432,256,20,0.902496337890625,1,0.765,1,1,oracle_tumor,2,a50fbde29aa04e9d829a4580fd5c68b8,a50fbde29aa04e9d829a4580fd5c68b8,standard,0,0,vlm_patches/test_075_tile_embeddings/standard/oracle_tumor/test_075_tile_embeddings_standard_oracle_tumor_001.png,s3://pershin-medailab/Pathomorphology/CAMELYON/mil/vlm_patches/c16_abmil_vlm_patches_a50fbde29aa04e9d829a4580fd5c68b8.tar.gz!/vlm_patches/test_075_tile_embeddings/standard/oracle_tumor/test_075_tile_embeddings_standard_oracle_tumor_001.png,test_075_tile_embeddings_standard_oracle_tumor_001
c16_native,test_075,test_075_tile_embeddings,cd19cf47ffb3697b,82688,144128,256,20,0.968353271484375,1,1.0,1,1,oracle_tumor,3,a50fbde29aa04e9d829a4580fd5c68b8,a50fbde29aa04e9d829a4580fd5c68b8,standard,0,0,vlm_patches/test_075_tile_embeddings/standard/oracle_tumor/test_075_tile_embeddings_standard_oracle_tumor_002.png,s3://pershin-medailab/Pathomorphology/CAMELYON/mil/vlm_patches/c16_abmil_vlm_patches_a50fbde29aa04e9d829a4580fd5c68b8.tar.gz!/vlm_patches/test_075_tile_embeddings/standard/oracle_tumor/test_075_tile_embeddings_standard_oracle_tumor_002.png,test_075_tile_embeddings_standard_oracle_tumor_002
c16_native,test_051,test_051_tile_embeddings,0c3e72d17decdde4,73472,109824,256,20,0.977142333984375,1,1.0,1,1,oracle_tumor,1,a50fbde29aa04e9d829a4580fd5c68b8,a50fbde29aa04e9d829a4580fd5c68b8,standard,0,0,vlm_patches/test_051_tile_embeddings/standard/oracle_tumor/test_051_tile_embeddings_standard_oracle_tumor_000.png,s3://pershin-medailab/Pathomorphology/CAMELYON/mil/vlm_patches/c16_abmil_vlm_patches_a50fbde29aa04e9d829a4580fd5c68b8.tar.gz!/vlm_patches/test_051_tile_embeddings/standard/oracle_tumor/test_051_tile_embeddings_standard_oracle_tumor_000.png,test_051_tile_embeddings_standard_oracle_tumor_000
c16_native,test_051,test_051_tile_embeddings,6f6aadf6db3b0f46,73216,110080,256,20,0.981842041015625,1,1.0,1,1,oracle_tumor,2,a50fbde29aa04e9d829a4580fd5c68b8,a50fbde29aa04e9d829a4580fd5c68b8,standard,0,0,vlm_patches/test_051_tile_embeddings/standard/oracle_tumor/test_051_tile_embeddings_standard_oracle_tumor_001.png,s3://pershin-medailab/Pathomorphology/CAMELYON/mil/vlm_patches/c16_abmil_vlm_patches_a50fbde29aa04e9d829a4580fd5c68b8.tar.gz!/vlm_patches/test_051_tile_embeddings/standard/oracle_tumor/test_051_tile_embeddings_standard_oracle_tumor_001.png,test_051_tile_embeddings_standard_oracle_tumor_001
c16_native,test_051,test_051_tile_embeddings,6e2eaa0a9d21bcc5,73216,109312,256,20,0.9505462646484376,1,1.0,1,1,oracle_tumor,4,a50fbde29aa04e9d829a4580fd5c68b8,a50fbde29aa04e9d829a4580fd5c68b8,standard,0,0,vlm_patches/test_051_tile_embeddings/standard/oracle_tumor/test_051_tile_embeddings_standard_oracle_tumor_003.png,s3://pershin-medailab/Pathomorphology/CAMELYON/mil/vlm_patches/c16_abmil_vlm_patches_a50fbde29aa04e9d829a4580fd5c68b8.tar.gz!/vlm_patches/test_051_tile_embeddings/standard/oracle_tumor/test_051_tile_embeddings_standard_oracle_tumor_003.png,test_051_tile_embeddings_standard_oracle_tumor_003
c16_native,test_002,test_002_tile_embeddings,a87783cbc94e389f,32768,165120,256,20,0.77044677734375,1,1.0,1,1,oracle_tumor,1,a50fbde29aa04e9d829a4580fd5c68b8,a50fbde29aa04e9d829a4580fd5c68b8,standard,0,0,vlm_patches/test_002_tile_embeddings/standard/oracle_tumor/test_002_tile_embeddings_standard_oracle_tumor_000.png,s3://pershin-medailab/Pathomorphology/CAMELYON/mil/vlm_patches/c16_abmil_vlm_patches_a50fbde29aa04e9d829a4580fd5c68b8.tar.gz!/vlm_patches/test_002_tile_embeddings/standard/oracle_tumor/test_002_tile_embeddings_standard_oracle_tumor_000.png,test_002_tile_embeddings_standard_oracle_tumor_000
c16_native,test_002,test_002_tile_embeddings,1dcd89966158ac98,33024,166144,256,20,0.793182373046875,1,1.0,1,1,oracle_tumor,2,a50fbde29aa04e9d829a4580fd5c68b8,a50fbde29aa04e9d829a4580fd5c68b8,standard,0,0,vlm_patches/test_002_tile_embeddings/standard/oracle_tumor/test_002_tile_embeddings_standard_oracle_tumor_001.png,s3://pershin-medailab/Pathomorphology/CAMELYON/mil/vlm_patches/c16_abmil_vlm_patches_a50fbde29aa04e9d829a4580fd5c68b8.tar.gz!/vlm_patches/test_002_tile_embeddings/standard/oracle_tumor/test_002_tile_embeddings_standard_oracle_tumor_001.png,test_002_tile_embeddings_standard_oracle_tumor_001
c16_native,test_002,test_002_tile_embeddings,6b5edd51e30ceef3,32512,165632,256,20,0.7733612060546875,1,1.0,1,1,oracle_tumor,3,a50fbde29aa04e9d829a4580fd5c68b8,a50fbde29aa04e9d829a4580fd5c68b8,standard,0,0,vlm_patches/test_002_tile_embeddings/standard/oracle_tumor/test_002_tile_embeddings_standard_oracle_tumor_002.png,s3://pershin-medailab/Pathomorphology/CAMELYON/mil/vlm_patches/c16_abmil_vlm_patches_a50fbde29aa04e9d829a4580fd5c68b8.tar.gz!/vlm_patches/test_002_tile_embeddings/standard/oracle_tumor/test_002_tile_embeddings_standard_oracle_tumor_002.png,test_002_tile_embeddings_standard_oracle_tumor_002
c16_native,test_048,test_048_tile_embeddings,324cd1ffa70443c5,51712,8704,256,20,0.8538665771484375,1,0.8175,1,1,oracle_tumor,1,a50fbde29aa04e9d829a4580fd5c68b8,a50fbde29aa04e9d829a4580fd5c68b8,standard,0,0,vlm_patches/test_048_tile_embeddings/standard/oracle_tumor/test_048_tile_embeddings_standard_oracle_tumor_000.png,s3://pershin-medailab/Pathomorphology/CAMELYON/mil/vlm_patches/c16_abmil_vlm_patches_a50fbde29aa04e9d829a4580fd5c68b8.tar.gz!/vlm_patches/test_048_tile_embeddings/standard/oracle_tumor/test_048_tile_embeddings_standard_oracle_tumor_000.png,test_048_tile_embeddings_standard_oracle_tumor_000
c16_native,test_048,test_048_tile_embeddings,e5c3124d12745df5,51968,8704,256,20,0.86285400390625,1,0.7825,1,1,oracle_tumor,2,a50fbde29aa04e9d829a4580fd5c68b8,a50fbde29aa04e9d829a4580fd5c68b8,standard,0,0,vlm_patches/test_048_tile_embeddings/standard/oracle_tumor/test_048_tile_embeddings_standard_oracle_tumor_001.png,s3://pershin-medailab/Pathomorphology/CAMELYON/mil/vlm_patches/c16_abmil_vlm_patches_a50fbde29aa04e9d829a4580fd5c68b8.tar.gz!/vlm_patches/test_048_tile_embeddings/standard/oracle_tumor/test_048_tile_embeddings_standard_oracle_tumor_001.png,test_048_tile_embeddings_standard_oracle_tumor_001
c16_native,test_048,test_048_tile_embeddings,e3dd1ee66049c7b0,39680,46592,256,20,0.92578125,1,0.8775,1,1,oracle_tumor,3,a50fbde29aa04e9d829a4580fd5c68b8,a50fbde29aa04e9d829a4580fd5c68b8,standard,0,0,vlm_patches/test_048_tile_embeddings/standard/oracle_tumor/test_048_tile_embeddings_standard_oracle_tumor_002.png,s3://pershin-medailab/Pathomorphology/CAMELYON/mil/vlm_patches/c16_abmil_vlm_patches_a50fbde29aa04e9d829a4580fd5c68b8.tar.gz!/vlm_patches/test_048_tile_embeddings/standard/oracle_tumor/test_048_tile_embeddings_standard_oracle_tumor_002.png,test_048_tile_embeddings_standard_oracle_tumor_002
c16_native,test_068,test_068_tile_embeddings,0558665a19956bb4,47872,167680,256,20,0.898040771484375,1,1.0,1,1,oracle_tumor,1,a50fbde29aa04e9d829a4580fd5c68b8,a50fbde29aa04e9d829a4580fd5c68b8,standard,0,0,vlm_patches/test_068_tile_embeddings/standard/oracle_tumor/test_068_tile_embeddings_standard_oracle_tumor_000.png,s3://pershin-medailab/Pathomorphology/CAMELYON/mil/vlm_patches/c16_abmil_vlm_patches_a50fbde29aa04e9d829a4580fd5c68b8.tar.gz!/vlm_patches/test_068_tile_embeddings/standard/oracle_tumor/test_068_tile_embeddings_standard_oracle_tumor_000.png,test_068_tile_embeddings_standard_oracle_tumor_000
c16_native,test_068,test_068_tile_embeddings,f758ffabee417e98,48128,167936,256,20,0.86260986328125,1,1.0,1,1,oracle_tumor,2,a50fbde29aa04e9d829a4580fd5c68b8,a50fbde29aa04e9d829a4580fd5c68b8,standard,0,0,vlm_patches/test_068_tile_embeddings/standard/oracle_tumor/test_068_tile_embeddings_standard_oracle_tumor_001.png,s3://pershin-medailab/Pathomorphology/CAMELYON/mil/vlm_patches/c16_abmil_vlm_patches_a50fbde29aa04e9d829a4580fd5c68b8.tar.gz!/vlm_patches/test_068_tile_embeddings/standard/oracle_tumor/test_068_tile_embeddings_standard_oracle_tumor_001.png,test_068_tile_embeddings_standard_oracle_tumor_001
c16_native,test_068,test_068_tile_embeddings,db380ca1ffba2c9a,48128,166656,256,20,0.792999267578125,1,1.0,1,1,oracle_tumor,3,a50fbde29aa04e9d829a4580fd5c68b8,a50fbde29aa04e9d829a4580fd5c68b8,standard,0,0,vlm_patches/test_068_tile_embeddings/standard/oracle_tumor/test_068_tile_embeddings_standard_oracle_tumor_002.png,s3://pershin-medailab/Pathomorphology/CAMELYON/mil/vlm_patches/c16_abmil_vlm_patches_a50fbde29aa04e9d829a4580fd5c68b8.tar.gz!/vlm_patches/test_068_tile_embeddings/standard/oracle_tumor/test_068_tile_embeddings_standard_oracle_tumor_002.png,test_068_tile_embeddings_standard_oracle_tumor_002
c16_native,test_082,test_082_tile_embeddings,67f20a0052c1ac65,41728,99840,256,20,0.8176422119140625,1,1.0,1,1,oracle_tumor,1,a50fbde29aa04e9d829a4580fd5c68b8,a50fbde29aa04e9d829a4580fd5c68b8,standard,0,0,vlm_patches/test_082_tile_embeddings/standard/oracle_tumor/test_082_tile_embeddings_standard_oracle_tumor_000.png,s3://pershin-medailab/Pathomorphology/CAMELYON/mil/vlm_patches/c16_abmil_vlm_patches_a50fbde29aa04e9d829a4580fd5c68b8.tar.gz!/vlm_patches/test_082_tile_embeddings/standard/oracle_tumor/test_082_tile_embeddings_standard_oracle_tumor_000.png,test_082_tile_embeddings_standard_oracle_tumor_000
c16_native,test_082,test_082_tile_embeddings,c3995681cdfa5d05,40448,98048,256,20,0.8608856201171875,1,1.0,1,1,oracle_tumor,2,a50fbde29aa04e9d829a4580fd5c68b8,a50fbde29aa04e9d829a4580fd5c68b8,standard,0,0,vlm_patches/test_082_tile_embeddings/standard/oracle_tumor/test_082_tile_embeddings_standard_oracle_tumor_001.png,s3://pershin-medailab/Pathomorphology/CAMELYON/mil/vlm_patches/c16_abmil_vlm_patches_a50fbde29aa04e9d829a4580fd5c68b8.tar.gz!/vlm_patches/test_082_tile_embeddings/standard/oracle_tumor/test_082_tile_embeddings_standard_oracle_tumor_001.png,test_082_tile_embeddings_standard_oracle_tumor_001
c16_native,test_082,test_082_tile_embeddings,a3f94c53508a0189,41472,100608,256,20,0.7652587890625,1,1.0,1,1,oracle_tumor,3,a50fbde29aa04e9d829a4580fd5c68b8,a50fbde29aa04e9d829a4580fd5c68b8,standard,0,0,vlm_patches/test_082_tile_embeddings/standard/oracle_tumor/test_082_tile_embeddings_standard_oracle_tumor_002.png,s3://pershin-medailab/Pathomorphology/CAMELYON/mil/vlm_patches/c16_abmil_vlm_patches_a50fbde29aa04e9d829a4580fd5c68b8.tar.gz!/vlm_patches/test_082_tile_embeddings/standard/oracle_tumor/test_082_tile_embeddings_standard_oracle_tumor_002.png,test_082_tile_embeddings_standard_oracle_tumor_002
c16_native,test_004,test_004_tile_embeddings,444eaaae222526f3,66304,69120,256,20,0.6634979248046875,1,0.65,1,1,oracle_tumor,1,a50fbde29aa04e9d829a4580fd5c68b8,a50fbde29aa04e9d829a4580fd5c68b8,standard,0,0,vlm_patches/test_004_tile_embeddings/standard/oracle_tumor/test_004_tile_embeddings_standard_oracle_tumor_000.png,s3://pershin-medailab/Pathomorphology/CAMELYON/mil/vlm_patches/c16_abmil_vlm_patches_a50fbde29aa04e9d829a4580fd5c68b8.tar.gz!/vlm_patches/test_004_tile_embeddings/standard/oracle_tumor/test_004_tile_embeddings_standard_oracle_tumor_000.png,test_004_tile_embeddings_standard_oracle_tumor_000
c16_native,test_004,test_004_tile_embeddings,309ccd41d6700802,72448,72448,256,20,0.672149658203125,1,0.395,1,1,oracle_tumor,4,a50fbde29aa04e9d829a4580fd5c68b8,a50fbde29aa04e9d829a4580fd5c68b8,standard,0,0,vlm_patches/test_004_tile_embeddings/standard/oracle_tumor/test_004_tile_embeddings_standard_oracle_tumor_003.png,s3://pershin-medailab/Pathomorphology/CAMELYON/mil/vlm_patches/c16_abmil_vlm_patches_a50fbde29aa04e9d829a4580fd5c68b8.tar.gz!/vlm_patches/test_004_tile_embeddings/standard/oracle_tumor/test_004_tile_embeddings_standard_oracle_tumor_003.png,test_004_tile_embeddings_standard_oracle_tumor_003
c16_native,test_004,test_004_tile_embeddings,888b10692000292c,66560,69632,256,20,0.7512969970703125,1,0.29,1,1,oracle_tumor,5,a50fbde29aa04e9d829a4580fd5c68b8,a50fbde29aa04e9d829a4580fd5c68b8,standard,0,0,vlm_patches/test_004_tile_embeddings/standard/oracle_tumor/test_004_tile_embeddings_standard_oracle_tumor_004.png,s3://pershin-medailab/Pathomorphology/CAMELYON/mil/vlm_patches/c16_abmil_vlm_patches_a50fbde29aa04e9d829a4580fd5c68b8.tar.gz!/vlm_patches/test_004_tile_embeddings/standard/oracle_tumor/test_004_tile_embeddings_standard_oracle_tumor_004.png,test_004_tile_embeddings_standard_oracle_tumor_004
c16_native,test_074,test_074_tile_embeddings,7457379b8de8ada5,76032,145152,256,20,0.826324462890625,1,0.9225,1,1,oracle_tumor,1,a50fbde29aa04e9d829a4580fd5c68b8,a50fbde29aa04e9d829a4580fd5c68b8,standard,0,0,vlm_patches/test_074_tile_embeddings/standard/oracle_tumor/test_074_tile_embeddings_standard_oracle_tumor_000.png,s3://pershin-medailab/Pathomorphology/CAMELYON/mil/vlm_patches/c16_abmil_vlm_patches_a50fbde29aa04e9d829a4580fd5c68b8.tar.gz!/vlm_patches/test_074_tile_embeddings/standard/oracle_tumor/test_074_tile_embeddings_standard_oracle_tumor_000.png,test_074_tile_embeddings_standard_oracle_tumor_000
c16_native,test_074,test_074_tile_embeddings,867968a12cd05111,73728,144384,256,20,0.68756103515625,1,0.84,1,1,oracle_tumor,2,a50fbde29aa04e9d829a4580fd5c68b8,a50fbde29aa04e9d829a4580fd5c68b8,standard,0,0,vlm_patches/test_074_tile_embeddings/standard/oracle_tumor/test_074_tile_embeddings_standard_oracle_tumor_001.png,s3://pershin-medailab/Pathomorphology/CAMELYON/mil/vlm_patches/c16_abmil_vlm_patches_a50fbde29aa04e9d829a4580fd5c68b8.tar.gz!/vlm_patches/test_074_tile_embeddings/standard/oracle_tumor/test_074_tile_embeddings_standard_oracle_tumor_001.png,test_074_tile_embeddings_standard_oracle_tumor_001
c16_native,test_074,test_074_tile_embeddings,fb878ff4f4498bd7,73728,144128,256,20,0.6815032958984375,1,0.8725,1,1,oracle_tumor,3,a50fbde29aa04e9d829a4580fd5c68b8,a50fbde29aa04e9d829a4580fd5c68b8,standard,0,0,vlm_patches/test_074_tile_embeddings/standard/oracle_tumor/test_074_tile_embeddings_standard_oracle_tumor_002.png,s3://pershin-medailab/Pathomorphology/CAMELYON/mil/vlm_patches/c16_abmil_vlm_patches_a50fbde29aa04e9d829a4580fd5c68b8.tar.gz!/vlm_patches/test_074_tile_embeddings/standard/oracle_tumor/test_074_tile_embeddings_standard_oracle_tumor_002.png,test_074_tile_embeddings_standard_oracle_tumor_002
c16_native,test_010,test_010_tile_embeddings,924cefc14daa8ea0,81408,147712,256,20,0.884002685546875,1,0.81,1,1,oracle_tumor,1,a50fbde29aa04e9d829a4580fd5c68b8,a50fbde29aa04e9d829a4580fd5c68b8,standard,0,0,vlm_patches/test_010_tile_embeddings/standard/oracle_tumor/test_010_tile_embeddings_standard_oracle_tumor_000.png,s3://pershin-medailab/Pathomorphology/CAMELYON/mil/vlm_patches/c16_abmil_vlm_patches_a50fbde29aa04e9d829a4580fd5c68b8.tar.gz!/vlm_patches/test_010_tile_embeddings/standard/oracle_tumor/test_010_tile_embeddings_standard_oracle_tumor_000.png,test_010_tile_embeddings_standard_oracle_tumor_000
c16_native,test_010,test_010_tile_embeddings,0963231f347ef06d,81664,147712,256,20,0.899139404296875,1,0.7025,1,1,oracle_tumor,2,a50fbde29aa04e9d829a4580fd5c68b8,a50fbde29aa04e9d829a4580fd5c68b8,standard,0,0,vlm_patches/test_010_tile_embeddings/standard/oracle_tumor/test_010_tile_embeddings_standard_oracle_tumor_001.png,s3://pershin-medailab/Pathomorphology/CAMELYON/mil/vlm_patches/c16_abmil_vlm_patches_a50fbde29aa04e9d829a4580fd5c68b8.tar.gz!/vlm_patches/test_010_tile_embeddings/standard/oracle_tumor/test_010_tile_embeddings_standard_oracle_tumor_001.png,test_010_tile_embeddings_standard_oracle_tumor_001
c16_native,test_010,test_010_tile_embeddings,87dd6af94f8629df,81152,147712,256,20,0.9373321533203124,1,0.78,1,1,oracle_tumor,3,a50fbde29aa04e9d829a4580fd5c68b8,a50fbde29aa04e9d829a4580fd5c68b8,standard,0,0,vlm_patches/test_010_tile_embeddings/standard/oracle_tumor/test_010_tile_embeddings_standard_oracle_tumor_002.png,s3://pershin-medailab/Pathomorphology/CAMELYON/mil/vlm_patches/c16_abmil_vlm_patches_a50fbde29aa04e9d829a4580fd5c68b8.tar.gz!/vlm_patches/test_010_tile_embeddings/standard/oracle_tumor/test_010_tile_embeddings_standard_oracle_tumor_002.png,test_010_tile_embeddings_standard_oracle_tumor_002
c16_native,test_090,test_090_tile_embeddings,8a6b1de32ae52394,31232,127232,256,20,0.8945159912109375,1,1.0,1,1,oracle_tumor,1,a50fbde29aa04e9d829a4580fd5c68b8,a50fbde29aa04e9d829a4580fd5c68b8,standard,0,0,vlm_patches/test_090_tile_embeddings/standard/oracle_tumor/test_090_tile_embeddings_standard_oracle_tumor_000.png,s3://pershin-medailab/Pathomorphology/CAMELYON/mil/vlm_patches/c16_abmil_vlm_patches_a50fbde29aa04e9d829a4580fd5c68b8.tar.gz!/vlm_patches/test_090_tile_embeddings/standard/oracle_tumor/test_090_tile_embeddings_standard_oracle_tumor_000.png,test_090_tile_embeddings_standard_oracle_tumor_000
c16_native,test_090,test_090_tile_embeddings,73a91caae8a1e657,35584,119296,256,20,0.7794189453125,1,1.0,1,1,oracle_tumor,2,a50fbde29aa04e9d829a4580fd5c68b8,a50fbde29aa04e9d829a4580fd5c68b8,standard,0,0,vlm_patches/test_090_tile_embeddings/standard/oracle_tumor/test_090_tile_embeddings_standard_oracle_tumor_001.png,s3://pershin-medailab/Pathomorphology/CAMELYON/mil/vlm_patches/c16_abmil_vlm_patches_a50fbde29aa04e9d829a4580fd5c68b8.tar.gz!/vlm_patches/test_090_tile_embeddings/standard/oracle_tumor/test_090_tile_embeddings_standard_oracle_tumor_001.png,test_090_tile_embeddings_standard_oracle_tumor_001
c16_native,test_090,test_090_tile_embeddings,d2b700341280ea9e,31232,126464,256,20,0.82391357421875,1,1.0,1,1,oracle_tumor,3,a50fbde29aa04e9d829a4580fd5c68b8,a50fbde29aa04e9d829a4580fd5c68b8,standard,0,0,vlm_patches/test_090_tile_embeddings/standard/oracle_tumor/test_090_tile_embeddings_standard_oracle_tumor_002.png,s3://pershin-medailab/Pathomorphology/CAMELYON/mil/vlm_patches/c16_abmil_vlm_patches_a50fbde29aa04e9d829a4580fd5c68b8.tar.gz!/vlm_patches/test_090_tile_embeddings/standard/oracle_tumor/test_090_tile_embeddings_standard_oracle_tumor_002.png,test_090_tile_embeddings_standard_oracle_tumor_002
c16_native,test_021,test_021_tile_embeddings,6e2269b17ecc9030,34816,193536,256,20,0.7014312744140625,1,1.0,1,1,oracle_tumor,1,a50fbde29aa04e9d829a4580fd5c68b8,a50fbde29aa04e9d829a4580fd5c68b8,standard,0,0,vlm_patches/test_021_tile_embeddings/standard/oracle_tumor/test_021_tile_embeddings_standard_oracle_tumor_000.png,s3://pershin-medailab/Pathomorphology/CAMELYON/mil/vlm_patches/c16_abmil_vlm_patches_a50fbde29aa04e9d829a4580fd5c68b8.tar.gz!/vlm_patches/test_021_tile_embeddings/standard/oracle_tumor/test_021_tile_embeddings_standard_oracle_tumor_000.png,test_021_tile_embeddings_standard_oracle_tumor_000
c16_native,test_021,test_021_tile_embeddings,ea9bc4b129983320,49664,193536,256,20,0.720611572265625,1,1.0,1,1,oracle_tumor,2,a50fbde29aa04e9d829a4580fd5c68b8,a50fbde29aa04e9d829a4580fd5c68b8,standard,0,0,vlm_patches/test_021_tile_embeddings/standard/oracle_tumor/test_021_tile_embeddings_standard_oracle_tumor_001.png,s3://pershin-medailab/Pathomorphology/CAMELYON/mil/vlm_patches/c16_abmil_vlm_patches_a50fbde29aa04e9d829a4580fd5c68b8.tar.gz!/vlm_patches/test_021_tile_embeddings/standard/oracle_tumor/test_021_tile_embeddings_standard_oracle_tumor_001.png,test_021_tile_embeddings_standard_oracle_tumor_001
c16_native,test_021,test_021_tile_embeddings,558d842da2de40ef,49664,193792,256,20,0.6125946044921875,1,1.0,1,1,oracle_tumor,3,a50fbde29aa04e9d829a4580fd5c68b8,a50fbde29aa04e9d829a4580fd5c68b8,standard,0,0,vlm_patches/test_021_tile_embeddings/standard/oracle_tumor/test_021_tile_embeddings_standard_oracle_tumor_002.png,s3://pershin-medailab/Pathomorphology/CAMELYON/mil/vlm_patches/c16_abmil_vlm_patches_a50fbde29aa04e9d829a4580fd5c68b8.tar.gz!/vlm_patches/test_021_tile_embeddings/standard/oracle_tumor/test_021_tile_embeddings_standard_oracle_tumor_002.png,test_021_tile_embeddings_standard_oracle_tumor_002
c16_native,test_094,test_094_tile_embeddings,7b13ff272c66ac98,37632,43776,256,20,0.8824920654296875,1,1.0,1,1,oracle_tumor,1,a50fbde29aa04e9d829a4580fd5c68b8,a50fbde29aa04e9d829a4580fd5c68b8,standard,0,0,vlm_patches/test_094_tile_embeddings/standard/oracle_tumor/test_094_tile_embeddings_standard_oracle_tumor_000.png,s3://pershin-medailab/Pathomorphology/CAMELYON/mil/vlm_patches/c16_abmil_vlm_patches_a50fbde29aa04e9d829a4580fd5c68b8.tar.gz!/vlm_patches/test_094_tile_embeddings/standard/oracle_tumor/test_094_tile_embeddings_standard_oracle_tumor_000.png,test_094_tile_embeddings_standard_oracle_tumor_000
c16_native,test_094,test_094_tile_embeddings,713c9d6d325a8910,36352,41984,256,20,0.89727783203125,1,0.975,1,1,oracle_tumor,2,a50fbde29aa04e9d829a4580fd5c68b8,a50fbde29aa04e9d829a4580fd5c68b8,standard,0,0,vlm_patches/test_094_tile_embeddings/standard/oracle_tumor/test_094_tile_embeddings_standard_oracle_tumor_001.png,s3://pershin-medailab/Pathomorphology/CAMELYON/mil/vlm_patches/c16_abmil_vlm_patches_a50fbde29aa04e9d829a4580fd5c68b8.tar.gz!/vlm_patches/test_094_tile_embeddings/standard/oracle_tumor/test_094_tile_embeddings_standard_oracle_tumor_001.png,test_094_tile_embeddings_standard_oracle_tumor_001
c16_native,test_094,test_094_tile_embeddings,f430838a15f65d07,38144,41472,256,20,0.89801025390625,1,1.0,1,1,oracle_tumor,4,a50fbde29aa04e9d829a4580fd5c68b8,a50fbde29aa04e9d829a4580fd5c68b8,standard,0,0,vlm_patches/test_094_tile_embeddings/standard/oracle_tumor/test_094_tile_embeddings_standard_oracle_tumor_003.png,s3://pershin-medailab/Pathomorphology/CAMELYON/mil/vlm_patches/c16_abmil_vlm_patches_a50fbde29aa04e9d829a4580fd5c68b8.tar.gz!/vlm_patches/test_094_tile_embeddings/standard/oracle_tumor/test_094_tile_embeddings_standard_oracle_tumor_003.png,test_094_tile_embeddings_standard_oracle_tumor_003
c16_native,test_066,test_066_tile_embeddings,10b3a611411fccaa,41984,40704,256,20,0.8937530517578125,1,0.68,1,1,oracle_tumor,1,a50fbde29aa04e9d829a4580fd5c68b8,a50fbde29aa04e9d829a4580fd5c68b8,standard,0,0,vlm_patches/test_066_tile_embeddings/standard/oracle_tumor/test_066_tile_embeddings_standard_oracle_tumor_000.png,s3://pershin-medailab/Pathomorphology/CAMELYON/mil/vlm_patches/c16_abmil_vlm_patches_a50fbde29aa04e9d829a4580fd5c68b8.tar.gz!/vlm_patches/test_066_tile_embeddings/standard/oracle_tumor/test_066_tile_embeddings_standard_oracle_tumor_000.png,test_066_tile_embeddings_standard_oracle_tumor_000
c16_native,test_066,test_066_tile_embeddings,c8316ef2e9641372,58624,33280,256,20,0.75872802734375,1,0.9075,1,1,oracle_tumor,2,a50fbde29aa04e9d829a4580fd5c68b8,a50fbde29aa04e9d829a4580fd5c68b8,standard,0,0,vlm_patches/test_066_tile_embeddings/standard/oracle_tumor/test_066_tile_embeddings_standard_oracle_tumor_001.png,s3://pershin-medailab/Pathomorphology/CAMELYON/mil/vlm_patches/c16_abmil_vlm_patches_a50fbde29aa04e9d829a4580fd5c68b8.tar.gz!/vlm_patches/test_066_tile_embeddings/standard/oracle_tumor/test_066_tile_embeddings_standard_oracle_tumor_001.png,test_066_tile_embeddings_standard_oracle_tumor_001
c16_native,test_066,test_066_tile_embeddings,7bd2a710fc0de8e4,58368,33280,256,20,0.9472198486328124,1,0.9275,1,1,oracle_tumor,4,a50fbde29aa04e9d829a4580fd5c68b8,a50fbde29aa04e9d829a4580fd5c68b8,standard,0,0,vlm_patches/test_066_tile_embeddings/standard/oracle_tumor/test_066_tile_embeddings_standard_oracle_tumor_003.png,s3://pershin-medailab/Pathomorphology/CAMELYON/mil/vlm_patches/c16_abmil_vlm_patches_a50fbde29aa04e9d829a4580fd5c68b8.tar.gz!/vlm_patches/test_066_tile_embeddings/standard/oracle_tumor/test_066_tile_embeddings_standard_oracle_tumor_003.png,test_066_tile_embeddings_standard_oracle_tumor_003
c16_native,test_064,test_064_tile_embeddings,6ef19b1d71d9b733,51968,153856,256,20,0.875213623046875,1,1.0,1,1,oracle_tumor,1,a50fbde29aa04e9d829a4580fd5c68b8,a50fbde29aa04e9d829a4580fd5c68b8,standard,0,0,vlm_patches/test_064_tile_embeddings/standard/oracle_tumor/test_064_tile_embeddings_standard_oracle_tumor_000.png,s3://pershin-medailab/Pathomorphology/CAMELYON/mil/vlm_patches/c16_abmil_vlm_patches_a50fbde29aa04e9d829a4580fd5c68b8.tar.gz!/vlm_patches/test_064_tile_embeddings/standard/oracle_tumor/test_064_tile_embeddings_standard_oracle_tumor_000.png,test_064_tile_embeddings_standard_oracle_tumor_000
c16_native,test_064,test_064_tile_embeddings,be8195c493b1a6ff,51712,153600,256,20,0.8614349365234375,1,0.815,1,1,oracle_tumor,2,a50fbde29aa04e9d829a4580fd5c68b8,a50fbde29aa04e9d829a4580fd5c68b8,standard,0,0,vlm_patches/test_064_tile_embeddings/standard/oracle_tumor/test_064_tile_embeddings_standard_oracle_tumor_001.png,s3://pershin-medailab/Pathomorphology/CAMELYON/mil/vlm_patches/c16_abmil_vlm_patches_a50fbde29aa04e9d829a4580fd5c68b8.tar.gz!/vlm_patches/test_064_tile_embeddings/standard/oracle_tumor/test_064_tile_embeddings_standard_oracle_tumor_001.png,test_064_tile_embeddings_standard_oracle_tumor_001
c16_native,test_064,test_064_tile_embeddings,4df86d1259b2fe11,51968,153344,256,20,0.8529510498046875,1,1.0,1,1,oracle_tumor,3,a50fbde29aa04e9d829a4580fd5c68b8,a50fbde29aa04e9d829a4580fd5c68b8,standard,0,0,vlm_patches/test_064_tile_embeddings/standard/oracle_tumor/test_064_tile_embeddings_standard_oracle_tumor_002.png,s3://pershin-medailab/Pathomorphology/CAMELYON/mil/vlm_patches/c16_abmil_vlm_patches_a50fbde29aa04e9d829a4580fd5c68b8.tar.gz!/vlm_patches/test_064_tile_embeddings/standard/oracle_tumor/test_064_tile_embeddings_standard_oracle_tumor_002.png,test_064_tile_embeddings_standard_oracle_tumor_002
c16_native,test_129,test_129_tile_embeddings,0f305248a05d5f1f,48384,79360,256,20,0.8131866455078125,0,0.0,0,0,oracle_non_tumor,1,a50fbde29aa04e9d829a4580fd5c68b8,a50fbde29aa04e9d829a4580fd5c68b8,standard,0,0,vlm_patches/test_129_tile_embeddings/standard/oracle_non_tumor/test_129_tile_embeddings_standard_oracle_non_tumor_000.png,s3://pershin-medailab/Pathomorphology/CAMELYON/mil/vlm_patches/c16_abmil_vlm_patches_a50fbde29aa04e9d829a4580fd5c68b8.tar.gz!/vlm_patches/test_129_tile_embeddings/standard/oracle_non_tumor/test_129_tile_embeddings_standard_oracle_non_tumor_000.png,test_129_tile_embeddings_standard_oracle_non_tumor_000
c16_native,test_129,test_129_tile_embeddings,4a69839361cdd55d,62720,84224,256,20,0.5073699951171875,0,0.0,0,0,oracle_non_tumor,2,a50fbde29aa04e9d829a4580fd5c68b8,a50fbde29aa04e9d829a4580fd5c68b8,standard,0,0,vlm_patches/test_129_tile_embeddings/standard/oracle_non_tumor/test_129_tile_embeddings_standard_oracle_non_tumor_001.png,s3://pershin-medailab/Pathomorphology/CAMELYON/mil/vlm_patches/c16_abmil_vlm_patches_a50fbde29aa04e9d829a4580fd5c68b8.tar.gz!/vlm_patches/test_129_tile_embeddings/standard/oracle_non_tumor/test_129_tile_embeddings_standard_oracle_non_tumor_001.png,test_129_tile_embeddings_standard_oracle_non_tumor_001
c16_native,test_129,test_129_tile_embeddings,577b086ee541d418,50944,85248,256,20,0.2219696044921875,0,0.0,0,0,oracle_non_tumor,3,a50fbde29aa04e9d829a4580fd5c68b8,a50fbde29aa04e9d829a4580fd5c68b8,standard,0,0,vlm_patches/test_129_tile_embeddings/standard/oracle_non_tumor/test_129_tile_embeddings_standard_oracle_non_tumor_002.png,s3://pershin-medailab/Pathomorphology/CAMELYON/mil/vlm_patches/c16_abmil_vlm_patches_a50fbde29aa04e9d829a4580fd5c68b8.tar.gz!/vlm_patches/test_129_tile_embeddings/standard/oracle_non_tumor/test_129_tile_embeddings_standard_oracle_non_tumor_002.png,test_129_tile_embeddings_standard_oracle_non_tumor_002
c16_native,test_091,test_091_tile_embeddings,478afc2fe5cae4ad,80128,135936,256,20,0.5244293212890625,0,0.0,0,0,oracle_non_tumor,1,a50fbde29aa04e9d829a4580fd5c68b8,a50fbde29aa04e9d829a4580fd5c68b8,standard,0,0,vlm_patches/test_091_tile_embeddings/standard/oracle_non_tumor/test_091_tile_embeddings_standard_oracle_non_tumor_000.png,s3://pershin-medailab/Pathomorphology/CAMELYON/mil/vlm_patches/c16_abmil_vlm_patches_a50fbde29aa04e9d829a4580fd5c68b8.tar.gz!/vlm_patches/test_091_tile_embeddings/standard/oracle_non_tumor/test_091_tile_embeddings_standard_oracle_non_tumor_000.png,test_091_tile_embeddings_standard_oracle_non_tumor_000
c16_native,test_091,test_091_tile_embeddings,749c60f1bdec99b9,38912,134656,256,20,0.39739990234375,0,0.0,0,0,oracle_non_tumor,2,a50fbde29aa04e9d829a4580fd5c68b8,a50fbde29aa04e9d829a4580fd5c68b8,standard,0,0,vlm_patches/test_091_tile_embeddings/standard/oracle_non_tumor/test_091_tile_embeddings_standard_oracle_non_tumor_001.png,s3://pershin-medailab/Pathomorphology/CAMELYON/mil/vlm_patches/c16_abmil_vlm_patches_a50fbde29aa04e9d829a4580fd5c68b8.tar.gz!/vlm_patches/test_091_tile_embeddings/standard/oracle_non_tumor/test_091_tile_embeddings_standard_oracle_non_tumor_001.png,test_091_tile_embeddings_standard_oracle_non_tumor_001
c16_native,test_091,test_091_tile_embeddings,2dc8e9031096c577,76544,137984,256,20,0.132659912109375,0,0.0,0,0,oracle_non_tumor,3,a50fbde29aa04e9d829a4580fd5c68b8,a50fbde29aa04e9d829a4580fd5c68b8,standard,0,0,vlm_patches/test_091_tile_embeddings/standard/oracle_non_tumor/test_091_tile_embeddings_standard_oracle_non_tumor_002.png,s3://pershin-medailab/Pathomorphology/CAMELYON/mil/vlm_patches/c16_abmil_vlm_patches_a50fbde29aa04e9d829a4580fd5c68b8.tar.gz!/vlm_patches/test_091_tile_embeddings/standard/oracle_non_tumor/test_091_tile_embeddings_standard_oracle_non_tumor_002.png,test_091_tile_embeddings_standard_oracle_non_tumor_002
c16_native,test_114,test_114_tile_embeddings,55b08cd340a01fbf,41984,64256,256,20,0.9942474365234376,0,0.0,0,0,oracle_non_tumor,1,a50fbde29aa04e9d829a4580fd5c68b8,a50fbde29aa04e9d829a4580fd5c68b8,standard,0,0,vlm_patches/test_114_tile_embeddings/standard/oracle_non_tumor/test_114_tile_embeddings_standard_oracle_non_tumor_000.png,s3://pershin-medailab/Pathomorphology/CAMELYON/mil/vlm_patches/c16_abmil_vlm_patches_a50fbde29aa04e9d829a4580fd5c68b8.tar.gz!/vlm_patches/test_114_tile_embeddings/standard/oracle_non_tumor/test_114_tile_embeddings_standard_oracle_non_tumor_000.png,test_114_tile_embeddings_standard_oracle_non_tumor_000
c16_native,test_114,test_114_tile_embeddings,46edfea6994a5099,62976,65280,256,20,0.8757171630859375,0,0.0,0,0,oracle_non_tumor,2,a50fbde29aa04e9d829a4580fd5c68b8,a50fbde29aa04e9d829a4580fd5c68b8,standard,0,0,vlm_patches/test_114_tile_embeddings/standard/oracle_non_tumor/test_114_tile_embeddings_standard_oracle_non_tumor_001.png,s3://pershin-medailab/Pathomorphology/CAMELYON/mil/vlm_patches/c16_abmil_vlm_patches_a50fbde29aa04e9d829a4580fd5c68b8.tar.gz!/vlm_patches/test_114_tile_embeddings/standard/oracle_non_tumor/test_114_tile_embeddings_standard_oracle_non_tumor_001.png,test_114_tile_embeddings_standard_oracle_non_tumor_001
c16_native,test_114,test_114_tile_embeddings,741d697219324f58,92160,76800,256,20,0.998199462890625,0,0.0,0,0,oracle_non_tumor,3,a50fbde29aa04e9d829a4580fd5c68b8,a50fbde29aa04e9d829a4580fd5c68b8,standard,0,0,vlm_patches/test_114_tile_embeddings/standard/oracle_non_tumor/test_114_tile_embeddings_standard_oracle_non_tumor_002.png,s3://pershin-medailab/Pathomorphology/CAMELYON/mil/vlm_patches/c16_abmil_vlm_patches_a50fbde29aa04e9d829a4580fd5c68b8.tar.gz!/vlm_patches/test_114_tile_embeddings/standard/oracle_non_tumor/test_114_tile_embeddings_standard_oracle_non_tumor_002.png,test_114_tile_embeddings_standard_oracle_non_tumor_002
c16_native,test_096,test_096_tile_embeddings,53e652b253bd274f,58880,143360,256,20,0.9008331298828124,0,0.0,0,0,oracle_non_tumor,1,a50fbde29aa04e9d829a4580fd5c68b8,a50fbde29aa04e9d829a4580fd5c68b8,standard,0,0,vlm_patches/test_096_tile_embeddings/standard/oracle_non_tumor/test_096_tile_embeddings_standard_oracle_non_tumor_000.png,s3://pershin-medailab/Pathomorphology/CAMELYON/mil/vlm_patches/c16_abmil_vlm_patches_a50fbde29aa04e9d829a4580fd5c68b8.tar.gz!/vlm_patches/test_096_tile_embeddings/standard/oracle_non_tumor/test_096_tile_embeddings_standard_oracle_non_tumor_000.png,test_096_tile_embeddings_standard_oracle_non_tumor_000
c16_native,test_096,test_096_tile_embeddings,1772cf3ed02bbc38,26880,144896,256,20,0.1499481201171875,0,0.0,0,0,oracle_non_tumor,2,a50fbde29aa04e9d829a4580fd5c68b8,a50fbde29aa04e9d829a4580fd5c68b8,standard,0,0,vlm_patches/test_096_tile_embeddings/standard/oracle_non_tumor/test_096_tile_embeddings_standard_oracle_non_tumor_001.png,s3://pershin-medailab/Pathomorphology/CAMELYON/mil/vlm_patches/c16_abmil_vlm_patches_a50fbde29aa04e9d829a4580fd5c68b8.tar.gz!/vlm_patches/test_096_tile_embeddings/standard/oracle_non_tumor/test_096_tile_embeddings_standard_oracle_non_tumor_001.png,test_096_tile_embeddings_standard_oracle_non_tumor_001
c16_native,test_096,test_096_tile_embeddings,458a28f2b3bdca31,67584,117504,256,20,0.6182403564453125,0,0.0,0,0,oracle_non_tumor,3,a50fbde29aa04e9d829a4580fd5c68b8,a50fbde29aa04e9d829a4580fd5c68b8,standard,0,0,vlm_patches/test_096_tile_embeddings/standard/oracle_non_tumor/test_096_tile_embeddings_standard_oracle_non_tumor_002.png,s3://pershin-medailab/Pathomorphology/CAMELYON/mil/vlm_patches/c16_abmil_vlm_patches_a50fbde29aa04e9d829a4580fd5c68b8.tar.gz!/vlm_patches/test_096_tile_embeddings/standard/oracle_non_tumor/test_096_tile_embeddings_standard_oracle_non_tumor_002.png,test_096_tile_embeddings_standard_oracle_non_tumor_002
c16_native,test_110,test_110_tile_embeddings,50ea6e84563e3612,41984,17920,256,20,0.051605224609375,0,0.0,0,0,oracle_non_tumor,1,a50fbde29aa04e9d829a4580fd5c68b8,a50fbde29aa04e9d829a4580fd5c68b8,standard,0,0,vlm_patches/test_110_tile_embeddings/standard/oracle_non_tumor/test_110_tile_embeddings_standard_oracle_non_tumor_000.png,s3://pershin-medailab/Pathomorphology/CAMELYON/mil/vlm_patches/c16_abmil_vlm_patches_a50fbde29aa04e9d829a4580fd5c68b8.tar.gz!/vlm_patches/test_110_tile_embeddings/standard/oracle_non_tumor/test_110_tile_embeddings_standard_oracle_non_tumor_000.png,test_110_tile_embeddings_standard_oracle_non_tumor_000
c16_native,test_110,test_110_tile_embeddings,8bf717e8d8c87929,31488,45056,256,20,0.981201171875,0,0.0,0,0,oracle_non_tumor,2,a50fbde29aa04e9d829a4580fd5c68b8,a50fbde29aa04e9d829a4580fd5c68b8,standard,0,0,vlm_patches/test_110_tile_embeddings/standard/oracle_non_tumor/test_110_tile_embeddings_standard_oracle_non_tumor_001.png,s3://pershin-medailab/Pathomorphology/CAMELYON/mil/vlm_patches/c16_abmil_vlm_patches_a50fbde29aa04e9d829a4580fd5c68b8.tar.gz!/vlm_patches/test_110_tile_embeddings/standard/oracle_non_tumor/test_110_tile_embeddings_standard_oracle_non_tumor_001.png,test_110_tile_embeddings_standard_oracle_non_tumor_001
c16_native,test_110,test_110_tile_embeddings,72a45635f8d83a83,85760,31744,256,20,0.97808837890625,0,0.0,0,0,oracle_non_tumor,3,a50fbde29aa04e9d829a4580fd5c68b8,a50fbde29aa04e9d829a4580fd5c68b8,standard,0,0,vlm_patches/test_110_tile_embeddings/standard/oracle_non_tumor/test_110_tile_embeddings_standard_oracle_non_tumor_002.png,s3://pershin-medailab/Pathomorphology/CAMELYON/mil/vlm_patches/c16_abmil_vlm_patches_a50fbde29aa04e9d829a4580fd5c68b8.tar.gz!/vlm_patches/test_110_tile_embeddings/standard/oracle_non_tumor/test_110_tile_embeddings_standard_oracle_non_tumor_002.png,test_110_tile_embeddings_standard_oracle_non_tumor_002
c16_native,test_112,test_112_tile_embeddings,37b2308fc20fd3e7,35840,93952,256,20,0.771209716796875,0,0.0,0,0,oracle_non_tumor,1,a50fbde29aa04e9d829a4580fd5c68b8,a50fbde29aa04e9d829a4580fd5c68b8,standard,0,0,vlm_patches/test_112_tile_embeddings/standard/oracle_non_tumor/test_112_tile_embeddings_standard_oracle_non_tumor_000.png,s3://pershin-medailab/Pathomorphology/CAMELYON/mil/vlm_patches/c16_abmil_vlm_patches_a50fbde29aa04e9d829a4580fd5c68b8.tar.gz!/vlm_patches/test_112_tile_embeddings/standard/oracle_non_tumor/test_112_tile_embeddings_standard_oracle_non_tumor_000.png,test_112_tile_embeddings_standard_oracle_non_tumor_000
c16_native,test_112,test_112_tile_embeddings,4a871e4c33f8a854,64000,137984,256,20,0.711273193359375,0,0.0,0,0,oracle_non_tumor,2,a50fbde29aa04e9d829a4580fd5c68b8,a50fbde29aa04e9d829a4580fd5c68b8,standard,0,0,vlm_patches/test_112_tile_embeddings/standard/oracle_non_tumor/test_112_tile_embeddings_standard_oracle_non_tumor_001.png,s3://pershin-medailab/Pathomorphology/CAMELYON/mil/vlm_patches/c16_abmil_vlm_patches_a50fbde29aa04e9d829a4580fd5c68b8.tar.gz!/vlm_patches/test_112_tile_embeddings/standard/oracle_non_tumor/test_112_tile_embeddings_standard_oracle_non_tumor_001.png,test_112_tile_embeddings_standard_oracle_non_tumor_001
c16_native,test_112,test_112_tile_embeddings,1092d05a3327227d,64256,136960,256,20,0.548065185546875,0,0.0,0,0,oracle_non_tumor,3,a50fbde29aa04e9d829a4580fd5c68b8,a50fbde29aa04e9d829a4580fd5c68b8,standard,0,0,vlm_patches/test_112_tile_embeddings/standard/oracle_non_tumor/test_112_tile_embeddings_standard_oracle_non_tumor_002.png,s3://pershin-medailab/Pathomorphology/CAMELYON/mil/vlm_patches/c16_abmil_vlm_patches_a50fbde29aa04e9d829a4580fd5c68b8.tar.gz!/vlm_patches/test_112_tile_embeddings/standard/oracle_non_tumor/test_112_tile_embeddings_standard_oracle_non_tumor_002.png,test_112_tile_embeddings_standard_oracle_non_tumor_002
c16_native,test_118,test_118_tile_embeddings,671eb0f9697c1f83,49152,127488,256,20,0.8408966064453125,0,0.0,0,0,oracle_non_tumor,1,a50fbde29aa04e9d829a4580fd5c68b8,a50fbde29aa04e9d829a4580fd5c68b8,standard,0,0,vlm_patches/test_118_tile_embeddings/standard/oracle_non_tumor/test_118_tile_embeddings_standard_oracle_non_tumor_000.png,s3://pershin-medailab/Pathomorphology/CAMELYON/mil/vlm_patches/c16_abmil_vlm_patches_a50fbde29aa04e9d829a4580fd5c68b8.tar.gz!/vlm_patches/test_118_tile_embeddings/standard/oracle_non_tumor/test_118_tile_embeddings_standard_oracle_non_tumor_000.png,test_118_tile_embeddings_standard_oracle_non_tumor_000
c16_native,test_118,test_118_tile_embeddings,3a79134cf9caa5f6,84224,118272,256,20,0.921875,0,0.0,0,0,oracle_non_tumor,2,a50fbde29aa04e9d829a4580fd5c68b8,a50fbde29aa04e9d829a4580fd5c68b8,standard,0,0,vlm_patches/test_118_tile_embeddings/standard/oracle_non_tumor/test_118_tile_embeddings_standard_oracle_non_tumor_001.png,s3://pershin-medailab/Pathomorphology/CAMELYON/mil/vlm_patches/c16_abmil_vlm_patches_a50fbde29aa04e9d829a4580fd5c68b8.tar.gz!/vlm_patches/test_118_tile_embeddings/standard/oracle_non_tumor/test_118_tile_embeddings_standard_oracle_non_tumor_001.png,test_118_tile_embeddings_standard_oracle_non_tumor_001
c16_native,test_118,test_118_tile_embeddings,2e082ddd8e1a7422,28928,148736,256,20,0.87554931640625,0,0.0,0,0,oracle_non_tumor,3,a50fbde29aa04e9d829a4580fd5c68b8,a50fbde29aa04e9d829a4580fd5c68b8,standard,0,0,vlm_patches/test_118_tile_embeddings/standard/oracle_non_tumor/test_118_tile_embeddings_standard_oracle_non_tumor_002.png,s3://pershin-medailab/Pathomorphology/CAMELYON/mil/vlm_patches/c16_abmil_vlm_patches_a50fbde29aa04e9d829a4580fd5c68b8.tar.gz!/vlm_patches/test_118_tile_embeddings/standard/oracle_non_tumor/test_118_tile_embeddings_standard_oracle_non_tumor_002.png,test_118_tile_embeddings_standard_oracle_non_tumor_002
c16_native,test_054,test_054_tile_embeddings,0ad2c56b49c23d92,81664,173056,256,20,0.9604949951171876,0,0.0,0,0,oracle_non_tumor,1,a50fbde29aa04e9d829a4580fd5c68b8,a50fbde29aa04e9d829a4580fd5c68b8,standard,0,0,vlm_patches/test_054_tile_embeddings/standard/oracle_non_tumor/test_054_tile_embeddings_standard_oracle_non_tumor_000.png,s3://pershin-medailab/Pathomorphology/CAMELYON/mil/vlm_patches/c16_abmil_vlm_patches_a50fbde29aa04e9d829a4580fd5c68b8.tar.gz!/vlm_patches/test_054_tile_embeddings/standard/oracle_non_tumor/test_054_tile_embeddings_standard_oracle_non_tumor_000.png,test_054_tile_embeddings_standard_oracle_non_tumor_000
c16_native,test_054,test_054_tile_embeddings,8e3c6c336309fc17,79360,155392,256,20,0.9727630615234376,0,0.0,0,0,oracle_non_tumor,2,a50fbde29aa04e9d829a4580fd5c68b8,a50fbde29aa04e9d829a4580fd5c68b8,standard,0,0,vlm_patches/test_054_tile_embeddings/standard/oracle_non_tumor/test_054_tile_embeddings_standard_oracle_non_tumor_001.png,s3://pershin-medailab/Pathomorphology/CAMELYON/mil/vlm_patches/c16_abmil_vlm_patches_a50fbde29aa04e9d829a4580fd5c68b8.tar.gz!/vlm_patches/test_054_tile_embeddings/standard/oracle_non_tumor/test_054_tile_embeddings_standard_oracle_non_tumor_001.png,test_054_tile_embeddings_standard_oracle_non_tumor_001
c16_native,test_054,test_054_tile_embeddings,37cfe060f42b4f8f,16896,181248,256,20,0.0,0,0.0,0,0,oracle_non_tumor,3,a50fbde29aa04e9d829a4580fd5c68b8,a50fbde29aa04e9d829a4580fd5c68b8,standard,0,0,vlm_patches/test_054_tile_embeddings/standard/oracle_non_tumor/test_054_tile_embeddings_standard_oracle_non_tumor_002.png,s3://pershin-medailab/Pathomorphology/CAMELYON/mil/vlm_patches/c16_abmil_vlm_patches_a50fbde29aa04e9d829a4580fd5c68b8.tar.gz!/vlm_patches/test_054_tile_embeddings/standard/oracle_non_tumor/test_054_tile_embeddings_standard_oracle_non_tumor_002.png,test_054_tile_embeddings_standard_oracle_non_tumor_002
c16_native,test_088,test_088_tile_embeddings,254f56fc4fd2770a,85760,105216,256,20,0.817779541015625,0,0.0,0,0,oracle_non_tumor,1,a50fbde29aa04e9d829a4580fd5c68b8,a50fbde29aa04e9d829a4580fd5c68b8,standard,0,0,vlm_patches/test_088_tile_embeddings/standard/oracle_non_tumor/test_088_tile_embeddings_standard_oracle_non_tumor_000.png,s3://pershin-medailab/Pathomorphology/CAMELYON/mil/vlm_patches/c16_abmil_vlm_patches_a50fbde29aa04e9d829a4580fd5c68b8.tar.gz!/vlm_patches/test_088_tile_embeddings/standard/oracle_non_tumor/test_088_tile_embeddings_standard_oracle_non_tumor_000.png,test_088_tile_embeddings_standard_oracle_non_tumor_000
c16_native,test_088,test_088_tile_embeddings,7fc5db8681958d3f,23552,119808,256,20,0.857208251953125,0,0.0,0,0,oracle_non_tumor,2,a50fbde29aa04e9d829a4580fd5c68b8,a50fbde29aa04e9d829a4580fd5c68b8,standard,0,0,vlm_patches/test_088_tile_embeddings/standard/oracle_non_tumor/test_088_tile_embeddings_standard_oracle_non_tumor_001.png,s3://pershin-medailab/Pathomorphology/CAMELYON/mil/vlm_patches/c16_abmil_vlm_patches_a50fbde29aa04e9d829a4580fd5c68b8.tar.gz!/vlm_patches/test_088_tile_embeddings/standard/oracle_non_tumor/test_088_tile_embeddings_standard_oracle_non_tumor_001.png,test_088_tile_embeddings_standard_oracle_non_tumor_001
c16_native,test_088,test_088_tile_embeddings,dc5d7f88e9c77aad,69888,107264,256,20,0.8148956298828125,0,0.0,0,0,oracle_non_tumor,3,a50fbde29aa04e9d829a4580fd5c68b8,a50fbde29aa04e9d829a4580fd5c68b8,standard,0,0,vlm_patches/test_088_tile_embeddings/standard/oracle_non_tumor/test_088_tile_embeddings_standard_oracle_non_tumor_002.png,s3://pershin-medailab/Pathomorphology/CAMELYON/mil/vlm_patches/c16_abmil_vlm_patches_a50fbde29aa04e9d829a4580fd5c68b8.tar.gz!/vlm_patches/test_088_tile_embeddings/standard/oracle_non_tumor/test_088_tile_embeddings_standard_oracle_non_tumor_002.png,test_088_tile_embeddings_standard_oracle_non_tumor_002
c16_native,test_059,test_059_tile_embeddings,6c062b9e1bb22b28,58880,126720,256,20,0.7367095947265625,0,0.0,0,0,oracle_non_tumor,1,a50fbde29aa04e9d829a4580fd5c68b8,a50fbde29aa04e9d829a4580fd5c68b8,standard,0,0,vlm_patches/test_059_tile_embeddings/standard/oracle_non_tumor/test_059_tile_embeddings_standard_oracle_non_tumor_000.png,s3://pershin-medailab/Pathomorphology/CAMELYON/mil/vlm_patches/c16_abmil_vlm_patches_a50fbde29aa04e9d829a4580fd5c68b8.tar.gz!/vlm_patches/test_059_tile_embeddings/standard/oracle_non_tumor/test_059_tile_embeddings_standard_oracle_non_tumor_000.png,test_059_tile_embeddings_standard_oracle_non_tumor_000
c16_native,test_059,test_059_tile_embeddings,28ba287280dd0ae8,81664,156928,256,20,0.8119049072265625,0,0.0,0,0,oracle_non_tumor,2,a50fbde29aa04e9d829a4580fd5c68b8,a50fbde29aa04e9d829a4580fd5c68b8,standard,0,0,vlm_patches/test_059_tile_embeddings/standard/oracle_non_tumor/test_059_tile_embeddings_standard_oracle_non_tumor_001.png,s3://pershin-medailab/Pathomorphology/CAMELYON/mil/vlm_patches/c16_abmil_vlm_patches_a50fbde29aa04e9d829a4580fd5c68b8.tar.gz!/vlm_patches/test_059_tile_embeddings/standard/oracle_non_tumor/test_059_tile_embeddings_standard_oracle_non_tumor_001.png,test_059_tile_embeddings_standard_oracle_non_tumor_001
c16_native,test_059,test_059_tile_embeddings,33d90a11efc54cc2,70400,145664,256,20,0.9619903564453124,0,0.0,0,0,oracle_non_tumor,3,a50fbde29aa04e9d829a4580fd5c68b8,a50fbde29aa04e9d829a4580fd5c68b8,standard,0,0,vlm_patches/test_059_tile_embeddings/standard/oracle_non_tumor/test_059_tile_embeddings_standard_oracle_non_tumor_002.png,s3://pershin-medailab/Pathomorphology/CAMELYON/mil/vlm_patches/c16_abmil_vlm_patches_a50fbde29aa04e9d829a4580fd5c68b8.tar.gz!/vlm_patches/test_059_tile_embeddings/standard/oracle_non_tumor/test_059_tile_embeddings_standard_oracle_non_tumor_002.png,test_059_tile_embeddings_standard_oracle_non_tumor_002
c16_native,test_017,test_017_tile_embeddings,41b9978738ac927a,49920,105216,256,20,0.9095306396484376,0,0.0,0,0,oracle_non_tumor,1,a50fbde29aa04e9d829a4580fd5c68b8,a50fbde29aa04e9d829a4580fd5c68b8,standard,0,0,vlm_patches/test_017_tile_embeddings/standard/oracle_non_tumor/test_017_tile_embeddings_standard_oracle_non_tumor_000.png,s3://pershin-medailab/Pathomorphology/CAMELYON/mil/vlm_patches/c16_abmil_vlm_patches_a50fbde29aa04e9d829a4580fd5c68b8.tar.gz!/vlm_patches/test_017_tile_embeddings/standard/oracle_non_tumor/test_017_tile_embeddings_standard_oracle_non_tumor_000.png,test_017_tile_embeddings_standard_oracle_non_tumor_000
c16_native,test_017,test_017_tile_embeddings,358d7a35a8ce54b9,28416,105728,256,20,0.8609466552734375,0,0.0,0,0,oracle_non_tumor,2,a50fbde29aa04e9d829a4580fd5c68b8,a50fbde29aa04e9d829a4580fd5c68b8,standard,0,0,vlm_patches/test_017_tile_embeddings/standard/oracle_non_tumor/test_017_tile_embeddings_standard_oracle_non_tumor_001.png,s3://pershin-medailab/Pathomorphology/CAMELYON/mil/vlm_patches/c16_abmil_vlm_patches_a50fbde29aa04e9d829a4580fd5c68b8.tar.gz!/vlm_patches/test_017_tile_embeddings/standard/oracle_non_tumor/test_017_tile_embeddings_standard_oracle_non_tumor_001.png,test_017_tile_embeddings_standard_oracle_non_tumor_001
c16_native,test_017,test_017_tile_embeddings,41bc048d14ac1d7a,48128,92416,256,20,0.839202880859375,0,0.0,0,0,oracle_non_tumor,3,a50fbde29aa04e9d829a4580fd5c68b8,a50fbde29aa04e9d829a4580fd5c68b8,standard,0,0,vlm_patches/test_017_tile_embeddings/standard/oracle_non_tumor/test_017_tile_embeddings_standard_oracle_non_tumor_002.png,s3://pershin-medailab/Pathomorphology/CAMELYON/mil/vlm_patches/c16_abmil_vlm_patches_a50fbde29aa04e9d829a4580fd5c68b8.tar.gz!/vlm_patches/test_017_tile_embeddings/standard/oracle_non_tumor/test_017_tile_embeddings_standard_oracle_non_tumor_002.png,test_017_tile_embeddings_standard_oracle_non_tumor_002
c16_native,test_083,test_083_tile_embeddings,81460f6f19bd0868,55552,102144,256,20,0.9111785888671876,0,0.0,0,0,oracle_non_tumor,1,a50fbde29aa04e9d829a4580fd5c68b8,a50fbde29aa04e9d829a4580fd5c68b8,standard,0,0,vlm_patches/test_083_tile_embeddings/standard/oracle_non_tumor/test_083_tile_embeddings_standard_oracle_non_tumor_000.png,s3://pershin-medailab/Pathomorphology/CAMELYON/mil/vlm_patches/c16_abmil_vlm_patches_a50fbde29aa04e9d829a4580fd5c68b8.tar.gz!/vlm_patches/test_083_tile_embeddings/standard/oracle_non_tumor/test_083_tile_embeddings_standard_oracle_non_tumor_000.png,test_083_tile_embeddings_standard_oracle_non_tumor_000
c16_native,test_083,test_083_tile_embeddings,6e96c3b6a4dc87df,60160,98304,256,20,0.0,0,0.0,0,0,oracle_non_tumor,2,a50fbde29aa04e9d829a4580fd5c68b8,a50fbde29aa04e9d829a4580fd5c68b8,standard,0,0,vlm_patches/test_083_tile_embeddings/standard/oracle_non_tumor/test_083_tile_embeddings_standard_oracle_non_tumor_001.png,s3://pershin-medailab/Pathomorphology/CAMELYON/mil/vlm_patches/c16_abmil_vlm_patches_a50fbde29aa04e9d829a4580fd5c68b8.tar.gz!/vlm_patches/test_083_tile_embeddings/standard/oracle_non_tumor/test_083_tile_embeddings_standard_oracle_non_tumor_001.png,test_083_tile_embeddings_standard_oracle_non_tumor_001
c16_native,test_083,test_083_tile_embeddings,9c299698f00918f3,67072,126976,256,20,0.828704833984375,0,0.0,0,0,oracle_non_tumor,3,a50fbde29aa04e9d829a4580fd5c68b8,a50fbde29aa04e9d829a4580fd5c68b8,standard,0,0,vlm_patches/test_083_tile_embeddings/standard/oracle_non_tumor/test_083_tile_embeddings_standard_oracle_non_tumor_002.png,s3://pershin-medailab/Pathomorphology/CAMELYON/mil/vlm_patches/c16_abmil_vlm_patches_a50fbde29aa04e9d829a4580fd5c68b8.tar.gz!/vlm_patches/test_083_tile_embeddings/standard/oracle_non_tumor/test_083_tile_embeddings_standard_oracle_non_tumor_002.png,test_083_tile_embeddings_standard_oracle_non_tumor_002
c16_native,test_130,test_130_tile_embeddings,b9750b620834f203,25856,167168,256,20,0.0855560302734375,0,0.0,0,0,oracle_non_tumor,1,a50fbde29aa04e9d829a4580fd5c68b8,a50fbde29aa04e9d829a4580fd5c68b8,standard,0,0,vlm_patches/test_130_tile_embeddings/standard/oracle_non_tumor/test_130_tile_embeddings_standard_oracle_non_tumor_000.png,s3://pershin-medailab/Pathomorphology/CAMELYON/mil/vlm_patches/c16_abmil_vlm_patches_a50fbde29aa04e9d829a4580fd5c68b8.tar.gz!/vlm_patches/test_130_tile_embeddings/standard/oracle_non_tumor/test_130_tile_embeddings_standard_oracle_non_tumor_000.png,test_130_tile_embeddings_standard_oracle_non_tumor_000
c16_native,test_130,test_130_tile_embeddings,557e5b9d17e6164b,48128,161024,256,20,0.916778564453125,0,0.0,0,0,oracle_non_tumor,2,a50fbde29aa04e9d829a4580fd5c68b8,a50fbde29aa04e9d829a4580fd5c68b8,standard,0,0,vlm_patches/test_130_tile_embeddings/standard/oracle_non_tumor/test_130_tile_embeddings_standard_oracle_non_tumor_001.png,s3://pershin-medailab/Pathomorphology/CAMELYON/mil/vlm_patches/c16_abmil_vlm_patches_a50fbde29aa04e9d829a4580fd5c68b8.tar.gz!/vlm_patches/test_130_tile_embeddings/standard/oracle_non_tumor/test_130_tile_embeddings_standard_oracle_non_tumor_001.png,test_130_tile_embeddings_standard_oracle_non_tumor_001
c16_native,test_130,test_130_tile_embeddings,33c39f39d10ff3d7,86272,134144,256,20,0.787506103515625,0,0.0,0,0,oracle_non_tumor,3,a50fbde29aa04e9d829a4580fd5c68b8,a50fbde29aa04e9d829a4580fd5c68b8,standard,0,0,vlm_patches/test_130_tile_embeddings/standard/oracle_non_tumor/test_130_tile_embeddings_standard_oracle_non_tumor_002.png,s3://pershin-medailab/Pathomorphology/CAMELYON/mil/vlm_patches/c16_abmil_vlm_patches_a50fbde29aa04e9d829a4580fd5c68b8.tar.gz!/vlm_patches/test_130_tile_embeddings/standard/oracle_non_tumor/test_130_tile_embeddings_standard_oracle_non_tumor_002.png,test_130_tile_embeddings_standard_oracle_non_tumor_002
c16_native,test_005,test_005_tile_embeddings,17f042a1961b08eb,56832,62976,256,20,0.3909149169921875,0,0.0,0,0,oracle_non_tumor,1,a50fbde29aa04e9d829a4580fd5c68b8,a50fbde29aa04e9d829a4580fd5c68b8,standard,0,0,vlm_patches/test_005_tile_embeddings/standard/oracle_non_tumor/test_005_tile_embeddings_standard_oracle_non_tumor_000.png,s3://pershin-medailab/Pathomorphology/CAMELYON/mil/vlm_patches/c16_abmil_vlm_patches_a50fbde29aa04e9d829a4580fd5c68b8.tar.gz!/vlm_patches/test_005_tile_embeddings/standard/oracle_non_tumor/test_005_tile_embeddings_standard_oracle_non_tumor_000.png,test_005_tile_embeddings_standard_oracle_non_tumor_000
c16_native,test_005,test_005_tile_embeddings,8f879807f7c73a09,53504,97536,256,20,0.80609130859375,0,0.0,0,0,oracle_non_tumor,2,a50fbde29aa04e9d829a4580fd5c68b8,a50fbde29aa04e9d829a4580fd5c68b8,standard,0,0,vlm_patches/test_005_tile_embeddings/standard/oracle_non_tumor/test_005_tile_embeddings_standard_oracle_non_tumor_001.png,s3://pershin-medailab/Pathomorphology/CAMELYON/mil/vlm_patches/c16_abmil_vlm_patches_a50fbde29aa04e9d829a4580fd5c68b8.tar.gz!/vlm_patches/test_005_tile_embeddings/standard/oracle_non_tumor/test_005_tile_embeddings_standard_oracle_non_tumor_001.png,test_005_tile_embeddings_standard_oracle_non_tumor_001
c16_native,test_005,test_005_tile_embeddings,9ea3179da6ad76b8,60416,111616,256,20,0.170989990234375,0,0.0,0,0,oracle_non_tumor,3,a50fbde29aa04e9d829a4580fd5c68b8,a50fbde29aa04e9d829a4580fd5c68b8,standard,0,0,vlm_patches/test_005_tile_embeddings/standard/oracle_non_tumor/test_005_tile_embeddings_standard_oracle_non_tumor_002.png,s3://pershin-medailab/Pathomorphology/CAMELYON/mil/vlm_patches/c16_abmil_vlm_patches_a50fbde29aa04e9d829a4580fd5c68b8.tar.gz!/vlm_patches/test_005_tile_embeddings/standard/oracle_non_tumor/test_005_tile_embeddings_standard_oracle_non_tumor_002.png,test_005_tile_embeddings_standard_oracle_non_tumor_002
c16_native,test_064,test_064_tile_embeddings,95cbd7ea40362acc,50176,157952,256,20,0.8354034423828125,0,0.0,0,0,oracle_non_tumor,1,a50fbde29aa04e9d829a4580fd5c68b8,a50fbde29aa04e9d829a4580fd5c68b8,standard,0,0,vlm_patches/test_064_tile_embeddings/standard/oracle_non_tumor/test_064_tile_embeddings_standard_oracle_non_tumor_000.png,s3://pershin-medailab/Pathomorphology/CAMELYON/mil/vlm_patches/c16_abmil_vlm_patches_a50fbde29aa04e9d829a4580fd5c68b8.tar.gz!/vlm_patches/test_064_tile_embeddings/standard/oracle_non_tumor/test_064_tile_embeddings_standard_oracle_non_tumor_000.png,test_064_tile_embeddings_standard_oracle_non_tumor_000
c16_native,test_064,test_064_tile_embeddings,4ab5c4250546941c,45568,134144,256,20,0.92364501953125,0,0.0,0,0,oracle_non_tumor,2,a50fbde29aa04e9d829a4580fd5c68b8,a50fbde29aa04e9d829a4580fd5c68b8,standard,0,0,vlm_patches/test_064_tile_embeddings/standard/oracle_non_tumor/test_064_tile_embeddings_standard_oracle_non_tumor_001.png,s3://pershin-medailab/Pathomorphology/CAMELYON/mil/vlm_patches/c16_abmil_vlm_patches_a50fbde29aa04e9d829a4580fd5c68b8.tar.gz!/vlm_patches/test_064_tile_embeddings/standard/oracle_non_tumor/test_064_tile_embeddings_standard_oracle_non_tumor_001.png,test_064_tile_embeddings_standard_oracle_non_tumor_001
c16_native,test_064,test_064_tile_embeddings,96f891e6bbff0842,55040,156928,256,20,0.0449981689453125,0,0.0,0,0,oracle_non_tumor,3,a50fbde29aa04e9d829a4580fd5c68b8,a50fbde29aa04e9d829a4580fd5c68b8,standard,0,0,vlm_patches/test_064_tile_embeddings/standard/oracle_non_tumor/test_064_tile_embeddings_standard_oracle_non_tumor_002.png,s3://pershin-medailab/Pathomorphology/CAMELYON/mil/vlm_patches/c16_abmil_vlm_patches_a50fbde29aa04e9d829a4580fd5c68b8.tar.gz!/vlm_patches/test_064_tile_embeddings/standard/oracle_non_tumor/test_064_tile_embeddings_standard_oracle_non_tumor_002.png,test_064_tile_embeddings_standard_oracle_non_tumor_002
c16_native,test_030,test_030_tile_embeddings,011318b5cfaf1386,36352,153856,256,20,0.7637176513671875,0,0.0,0,0,oracle_non_tumor,1,a50fbde29aa04e9d829a4580fd5c68b8,a50fbde29aa04e9d829a4580fd5c68b8,standard,0,0,vlm_patches/test_030_tile_embeddings/standard/oracle_non_tumor/test_030_tile_embeddings_standard_oracle_non_tumor_000.png,s3://pershin-medailab/Pathomorphology/CAMELYON/mil/vlm_patches/c16_abmil_vlm_patches_a50fbde29aa04e9d829a4580fd5c68b8.tar.gz!/vlm_patches/test_030_tile_embeddings/standard/oracle_non_tumor/test_030_tile_embeddings_standard_oracle_non_tumor_000.png,test_030_tile_embeddings_standard_oracle_non_tumor_000
c16_native,test_030,test_030_tile_embeddings,7f35a310c3f2e491,56320,167936,256,20,0.0891876220703125,0,0.0,0,0,oracle_non_tumor,2,a50fbde29aa04e9d829a4580fd5c68b8,a50fbde29aa04e9d829a4580fd5c68b8,standard,0,0,vlm_patches/test_030_tile_embeddings/standard/oracle_non_tumor/test_030_tile_embeddings_standard_oracle_non_tumor_001.png,s3://pershin-medailab/Pathomorphology/CAMELYON/mil/vlm_patches/c16_abmil_vlm_patches_a50fbde29aa04e9d829a4580fd5c68b8.tar.gz!/vlm_patches/test_030_tile_embeddings/standard/oracle_non_tumor/test_030_tile_embeddings_standard_oracle_non_tumor_001.png,test_030_tile_embeddings_standard_oracle_non_tumor_001
c16_native,test_030,test_030_tile_embeddings,b581da82c4443615,67072,155904,256,20,0.875396728515625,0,0.0,0,0,oracle_non_tumor,3,a50fbde29aa04e9d829a4580fd5c68b8,a50fbde29aa04e9d829a4580fd5c68b8,standard,0,0,vlm_patches/test_030_tile_embeddings/standard/oracle_non_tumor/test_030_tile_embeddings_standard_oracle_non_tumor_002.png,s3://pershin-medailab/Pathomorphology/CAMELYON/mil/vlm_patches/c16_abmil_vlm_patches_a50fbde29aa04e9d829a4580fd5c68b8.tar.gz!/vlm_patches/test_030_tile_embeddings/standard/oracle_non_tumor/test_030_tile_embeddings_standard_oracle_non_tumor_002.png,test_030_tile_embeddings_standard_oracle_non_tumor_002
c16_native,test_087,test_087_tile_embeddings,ec195e49daadbbbe,30720,186112,256,20,0.8426513671875,0,0.0,0,0,oracle_non_tumor,1,a50fbde29aa04e9d829a4580fd5c68b8,a50fbde29aa04e9d829a4580fd5c68b8,standard,0,0,vlm_patches/test_087_tile_embeddings/standard/oracle_non_tumor/test_087_tile_embeddings_standard_oracle_non_tumor_000.png,s3://pershin-medailab/Pathomorphology/CAMELYON/mil/vlm_patches/c16_abmil_vlm_patches_a50fbde29aa04e9d829a4580fd5c68b8.tar.gz!/vlm_patches/test_087_tile_embeddings/standard/oracle_non_tumor/test_087_tile_embeddings_standard_oracle_non_tumor_000.png,test_087_tile_embeddings_standard_oracle_non_tumor_000
c16_native,test_087,test_087_tile_embeddings,11f0be07790b5fae,54016,140800,256,20,0.1597747802734375,0,0.0,0,0,oracle_non_tumor,2,a50fbde29aa04e9d829a4580fd5c68b8,a50fbde29aa04e9d829a4580fd5c68b8,standard,0,0,vlm_patches/test_087_tile_embeddings/standard/oracle_non_tumor/test_087_tile_embeddings_standard_oracle_non_tumor_001.png,s3://pershin-medailab/Pathomorphology/CAMELYON/mil/vlm_patches/c16_abmil_vlm_patches_a50fbde29aa04e9d829a4580fd5c68b8.tar.gz!/vlm_patches/test_087_tile_embeddings/standard/oracle_non_tumor/test_087_tile_embeddings_standard_oracle_non_tumor_001.png,test_087_tile_embeddings_standard_oracle_non_tumor_001
c16_native,test_087,test_087_tile_embeddings,396ac19c0ff7f244,25856,180480,256,20,0.8921356201171875,0,0.0,0,0,oracle_non_tumor,3,a50fbde29aa04e9d829a4580fd5c68b8,a50fbde29aa04e9d829a4580fd5c68b8,standard,0,0,vlm_patches/test_087_tile_embeddings/standard/oracle_non_tumor/test_087_tile_embeddings_standard_oracle_non_tumor_002.png,s3://pershin-medailab/Pathomorphology/CAMELYON/mil/vlm_patches/c16_abmil_vlm_patches_a50fbde29aa04e9d829a4580fd5c68b8.tar.gz!/vlm_patches/test_087_tile_embeddings/standard/oracle_non_tumor/test_087_tile_embeddings_standard_oracle_non_tumor_002.png,test_087_tile_embeddings_standard_oracle_non_tumor_002
c16_native,test_053,test_053_tile_embeddings,d272426e7ebbfaa8,39424,194048,256,20,0.6436004638671875,0,0.0,0,0,oracle_non_tumor,1,a50fbde29aa04e9d829a4580fd5c68b8,a50fbde29aa04e9d829a4580fd5c68b8,standard,0,0,vlm_patches/test_053_tile_embeddings/standard/oracle_non_tumor/test_053_tile_embeddings_standard_oracle_non_tumor_000.png,s3://pershin-medailab/Pathomorphology/CAMELYON/mil/vlm_patches/c16_abmil_vlm_patches_a50fbde29aa04e9d829a4580fd5c68b8.tar.gz!/vlm_patches/test_053_tile_embeddings/standard/oracle_non_tumor/test_053_tile_embeddings_standard_oracle_non_tumor_000.png,test_053_tile_embeddings_standard_oracle_non_tumor_000
c16_native,test_053,test_053_tile_embeddings,5f212fc9c05d5070,73472,103424,256,20,0.85235595703125,0,0.0,0,0,oracle_non_tumor,2,a50fbde29aa04e9d829a4580fd5c68b8,a50fbde29aa04e9d829a4580fd5c68b8,standard,0,0,vlm_patches/test_053_tile_embeddings/standard/oracle_non_tumor/test_053_tile_embeddings_standard_oracle_non_tumor_001.png,s3://pershin-medailab/Pathomorphology/CAMELYON/mil/vlm_patches/c16_abmil_vlm_patches_a50fbde29aa04e9d829a4580fd5c68b8.tar.gz!/vlm_patches/test_053_tile_embeddings/standard/oracle_non_tumor/test_053_tile_embeddings_standard_oracle_non_tumor_001.png,test_053_tile_embeddings_standard_oracle_non_tumor_001
c16_native,test_053,test_053_tile_embeddings,f9d7aa276c6ad3b7,38144,142080,256,20,0.0364837646484375,0,0.0,0,0,oracle_non_tumor,3,a50fbde29aa04e9d829a4580fd5c68b8,a50fbde29aa04e9d829a4580fd5c68b8,standard,0,0,vlm_patches/test_053_tile_embeddings/standard/oracle_non_tumor/test_053_tile_embeddings_standard_oracle_non_tumor_002.png,s3://pershin-medailab/Pathomorphology/CAMELYON/mil/vlm_patches/c16_abmil_vlm_patches_a50fbde29aa04e9d829a4580fd5c68b8.tar.gz!/vlm_patches/test_053_tile_embeddings/standard/oracle_non_tumor/test_053_tile_embeddings_standard_oracle_non_tumor_002.png,test_053_tile_embeddings_standard_oracle_non_tumor_002
c16_native,test_029,test_029_tile_embeddings,4d9fc4c3b0ca02cc,36608,111872,256,20,0.7442779541015625,0,0.0,0,0,oracle_non_tumor,1,a50fbde29aa04e9d829a4580fd5c68b8,a50fbde29aa04e9d829a4580fd5c68b8,standard,0,0,vlm_patches/test_029_tile_embeddings/standard/oracle_non_tumor/test_029_tile_embeddings_standard_oracle_non_tumor_000.png,s3://pershin-medailab/Pathomorphology/CAMELYON/mil/vlm_patches/c16_abmil_vlm_patches_a50fbde29aa04e9d829a4580fd5c68b8.tar.gz!/vlm_patches/test_029_tile_embeddings/standard/oracle_non_tumor/test_029_tile_embeddings_standard_oracle_non_tumor_000.png,test_029_tile_embeddings_standard_oracle_non_tumor_000
c16_native,test_029,test_029_tile_embeddings,5ddbd74213314243,30720,108288,256,20,0.852447509765625,0,0.0,0,0,oracle_non_tumor,2,a50fbde29aa04e9d829a4580fd5c68b8,a50fbde29aa04e9d829a4580fd5c68b8,standard,0,0,vlm_patches/test_029_tile_embeddings/standard/oracle_non_tumor/test_029_tile_embeddings_standard_oracle_non_tumor_001.png,s3://pershin-medailab/Pathomorphology/CAMELYON/mil/vlm_patches/c16_abmil_vlm_patches_a50fbde29aa04e9d829a4580fd5c68b8.tar.gz!/vlm_patches/test_029_tile_embeddings/standard/oracle_non_tumor/test_029_tile_embeddings_standard_oracle_non_tumor_001.png,test_029_tile_embeddings_standard_oracle_non_tumor_001
c16_native,test_029,test_029_tile_embeddings,3d881ff1750c0577,34816,105728,256,20,0.8287506103515625,0,0.0,0,0,oracle_non_tumor,3,a50fbde29aa04e9d829a4580fd5c68b8,a50fbde29aa04e9d829a4580fd5c68b8,standard,0,0,vlm_patches/test_029_tile_embeddings/standard/oracle_non_tumor/test_029_tile_embeddings_standard_oracle_non_tumor_002.png,s3://pershin-medailab/Pathomorphology/CAMELYON/mil/vlm_patches/c16_abmil_vlm_patches_a50fbde29aa04e9d829a4580fd5c68b8.tar.gz!/vlm_patches/test_029_tile_embeddings/standard/oracle_non_tumor/test_029_tile_embeddings_standard_oracle_non_tumor_002.png,test_029_tile_embeddings_standard_oracle_non_tumor_002
c16_native,test_107,test_107_tile_embeddings,3c12208f3fd7df02,69632,132096,256,20,0.731658935546875,0,0.0,0,0,oracle_non_tumor,1,a50fbde29aa04e9d829a4580fd5c68b8,a50fbde29aa04e9d829a4580fd5c68b8,standard,0,0,vlm_patches/test_107_tile_embeddings/standard/oracle_non_tumor/test_107_tile_embeddings_standard_oracle_non_tumor_000.png,s3://pershin-medailab/Pathomorphology/CAMELYON/mil/vlm_patches/c16_abmil_vlm_patches_a50fbde29aa04e9d829a4580fd5c68b8.tar.gz!/vlm_patches/test_107_tile_embeddings/standard/oracle_non_tumor/test_107_tile_embeddings_standard_oracle_non_tumor_000.png,test_107_tile_embeddings_standard_oracle_non_tumor_000
c16_native,test_107,test_107_tile_embeddings,fa2c6b24ced3582a,65536,134400,256,20,0.5649871826171875,0,0.0,0,0,oracle_non_tumor,2,a50fbde29aa04e9d829a4580fd5c68b8,a50fbde29aa04e9d829a4580fd5c68b8,standard,0,0,vlm_patches/test_107_tile_embeddings/standard/oracle_non_tumor/test_107_tile_embeddings_standard_oracle_non_tumor_001.png,s3://pershin-medailab/Pathomorphology/CAMELYON/mil/vlm_patches/c16_abmil_vlm_patches_a50fbde29aa04e9d829a4580fd5c68b8.tar.gz!/vlm_patches/test_107_tile_embeddings/standard/oracle_non_tumor/test_107_tile_embeddings_standard_oracle_non_tumor_001.png,test_107_tile_embeddings_standard_oracle_non_tumor_001
c16_native,test_107,test_107_tile_embeddings,596584443ce1e72b,49408,126720,256,20,0.097198486328125,0,0.0,0,0,oracle_non_tumor,3,a50fbde29aa04e9d829a4580fd5c68b8,a50fbde29aa04e9d829a4580fd5c68b8,standard,0,0,vlm_patches/test_107_tile_embeddings/standard/oracle_non_tumor/test_107_tile_embeddings_standard_oracle_non_tumor_002.png,s3://pershin-medailab/Pathomorphology/CAMELYON/mil/vlm_patches/c16_abmil_vlm_patches_a50fbde29aa04e9d829a4580fd5c68b8.tar.gz!/vlm_patches/test_107_tile_embeddings/standard/oracle_non_tumor/test_107_tile_embeddings_standard_oracle_non_tumor_002.png,test_107_tile_embeddings_standard_oracle_non_tumor_002
c16_native,test_015,test_015_tile_embeddings,3128ef508d1cdf74,39168,125696,256,20,0.9716949462890624,0,0.0,0,0,oracle_non_tumor,1,a50fbde29aa04e9d829a4580fd5c68b8,a50fbde29aa04e9d829a4580fd5c68b8,standard,0,0,vlm_patches/test_015_tile_embeddings/standard/oracle_non_tumor/test_015_tile_embeddings_standard_oracle_non_tumor_000.png,s3://pershin-medailab/Pathomorphology/CAMELYON/mil/vlm_patches/c16_abmil_vlm_patches_a50fbde29aa04e9d829a4580fd5c68b8.tar.gz!/vlm_patches/test_015_tile_embeddings/standard/oracle_non_tumor/test_015_tile_embeddings_standard_oracle_non_tumor_000.png,test_015_tile_embeddings_standard_oracle_non_tumor_000
c16_native,test_015,test_015_tile_embeddings,dd1c598f084c4eb5,62976,139008,256,20,0.04888916015625,0,0.0,0,0,oracle_non_tumor,2,a50fbde29aa04e9d829a4580fd5c68b8,a50fbde29aa04e9d829a4580fd5c68b8,standard,0,0,vlm_patches/test_015_tile_embeddings/standard/oracle_non_tumor/test_015_tile_embeddings_standard_oracle_non_tumor_001.png,s3://pershin-medailab/Pathomorphology/CAMELYON/mil/vlm_patches/c16_abmil_vlm_patches_a50fbde29aa04e9d829a4580fd5c68b8.tar.gz!/vlm_patches/test_015_tile_embeddings/standard/oracle_non_tumor/test_015_tile_embeddings_standard_oracle_non_tumor_001.png,test_015_tile_embeddings_standard_oracle_non_tumor_001
c16_native,test_015,test_015_tile_embeddings,6ae62cd34d83a5ff,38400,127232,256,20,0.986724853515625,0,0.0,0,0,oracle_non_tumor,3,a50fbde29aa04e9d829a4580fd5c68b8,a50fbde29aa04e9d829a4580fd5c68b8,standard,0,0,vlm_patches/test_015_tile_embeddings/standard/oracle_non_tumor/test_015_tile_embeddings_standard_oracle_non_tumor_002.png,s3://pershin-medailab/Pathomorphology/CAMELYON/mil/vlm_patches/c16_abmil_vlm_patches_a50fbde29aa04e9d829a4580fd5c68b8.tar.gz!/vlm_patches/test_015_tile_embeddings/standard/oracle_non_tumor/test_015_tile_embeddings_standard_oracle_non_tumor_002.png,test_015_tile_embeddings_standard_oracle_non_tumor_002
c16_native,test_038,test_038_tile_embeddings,46c029785c0a6ff6,54784,117760,256,20,0.664459228515625,0,0.0,0,0,oracle_non_tumor,1,a50fbde29aa04e9d829a4580fd5c68b8,a50fbde29aa04e9d829a4580fd5c68b8,standard,0,0,vlm_patches/test_038_tile_embeddings/standard/oracle_non_tumor/test_038_tile_embeddings_standard_oracle_non_tumor_000.png,s3://pershin-medailab/Pathomorphology/CAMELYON/mil/vlm_patches/c16_abmil_vlm_patches_a50fbde29aa04e9d829a4580fd5c68b8.tar.gz!/vlm_patches/test_038_tile_embeddings/standard/oracle_non_tumor/test_038_tile_embeddings_standard_oracle_non_tumor_000.png,test_038_tile_embeddings_standard_oracle_non_tumor_000
c16_native,test_038,test_038_tile_embeddings,6f8ae7734cce765b,69888,103936,256,20,0.87371826171875,0,0.0,0,0,oracle_non_tumor,2,a50fbde29aa04e9d829a4580fd5c68b8,a50fbde29aa04e9d829a4580fd5c68b8,standard,0,0,vlm_patches/test_038_tile_embeddings/standard/oracle_non_tumor/test_038_tile_embeddings_standard_oracle_non_tumor_001.png,s3://pershin-medailab/Pathomorphology/CAMELYON/mil/vlm_patches/c16_abmil_vlm_patches_a50fbde29aa04e9d829a4580fd5c68b8.tar.gz!/vlm_patches/test_038_tile_embeddings/standard/oracle_non_tumor/test_038_tile_embeddings_standard_oracle_non_tumor_001.png,test_038_tile_embeddings_standard_oracle_non_tumor_001
c16_native,test_038,test_038_tile_embeddings,3fc91f545140aed7,71424,122112,256,20,0.6403961181640625,0,0.0,0,0,oracle_non_tumor,3,a50fbde29aa04e9d829a4580fd5c68b8,a50fbde29aa04e9d829a4580fd5c68b8,standard,0,0,vlm_patches/test_038_tile_embeddings/standard/oracle_non_tumor/test_038_tile_embeddings_standard_oracle_non_tumor_002.png,s3://pershin-medailab/Pathomorphology/CAMELYON/mil/vlm_patches/c16_abmil_vlm_patches_a50fbde29aa04e9d829a4580fd5c68b8.tar.gz!/vlm_patches/test_038_tile_embeddings/standard/oracle_non_tumor/test_038_tile_embeddings_standard_oracle_non_tumor_002.png,test_038_tile_embeddings_standard_oracle_non_tumor_002
c16_native,test_003,test_003_tile_embeddings,bf51fb66bb38019e,60672,132864,256,20,0.1714019775390625,0,0.0,0,0,oracle_non_tumor,1,a50fbde29aa04e9d829a4580fd5c68b8,a50fbde29aa04e9d829a4580fd5c68b8,standard,0,0,vlm_patches/test_003_tile_embeddings/standard/oracle_non_tumor/test_003_tile_embeddings_standard_oracle_non_tumor_000.png,s3://pershin-medailab/Pathomorphology/CAMELYON/mil/vlm_patches/c16_abmil_vlm_patches_a50fbde29aa04e9d829a4580fd5c68b8.tar.gz!/vlm_patches/test_003_tile_embeddings/standard/oracle_non_tumor/test_003_tile_embeddings_standard_oracle_non_tumor_000.png,test_003_tile_embeddings_standard_oracle_non_tumor_000
c16_native,test_003,test_003_tile_embeddings,fadb48ad45277d73,16640,116736,256,20,0.03216552734375,0,0.0,0,0,oracle_non_tumor,2,a50fbde29aa04e9d829a4580fd5c68b8,a50fbde29aa04e9d829a4580fd5c68b8,standard,0,0,vlm_patches/test_003_tile_embeddings/standard/oracle_non_tumor/test_003_tile_embeddings_standard_oracle_non_tumor_001.png,s3://pershin-medailab/Pathomorphology/CAMELYON/mil/vlm_patches/c16_abmil_vlm_patches_a50fbde29aa04e9d829a4580fd5c68b8.tar.gz!/vlm_patches/test_003_tile_embeddings/standard/oracle_non_tumor/test_003_tile_embeddings_standard_oracle_non_tumor_001.png,test_003_tile_embeddings_standard_oracle_non_tumor_001
c16_native,test_003,test_003_tile_embeddings,770a154b68c493df,59392,124672,256,20,0.96185302734375,0,0.0,0,0,oracle_non_tumor,3,a50fbde29aa04e9d829a4580fd5c68b8,a50fbde29aa04e9d829a4580fd5c68b8,standard,0,0,vlm_patches/test_003_tile_embeddings/standard/oracle_non_tumor/test_003_tile_embeddings_standard_oracle_non_tumor_002.png,s3://pershin-medailab/Pathomorphology/CAMELYON/mil/vlm_patches/c16_abmil_vlm_patches_a50fbde29aa04e9d829a4580fd5c68b8.tar.gz!/vlm_patches/test_003_tile_embeddings/standard/oracle_non_tumor/test_003_tile_embeddings_standard_oracle_non_tumor_002.png,test_003_tile_embeddings_standard_oracle_non_tumor_002
c16_native,test_081,test_081_tile_embeddings,50ae596a099db92d,42752,105984,256,20,0.00775146484375,0,0.0,0,0,oracle_non_tumor,1,a50fbde29aa04e9d829a4580fd5c68b8,a50fbde29aa04e9d829a4580fd5c68b8,standard,0,0,vlm_patches/test_081_tile_embeddings/standard/oracle_non_tumor/test_081_tile_embeddings_standard_oracle_non_tumor_000.png,s3://pershin-medailab/Pathomorphology/CAMELYON/mil/vlm_patches/c16_abmil_vlm_patches_a50fbde29aa04e9d829a4580fd5c68b8.tar.gz!/vlm_patches/test_081_tile_embeddings/standard/oracle_non_tumor/test_081_tile_embeddings_standard_oracle_non_tumor_000.png,test_081_tile_embeddings_standard_oracle_non_tumor_000
c16_native,test_081,test_081_tile_embeddings,59c59e733cfbe933,72704,109824,256,20,0.9056396484375,0,0.0,0,0,oracle_non_tumor,2,a50fbde29aa04e9d829a4580fd5c68b8,a50fbde29aa04e9d829a4580fd5c68b8,standard,0,0,vlm_patches/test_081_tile_embeddings/standard/oracle_non_tumor/test_081_tile_embeddings_standard_oracle_non_tumor_001.png,s3://pershin-medailab/Pathomorphology/CAMELYON/mil/vlm_patches/c16_abmil_vlm_patches_a50fbde29aa04e9d829a4580fd5c68b8.tar.gz!/vlm_patches/test_081_tile_embeddings/standard/oracle_non_tumor/test_081_tile_embeddings_standard_oracle_non_tumor_001.png,test_081_tile_embeddings_standard_oracle_non_tumor_001
c16_native,test_081,test_081_tile_embeddings,bf82b0598093097b,47872,140800,256,20,0.9359893798828124,0,0.0,0,0,oracle_non_tumor,3,a50fbde29aa04e9d829a4580fd5c68b8,a50fbde29aa04e9d829a4580fd5c68b8,standard,0,0,vlm_patches/test_081_tile_embeddings/standard/oracle_non_tumor/test_081_tile_embeddings_standard_oracle_non_tumor_002.png,s3://pershin-medailab/Pathomorphology/CAMELYON/mil/vlm_patches/c16_abmil_vlm_patches_a50fbde29aa04e9d829a4580fd5c68b8.tar.gz!/vlm_patches/test_081_tile_embeddings/standard/oracle_non_tumor/test_081_tile_embeddings_standard_oracle_non_tumor_002.png,test_081_tile_embeddings_standard_oracle_non_tumor_002
c16_native,test_045,test_045_tile_embeddings,d77afb9f828d8bf8,28160,138496,256,20,0.928314208984375,0,0.0,0,0,oracle_non_tumor,1,a50fbde29aa04e9d829a4580fd5c68b8,a50fbde29aa04e9d829a4580fd5c68b8,standard,0,0,vlm_patches/test_045_tile_embeddings/standard/oracle_non_tumor/test_045_tile_embeddings_standard_oracle_non_tumor_000.png,s3://pershin-medailab/Pathomorphology/CAMELYON/mil/vlm_patches/c16_abmil_vlm_patches_a50fbde29aa04e9d829a4580fd5c68b8.tar.gz!/vlm_patches/test_045_tile_embeddings/standard/oracle_non_tumor/test_045_tile_embeddings_standard_oracle_non_tumor_000.png,test_045_tile_embeddings_standard_oracle_non_tumor_000
c16_native,test_045,test_045_tile_embeddings,ea2676e7a5bbdf97,31744,148224,256,20,0.8094940185546875,0,0.0,0,0,oracle_non_tumor,2,a50fbde29aa04e9d829a4580fd5c68b8,a50fbde29aa04e9d829a4580fd5c68b8,standard,0,0,vlm_patches/test_045_tile_embeddings/standard/oracle_non_tumor/test_045_tile_embeddings_standard_oracle_non_tumor_001.png,s3://pershin-medailab/Pathomorphology/CAMELYON/mil/vlm_patches/c16_abmil_vlm_patches_a50fbde29aa04e9d829a4580fd5c68b8.tar.gz!/vlm_patches/test_045_tile_embeddings/standard/oracle_non_tumor/test_045_tile_embeddings_standard_oracle_non_tumor_001.png,test_045_tile_embeddings_standard_oracle_non_tumor_001
c16_native,test_045,test_045_tile_embeddings,05a0ba3b2e70ce1f,37632,167680,256,20,0.548553466796875,0,0.0,0,0,oracle_non_tumor,3,a50fbde29aa04e9d829a4580fd5c68b8,a50fbde29aa04e9d829a4580fd5c68b8,standard,0,0,vlm_patches/test_045_tile_embeddings/standard/oracle_non_tumor/test_045_tile_embeddings_standard_oracle_non_tumor_002.png,s3://pershin-medailab/Pathomorphology/CAMELYON/mil/vlm_patches/c16_abmil_vlm_patches_a50fbde29aa04e9d829a4580fd5c68b8.tar.gz!/vlm_patches/test_045_tile_embeddings/standard/oracle_non_tumor/test_045_tile_embeddings_standard_oracle_non_tumor_002.png,test_045_tile_embeddings_standard_oracle_non_tumor_002
c16_native,test_043,test_043_tile_embeddings,999b79dcd2e9ad20,39936,121600,256,20,0.6831817626953125,0,0.0,0,0,oracle_non_tumor,1,a50fbde29aa04e9d829a4580fd5c68b8,a50fbde29aa04e9d829a4580fd5c68b8,standard,0,0,vlm_patches/test_043_tile_embeddings/standard/oracle_non_tumor/test_043_tile_embeddings_standard_oracle_non_tumor_000.png,s3://pershin-medailab/Pathomorphology/CAMELYON/mil/vlm_patches/c16_abmil_vlm_patches_a50fbde29aa04e9d829a4580fd5c68b8.tar.gz!/vlm_patches/test_043_tile_embeddings/standard/oracle_non_tumor/test_043_tile_embeddings_standard_oracle_non_tumor_000.png,test_043_tile_embeddings_standard_oracle_non_tumor_000
c16_native,test_043,test_043_tile_embeddings,bd04022f57674c93,35072,118528,256,20,0.4275360107421875,0,0.0,0,0,oracle_non_tumor,2,a50fbde29aa04e9d829a4580fd5c68b8,a50fbde29aa04e9d829a4580fd5c68b8,standard,0,0,vlm_patches/test_043_tile_embeddings/standard/oracle_non_tumor/test_043_tile_embeddings_standard_oracle_non_tumor_001.png,s3://pershin-medailab/Pathomorphology/CAMELYON/mil/vlm_patches/c16_abmil_vlm_patches_a50fbde29aa04e9d829a4580fd5c68b8.tar.gz!/vlm_patches/test_043_tile_embeddings/standard/oracle_non_tumor/test_043_tile_embeddings_standard_oracle_non_tumor_001.png,test_043_tile_embeddings_standard_oracle_non_tumor_001
c16_native,test_043,test_043_tile_embeddings,8e309a67a0391996,75264,105728,256,20,0.004241943359375,0,0.0,0,0,oracle_non_tumor,3,a50fbde29aa04e9d829a4580fd5c68b8,a50fbde29aa04e9d829a4580fd5c68b8,standard,0,0,vlm_patches/test_043_tile_embeddings/standard/oracle_non_tumor/test_043_tile_embeddings_standard_oracle_non_tumor_002.png,s3://pershin-medailab/Pathomorphology/CAMELYON/mil/vlm_patches/c16_abmil_vlm_patches_a50fbde29aa04e9d829a4580fd5c68b8.tar.gz!/vlm_patches/test_043_tile_embeddings/standard/oracle_non_tumor/test_043_tile_embeddings_standard_oracle_non_tumor_002.png,test_043_tile_embeddings_standard_oracle_non_tumor_002
c16_native,test_119,test_119_tile_embeddings,52ea5abc7c4aee2b,32768,96512,256,20,0.3083343505859375,0,0.0,0,0,oracle_non_tumor,1,a50fbde29aa04e9d829a4580fd5c68b8,a50fbde29aa04e9d829a4580fd5c68b8,standard,0,0,vlm_patches/test_119_tile_embeddings/standard/oracle_non_tumor/test_119_tile_embeddings_standard_oracle_non_tumor_000.png,s3://pershin-medailab/Pathomorphology/CAMELYON/mil/vlm_patches/c16_abmil_vlm_patches_a50fbde29aa04e9d829a4580fd5c68b8.tar.gz!/vlm_patches/test_119_tile_embeddings/standard/oracle_non_tumor/test_119_tile_embeddings_standard_oracle_non_tumor_000.png,test_119_tile_embeddings_standard_oracle_non_tumor_000
c16_native,test_119,test_119_tile_embeddings,1eeb0b2d4579fc6e,42496,98560,256,20,0.1226806640625,0,0.0,0,0,oracle_non_tumor,2,a50fbde29aa04e9d829a4580fd5c68b8,a50fbde29aa04e9d829a4580fd5c68b8,standard,0,0,vlm_patches/test_119_tile_embeddings/standard/oracle_non_tumor/test_119_tile_embeddings_standard_oracle_non_tumor_001.png,s3://pershin-medailab/Pathomorphology/CAMELYON/mil/vlm_patches/c16_abmil_vlm_patches_a50fbde29aa04e9d829a4580fd5c68b8.tar.gz!/vlm_patches/test_119_tile_embeddings/standard/oracle_non_tumor/test_119_tile_embeddings_standard_oracle_non_tumor_001.png,test_119_tile_embeddings_standard_oracle_non_tumor_001
c16_native,test_119,test_119_tile_embeddings,5f20d4695e8b379c,11776,94464,256,20,0.9257965087890624,0,0.0,0,0,oracle_non_tumor,3,a50fbde29aa04e9d829a4580fd5c68b8,a50fbde29aa04e9d829a4580fd5c68b8,standard,0,0,vlm_patches/test_119_tile_embeddings/standard/oracle_non_tumor/test_119_tile_embeddings_standard_oracle_non_tumor_002.png,s3://pershin-medailab/Pathomorphology/CAMELYON/mil/vlm_patches/c16_abmil_vlm_patches_a50fbde29aa04e9d829a4580fd5c68b8.tar.gz!/vlm_patches/test_119_tile_embeddings/standard/oracle_non_tumor/test_119_tile_embeddings_standard_oracle_non_tumor_002.png,test_119_tile_embeddings_standard_oracle_non_tumor_002
c16_native,test_076,test_076_tile_embeddings,f000924c434ac7d2,62464,160000,256,20,0.863189697265625,0,0.0,0,0,oracle_non_tumor,1,a50fbde29aa04e9d829a4580fd5c68b8,a50fbde29aa04e9d829a4580fd5c68b8,standard,0,0,vlm_patches/test_076_tile_embeddings/standard/oracle_non_tumor/test_076_tile_embeddings_standard_oracle_non_tumor_000.png,s3://pershin-medailab/Pathomorphology/CAMELYON/mil/vlm_patches/c16_abmil_vlm_patches_a50fbde29aa04e9d829a4580fd5c68b8.tar.gz!/vlm_patches/test_076_tile_embeddings/standard/oracle_non_tumor/test_076_tile_embeddings_standard_oracle_non_tumor_000.png,test_076_tile_embeddings_standard_oracle_non_tumor_000
c16_native,test_076,test_076_tile_embeddings,e442aa164f8421c6,54016,197888,256,20,0.0232086181640625,0,0.0,0,0,oracle_non_tumor,2,a50fbde29aa04e9d829a4580fd5c68b8,a50fbde29aa04e9d829a4580fd5c68b8,standard,0,0,vlm_patches/test_076_tile_embeddings/standard/oracle_non_tumor/test_076_tile_embeddings_standard_oracle_non_tumor_001.png,s3://pershin-medailab/Pathomorphology/CAMELYON/mil/vlm_patches/c16_abmil_vlm_patches_a50fbde29aa04e9d829a4580fd5c68b8.tar.gz!/vlm_patches/test_076_tile_embeddings/standard/oracle_non_tumor/test_076_tile_embeddings_standard_oracle_non_tumor_001.png,test_076_tile_embeddings_standard_oracle_non_tumor_001
c16_native,test_076,test_076_tile_embeddings,550a07528463c69c,50176,136448,256,20,0.316741943359375,0,0.0,0,0,oracle_non_tumor,3,a50fbde29aa04e9d829a4580fd5c68b8,a50fbde29aa04e9d829a4580fd5c68b8,standard,0,0,vlm_patches/test_076_tile_embeddings/standard/oracle_non_tumor/test_076_tile_embeddings_standard_oracle_non_tumor_002.png,s3://pershin-medailab/Pathomorphology/CAMELYON/mil/vlm_patches/c16_abmil_vlm_patches_a50fbde29aa04e9d829a4580fd5c68b8.tar.gz!/vlm_patches/test_076_tile_embeddings/standard/oracle_non_tumor/test_076_tile_embeddings_standard_oracle_non_tumor_002.png,test_076_tile_embeddings_standard_oracle_non_tumor_002
c16_native,test_067,test_067_tile_embeddings,705995140d50005e,67840,99840,256,20,0.8504638671875,0,0.0,0,0,oracle_non_tumor,1,a50fbde29aa04e9d829a4580fd5c68b8,a50fbde29aa04e9d829a4580fd5c68b8,standard,0,0,vlm_patches/test_067_tile_embeddings/standard/oracle_non_tumor/test_067_tile_embeddings_standard_oracle_non_tumor_000.png,s3://pershin-medailab/Pathomorphology/CAMELYON/mil/vlm_patches/c16_abmil_vlm_patches_a50fbde29aa04e9d829a4580fd5c68b8.tar.gz!/vlm_patches/test_067_tile_embeddings/standard/oracle_non_tumor/test_067_tile_embeddings_standard_oracle_non_tumor_000.png,test_067_tile_embeddings_standard_oracle_non_tumor_000
c16_native,test_067,test_067_tile_embeddings,49732b0788b89fac,27904,89088,256,20,0.790130615234375,0,0.0,0,0,oracle_non_tumor,2,a50fbde29aa04e9d829a4580fd5c68b8,a50fbde29aa04e9d829a4580fd5c68b8,standard,0,0,vlm_patches/test_067_tile_embeddings/standard/oracle_non_tumor/test_067_tile_embeddings_standard_oracle_non_tumor_001.png,s3://pershin-medailab/Pathomorphology/CAMELYON/mil/vlm_patches/c16_abmil_vlm_patches_a50fbde29aa04e9d829a4580fd5c68b8.tar.gz!/vlm_patches/test_067_tile_embeddings/standard/oracle_non_tumor/test_067_tile_embeddings_standard_oracle_non_tumor_001.png,test_067_tile_embeddings_standard_oracle_non_tumor_001
c16_native,test_067,test_067_tile_embeddings,629d5d580fa9c72e,56576,130816,256,20,0.0502777099609375,0,0.0,0,0,oracle_non_tumor,3,a50fbde29aa04e9d829a4580fd5c68b8,a50fbde29aa04e9d829a4580fd5c68b8,standard,0,0,vlm_patches/test_067_tile_embeddings/standard/oracle_non_tumor/test_067_tile_embeddings_standard_oracle_non_tumor_002.png,s3://pershin-medailab/Pathomorphology/CAMELYON/mil/vlm_patches/c16_abmil_vlm_patches_a50fbde29aa04e9d829a4580fd5c68b8.tar.gz!/vlm_patches/test_067_tile_embeddings/standard/oracle_non_tumor/test_067_tile_embeddings_standard_oracle_non_tumor_002.png,test_067_tile_embeddings_standard_oracle_non_tumor_002
c16_native,test_103,test_103_tile_embeddings,d9c1d112ede51dec,58112,164608,256,20,0.85186767578125,0,0.0,0,0,oracle_non_tumor,1,a50fbde29aa04e9d829a4580fd5c68b8,a50fbde29aa04e9d829a4580fd5c68b8,standard,0,0,vlm_patches/test_103_tile_embeddings/standard/oracle_non_tumor/test_103_tile_embeddings_standard_oracle_non_tumor_000.png,s3://pershin-medailab/Pathomorphology/CAMELYON/mil/vlm_patches/c16_abmil_vlm_patches_a50fbde29aa04e9d829a4580fd5c68b8.tar.gz!/vlm_patches/test_103_tile_embeddings/standard/oracle_non_tumor/test_103_tile_embeddings_standard_oracle_non_tumor_000.png,test_103_tile_embeddings_standard_oracle_non_tumor_000
c16_native,test_103,test_103_tile_embeddings,cde89f73b263f405,59136,105984,256,20,0.871826171875,0,0.0,0,0,oracle_non_tumor,2,a50fbde29aa04e9d829a4580fd5c68b8,a50fbde29aa04e9d829a4580fd5c68b8,standard,0,0,vlm_patches/test_103_tile_embeddings/standard/oracle_non_tumor/test_103_tile_embeddings_standard_oracle_non_tumor_001.png,s3://pershin-medailab/Pathomorphology/CAMELYON/mil/vlm_patches/c16_abmil_vlm_patches_a50fbde29aa04e9d829a4580fd5c68b8.tar.gz!/vlm_patches/test_103_tile_embeddings/standard/oracle_non_tumor/test_103_tile_embeddings_standard_oracle_non_tumor_001.png,test_103_tile_embeddings_standard_oracle_non_tumor_001
c16_native,test_103,test_103_tile_embeddings,bd18375dbfa52678,63232,150016,256,20,3.0517578125e-05,0,0.0,0,0,oracle_non_tumor,3,a50fbde29aa04e9d829a4580fd5c68b8,a50fbde29aa04e9d829a4580fd5c68b8,standard,0,0,vlm_patches/test_103_tile_embeddings/standard/oracle_non_tumor/test_103_tile_embeddings_standard_oracle_non_tumor_002.png,s3://pershin-medailab/Pathomorphology/CAMELYON/mil/vlm_patches/c16_abmil_vlm_patches_a50fbde29aa04e9d829a4580fd5c68b8.tar.gz!/vlm_patches/test_103_tile_embeddings/standard/oracle_non_tumor/test_103_tile_embeddings_standard_oracle_non_tumor_002.png,test_103_tile_embeddings_standard_oracle_non_tumor_002
c16_native,test_123,test_123_tile_embeddings,ce2cfd07aaec0d17,44800,90880,256,20,0.3670806884765625,0,0.0,0,0,oracle_non_tumor,1,a50fbde29aa04e9d829a4580fd5c68b8,a50fbde29aa04e9d829a4580fd5c68b8,standard,0,0,vlm_patches/test_123_tile_embeddings/standard/oracle_non_tumor/test_123_tile_embeddings_standard_oracle_non_tumor_000.png,s3://pershin-medailab/Pathomorphology/CAMELYON/mil/vlm_patches/c16_abmil_vlm_patches_a50fbde29aa04e9d829a4580fd5c68b8.tar.gz!/vlm_patches/test_123_tile_embeddings/standard/oracle_non_tumor/test_123_tile_embeddings_standard_oracle_non_tumor_000.png,test_123_tile_embeddings_standard_oracle_non_tumor_000
c16_native,test_123,test_123_tile_embeddings,f0d5212bf3b612ae,25856,73216,256,20,0.0867156982421875,0,0.0,0,0,oracle_non_tumor,2,a50fbde29aa04e9d829a4580fd5c68b8,a50fbde29aa04e9d829a4580fd5c68b8,standard,0,0,vlm_patches/test_123_tile_embeddings/standard/oracle_non_tumor/test_123_tile_embeddings_standard_oracle_non_tumor_001.png,s3://pershin-medailab/Pathomorphology/CAMELYON/mil/vlm_patches/c16_abmil_vlm_patches_a50fbde29aa04e9d829a4580fd5c68b8.tar.gz!/vlm_patches/test_123_tile_embeddings/standard/oracle_non_tumor/test_123_tile_embeddings_standard_oracle_non_tumor_001.png,test_123_tile_embeddings_standard_oracle_non_tumor_001
c16_native,test_123,test_123_tile_embeddings,2017546cbffaded7,36608,84480,256,20,0.2484130859375,0,0.0,0,0,oracle_non_tumor,3,a50fbde29aa04e9d829a4580fd5c68b8,a50fbde29aa04e9d829a4580fd5c68b8,standard,0,0,vlm_patches/test_123_tile_embeddings/standard/oracle_non_tumor/test_123_tile_embeddings_standard_oracle_non_tumor_002.png,s3://pershin-medailab/Pathomorphology/CAMELYON/mil/vlm_patches/c16_abmil_vlm_patches_a50fbde29aa04e9d829a4580fd5c68b8.tar.gz!/vlm_patches/test_123_tile_embeddings/standard/oracle_non_tumor/test_123_tile_embeddings_standard_oracle_non_tumor_002.png,test_123_tile_embeddings_standard_oracle_non_tumor_002
c16_native,test_023,test_023_tile_embeddings,e7995a0521acd387,58880,122880,256,20,0.9474639892578124,0,0.0,0,0,oracle_non_tumor,1,a50fbde29aa04e9d829a4580fd5c68b8,a50fbde29aa04e9d829a4580fd5c68b8,standard,0,0,vlm_patches/test_023_tile_embeddings/standard/oracle_non_tumor/test_023_tile_embeddings_standard_oracle_non_tumor_000.png,s3://pershin-medailab/Pathomorphology/CAMELYON/mil/vlm_patches/c16_abmil_vlm_patches_a50fbde29aa04e9d829a4580fd5c68b8.tar.gz!/vlm_patches/test_023_tile_embeddings/standard/oracle_non_tumor/test_023_tile_embeddings_standard_oracle_non_tumor_000.png,test_023_tile_embeddings_standard_oracle_non_tumor_000
c16_native,test_023,test_023_tile_embeddings,51ba4738c5fe68b8,14592,143104,256,20,0.0087127685546875,0,0.0,0,0,oracle_non_tumor,2,a50fbde29aa04e9d829a4580fd5c68b8,a50fbde29aa04e9d829a4580fd5c68b8,standard,0,0,vlm_patches/test_023_tile_embeddings/standard/oracle_non_tumor/test_023_tile_embeddings_standard_oracle_non_tumor_001.png,s3://pershin-medailab/Pathomorphology/CAMELYON/mil/vlm_patches/c16_abmil_vlm_patches_a50fbde29aa04e9d829a4580fd5c68b8.tar.gz!/vlm_patches/test_023_tile_embeddings/standard/oracle_non_tumor/test_023_tile_embeddings_standard_oracle_non_tumor_001.png,test_023_tile_embeddings_standard_oracle_non_tumor_001
c16_native,test_023,test_023_tile_embeddings,4e42cd523a1dcce5,52224,125952,256,20,0.104888916015625,0,0.0,0,0,oracle_non_tumor,3,a50fbde29aa04e9d829a4580fd5c68b8,a50fbde29aa04e9d829a4580fd5c68b8,standard,0,0,vlm_patches/test_023_tile_embeddings/standard/oracle_non_tumor/test_023_tile_embeddings_standard_oracle_non_tumor_002.png,s3://pershin-medailab/Pathomorphology/CAMELYON/mil/vlm_patches/c16_abmil_vlm_patches_a50fbde29aa04e9d829a4580fd5c68b8.tar.gz!/vlm_patches/test_023_tile_embeddings/standard/oracle_non_tumor/test_023_tile_embeddings_standard_oracle_non_tumor_002.png,test_023_tile_embeddings_standard_oracle_non_tumor_002
c16_native,test_007,test_007_tile_embeddings,99826329213da683,83968,106752,256,20,0.792449951171875,0,0.0,0,0,oracle_non_tumor,1,a50fbde29aa04e9d829a4580fd5c68b8,a50fbde29aa04e9d829a4580fd5c68b8,standard,0,0,vlm_patches/test_007_tile_embeddings/standard/oracle_non_tumor/test_007_tile_embeddings_standard_oracle_non_tumor_000.png,s3://pershin-medailab/Pathomorphology/CAMELYON/mil/vlm_patches/c16_abmil_vlm_patches_a50fbde29aa04e9d829a4580fd5c68b8.tar.gz!/vlm_patches/test_007_tile_embeddings/standard/oracle_non_tumor/test_007_tile_embeddings_standard_oracle_non_tumor_000.png,test_007_tile_embeddings_standard_oracle_non_tumor_000
c16_native,test_007,test_007_tile_embeddings,c541d828da66b191,33792,135680,256,20,0.446624755859375,0,0.0,0,0,oracle_non_tumor,2,a50fbde29aa04e9d829a4580fd5c68b8,a50fbde29aa04e9d829a4580fd5c68b8,standard,0,0,vlm_patches/test_007_tile_embeddings/standard/oracle_non_tumor/test_007_tile_embeddings_standard_oracle_non_tumor_001.png,s3://pershin-medailab/Pathomorphology/CAMELYON/mil/vlm_patches/c16_abmil_vlm_patches_a50fbde29aa04e9d829a4580fd5c68b8.tar.gz!/vlm_patches/test_007_tile_embeddings/standard/oracle_non_tumor/test_007_tile_embeddings_standard_oracle_non_tumor_001.png,test_007_tile_embeddings_standard_oracle_non_tumor_001
c16_native,test_007,test_007_tile_embeddings,36d4be7307d7b761,59392,112384,256,20,0.0147247314453125,0,0.0,0,0,oracle_non_tumor,3,a50fbde29aa04e9d829a4580fd5c68b8,a50fbde29aa04e9d829a4580fd5c68b8,standard,0,0,vlm_patches/test_007_tile_embeddings/standard/oracle_non_tumor/test_007_tile_embeddings_standard_oracle_non_tumor_002.png,s3://pershin-medailab/Pathomorphology/CAMELYON/mil/vlm_patches/c16_abmil_vlm_patches_a50fbde29aa04e9d829a4580fd5c68b8.tar.gz!/vlm_patches/test_007_tile_embeddings/standard/oracle_non_tumor/test_007_tile_embeddings_standard_oracle_non_tumor_002.png,test_007_tile_embeddings_standard_oracle_non_tumor_002
c16_native,test_082,test_082_tile_embeddings,b54731e419463975,35840,84736,256,20,0.0436859130859375,0,0.0,0,0,oracle_non_tumor,1,a50fbde29aa04e9d829a4580fd5c68b8,a50fbde29aa04e9d829a4580fd5c68b8,standard,0,0,vlm_patches/test_082_tile_embeddings/standard/oracle_non_tumor/test_082_tile_embeddings_standard_oracle_non_tumor_000.png,s3://pershin-medailab/Pathomorphology/CAMELYON/mil/vlm_patches/c16_abmil_vlm_patches_a50fbde29aa04e9d829a4580fd5c68b8.tar.gz!/vlm_patches/test_082_tile_embeddings/standard/oracle_non_tumor/test_082_tile_embeddings_standard_oracle_non_tumor_000.png,test_082_tile_embeddings_standard_oracle_non_tumor_000
c16_native,test_082,test_082_tile_embeddings,b04308c7dc78de31,43776,174848,256,20,0.8961944580078125,0,0.0,0,0,oracle_non_tumor,2,a50fbde29aa04e9d829a4580fd5c68b8,a50fbde29aa04e9d829a4580fd5c68b8,standard,0,0,vlm_patches/test_082_tile_embeddings/standard/oracle_non_tumor/test_082_tile_embeddings_standard_oracle_non_tumor_001.png,s3://pershin-medailab/Pathomorphology/CAMELYON/mil/vlm_patches/c16_abmil_vlm_patches_a50fbde29aa04e9d829a4580fd5c68b8.tar.gz!/vlm_patches/test_082_tile_embeddings/standard/oracle_non_tumor/test_082_tile_embeddings_standard_oracle_non_tumor_001.png,test_082_tile_embeddings_standard_oracle_non_tumor_001
c16_native,test_082,test_082_tile_embeddings,c3b1fa975d23ffd7,68352,176896,256,20,0.020263671875,0,0.0,0,0,oracle_non_tumor,3,a50fbde29aa04e9d829a4580fd5c68b8,a50fbde29aa04e9d829a4580fd5c68b8,standard,0,0,vlm_patches/test_082_tile_embeddings/standard/oracle_non_tumor/test_082_tile_embeddings_standard_oracle_non_tumor_002.png,s3://pershin-medailab/Pathomorphology/CAMELYON/mil/vlm_patches/c16_abmil_vlm_patches_a50fbde29aa04e9d829a4580fd5c68b8.tar.gz!/vlm_patches/test_082_tile_embeddings/standard/oracle_non_tumor/test_082_tile_embeddings_standard_oracle_non_tumor_002.png,test_082_tile_embeddings_standard_oracle_non_tumor_002
c16_native,test_016,test_016_tile_embeddings,26bc96190e9d3192,63744,32768,256,20,0.254547119140625,0,0.0,0,0,oracle_non_tumor,1,a50fbde29aa04e9d829a4580fd5c68b8,a50fbde29aa04e9d829a4580fd5c68b8,standard,0,0,vlm_patches/test_016_tile_embeddings/standard/oracle_non_tumor/test_016_tile_embeddings_standard_oracle_non_tumor_000.png,s3://pershin-medailab/Pathomorphology/CAMELYON/mil/vlm_patches/c16_abmil_vlm_patches_a50fbde29aa04e9d829a4580fd5c68b8.tar.gz!/vlm_patches/test_016_tile_embeddings/standard/oracle_non_tumor/test_016_tile_embeddings_standard_oracle_non_tumor_000.png,test_016_tile_embeddings_standard_oracle_non_tumor_000
c16_native,test_016,test_016_tile_embeddings,0fba69cbb2c6a7c4,54528,44288,256,20,0.2517242431640625,0,0.0,0,0,oracle_non_tumor,2,a50fbde29aa04e9d829a4580fd5c68b8,a50fbde29aa04e9d829a4580fd5c68b8,standard,0,0,vlm_patches/test_016_tile_embeddings/standard/oracle_non_tumor/test_016_tile_embeddings_standard_oracle_non_tumor_001.png,s3://pershin-medailab/Pathomorphology/CAMELYON/mil/vlm_patches/c16_abmil_vlm_patches_a50fbde29aa04e9d829a4580fd5c68b8.tar.gz!/vlm_patches/test_016_tile_embeddings/standard/oracle_non_tumor/test_016_tile_embeddings_standard_oracle_non_tumor_001.png,test_016_tile_embeddings_standard_oracle_non_tumor_001
c16_native,test_016,test_016_tile_embeddings,d74ae09276cec6eb,54272,35328,256,20,0.2307281494140625,0,0.0,0,0,oracle_non_tumor,3,a50fbde29aa04e9d829a4580fd5c68b8,a50fbde29aa04e9d829a4580fd5c68b8,standard,0,0,vlm_patches/test_016_tile_embeddings/standard/oracle_non_tumor/test_016_tile_embeddings_standard_oracle_non_tumor_002.png,s3://pershin-medailab/Pathomorphology/CAMELYON/mil/vlm_patches/c16_abmil_vlm_patches_a50fbde29aa04e9d829a4580fd5c68b8.tar.gz!/vlm_patches/test_016_tile_embeddings/standard/oracle_non_tumor/test_016_tile_embeddings_standard_oracle_non_tumor_002.png,test_016_tile_embeddings_standard_oracle_non_tumor_002
c16_native,test_061,test_061_tile_embeddings,339f14e7e08ba365,47872,136192,256,20,0.2812347412109375,0,0.0,0,0,oracle_non_tumor,1,a50fbde29aa04e9d829a4580fd5c68b8,a50fbde29aa04e9d829a4580fd5c68b8,standard,0,0,vlm_patches/test_061_tile_embeddings/standard/oracle_non_tumor/test_061_tile_embeddings_standard_oracle_non_tumor_000.png,s3://pershin-medailab/Pathomorphology/CAMELYON/mil/vlm_patches/c16_abmil_vlm_patches_a50fbde29aa04e9d829a4580fd5c68b8.tar.gz!/vlm_patches/test_061_tile_embeddings/standard/oracle_non_tumor/test_061_tile_embeddings_standard_oracle_non_tumor_000.png,test_061_tile_embeddings_standard_oracle_non_tumor_000
c16_native,test_061,test_061_tile_embeddings,09cc729587ab1457,23552,141824,256,20,0.0200958251953125,0,0.0,0,0,oracle_non_tumor,2,a50fbde29aa04e9d829a4580fd5c68b8,a50fbde29aa04e9d829a4580fd5c68b8,standard,0,0,vlm_patches/test_061_tile_embeddings/standard/oracle_non_tumor/test_061_tile_embeddings_standard_oracle_non_tumor_001.png,s3://pershin-medailab/Pathomorphology/CAMELYON/mil/vlm_patches/c16_abmil_vlm_patches_a50fbde29aa04e9d829a4580fd5c68b8.tar.gz!/vlm_patches/test_061_tile_embeddings/standard/oracle_non_tumor/test_061_tile_embeddings_standard_oracle_non_tumor_001.png,test_061_tile_embeddings_standard_oracle_non_tumor_001
c16_native,test_061,test_061_tile_embeddings,f862620845e5c58b,23296,160512,256,20,0.0402069091796875,0,0.0,0,0,oracle_non_tumor,3,a50fbde29aa04e9d829a4580fd5c68b8,a50fbde29aa04e9d829a4580fd5c68b8,standard,0,0,vlm_patches/test_061_tile_embeddings/standard/oracle_non_tumor/test_061_tile_embeddings_standard_oracle_non_tumor_002.png,s3://pershin-medailab/Pathomorphology/CAMELYON/mil/vlm_patches/c16_abmil_vlm_patches_a50fbde29aa04e9d829a4580fd5c68b8.tar.gz!/vlm_patches/test_061_tile_embeddings/standard/oracle_non_tumor/test_061_tile_embeddings_standard_oracle_non_tumor_002.png,test_061_tile_embeddings_standard_oracle_non_tumor_002
c16_native,test_108,test_108_tile_embeddings,3a91b65884af7f68,32768,142848,256,20,0.0462799072265625,0,0.0,0,0,oracle_non_tumor,1,a50fbde29aa04e9d829a4580fd5c68b8,a50fbde29aa04e9d829a4580fd5c68b8,standard,0,0,vlm_patches/test_108_tile_embeddings/standard/oracle_non_tumor/test_108_tile_embeddings_standard_oracle_non_tumor_000.png,s3://pershin-medailab/Pathomorphology/CAMELYON/mil/vlm_patches/c16_abmil_vlm_patches_a50fbde29aa04e9d829a4580fd5c68b8.tar.gz!/vlm_patches/test_108_tile_embeddings/standard/oracle_non_tumor/test_108_tile_embeddings_standard_oracle_non_tumor_000.png,test_108_tile_embeddings_standard_oracle_non_tumor_000
c16_native,test_108,test_108_tile_embeddings,5c4e88903f66d393,34048,104704,256,20,0.74664306640625,0,0.0,0,0,oracle_non_tumor,2,a50fbde29aa04e9d829a4580fd5c68b8,a50fbde29aa04e9d829a4580fd5c68b8,standard,0,0,vlm_patches/test_108_tile_embeddings/standard/oracle_non_tumor/test_108_tile_embeddings_standard_oracle_non_tumor_001.png,s3://pershin-medailab/Pathomorphology/CAMELYON/mil/vlm_patches/c16_abmil_vlm_patches_a50fbde29aa04e9d829a4580fd5c68b8.tar.gz!/vlm_patches/test_108_tile_embeddings/standard/oracle_non_tumor/test_108_tile_embeddings_standard_oracle_non_tumor_001.png,test_108_tile_embeddings_standard_oracle_non_tumor_001
c16_native,test_108,test_108_tile_embeddings,361e0810021dd6cd,66304,124416,256,20,0.0386810302734375,0,0.0,0,0,oracle_non_tumor,3,a50fbde29aa04e9d829a4580fd5c68b8,a50fbde29aa04e9d829a4580fd5c68b8,standard,0,0,vlm_patches/test_108_tile_embeddings/standard/oracle_non_tumor/test_108_tile_embeddings_standard_oracle_non_tumor_002.png,s3://pershin-medailab/Pathomorphology/CAMELYON/mil/vlm_patches/c16_abmil_vlm_patches_a50fbde29aa04e9d829a4580fd5c68b8.tar.gz!/vlm_patches/test_108_tile_embeddings/standard/oracle_non_tumor/test_108_tile_embeddings_standard_oracle_non_tumor_002.png,test_108_tile_embeddings_standard_oracle_non_tumor_002
c16_native,test_074,test_074_tile_embeddings,8ce33033aa0948f0,37120,169984,256,20,0.7787933349609375,0,0.0,0,0,oracle_non_tumor,1,a50fbde29aa04e9d829a4580fd5c68b8,a50fbde29aa04e9d829a4580fd5c68b8,standard,0,0,vlm_patches/test_074_tile_embeddings/standard/oracle_non_tumor/test_074_tile_embeddings_standard_oracle_non_tumor_000.png,s3://pershin-medailab/Pathomorphology/CAMELYON/mil/vlm_patches/c16_abmil_vlm_patches_a50fbde29aa04e9d829a4580fd5c68b8.tar.gz!/vlm_patches/test_074_tile_embeddings/standard/oracle_non_tumor/test_074_tile_embeddings_standard_oracle_non_tumor_000.png,test_074_tile_embeddings_standard_oracle_non_tumor_000
c16_native,test_074,test_074_tile_embeddings,95e61fd57313a87b,70656,125184,256,20,0.0864105224609375,0,0.0,0,0,oracle_non_tumor,2,a50fbde29aa04e9d829a4580fd5c68b8,a50fbde29aa04e9d829a4580fd5c68b8,standard,0,0,vlm_patches/test_074_tile_embeddings/standard/oracle_non_tumor/test_074_tile_embeddings_standard_oracle_non_tumor_001.png,s3://pershin-medailab/Pathomorphology/CAMELYON/mil/vlm_patches/c16_abmil_vlm_patches_a50fbde29aa04e9d829a4580fd5c68b8.tar.gz!/vlm_patches/test_074_tile_embeddings/standard/oracle_non_tumor/test_074_tile_embeddings_standard_oracle_non_tumor_001.png,test_074_tile_embeddings_standard_oracle_non_tumor_001
c16_native,test_074,test_074_tile_embeddings,b8197e19ad039feb,84480,82176,256,20,0.01959228515625,0,0.0,0,0,oracle_non_tumor,3,a50fbde29aa04e9d829a4580fd5c68b8,a50fbde29aa04e9d829a4580fd5c68b8,standard,0,0,vlm_patches/test_074_tile_embeddings/standard/oracle_non_tumor/test_074_tile_embeddings_standard_oracle_non_tumor_002.png,s3://pershin-medailab/Pathomorphology/CAMELYON/mil/vlm_patches/c16_abmil_vlm_patches_a50fbde29aa04e9d829a4580fd5c68b8.tar.gz!/vlm_patches/test_074_tile_embeddings/standard/oracle_non_tumor/test_074_tile_embeddings_standard_oracle_non_tumor_002.png,test_074_tile_embeddings_standard_oracle_non_tumor_002
c16_native,test_027,test_027_tile_embeddings,b5b6eeac744ec928,30720,129792,256,20,0.449249267578125,0,0.0,0,0,oracle_non_tumor,1,a50fbde29aa04e9d829a4580fd5c68b8,a50fbde29aa04e9d829a4580fd5c68b8,standard,0,0,vlm_patches/test_027_tile_embeddings/standard/oracle_non_tumor/test_027_tile_embeddings_standard_oracle_non_tumor_000.png,s3://pershin-medailab/Pathomorphology/CAMELYON/mil/vlm_patches/c16_abmil_vlm_patches_a50fbde29aa04e9d829a4580fd5c68b8.tar.gz!/vlm_patches/test_027_tile_embeddings/standard/oracle_non_tumor/test_027_tile_embeddings_standard_oracle_non_tumor_000.png,test_027_tile_embeddings_standard_oracle_non_tumor_000
c16_native,test_027,test_027_tile_embeddings,41920901e2f78c0b,47872,147968,256,20,0.241851806640625,0,0.0,0,0,oracle_non_tumor,2,a50fbde29aa04e9d829a4580fd5c68b8,a50fbde29aa04e9d829a4580fd5c68b8,standard,0,0,vlm_patches/test_027_tile_embeddings/standard/oracle_non_tumor/test_027_tile_embeddings_standard_oracle_non_tumor_001.png,s3://pershin-medailab/Pathomorphology/CAMELYON/mil/vlm_patches/c16_abmil_vlm_patches_a50fbde29aa04e9d829a4580fd5c68b8.tar.gz!/vlm_patches/test_027_tile_embeddings/standard/oracle_non_tumor/test_027_tile_embeddings_standard_oracle_non_tumor_001.png,test_027_tile_embeddings_standard_oracle_non_tumor_001
c16_native,test_027,test_027_tile_embeddings,f82b731874516493,50944,102912,256,20,0.802581787109375,0,0.0,0,0,oracle_non_tumor,3,a50fbde29aa04e9d829a4580fd5c68b8,a50fbde29aa04e9d829a4580fd5c68b8,standard,0,0,vlm_patches/test_027_tile_embeddings/standard/oracle_non_tumor/test_027_tile_embeddings_standard_oracle_non_tumor_002.png,s3://pershin-medailab/Pathomorphology/CAMELYON/mil/vlm_patches/c16_abmil_vlm_patches_a50fbde29aa04e9d829a4580fd5c68b8.tar.gz!/vlm_patches/test_027_tile_embeddings/standard/oracle_non_tumor/test_027_tile_embeddings_standard_oracle_non_tumor_002.png,test_027_tile_embeddings_standard_oracle_non_tumor_002
c16_native,test_100,test_100_tile_embeddings,517347a3720c109e,73216,131328,256,20,0.00152587890625,0,0.0,0,0,oracle_non_tumor,1,a50fbde29aa04e9d829a4580fd5c68b8,a50fbde29aa04e9d829a4580fd5c68b8,standard,0,0,vlm_patches/test_100_tile_embeddings/standard/oracle_non_tumor/test_100_tile_embeddings_standard_oracle_non_tumor_000.png,s3://pershin-medailab/Pathomorphology/CAMELYON/mil/vlm_patches/c16_abmil_vlm_patches_a50fbde29aa04e9d829a4580fd5c68b8.tar.gz!/vlm_patches/test_100_tile_embeddings/standard/oracle_non_tumor/test_100_tile_embeddings_standard_oracle_non_tumor_000.png,test_100_tile_embeddings_standard_oracle_non_tumor_000
c16_native,test_100,test_100_tile_embeddings,9d287b76a1cc5f87,55552,112640,256,20,0.8577423095703125,0,0.0,0,0,oracle_non_tumor,2,a50fbde29aa04e9d829a4580fd5c68b8,a50fbde29aa04e9d829a4580fd5c68b8,standard,0,0,vlm_patches/test_100_tile_embeddings/standard/oracle_non_tumor/test_100_tile_embeddings_standard_oracle_non_tumor_001.png,s3://pershin-medailab/Pathomorphology/CAMELYON/mil/vlm_patches/c16_abmil_vlm_patches_a50fbde29aa04e9d829a4580fd5c68b8.tar.gz!/vlm_patches/test_100_tile_embeddings/standard/oracle_non_tumor/test_100_tile_embeddings_standard_oracle_non_tumor_001.png,test_100_tile_embeddings_standard_oracle_non_tumor_001
c16_native,test_100,test_100_tile_embeddings,446c9c002bee18e0,82688,52992,256,20,0.95709228515625,0,0.0,0,0,oracle_non_tumor,3,a50fbde29aa04e9d829a4580fd5c68b8,a50fbde29aa04e9d829a4580fd5c68b8,standard,0,0,vlm_patches/test_100_tile_embeddings/standard/oracle_non_tumor/test_100_tile_embeddings_standard_oracle_non_tumor_002.png,s3://pershin-medailab/Pathomorphology/CAMELYON/mil/vlm_patches/c16_abmil_vlm_patches_a50fbde29aa04e9d829a4580fd5c68b8.tar.gz!/vlm_patches/test_100_tile_embeddings/standard/oracle_non_tumor/test_100_tile_embeddings_standard_oracle_non_tumor_002.png,test_100_tile_embeddings_standard_oracle_non_tumor_002
c16_native,test_051,test_051_tile_embeddings,aa067f1a897b2dcd,15872,119808,256,20,0.454193115234375,0,0.0,0,0,oracle_non_tumor,1,a50fbde29aa04e9d829a4580fd5c68b8,a50fbde29aa04e9d829a4580fd5c68b8,standard,0,0,vlm_patches/test_051_tile_embeddings/standard/oracle_non_tumor/test_051_tile_embeddings_standard_oracle_non_tumor_000.png,s3://pershin-medailab/Pathomorphology/CAMELYON/mil/vlm_patches/c16_abmil_vlm_patches_a50fbde29aa04e9d829a4580fd5c68b8.tar.gz!/vlm_patches/test_051_tile_embeddings/standard/oracle_non_tumor/test_051_tile_embeddings_standard_oracle_non_tumor_000.png,test_051_tile_embeddings_standard_oracle_non_tumor_000
c16_native,test_051,test_051_tile_embeddings,a2d3a428980ec367,73984,120576,256,20,0.9676513671875,0,0.0,0,0,oracle_non_tumor,2,a50fbde29aa04e9d829a4580fd5c68b8,a50fbde29aa04e9d829a4580fd5c68b8,standard,0,0,vlm_patches/test_051_tile_embeddings/standard/oracle_non_tumor/test_051_tile_embeddings_standard_oracle_non_tumor_001.png,s3://pershin-medailab/Pathomorphology/CAMELYON/mil/vlm_patches/c16_abmil_vlm_patches_a50fbde29aa04e9d829a4580fd5c68b8.tar.gz!/vlm_patches/test_051_tile_embeddings/standard/oracle_non_tumor/test_051_tile_embeddings_standard_oracle_non_tumor_001.png,test_051_tile_embeddings_standard_oracle_non_tumor_001
c16_native,test_051,test_051_tile_embeddings,26b33612905fcc62,57600,142080,256,20,0.0,0,0.0,0,0,oracle_non_tumor,3,a50fbde29aa04e9d829a4580fd5c68b8,a50fbde29aa04e9d829a4580fd5c68b8,standard,0,0,vlm_patches/test_051_tile_embeddings/standard/oracle_non_tumor/test_051_tile_embeddings_standard_oracle_non_tumor_002.png,s3://pershin-medailab/Pathomorphology/CAMELYON/mil/vlm_patches/c16_abmil_vlm_patches_a50fbde29aa04e9d829a4580fd5c68b8.tar.gz!/vlm_patches/test_051_tile_embeddings/standard/oracle_non_tumor/test_051_tile_embeddings_standard_oracle_non_tumor_002.png,test_051_tile_embeddings_standard_oracle_non_tumor_002
c16_native,test_047,test_047_tile_embeddings,78e2543485240243,58880,66304,256,20,0.0,0,0.0,0,0,oracle_non_tumor,1,a50fbde29aa04e9d829a4580fd5c68b8,a50fbde29aa04e9d829a4580fd5c68b8,standard,0,0,vlm_patches/test_047_tile_embeddings/standard/oracle_non_tumor/test_047_tile_embeddings_standard_oracle_non_tumor_000.png,s3://pershin-medailab/Pathomorphology/CAMELYON/mil/vlm_patches/c16_abmil_vlm_patches_a50fbde29aa04e9d829a4580fd5c68b8.tar.gz!/vlm_patches/test_047_tile_embeddings/standard/oracle_non_tumor/test_047_tile_embeddings_standard_oracle_non_tumor_000.png,test_047_tile_embeddings_standard_oracle_non_tumor_000
c16_native,test_047,test_047_tile_embeddings,1396c84bd13a164a,34048,43776,256,20,0.9302978515625,0,0.0,0,0,oracle_non_tumor,2,a50fbde29aa04e9d829a4580fd5c68b8,a50fbde29aa04e9d829a4580fd5c68b8,standard,0,0,vlm_patches/test_047_tile_embeddings/standard/oracle_non_tumor/test_047_tile_embeddings_standard_oracle_non_tumor_001.png,s3://pershin-medailab/Pathomorphology/CAMELYON/mil/vlm_patches/c16_abmil_vlm_patches_a50fbde29aa04e9d829a4580fd5c68b8.tar.gz!/vlm_patches/test_047_tile_embeddings/standard/oracle_non_tumor/test_047_tile_embeddings_standard_oracle_non_tumor_001.png,test_047_tile_embeddings_standard_oracle_non_tumor_001
c16_native,test_047,test_047_tile_embeddings,8389580af2d5ceeb,54784,16640,256,20,0.082000732421875,0,0.0,0,0,oracle_non_tumor,3,a50fbde29aa04e9d829a4580fd5c68b8,a50fbde29aa04e9d829a4580fd5c68b8,standard,0,0,vlm_patches/test_047_tile_embeddings/standard/oracle_non_tumor/test_047_tile_embeddings_standard_oracle_non_tumor_002.png,s3://pershin-medailab/Pathomorphology/CAMELYON/mil/vlm_patches/c16_abmil_vlm_patches_a50fbde29aa04e9d829a4580fd5c68b8.tar.gz!/vlm_patches/test_047_tile_embeddings/standard/oracle_non_tumor/test_047_tile_embeddings_standard_oracle_non_tumor_002.png,test_047_tile_embeddings_standard_oracle_non_tumor_002
c16_native,test_094,test_094_tile_embeddings,d74afaed140212d8,25088,63488,256,20,0.801422119140625,0,0.0,0,0,oracle_non_tumor,1,a50fbde29aa04e9d829a4580fd5c68b8,a50fbde29aa04e9d829a4580fd5c68b8,standard,0,0,vlm_patches/test_094_tile_embeddings/standard/oracle_non_tumor/test_094_tile_embeddings_standard_oracle_non_tumor_000.png,s3://pershin-medailab/Pathomorphology/CAMELYON/mil/vlm_patches/c16_abmil_vlm_patches_a50fbde29aa04e9d829a4580fd5c68b8.tar.gz!/vlm_patches/test_094_tile_embeddings/standard/oracle_non_tumor/test_094_tile_embeddings_standard_oracle_non_tumor_000.png,test_094_tile_embeddings_standard_oracle_non_tumor_000
c16_native,test_094,test_094_tile_embeddings,88d5fe9d6db49003,29184,61696,256,20,0.8494415283203125,0,0.0,0,0,oracle_non_tumor,2,a50fbde29aa04e9d829a4580fd5c68b8,a50fbde29aa04e9d829a4580fd5c68b8,standard,0,0,vlm_patches/test_094_tile_embeddings/standard/oracle_non_tumor/test_094_tile_embeddings_standard_oracle_non_tumor_001.png,s3://pershin-medailab/Pathomorphology/CAMELYON/mil/vlm_patches/c16_abmil_vlm_patches_a50fbde29aa04e9d829a4580fd5c68b8.tar.gz!/vlm_patches/test_094_tile_embeddings/standard/oracle_non_tumor/test_094_tile_embeddings_standard_oracle_non_tumor_001.png,test_094_tile_embeddings_standard_oracle_non_tumor_001
c16_native,test_094,test_094_tile_embeddings,9ecb2c10c1530e10,20224,19200,256,20,0.010833740234375,0,0.0,0,0,oracle_non_tumor,3,a50fbde29aa04e9d829a4580fd5c68b8,a50fbde29aa04e9d829a4580fd5c68b8,standard,0,0,vlm_patches/test_094_tile_embeddings/standard/oracle_non_tumor/test_094_tile_embeddings_standard_oracle_non_tumor_002.png,s3://pershin-medailab/Pathomorphology/CAMELYON/mil/vlm_patches/c16_abmil_vlm_patches_a50fbde29aa04e9d829a4580fd5c68b8.tar.gz!/vlm_patches/test_094_tile_embeddings/standard/oracle_non_tumor/test_094_tile_embeddings_standard_oracle_non_tumor_002.png,test_094_tile_embeddings_standard_oracle_non_tumor_002
c16_native,test_115,test_115_tile_embeddings,66a4d5961b8e4da4,48384,83712,256,20,0.946319580078125,0,0.0,0,0,oracle_non_tumor,1,a50fbde29aa04e9d829a4580fd5c68b8,a50fbde29aa04e9d829a4580fd5c68b8,standard,0,0,vlm_patches/test_115_tile_embeddings/standard/oracle_non_tumor/test_115_tile_embeddings_standard_oracle_non_tumor_000.png,s3://pershin-medailab/Pathomorphology/CAMELYON/mil/vlm_patches/c16_abmil_vlm_patches_a50fbde29aa04e9d829a4580fd5c68b8.tar.gz!/vlm_patches/test_115_tile_embeddings/standard/oracle_non_tumor/test_115_tile_embeddings_standard_oracle_non_tumor_000.png,test_115_tile_embeddings_standard_oracle_non_tumor_000
c16_native,test_115,test_115_tile_embeddings,a7222543c77d5d35,51712,95744,256,20,0.127532958984375,0,0.0,0,0,oracle_non_tumor,2,a50fbde29aa04e9d829a4580fd5c68b8,a50fbde29aa04e9d829a4580fd5c68b8,standard,0,0,vlm_patches/test_115_tile_embeddings/standard/oracle_non_tumor/test_115_tile_embeddings_standard_oracle_non_tumor_001.png,s3://pershin-medailab/Pathomorphology/CAMELYON/mil/vlm_patches/c16_abmil_vlm_patches_a50fbde29aa04e9d829a4580fd5c68b8.tar.gz!/vlm_patches/test_115_tile_embeddings/standard/oracle_non_tumor/test_115_tile_embeddings_standard_oracle_non_tumor_001.png,test_115_tile_embeddings_standard_oracle_non_tumor_001
c16_native,test_115,test_115_tile_embeddings,467cda923fbc46bf,61696,107264,256,20,0.01654052734375,0,0.0,0,0,oracle_non_tumor,3,a50fbde29aa04e9d829a4580fd5c68b8,a50fbde29aa04e9d829a4580fd5c68b8,standard,0,0,vlm_patches/test_115_tile_embeddings/standard/oracle_non_tumor/test_115_tile_embeddings_standard_oracle_non_tumor_002.png,s3://pershin-medailab/Pathomorphology/CAMELYON/mil/vlm_patches/c16_abmil_vlm_patches_a50fbde29aa04e9d829a4580fd5c68b8.tar.gz!/vlm_patches/test_115_tile_embeddings/standard/oracle_non_tumor/test_115_tile_embeddings_standard_oracle_non_tumor_002.png,test_115_tile_embeddings_standard_oracle_non_tumor_002
c16_native,test_068,test_068_tile_embeddings,cb69319c60d3f0b9,71168,196608,256,20,0.059417724609375,0,0.0,0,0,oracle_non_tumor,1,a50fbde29aa04e9d829a4580fd5c68b8,a50fbde29aa04e9d829a4580fd5c68b8,standard,0,0,vlm_patches/test_068_tile_embeddings/standard/oracle_non_tumor/test_068_tile_embeddings_standard_oracle_non_tumor_000.png,s3://pershin-medailab/Pathomorphology/CAMELYON/mil/vlm_patches/c16_abmil_vlm_patches_a50fbde29aa04e9d829a4580fd5c68b8.tar.gz!/vlm_patches/test_068_tile_embeddings/standard/oracle_non_tumor/test_068_tile_embeddings_standard_oracle_non_tumor_000.png,test_068_tile_embeddings_standard_oracle_non_tumor_000
c16_native,test_068,test_068_tile_embeddings,15bb238573169634,23040,181248,256,20,0.668609619140625,0,0.0,0,0,oracle_non_tumor,2,a50fbde29aa04e9d829a4580fd5c68b8,a50fbde29aa04e9d829a4580fd5c68b8,standard,0,0,vlm_patches/test_068_tile_embeddings/standard/oracle_non_tumor/test_068_tile_embeddings_standard_oracle_non_tumor_001.png,s3://pershin-medailab/Pathomorphology/CAMELYON/mil/vlm_patches/c16_abmil_vlm_patches_a50fbde29aa04e9d829a4580fd5c68b8.tar.gz!/vlm_patches/test_068_tile_embeddings/standard/oracle_non_tumor/test_068_tile_embeddings_standard_oracle_non_tumor_001.png,test_068_tile_embeddings_standard_oracle_non_tumor_001
c16_native,test_068,test_068_tile_embeddings,478392d237da1c1b,74496,101376,256,20,0.0820770263671875,0,0.0,0,0,oracle_non_tumor,3,a50fbde29aa04e9d829a4580fd5c68b8,a50fbde29aa04e9d829a4580fd5c68b8,standard,0,0,vlm_patches/test_068_tile_embeddings/standard/oracle_non_tumor/test_068_tile_embeddings_standard_oracle_non_tumor_002.png,s3://pershin-medailab/Pathomorphology/CAMELYON/mil/vlm_patches/c16_abmil_vlm_patches_a50fbde29aa04e9d829a4580fd5c68b8.tar.gz!/vlm_patches/test_068_tile_embeddings/standard/oracle_non_tumor/test_068_tile_embeddings_standard_oracle_non_tumor_002.png,test_068_tile_embeddings_standard_oracle_non_tumor_002
c16_native,test_079,test_079_tile_embeddings,63240240c4464e0b,36096,39168,256,20,0.0003662109375,0,0.0,0,0,oracle_non_tumor,1,a50fbde29aa04e9d829a4580fd5c68b8,a50fbde29aa04e9d829a4580fd5c68b8,standard,0,0,vlm_patches/test_079_tile_embeddings/standard/oracle_non_tumor/test_079_tile_embeddings_standard_oracle_non_tumor_000.png,s3://pershin-medailab/Pathomorphology/CAMELYON/mil/vlm_patches/c16_abmil_vlm_patches_a50fbde29aa04e9d829a4580fd5c68b8.tar.gz!/vlm_patches/test_079_tile_embeddings/standard/oracle_non_tumor/test_079_tile_embeddings_standard_oracle_non_tumor_000.png,test_079_tile_embeddings_standard_oracle_non_tumor_000
c16_native,test_079,test_079_tile_embeddings,daf94fb3c83fdfeb,42496,68608,256,20,0.9915924072265624,0,0.0,0,0,oracle_non_tumor,2,a50fbde29aa04e9d829a4580fd5c68b8,a50fbde29aa04e9d829a4580fd5c68b8,standard,0,0,vlm_patches/test_079_tile_embeddings/standard/oracle_non_tumor/test_079_tile_embeddings_standard_oracle_non_tumor_001.png,s3://pershin-medailab/Pathomorphology/CAMELYON/mil/vlm_patches/c16_abmil_vlm_patches_a50fbde29aa04e9d829a4580fd5c68b8.tar.gz!/vlm_patches/test_079_tile_embeddings/standard/oracle_non_tumor/test_079_tile_embeddings_standard_oracle_non_tumor_001.png,test_079_tile_embeddings_standard_oracle_non_tumor_001
c16_native,test_079,test_079_tile_embeddings,e68664f4be99cf67,23296,41216,256,20,0.0018768310546875,0,0.0,0,0,oracle_non_tumor,3,a50fbde29aa04e9d829a4580fd5c68b8,a50fbde29aa04e9d829a4580fd5c68b8,standard,0,0,vlm_patches/test_079_tile_embeddings/standard/oracle_non_tumor/test_079_tile_embeddings_standard_oracle_non_tumor_002.png,s3://pershin-medailab/Pathomorphology/CAMELYON/mil/vlm_patches/c16_abmil_vlm_patches_a50fbde29aa04e9d829a4580fd5c68b8.tar.gz!/vlm_patches/test_079_tile_embeddings/standard/oracle_non_tumor/test_079_tile_embeddings_standard_oracle_non_tumor_002.png,test_079_tile_embeddings_standard_oracle_non_tumor_002
c16_native,test_032,test_032_tile_embeddings,2e927b5f83d79ce6,84992,150528,256,20,0.0,0,0.0,0,0,oracle_non_tumor,1,a50fbde29aa04e9d829a4580fd5c68b8,a50fbde29aa04e9d829a4580fd5c68b8,standard,0,0,vlm_patches/test_032_tile_embeddings/standard/oracle_non_tumor/test_032_tile_embeddings_standard_oracle_non_tumor_000.png,s3://pershin-medailab/Pathomorphology/CAMELYON/mil/vlm_patches/c16_abmil_vlm_patches_a50fbde29aa04e9d829a4580fd5c68b8.tar.gz!/vlm_patches/test_032_tile_embeddings/standard/oracle_non_tumor/test_032_tile_embeddings_standard_oracle_non_tumor_000.png,test_032_tile_embeddings_standard_oracle_non_tumor_000
c16_native,test_032,test_032_tile_embeddings,bbebbdfdcf50e55e,61952,119552,256,20,0.8698272705078125,0,0.0,0,0,oracle_non_tumor,2,a50fbde29aa04e9d829a4580fd5c68b8,a50fbde29aa04e9d829a4580fd5c68b8,standard,0,0,vlm_patches/test_032_tile_embeddings/standard/oracle_non_tumor/test_032_tile_embeddings_standard_oracle_non_tumor_001.png,s3://pershin-medailab/Pathomorphology/CAMELYON/mil/vlm_patches/c16_abmil_vlm_patches_a50fbde29aa04e9d829a4580fd5c68b8.tar.gz!/vlm_patches/test_032_tile_embeddings/standard/oracle_non_tumor/test_032_tile_embeddings_standard_oracle_non_tumor_001.png,test_032_tile_embeddings_standard_oracle_non_tumor_001
c16_native,test_032,test_032_tile_embeddings,2fcc6bdef946b3d1,54528,125184,256,20,0.428314208984375,0,0.0,0,0,oracle_non_tumor,3,a50fbde29aa04e9d829a4580fd5c68b8,a50fbde29aa04e9d829a4580fd5c68b8,standard,0,0,vlm_patches/test_032_tile_embeddings/standard/oracle_non_tumor/test_032_tile_embeddings_standard_oracle_non_tumor_002.png,s3://pershin-medailab/Pathomorphology/CAMELYON/mil/vlm_patches/c16_abmil_vlm_patches_a50fbde29aa04e9d829a4580fd5c68b8.tar.gz!/vlm_patches/test_032_tile_embeddings/standard/oracle_non_tumor/test_032_tile_embeddings_standard_oracle_non_tumor_002.png,test_032_tile_embeddings_standard_oracle_non_tumor_002
c16_native,test_035,test_035_tile_embeddings,4e09b94ebcba1114,65024,99072,256,20,0.559722900390625,0,0.0,0,0,oracle_non_tumor,1,a50fbde29aa04e9d829a4580fd5c68b8,a50fbde29aa04e9d829a4580fd5c68b8,standard,0,0,vlm_patches/test_035_tile_embeddings/standard/oracle_non_tumor/test_035_tile_embeddings_standard_oracle_non_tumor_000.png,s3://pershin-medailab/Pathomorphology/CAMELYON/mil/vlm_patches/c16_abmil_vlm_patches_a50fbde29aa04e9d829a4580fd5c68b8.tar.gz!/vlm_patches/test_035_tile_embeddings/standard/oracle_non_tumor/test_035_tile_embeddings_standard_oracle_non_tumor_000.png,test_035_tile_embeddings_standard_oracle_non_tumor_000
c16_native,test_035,test_035_tile_embeddings,396e4fe87f293700,47616,99840,256,20,0.1995849609375,0,0.0,0,0,oracle_non_tumor,2,a50fbde29aa04e9d829a4580fd5c68b8,a50fbde29aa04e9d829a4580fd5c68b8,standard,0,0,vlm_patches/test_035_tile_embeddings/standard/oracle_non_tumor/test_035_tile_embeddings_standard_oracle_non_tumor_001.png,s3://pershin-medailab/Pathomorphology/CAMELYON/mil/vlm_patches/c16_abmil_vlm_patches_a50fbde29aa04e9d829a4580fd5c68b8.tar.gz!/vlm_patches/test_035_tile_embeddings/standard/oracle_non_tumor/test_035_tile_embeddings_standard_oracle_non_tumor_001.png,test_035_tile_embeddings_standard_oracle_non_tumor_001
c16_native,test_035,test_035_tile_embeddings,e414e42d4998f908,39680,103168,256,20,0.919952392578125,0,0.0,0,0,oracle_non_tumor,3,a50fbde29aa04e9d829a4580fd5c68b8,a50fbde29aa04e9d829a4580fd5c68b8,standard,0,0,vlm_patches/test_035_tile_embeddings/standard/oracle_non_tumor/test_035_tile_embeddings_standard_oracle_non_tumor_002.png,s3://pershin-medailab/Pathomorphology/CAMELYON/mil/vlm_patches/c16_abmil_vlm_patches_a50fbde29aa04e9d829a4580fd5c68b8.tar.gz!/vlm_patches/test_035_tile_embeddings/standard/oracle_non_tumor/test_035_tile_embeddings_standard_oracle_non_tumor_002.png,test_035_tile_embeddings_standard_oracle_non_tumor_002
c16_native,test_009,test_009_tile_embeddings,b942a7c9e0ca574e,39680,63744,256,20,0.0836944580078125,0,0.0,0,0,oracle_non_tumor,1,a50fbde29aa04e9d829a4580fd5c68b8,a50fbde29aa04e9d829a4580fd5c68b8,standard,0,0,vlm_patches/test_009_tile_embeddings/standard/oracle_non_tumor/test_009_tile_embeddings_standard_oracle_non_tumor_000.png,s3://pershin-medailab/Pathomorphology/CAMELYON/mil/vlm_patches/c16_abmil_vlm_patches_a50fbde29aa04e9d829a4580fd5c68b8.tar.gz!/vlm_patches/test_009_tile_embeddings/standard/oracle_non_tumor/test_009_tile_embeddings_standard_oracle_non_tumor_000.png,test_009_tile_embeddings_standard_oracle_non_tumor_000
c16_native,test_009,test_009_tile_embeddings,27c53f7977c6307d,76032,123648,256,20,0.2913970947265625,0,0.0,0,0,oracle_non_tumor,2,a50fbde29aa04e9d829a4580fd5c68b8,a50fbde29aa04e9d829a4580fd5c68b8,standard,0,0,vlm_patches/test_009_tile_embeddings/standard/oracle_non_tumor/test_009_tile_embeddings_standard_oracle_non_tumor_001.png,s3://pershin-medailab/Pathomorphology/CAMELYON/mil/vlm_patches/c16_abmil_vlm_patches_a50fbde29aa04e9d829a4580fd5c68b8.tar.gz!/vlm_patches/test_009_tile_embeddings/standard/oracle_non_tumor/test_009_tile_embeddings_standard_oracle_non_tumor_001.png,test_009_tile_embeddings_standard_oracle_non_tumor_001
c16_native,test_009,test_009_tile_embeddings,218d61545104d4ef,86016,64256,256,20,0.1831207275390625,0,0.0,0,0,oracle_non_tumor,3,a50fbde29aa04e9d829a4580fd5c68b8,a50fbde29aa04e9d829a4580fd5c68b8,standard,0,0,vlm_patches/test_009_tile_embeddings/standard/oracle_non_tumor/test_009_tile_embeddings_standard_oracle_non_tumor_002.png,s3://pershin-medailab/Pathomorphology/CAMELYON/mil/vlm_patches/c16_abmil_vlm_patches_a50fbde29aa04e9d829a4580fd5c68b8.tar.gz!/vlm_patches/test_009_tile_embeddings/standard/oracle_non_tumor/test_009_tile_embeddings_standard_oracle_non_tumor_002.png,test_009_tile_embeddings_standard_oracle_non_tumor_002
c16_native,test_006,test_006_tile_embeddings,023420119dab7d4a,72448,168448,256,20,0.4470977783203125,0,0.0,0,0,oracle_non_tumor,1,a50fbde29aa04e9d829a4580fd5c68b8,a50fbde29aa04e9d829a4580fd5c68b8,standard,0,0,vlm_patches/test_006_tile_embeddings/standard/oracle_non_tumor/test_006_tile_embeddings_standard_oracle_non_tumor_000.png,s3://pershin-medailab/Pathomorphology/CAMELYON/mil/vlm_patches/c16_abmil_vlm_patches_a50fbde29aa04e9d829a4580fd5c68b8.tar.gz!/vlm_patches/test_006_tile_embeddings/standard/oracle_non_tumor/test_006_tile_embeddings_standard_oracle_non_tumor_000.png,test_006_tile_embeddings_standard_oracle_non_tumor_000
c16_native,test_006,test_006_tile_embeddings,b9e5aa8f96d06d45,63232,130560,256,20,0.026611328125,0,0.0,0,0,oracle_non_tumor,2,a50fbde29aa04e9d829a4580fd5c68b8,a50fbde29aa04e9d829a4580fd5c68b8,standard,0,0,vlm_patches/test_006_tile_embeddings/standard/oracle_non_tumor/test_006_tile_embeddings_standard_oracle_non_tumor_001.png,s3://pershin-medailab/Pathomorphology/CAMELYON/mil/vlm_patches/c16_abmil_vlm_patches_a50fbde29aa04e9d829a4580fd5c68b8.tar.gz!/vlm_patches/test_006_tile_embeddings/standard/oracle_non_tumor/test_006_tile_embeddings_standard_oracle_non_tumor_001.png,test_006_tile_embeddings_standard_oracle_non_tumor_001
c16_native,test_006,test_006_tile_embeddings,aa73f7b5b59d03fb,41216,175104,256,20,0.0,0,0.0,0,0,oracle_non_tumor,3,a50fbde29aa04e9d829a4580fd5c68b8,a50fbde29aa04e9d829a4580fd5c68b8,standard,0,0,vlm_patches/test_006_tile_embeddings/standard/oracle_non_tumor/test_006_tile_embeddings_standard_oracle_non_tumor_002.png,s3://pershin-medailab/Pathomorphology/CAMELYON/mil/vlm_patches/c16_abmil_vlm_patches_a50fbde29aa04e9d829a4580fd5c68b8.tar.gz!/vlm_patches/test_006_tile_embeddings/standard/oracle_non_tumor/test_006_tile_embeddings_standard_oracle_non_tumor_002.png,test_006_tile_embeddings_standard_oracle_non_tumor_002
c16_native,test_085,test_085_tile_embeddings,8b685a0c5649401d,69888,111616,256,20,0.057403564453125,0,0.0,0,0,oracle_non_tumor,1,a50fbde29aa04e9d829a4580fd5c68b8,a50fbde29aa04e9d829a4580fd5c68b8,standard,0,0,vlm_patches/test_085_tile_embeddings/standard/oracle_non_tumor/test_085_tile_embeddings_standard_oracle_non_tumor_000.png,s3://pershin-medailab/Pathomorphology/CAMELYON/mil/vlm_patches/c16_abmil_vlm_patches_a50fbde29aa04e9d829a4580fd5c68b8.tar.gz!/vlm_patches/test_085_tile_embeddings/standard/oracle_non_tumor/test_085_tile_embeddings_standard_oracle_non_tumor_000.png,test_085_tile_embeddings_standard_oracle_non_tumor_000
c16_native,test_085,test_085_tile_embeddings,a63b754806fe346c,68352,110848,256,20,0.0080413818359375,0,0.0,0,0,oracle_non_tumor,2,a50fbde29aa04e9d829a4580fd5c68b8,a50fbde29aa04e9d829a4580fd5c68b8,standard,0,0,vlm_patches/test_085_tile_embeddings/standard/oracle_non_tumor/test_085_tile_embeddings_standard_oracle_non_tumor_001.png,s3://pershin-medailab/Pathomorphology/CAMELYON/mil/vlm_patches/c16_abmil_vlm_patches_a50fbde29aa04e9d829a4580fd5c68b8.tar.gz!/vlm_patches/test_085_tile_embeddings/standard/oracle_non_tumor/test_085_tile_embeddings_standard_oracle_non_tumor_001.png,test_085_tile_embeddings_standard_oracle_non_tumor_001
c16_native,test_085,test_085_tile_embeddings,a8f862aec91cb375,72192,119040,256,20,0.89080810546875,0,0.0,0,0,oracle_non_tumor,3,a50fbde29aa04e9d829a4580fd5c68b8,a50fbde29aa04e9d829a4580fd5c68b8,standard,0,0,vlm_patches/test_085_tile_embeddings/standard/oracle_non_tumor/test_085_tile_embeddings_standard_oracle_non_tumor_002.png,s3://pershin-medailab/Pathomorphology/CAMELYON/mil/vlm_patches/c16_abmil_vlm_patches_a50fbde29aa04e9d829a4580fd5c68b8.tar.gz!/vlm_patches/test_085_tile_embeddings/standard/oracle_non_tumor/test_085_tile_embeddings_standard_oracle_non_tumor_002.png,test_085_tile_embeddings_standard_oracle_non_tumor_002
c16_native,test_124,test_124_tile_embeddings,e00c9ef0e80feb57,41728,58112,256,20,0.3323822021484375,0,0.0,0,0,oracle_non_tumor,1,a50fbde29aa04e9d829a4580fd5c68b8,a50fbde29aa04e9d829a4580fd5c68b8,standard,0,0,vlm_patches/test_124_tile_embeddings/standard/oracle_non_tumor/test_124_tile_embeddings_standard_oracle_non_tumor_000.png,s3://pershin-medailab/Pathomorphology/CAMELYON/mil/vlm_patches/c16_abmil_vlm_patches_a50fbde29aa04e9d829a4580fd5c68b8.tar.gz!/vlm_patches/test_124_tile_embeddings/standard/oracle_non_tumor/test_124_tile_embeddings_standard_oracle_non_tumor_000.png,test_124_tile_embeddings_standard_oracle_non_tumor_000
c16_native,test_124,test_124_tile_embeddings,c8c7998d49525a8c,41472,58112,256,20,0.301513671875,0,0.0,0,0,oracle_non_tumor,2,a50fbde29aa04e9d829a4580fd5c68b8,a50fbde29aa04e9d829a4580fd5c68b8,standard,0,0,vlm_patches/test_124_tile_embeddings/standard/oracle_non_tumor/test_124_tile_embeddings_standard_oracle_non_tumor_001.png,s3://pershin-medailab/Pathomorphology/CAMELYON/mil/vlm_patches/c16_abmil_vlm_patches_a50fbde29aa04e9d829a4580fd5c68b8.tar.gz!/vlm_patches/test_124_tile_embeddings/standard/oracle_non_tumor/test_124_tile_embeddings_standard_oracle_non_tumor_001.png,test_124_tile_embeddings_standard_oracle_non_tumor_001
c16_native,test_124,test_124_tile_embeddings,8a97c2163123de57,50688,107008,256,20,0.151519775390625,0,0.0,0,0,oracle_non_tumor,3,a50fbde29aa04e9d829a4580fd5c68b8,a50fbde29aa04e9d829a4580fd5c68b8,standard,0,0,vlm_patches/test_124_tile_embeddings/standard/oracle_non_tumor/test_124_tile_embeddings_standard_oracle_non_tumor_002.png,s3://pershin-medailab/Pathomorphology/CAMELYON/mil/vlm_patches/c16_abmil_vlm_patches_a50fbde29aa04e9d829a4580fd5c68b8.tar.gz!/vlm_patches/test_124_tile_embeddings/standard/oracle_non_tumor/test_124_tile_embeddings_standard_oracle_non_tumor_002.png,test_124_tile_embeddings_standard_oracle_non_tumor_002
c16_native,test_060,test_060_tile_embeddings,9ab7dd1dfe7522ae,60416,96768,256,20,0.8857421875,0,0.0,0,0,oracle_non_tumor,1,a50fbde29aa04e9d829a4580fd5c68b8,a50fbde29aa04e9d829a4580fd5c68b8,standard,0,0,vlm_patches/test_060_tile_embeddings/standard/oracle_non_tumor/test_060_tile_embeddings_standard_oracle_non_tumor_000.png,s3://pershin-medailab/Pathomorphology/CAMELYON/mil/vlm_patches/c16_abmil_vlm_patches_a50fbde29aa04e9d829a4580fd5c68b8.tar.gz!/vlm_patches/test_060_tile_embeddings/standard/oracle_non_tumor/test_060_tile_embeddings_standard_oracle_non_tumor_000.png,test_060_tile_embeddings_standard_oracle_non_tumor_000
c16_native,test_060,test_060_tile_embeddings,7a69bed33d2a27b5,27136,105216,256,20,0.3045806884765625,0,0.0,0,0,oracle_non_tumor,2,a50fbde29aa04e9d829a4580fd5c68b8,a50fbde29aa04e9d829a4580fd5c68b8,standard,0,0,vlm_patches/test_060_tile_embeddings/standard/oracle_non_tumor/test_060_tile_embeddings_standard_oracle_non_tumor_001.png,s3://pershin-medailab/Pathomorphology/CAMELYON/mil/vlm_patches/c16_abmil_vlm_patches_a50fbde29aa04e9d829a4580fd5c68b8.tar.gz!/vlm_patches/test_060_tile_embeddings/standard/oracle_non_tumor/test_060_tile_embeddings_standard_oracle_non_tumor_001.png,test_060_tile_embeddings_standard_oracle_non_tumor_001
c16_native,test_060,test_060_tile_embeddings,2f309f4b62183a7a,47104,126208,256,20,0.1714630126953125,0,0.0,0,0,oracle_non_tumor,3,a50fbde29aa04e9d829a4580fd5c68b8,a50fbde29aa04e9d829a4580fd5c68b8,standard,0,0,vlm_patches/test_060_tile_embeddings/standard/oracle_non_tumor/test_060_tile_embeddings_standard_oracle_non_tumor_002.png,s3://pershin-medailab/Pathomorphology/CAMELYON/mil/vlm_patches/c16_abmil_vlm_patches_a50fbde29aa04e9d829a4580fd5c68b8.tar.gz!/vlm_patches/test_060_tile_embeddings/standard/oracle_non_tumor/test_060_tile_embeddings_standard_oracle_non_tumor_002.png,test_060_tile_embeddings_standard_oracle_non_tumor_002
c16_native,test_024,test_024_tile_embeddings,86530de6bcaed656,34304,128000,256,20,0.095672607421875,0,0.0,0,0,oracle_non_tumor,1,a50fbde29aa04e9d829a4580fd5c68b8,a50fbde29aa04e9d829a4580fd5c68b8,standard,0,0,vlm_patches/test_024_tile_embeddings/standard/oracle_non_tumor/test_024_tile_embeddings_standard_oracle_non_tumor_000.png,s3://pershin-medailab/Pathomorphology/CAMELYON/mil/vlm_patches/c16_abmil_vlm_patches_a50fbde29aa04e9d829a4580fd5c68b8.tar.gz!/vlm_patches/test_024_tile_embeddings/standard/oracle_non_tumor/test_024_tile_embeddings_standard_oracle_non_tumor_000.png,test_024_tile_embeddings_standard_oracle_non_tumor_000
c16_native,test_024,test_024_tile_embeddings,d3fba546b587db8b,26368,125184,256,20,0.0215301513671875,0,0.0,0,0,oracle_non_tumor,2,a50fbde29aa04e9d829a4580fd5c68b8,a50fbde29aa04e9d829a4580fd5c68b8,standard,0,0,vlm_patches/test_024_tile_embeddings/standard/oracle_non_tumor/test_024_tile_embeddings_standard_oracle_non_tumor_001.png,s3://pershin-medailab/Pathomorphology/CAMELYON/mil/vlm_patches/c16_abmil_vlm_patches_a50fbde29aa04e9d829a4580fd5c68b8.tar.gz!/vlm_patches/test_024_tile_embeddings/standard/oracle_non_tumor/test_024_tile_embeddings_standard_oracle_non_tumor_001.png,test_024_tile_embeddings_standard_oracle_non_tumor_001
c16_native,test_024,test_024_tile_embeddings,a27741205d712313,49408,135168,256,20,0.606475830078125,0,0.0,0,0,oracle_non_tumor,3,a50fbde29aa04e9d829a4580fd5c68b8,a50fbde29aa04e9d829a4580fd5c68b8,standard,0,0,vlm_patches/test_024_tile_embeddings/standard/oracle_non_tumor/test_024_tile_embeddings_standard_oracle_non_tumor_002.png,s3://pershin-medailab/Pathomorphology/CAMELYON/mil/vlm_patches/c16_abmil_vlm_patches_a50fbde29aa04e9d829a4580fd5c68b8.tar.gz!/vlm_patches/test_024_tile_embeddings/standard/oracle_non_tumor/test_024_tile_embeddings_standard_oracle_non_tumor_002.png,test_024_tile_embeddings_standard_oracle_non_tumor_002
c16_native,test_122,test_122_tile_embeddings,b9a9a2680c13f530,38400,54272,256,20,0.806365966796875,0,0.0,0,0,oracle_non_tumor,1,a50fbde29aa04e9d829a4580fd5c68b8,a50fbde29aa04e9d829a4580fd5c68b8,standard,0,0,vlm_patches/test_122_tile_embeddings/standard/oracle_non_tumor/test_122_tile_embeddings_standard_oracle_non_tumor_000.png,s3://pershin-medailab/Pathomorphology/CAMELYON/mil/vlm_patches/c16_abmil_vlm_patches_a50fbde29aa04e9d829a4580fd5c68b8.tar.gz!/vlm_patches/test_122_tile_embeddings/standard/oracle_non_tumor/test_122_tile_embeddings_standard_oracle_non_tumor_000.png,test_122_tile_embeddings_standard_oracle_non_tumor_000
c16_native,test_122,test_122_tile_embeddings,3dcbba6587fc61f5,48640,21248,256,20,0.8758392333984375,0,0.0,0,0,oracle_non_tumor,2,a50fbde29aa04e9d829a4580fd5c68b8,a50fbde29aa04e9d829a4580fd5c68b8,standard,0,0,vlm_patches/test_122_tile_embeddings/standard/oracle_non_tumor/test_122_tile_embeddings_standard_oracle_non_tumor_001.png,s3://pershin-medailab/Pathomorphology/CAMELYON/mil/vlm_patches/c16_abmil_vlm_patches_a50fbde29aa04e9d829a4580fd5c68b8.tar.gz!/vlm_patches/test_122_tile_embeddings/standard/oracle_non_tumor/test_122_tile_embeddings_standard_oracle_non_tumor_001.png,test_122_tile_embeddings_standard_oracle_non_tumor_001
c16_native,test_122,test_122_tile_embeddings,f0aa02b235dcc4ef,12288,68864,256,20,0.4102630615234375,0,0.0,0,0,oracle_non_tumor,3,a50fbde29aa04e9d829a4580fd5c68b8,a50fbde29aa04e9d829a4580fd5c68b8,standard,0,0,vlm_patches/test_122_tile_embeddings/standard/oracle_non_tumor/test_122_tile_embeddings_standard_oracle_non_tumor_002.png,s3://pershin-medailab/Pathomorphology/CAMELYON/mil/vlm_patches/c16_abmil_vlm_patches_a50fbde29aa04e9d829a4580fd5c68b8.tar.gz!/vlm_patches/test_122_tile_embeddings/standard/oracle_non_tumor/test_122_tile_embeddings_standard_oracle_non_tumor_002.png,test_122_tile_embeddings_standard_oracle_non_tumor_002
c16_native,test_012,test_012_tile_embeddings,4ede7c3daf1593ed,107264,4608,256,20,0.0007781982421875,0,0.0,0,0,oracle_non_tumor,1,a50fbde29aa04e9d829a4580fd5c68b8,a50fbde29aa04e9d829a4580fd5c68b8,standard,0,0,vlm_patches/test_012_tile_embeddings/standard/oracle_non_tumor/test_012_tile_embeddings_standard_oracle_non_tumor_000.png,s3://pershin-medailab/Pathomorphology/CAMELYON/mil/vlm_patches/c16_abmil_vlm_patches_a50fbde29aa04e9d829a4580fd5c68b8.tar.gz!/vlm_patches/test_012_tile_embeddings/standard/oracle_non_tumor/test_012_tile_embeddings_standard_oracle_non_tumor_000.png,test_012_tile_embeddings_standard_oracle_non_tumor_000
c16_native,test_012,test_012_tile_embeddings,8f5d43b21c8dac64,91136,52480,256,20,0.857177734375,0,0.0,0,0,oracle_non_tumor,2,a50fbde29aa04e9d829a4580fd5c68b8,a50fbde29aa04e9d829a4580fd5c68b8,standard,0,0,vlm_patches/test_012_tile_embeddings/standard/oracle_non_tumor/test_012_tile_embeddings_standard_oracle_non_tumor_001.png,s3://pershin-medailab/Pathomorphology/CAMELYON/mil/vlm_patches/c16_abmil_vlm_patches_a50fbde29aa04e9d829a4580fd5c68b8.tar.gz!/vlm_patches/test_012_tile_embeddings/standard/oracle_non_tumor/test_012_tile_embeddings_standard_oracle_non_tumor_001.png,test_012_tile_embeddings_standard_oracle_non_tumor_001
c16_native,test_012,test_012_tile_embeddings,b7320379cdcfa6b1,18432,15872,256,20,0.0432891845703125,0,0.0,0,0,oracle_non_tumor,3,a50fbde29aa04e9d829a4580fd5c68b8,a50fbde29aa04e9d829a4580fd5c68b8,standard,0,0,vlm_patches/test_012_tile_embeddings/standard/oracle_non_tumor/test_012_tile_embeddings_standard_oracle_non_tumor_002.png,s3://pershin-medailab/Pathomorphology/CAMELYON/mil/vlm_patches/c16_abmil_vlm_patches_a50fbde29aa04e9d829a4580fd5c68b8.tar.gz!/vlm_patches/test_012_tile_embeddings/standard/oracle_non_tumor/test_012_tile_embeddings_standard_oracle_non_tumor_002.png,test_012_tile_embeddings_standard_oracle_non_tumor_002
c16_native,test_004,test_004_tile_embeddings,2cd85608157fec3b,83968,34048,256,20,0.82275390625,0,0.0,0,0,oracle_non_tumor,1,a50fbde29aa04e9d829a4580fd5c68b8,a50fbde29aa04e9d829a4580fd5c68b8,standard,0,0,vlm_patches/test_004_tile_embeddings/standard/oracle_non_tumor/test_004_tile_embeddings_standard_oracle_non_tumor_000.png,s3://pershin-medailab/Pathomorphology/CAMELYON/mil/vlm_patches/c16_abmil_vlm_patches_a50fbde29aa04e9d829a4580fd5c68b8.tar.gz!/vlm_patches/test_004_tile_embeddings/standard/oracle_non_tumor/test_004_tile_embeddings_standard_oracle_non_tumor_000.png,test_004_tile_embeddings_standard_oracle_non_tumor_000
c16_native,test_004,test_004_tile_embeddings,08bcadc355570cf5,84224,35328,256,20,0.8472747802734375,0,0.0,0,0,oracle_non_tumor,2,a50fbde29aa04e9d829a4580fd5c68b8,a50fbde29aa04e9d829a4580fd5c68b8,standard,0,0,vlm_patches/test_004_tile_embeddings/standard/oracle_non_tumor/test_004_tile_embeddings_standard_oracle_non_tumor_001.png,s3://pershin-medailab/Pathomorphology/CAMELYON/mil/vlm_patches/c16_abmil_vlm_patches_a50fbde29aa04e9d829a4580fd5c68b8.tar.gz!/vlm_patches/test_004_tile_embeddings/standard/oracle_non_tumor/test_004_tile_embeddings_standard_oracle_non_tumor_001.png,test_004_tile_embeddings_standard_oracle_non_tumor_001
c16_native,test_004,test_004_tile_embeddings,ac673f2e04ed4ebd,3840,42496,256,20,0.00091552734375,0,0.0,0,0,oracle_non_tumor,3,a50fbde29aa04e9d829a4580fd5c68b8,a50fbde29aa04e9d829a4580fd5c68b8,standard,0,0,vlm_patches/test_004_tile_embeddings/standard/oracle_non_tumor/test_004_tile_embeddings_standard_oracle_non_tumor_002.png,s3://pershin-medailab/Pathomorphology/CAMELYON/mil/vlm_patches/c16_abmil_vlm_patches_a50fbde29aa04e9d829a4580fd5c68b8.tar.gz!/vlm_patches/test_004_tile_embeddings/standard/oracle_non_tumor/test_004_tile_embeddings_standard_oracle_non_tumor_002.png,test_004_tile_embeddings_standard_oracle_non_tumor_002
c16_native,test_010,test_010_tile_embeddings,dc19d84d129c5b57,66048,147200,256,20,0.8926849365234375,0,0.0,0,0,oracle_non_tumor,1,a50fbde29aa04e9d829a4580fd5c68b8,a50fbde29aa04e9d829a4580fd5c68b8,standard,0,0,vlm_patches/test_010_tile_embeddings/standard/oracle_non_tumor/test_010_tile_embeddings_standard_oracle_non_tumor_000.png,s3://pershin-medailab/Pathomorphology/CAMELYON/mil/vlm_patches/c16_abmil_vlm_patches_a50fbde29aa04e9d829a4580fd5c68b8.tar.gz!/vlm_patches/test_010_tile_embeddings/standard/oracle_non_tumor/test_010_tile_embeddings_standard_oracle_non_tumor_000.png,test_010_tile_embeddings_standard_oracle_non_tumor_000
c16_native,test_010,test_010_tile_embeddings,19f4437ead8a9223,51200,153088,256,20,0.05352783203125,0,0.0,0,0,oracle_non_tumor,2,a50fbde29aa04e9d829a4580fd5c68b8,a50fbde29aa04e9d829a4580fd5c68b8,standard,0,0,vlm_patches/test_010_tile_embeddings/standard/oracle_non_tumor/test_010_tile_embeddings_standard_oracle_non_tumor_001.png,s3://pershin-medailab/Pathomorphology/CAMELYON/mil/vlm_patches/c16_abmil_vlm_patches_a50fbde29aa04e9d829a4580fd5c68b8.tar.gz!/vlm_patches/test_010_tile_embeddings/standard/oracle_non_tumor/test_010_tile_embeddings_standard_oracle_non_tumor_001.png,test_010_tile_embeddings_standard_oracle_non_tumor_001
c16_native,test_010,test_010_tile_embeddings,d398668a4c4af539,57088,143104,256,20,0.0388336181640625,0,0.0,0,0,oracle_non_tumor,3,a50fbde29aa04e9d829a4580fd5c68b8,a50fbde29aa04e9d829a4580fd5c68b8,standard,0,0,vlm_patches/test_010_tile_embeddings/standard/oracle_non_tumor/test_010_tile_embeddings_standard_oracle_non_tumor_002.png,s3://pershin-medailab/Pathomorphology/CAMELYON/mil/vlm_patches/c16_abmil_vlm_patches_a50fbde29aa04e9d829a4580fd5c68b8.tar.gz!/vlm_patches/test_010_tile_embeddings/standard/oracle_non_tumor/test_010_tile_embeddings_standard_oracle_non_tumor_002.png,test_010_tile_embeddings_standard_oracle_non_tumor_002
c16_native,test_002,test_002_tile_embeddings,f7faba2ec887bebb,35840,115968,256,20,0.70745849609375,0,0.0,0,0,oracle_non_tumor,1,a50fbde29aa04e9d829a4580fd5c68b8,a50fbde29aa04e9d829a4580fd5c68b8,standard,0,0,vlm_patches/test_002_tile_embeddings/standard/oracle_non_tumor/test_002_tile_embeddings_standard_oracle_non_tumor_000.png,s3://pershin-medailab/Pathomorphology/CAMELYON/mil/vlm_patches/c16_abmil_vlm_patches_a50fbde29aa04e9d829a4580fd5c68b8.tar.gz!/vlm_patches/test_002_tile_embeddings/standard/oracle_non_tumor/test_002_tile_embeddings_standard_oracle_non_tumor_000.png,test_002_tile_embeddings_standard_oracle_non_tumor_000
c16_native,test_002,test_002_tile_embeddings,43fd515aaa344982,26112,119296,256,20,0.813018798828125,0,0.0,0,0,oracle_non_tumor,2,a50fbde29aa04e9d829a4580fd5c68b8,a50fbde29aa04e9d829a4580fd5c68b8,standard,0,0,vlm_patches/test_002_tile_embeddings/standard/oracle_non_tumor/test_002_tile_embeddings_standard_oracle_non_tumor_001.png,s3://pershin-medailab/Pathomorphology/CAMELYON/mil/vlm_patches/c16_abmil_vlm_patches_a50fbde29aa04e9d829a4580fd5c68b8.tar.gz!/vlm_patches/test_002_tile_embeddings/standard/oracle_non_tumor/test_002_tile_embeddings_standard_oracle_non_tumor_001.png,test_002_tile_embeddings_standard_oracle_non_tumor_001
c16_native,test_002,test_002_tile_embeddings,f083959cb987ca32,22016,92672,256,20,0.0631103515625,0,0.0,0,0,oracle_non_tumor,3,a50fbde29aa04e9d829a4580fd5c68b8,a50fbde29aa04e9d829a4580fd5c68b8,standard,0,0,vlm_patches/test_002_tile_embeddings/standard/oracle_non_tumor/test_002_tile_embeddings_standard_oracle_non_tumor_002.png,s3://pershin-medailab/Pathomorphology/CAMELYON/mil/vlm_patches/c16_abmil_vlm_patches_a50fbde29aa04e9d829a4580fd5c68b8.tar.gz!/vlm_patches/test_002_tile_embeddings/standard/oracle_non_tumor/test_002_tile_embeddings_standard_oracle_non_tumor_002.png,test_002_tile_embeddings_standard_oracle_non_tumor_002
c16_native,test_031,test_031_tile_embeddings,505b9100754d4b15,10752,29440,256,20,0.0,0,0.0,0,0,oracle_non_tumor,1,a50fbde29aa04e9d829a4580fd5c68b8,a50fbde29aa04e9d829a4580fd5c68b8,standard,0,0,vlm_patches/test_031_tile_embeddings/standard/oracle_non_tumor/test_031_tile_embeddings_standard_oracle_non_tumor_000.png,s3://pershin-medailab/Pathomorphology/CAMELYON/mil/vlm_patches/c16_abmil_vlm_patches_a50fbde29aa04e9d829a4580fd5c68b8.tar.gz!/vlm_patches/test_031_tile_embeddings/standard/oracle_non_tumor/test_031_tile_embeddings_standard_oracle_non_tumor_000.png,test_031_tile_embeddings_standard_oracle_non_tumor_000
c16_native,test_031,test_031_tile_embeddings,7092f927545c2f7c,21504,93952,256,20,0.975982666015625,0,0.0,0,0,oracle_non_tumor,2,a50fbde29aa04e9d829a4580fd5c68b8,a50fbde29aa04e9d829a4580fd5c68b8,standard,0,0,vlm_patches/test_031_tile_embeddings/standard/oracle_non_tumor/test_031_tile_embeddings_standard_oracle_non_tumor_001.png,s3://pershin-medailab/Pathomorphology/CAMELYON/mil/vlm_patches/c16_abmil_vlm_patches_a50fbde29aa04e9d829a4580fd5c68b8.tar.gz!/vlm_patches/test_031_tile_embeddings/standard/oracle_non_tumor/test_031_tile_embeddings_standard_oracle_non_tumor_001.png,test_031_tile_embeddings_standard_oracle_non_tumor_001
c16_native,test_031,test_031_tile_embeddings,090adb6f5d736cc3,72448,85504,256,20,0.0,0,0.0,0,0,oracle_non_tumor,3,a50fbde29aa04e9d829a4580fd5c68b8,a50fbde29aa04e9d829a4580fd5c68b8,standard,0,0,vlm_patches/test_031_tile_embeddings/standard/oracle_non_tumor/test_031_tile_embeddings_standard_oracle_non_tumor_002.png,s3://pershin-medailab/Pathomorphology/CAMELYON/mil/vlm_patches/c16_abmil_vlm_patches_a50fbde29aa04e9d829a4580fd5c68b8.tar.gz!/vlm_patches/test_031_tile_embeddings/standard/oracle_non_tumor/test_031_tile_embeddings_standard_oracle_non_tumor_002.png,test_031_tile_embeddings_standard_oracle_non_tumor_002
c16_native,test_121,test_121_tile_embeddings,af078bc210e36bb4,54016,117248,256,20,0.0062103271484375,0,0.0,0,0,oracle_non_tumor,1,a50fbde29aa04e9d829a4580fd5c68b8,a50fbde29aa04e9d829a4580fd5c68b8,standard,0,0,vlm_patches/test_121_tile_embeddings/standard/oracle_non_tumor/test_121_tile_embeddings_standard_oracle_non_tumor_000.png,s3://pershin-medailab/Pathomorphology/CAMELYON/mil/vlm_patches/c16_abmil_vlm_patches_a50fbde29aa04e9d829a4580fd5c68b8.tar.gz!/vlm_patches/test_121_tile_embeddings/standard/oracle_non_tumor/test_121_tile_embeddings_standard_oracle_non_tumor_000.png,test_121_tile_embeddings_standard_oracle_non_tumor_000
c16_native,test_121,test_121_tile_embeddings,b420af9c26ab663c,41216,161024,256,20,0.0621185302734375,0,0.0,0,0,oracle_non_tumor,2,a50fbde29aa04e9d829a4580fd5c68b8,a50fbde29aa04e9d829a4580fd5c68b8,standard,0,0,vlm_patches/test_121_tile_embeddings/standard/oracle_non_tumor/test_121_tile_embeddings_standard_oracle_non_tumor_001.png,s3://pershin-medailab/Pathomorphology/CAMELYON/mil/vlm_patches/c16_abmil_vlm_patches_a50fbde29aa04e9d829a4580fd5c68b8.tar.gz!/vlm_patches/test_121_tile_embeddings/standard/oracle_non_tumor/test_121_tile_embeddings_standard_oracle_non_tumor_001.png,test_121_tile_embeddings_standard_oracle_non_tumor_001
c16_native,test_121,test_121_tile_embeddings,180fa2c67a9e5b65,51200,126720,256,20,0.87371826171875,0,0.0,0,0,oracle_non_tumor,3,a50fbde29aa04e9d829a4580fd5c68b8,a50fbde29aa04e9d829a4580fd5c68b8,standard,0,0,vlm_patches/test_121_tile_embeddings/standard/oracle_non_tumor/test_121_tile_embeddings_standard_oracle_non_tumor_002.png,s3://pershin-medailab/Pathomorphology/CAMELYON/mil/vlm_patches/c16_abmil_vlm_patches_a50fbde29aa04e9d829a4580fd5c68b8.tar.gz!/vlm_patches/test_121_tile_embeddings/standard/oracle_non_tumor/test_121_tile_embeddings_standard_oracle_non_tumor_002.png,test_121_tile_embeddings_standard_oracle_non_tumor_002
c16_native,test_056,test_056_tile_embeddings,7812be7b969e82a2,47616,171776,256,20,0.377288818359375,0,0.0,0,0,oracle_non_tumor,1,a50fbde29aa04e9d829a4580fd5c68b8,a50fbde29aa04e9d829a4580fd5c68b8,standard,0,0,vlm_patches/test_056_tile_embeddings/standard/oracle_non_tumor/test_056_tile_embeddings_standard_oracle_non_tumor_000.png,s3://pershin-medailab/Pathomorphology/CAMELYON/mil/vlm_patches/c16_abmil_vlm_patches_a50fbde29aa04e9d829a4580fd5c68b8.tar.gz!/vlm_patches/test_056_tile_embeddings/standard/oracle_non_tumor/test_056_tile_embeddings_standard_oracle_non_tumor_000.png,test_056_tile_embeddings_standard_oracle_non_tumor_000
c16_native,test_056,test_056_tile_embeddings,f29a9fd28d358e06,39936,99328,256,20,0.0252227783203125,0,0.0,0,0,oracle_non_tumor,2,a50fbde29aa04e9d829a4580fd5c68b8,a50fbde29aa04e9d829a4580fd5c68b8,standard,0,0,vlm_patches/test_056_tile_embeddings/standard/oracle_non_tumor/test_056_tile_embeddings_standard_oracle_non_tumor_001.png,s3://pershin-medailab/Pathomorphology/CAMELYON/mil/vlm_patches/c16_abmil_vlm_patches_a50fbde29aa04e9d829a4580fd5c68b8.tar.gz!/vlm_patches/test_056_tile_embeddings/standard/oracle_non_tumor/test_056_tile_embeddings_standard_oracle_non_tumor_001.png,test_056_tile_embeddings_standard_oracle_non_tumor_001
c16_native,test_056,test_056_tile_embeddings,b00b3f058d364fb3,88064,182528,256,20,0.66357421875,0,0.0,0,0,oracle_non_tumor,3,a50fbde29aa04e9d829a4580fd5c68b8,a50fbde29aa04e9d829a4580fd5c68b8,standard,0,0,vlm_patches/test_056_tile_embeddings/standard/oracle_non_tumor/test_056_tile_embeddings_standard_oracle_non_tumor_002.png,s3://pershin-medailab/Pathomorphology/CAMELYON/mil/vlm_patches/c16_abmil_vlm_patches_a50fbde29aa04e9d829a4580fd5c68b8.tar.gz!/vlm_patches/test_056_tile_embeddings/standard/oracle_non_tumor/test_056_tile_embeddings_standard_oracle_non_tumor_002.png,test_056_tile_embeddings_standard_oracle_non_tumor_002
c16_native,test_046,test_046_tile_embeddings,45ae539982954a88,25344,46336,256,20,0.0257415771484375,0,0.0,0,0,oracle_non_tumor,1,a50fbde29aa04e9d829a4580fd5c68b8,a50fbde29aa04e9d829a4580fd5c68b8,standard,0,0,vlm_patches/test_046_tile_embeddings/standard/oracle_non_tumor/test_046_tile_embeddings_standard_oracle_non_tumor_000.png,s3://pershin-medailab/Pathomorphology/CAMELYON/mil/vlm_patches/c16_abmil_vlm_patches_a50fbde29aa04e9d829a4580fd5c68b8.tar.gz!/vlm_patches/test_046_tile_embeddings/standard/oracle_non_tumor/test_046_tile_embeddings_standard_oracle_non_tumor_000.png,test_046_tile_embeddings_standard_oracle_non_tumor_000
c16_native,test_046,test_046_tile_embeddings,5cb1f0d7dd631fc1,52480,21248,256,20,0.9162139892578124,0,0.0,0,0,oracle_non_tumor,2,a50fbde29aa04e9d829a4580fd5c68b8,a50fbde29aa04e9d829a4580fd5c68b8,standard,0,0,vlm_patches/test_046_tile_embeddings/standard/oracle_non_tumor/test_046_tile_embeddings_standard_oracle_non_tumor_001.png,s3://pershin-medailab/Pathomorphology/CAMELYON/mil/vlm_patches/c16_abmil_vlm_patches_a50fbde29aa04e9d829a4580fd5c68b8.tar.gz!/vlm_patches/test_046_tile_embeddings/standard/oracle_non_tumor/test_046_tile_embeddings_standard_oracle_non_tumor_001.png,test_046_tile_embeddings_standard_oracle_non_tumor_001
c16_native,test_046,test_046_tile_embeddings,d25dabfca5c730d0,54016,26112,256,20,0.9484405517578124,0,0.0,0,0,oracle_non_tumor,3,a50fbde29aa04e9d829a4580fd5c68b8,a50fbde29aa04e9d829a4580fd5c68b8,standard,0,0,vlm_patches/test_046_tile_embeddings/standard/oracle_non_tumor/test_046_tile_embeddings_standard_oracle_non_tumor_002.png,s3://pershin-medailab/Pathomorphology/CAMELYON/mil/vlm_patches/c16_abmil_vlm_patches_a50fbde29aa04e9d829a4580fd5c68b8.tar.gz!/vlm_patches/test_046_tile_embeddings/standard/oracle_non_tumor/test_046_tile_embeddings_standard_oracle_non_tumor_002.png,test_046_tile_embeddings_standard_oracle_non_tumor_002
c16_native,test_036,test_036_tile_embeddings,f0351d2c06c367f7,59392,118016,256,20,0.9723663330078124,0,0.0,0,0,oracle_non_tumor,1,a50fbde29aa04e9d829a4580fd5c68b8,a50fbde29aa04e9d829a4580fd5c68b8,standard,0,0,vlm_patches/test_036_tile_embeddings/standard/oracle_non_tumor/test_036_tile_embeddings_standard_oracle_non_tumor_000.png,s3://pershin-medailab/Pathomorphology/CAMELYON/mil/vlm_patches/c16_abmil_vlm_patches_a50fbde29aa04e9d829a4580fd5c68b8.tar.gz!/vlm_patches/test_036_tile_embeddings/standard/oracle_non_tumor/test_036_tile_embeddings_standard_oracle_non_tumor_000.png,test_036_tile_embeddings_standard_oracle_non_tumor_000
c16_native,test_036,test_036_tile_embeddings,b0a8a77b3de05a5d,71424,97792,256,20,0.072845458984375,0,0.0,0,0,oracle_non_tumor,2,a50fbde29aa04e9d829a4580fd5c68b8,a50fbde29aa04e9d829a4580fd5c68b8,standard,0,0,vlm_patches/test_036_tile_embeddings/standard/oracle_non_tumor/test_036_tile_embeddings_standard_oracle_non_tumor_001.png,s3://pershin-medailab/Pathomorphology/CAMELYON/mil/vlm_patches/c16_abmil_vlm_patches_a50fbde29aa04e9d829a4580fd5c68b8.tar.gz!/vlm_patches/test_036_tile_embeddings/standard/oracle_non_tumor/test_036_tile_embeddings_standard_oracle_non_tumor_001.png,test_036_tile_embeddings_standard_oracle_non_tumor_001
c16_native,test_036,test_036_tile_embeddings,4e0a59584812e087,41472,108032,256,20,0.8946380615234375,0,0.0,0,0,oracle_non_tumor,3,a50fbde29aa04e9d829a4580fd5c68b8,a50fbde29aa04e9d829a4580fd5c68b8,standard,0,0,vlm_patches/test_036_tile_embeddings/standard/oracle_non_tumor/test_036_tile_embeddings_standard_oracle_non_tumor_002.png,s3://pershin-medailab/Pathomorphology/CAMELYON/mil/vlm_patches/c16_abmil_vlm_patches_a50fbde29aa04e9d829a4580fd5c68b8.tar.gz!/vlm_patches/test_036_tile_embeddings/standard/oracle_non_tumor/test_036_tile_embeddings_standard_oracle_non_tumor_002.png,test_036_tile_embeddings_standard_oracle_non_tumor_002
c16_native,test_075,test_075_tile_embeddings,71e6e7f3e877eb88,24320,100608,256,20,0.785552978515625,0,0.0,0,0,oracle_non_tumor,1,a50fbde29aa04e9d829a4580fd5c68b8,a50fbde29aa04e9d829a4580fd5c68b8,standard,0,0,vlm_patches/test_075_tile_embeddings/standard/oracle_non_tumor/test_075_tile_embeddings_standard_oracle_non_tumor_000.png,s3://pershin-medailab/Pathomorphology/CAMELYON/mil/vlm_patches/c16_abmil_vlm_patches_a50fbde29aa04e9d829a4580fd5c68b8.tar.gz!/vlm_patches/test_075_tile_embeddings/standard/oracle_non_tumor/test_075_tile_embeddings_standard_oracle_non_tumor_000.png,test_075_tile_embeddings_standard_oracle_non_tumor_000
c16_native,test_075,test_075_tile_embeddings,0ded0b17b407a16d,56832,113920,256,20,0.0886383056640625,0,0.0,0,0,oracle_non_tumor,2,a50fbde29aa04e9d829a4580fd5c68b8,a50fbde29aa04e9d829a4580fd5c68b8,standard,0,0,vlm_patches/test_075_tile_embeddings/standard/oracle_non_tumor/test_075_tile_embeddings_standard_oracle_non_tumor_001.png,s3://pershin-medailab/Pathomorphology/CAMELYON/mil/vlm_patches/c16_abmil_vlm_patches_a50fbde29aa04e9d829a4580fd5c68b8.tar.gz!/vlm_patches/test_075_tile_embeddings/standard/oracle_non_tumor/test_075_tile_embeddings_standard_oracle_non_tumor_001.png,test_075_tile_embeddings_standard_oracle_non_tumor_001
c16_native,test_075,test_075_tile_embeddings,35a230648fb48bb3,40704,158464,256,20,0.0181121826171875,0,0.0,0,0,oracle_non_tumor,3,a50fbde29aa04e9d829a4580fd5c68b8,a50fbde29aa04e9d829a4580fd5c68b8,standard,0,0,vlm_patches/test_075_tile_embeddings/standard/oracle_non_tumor/test_075_tile_embeddings_standard_oracle_non_tumor_002.png,s3://pershin-medailab/Pathomorphology/CAMELYON/mil/vlm_patches/c16_abmil_vlm_patches_a50fbde29aa04e9d829a4580fd5c68b8.tar.gz!/vlm_patches/test_075_tile_embeddings/standard/oracle_non_tumor/test_075_tile_embeddings_standard_oracle_non_tumor_002.png,test_075_tile_embeddings_standard_oracle_non_tumor_002
c16_native,test_117,test_117_tile_embeddings,dbd413bf0562cfa1,53760,127744,256,20,0.9296417236328124,1,1.0,1,1,top_k,1,a50fbde29aa04e9d829a4580fd5c68b8,a50fbde29aa04e9d829a4580fd5c68b8,standard,0,0,vlm_patches/test_117_tile_embeddings/standard/top_k/test_117_tile_embeddings_standard_top_k_000.png,s3://pershin-medailab/Pathomorphology/CAMELYON/mil/vlm_patches/c16_abmil_vlm_patches_a50fbde29aa04e9d829a4580fd5c68b8.tar.gz!/vlm_patches/test_117_tile_embeddings/standard/top_k/test_117_tile_embeddings_standard_top_k_000.png,test_117_tile_embeddings_standard_top_k_000
c16_native,test_117,test_117_tile_embeddings,e06700b2593154fe,54016,128000,256,20,0.924957275390625,1,1.0,1,1,top_k,2,a50fbde29aa04e9d829a4580fd5c68b8,a50fbde29aa04e9d829a4580fd5c68b8,standard,0,0,vlm_patches/test_117_tile_embeddings/standard/top_k/test_117_tile_embeddings_standard_top_k_001.png,s3://pershin-medailab/Pathomorphology/CAMELYON/mil/vlm_patches/c16_abmil_vlm_patches_a50fbde29aa04e9d829a4580fd5c68b8.tar.gz!/vlm_patches/test_117_tile_embeddings/standard/top_k/test_117_tile_embeddings_standard_top_k_001.png,test_117_tile_embeddings_standard_top_k_001
c16_native,test_117,test_117_tile_embeddings,12744763a1b04ea4,54016,128256,256,20,0.9370880126953124,1,1.0,1,1,top_k,3,a50fbde29aa04e9d829a4580fd5c68b8,a50fbde29aa04e9d829a4580fd5c68b8,standard,0,0,vlm_patches/test_117_tile_embeddings/standard/top_k/test_117_tile_embeddings_standard_top_k_002.png,s3://pershin-medailab/Pathomorphology/CAMELYON/mil/vlm_patches/c16_abmil_vlm_patches_a50fbde29aa04e9d829a4580fd5c68b8.tar.gz!/vlm_patches/test_117_tile_embeddings/standard/top_k/test_117_tile_embeddings_standard_top_k_002.png,test_117_tile_embeddings_standard_top_k_002
c16_native,test_038,test_038_tile_embeddings,5dfa99b5f740bb87,46848,124672,256,20,0.7327423095703125,1,0.8725,1,1,top_k,1,a50fbde29aa04e9d829a4580fd5c68b8,a50fbde29aa04e9d829a4580fd5c68b8,standard,0,0,vlm_patches/test_038_tile_embeddings/standard/top_k/test_038_tile_embeddings_standard_top_k_000.png,s3://pershin-medailab/Pathomorphology/CAMELYON/mil/vlm_patches/c16_abmil_vlm_patches_a50fbde29aa04e9d829a4580fd5c68b8.tar.gz!/vlm_patches/test_038_tile_embeddings/standard/top_k/test_038_tile_embeddings_standard_top_k_000.png,test_038_tile_embeddings_standard_top_k_000
c16_native,test_038,test_038_tile_embeddings,184ea57a7867d174,63232,120320,256,20,0.5699615478515625,0,0.0,0,0,top_k,2,a50fbde29aa04e9d829a4580fd5c68b8,a50fbde29aa04e9d829a4580fd5c68b8,standard,0,0,vlm_patches/test_038_tile_embeddings/standard/top_k/test_038_tile_embeddings_standard_top_k_001.png,s3://pershin-medailab/Pathomorphology/CAMELYON/mil/vlm_patches/c16_abmil_vlm_patches_a50fbde29aa04e9d829a4580fd5c68b8.tar.gz!/vlm_patches/test_038_tile_embeddings/standard/top_k/test_038_tile_embeddings_standard_top_k_001.png,test_038_tile_embeddings_standard_top_k_001
c16_native,test_038,test_038_tile_embeddings,385f53757908d151,45056,124928,256,20,0.542236328125,1,0.92,1,1,top_k,3,a50fbde29aa04e9d829a4580fd5c68b8,a50fbde29aa04e9d829a4580fd5c68b8,standard,0,0,vlm_patches/test_038_tile_embeddings/standard/top_k/test_038_tile_embeddings_standard_top_k_002.png,s3://pershin-medailab/Pathomorphology/CAMELYON/mil/vlm_patches/c16_abmil_vlm_patches_a50fbde29aa04e9d829a4580fd5c68b8.tar.gz!/vlm_patches/test_038_tile_embeddings/standard/top_k/test_038_tile_embeddings_standard_top_k_002.png,test_038_tile_embeddings_standard_top_k_002
c16_native,test_086,test_086_tile_embeddings,44aa47832871c7f6,41472,24320,256,20,0.9350128173828124,0,0.0,0,0,top_k,1,a50fbde29aa04e9d829a4580fd5c68b8,a50fbde29aa04e9d829a4580fd5c68b8,standard,0,0,vlm_patches/test_086_tile_embeddings/standard/top_k/test_086_tile_embeddings_standard_top_k_000.png,s3://pershin-medailab/Pathomorphology/CAMELYON/mil/vlm_patches/c16_abmil_vlm_patches_a50fbde29aa04e9d829a4580fd5c68b8.tar.gz!/vlm_patches/test_086_tile_embeddings/standard/top_k/test_086_tile_embeddings_standard_top_k_000.png,test_086_tile_embeddings_standard_top_k_000
c16_native,test_086,test_086_tile_embeddings,a93618da573d5da8,65024,29952,256,20,0.96044921875,0,0.0,0,0,top_k,2,a50fbde29aa04e9d829a4580fd5c68b8,a50fbde29aa04e9d829a4580fd5c68b8,standard,0,0,vlm_patches/test_086_tile_embeddings/standard/top_k/test_086_tile_embeddings_standard_top_k_001.png,s3://pershin-medailab/Pathomorphology/CAMELYON/mil/vlm_patches/c16_abmil_vlm_patches_a50fbde29aa04e9d829a4580fd5c68b8.tar.gz!/vlm_patches/test_086_tile_embeddings/standard/top_k/test_086_tile_embeddings_standard_top_k_001.png,test_086_tile_embeddings_standard_top_k_001
c16_native,test_086,test_086_tile_embeddings,4039c210ad8aeab5,41472,21504,256,20,0.8745269775390625,0,0.0,0,0,top_k,3,a50fbde29aa04e9d829a4580fd5c68b8,a50fbde29aa04e9d829a4580fd5c68b8,standard,0,0,vlm_patches/test_086_tile_embeddings/standard/top_k/test_086_tile_embeddings_standard_top_k_002.png,s3://pershin-medailab/Pathomorphology/CAMELYON/mil/vlm_patches/c16_abmil_vlm_patches_a50fbde29aa04e9d829a4580fd5c68b8.tar.gz!/vlm_patches/test_086_tile_embeddings/standard/top_k/test_086_tile_embeddings_standard_top_k_002.png,test_086_tile_embeddings_standard_top_k_002
c16_native,test_122,test_122_tile_embeddings,f8fe7e843ab8feb8,39680,8704,256,20,0.9919281005859376,1,1.0,1,1,top_k,1,a50fbde29aa04e9d829a4580fd5c68b8,a50fbde29aa04e9d829a4580fd5c68b8,standard,0,0,vlm_patches/test_122_tile_embeddings/standard/top_k/test_122_tile_embeddings_standard_top_k_000.png,s3://pershin-medailab/Pathomorphology/CAMELYON/mil/vlm_patches/c16_abmil_vlm_patches_a50fbde29aa04e9d829a4580fd5c68b8.tar.gz!/vlm_patches/test_122_tile_embeddings/standard/top_k/test_122_tile_embeddings_standard_top_k_000.png,test_122_tile_embeddings_standard_top_k_000
c16_native,test_122,test_122_tile_embeddings,91ad5394ed39daa0,52992,12288,256,20,0.977935791015625,1,1.0,1,1,top_k,3,a50fbde29aa04e9d829a4580fd5c68b8,a50fbde29aa04e9d829a4580fd5c68b8,standard,0,0,vlm_patches/test_122_tile_embeddings/standard/top_k/test_122_tile_embeddings_standard_top_k_002.png,s3://pershin-medailab/Pathomorphology/CAMELYON/mil/vlm_patches/c16_abmil_vlm_patches_a50fbde29aa04e9d829a4580fd5c68b8.tar.gz!/vlm_patches/test_122_tile_embeddings/standard/top_k/test_122_tile_embeddings_standard_top_k_002.png,test_122_tile_embeddings_standard_top_k_002
c16_native,test_122,test_122_tile_embeddings,268f095486d2d200,40192,5888,256,20,0.9568634033203124,1,0.91,1,1,top_k,4,a50fbde29aa04e9d829a4580fd5c68b8,a50fbde29aa04e9d829a4580fd5c68b8,standard,0,0,vlm_patches/test_122_tile_embeddings/standard/top_k/test_122_tile_embeddings_standard_top_k_003.png,s3://pershin-medailab/Pathomorphology/CAMELYON/mil/vlm_patches/c16_abmil_vlm_patches_a50fbde29aa04e9d829a4580fd5c68b8.tar.gz!/vlm_patches/test_122_tile_embeddings/standard/top_k/test_122_tile_embeddings_standard_top_k_003.png,test_122_tile_embeddings_standard_top_k_003
c16_native,test_026,test_026_tile_embeddings,f2da798a9b0dd7ec,73216,46592,256,20,0.90032958984375,1,0.8875,1,1,top_k,1,a50fbde29aa04e9d829a4580fd5c68b8,a50fbde29aa04e9d829a4580fd5c68b8,standard,0,0,vlm_patches/test_026_tile_embeddings/standard/top_k/test_026_tile_embeddings_standard_top_k_000.png,s3://pershin-medailab/Pathomorphology/CAMELYON/mil/vlm_patches/c16_abmil_vlm_patches_a50fbde29aa04e9d829a4580fd5c68b8.tar.gz!/vlm_patches/test_026_tile_embeddings/standard/top_k/test_026_tile_embeddings_standard_top_k_000.png,test_026_tile_embeddings_standard_top_k_000
c16_native,test_026,test_026_tile_embeddings,29494d57083e0194,72704,45824,256,20,0.88214111328125,1,0.8375,1,1,top_k,2,a50fbde29aa04e9d829a4580fd5c68b8,a50fbde29aa04e9d829a4580fd5c68b8,standard,0,0,vlm_patches/test_026_tile_embeddings/standard/top_k/test_026_tile_embeddings_standard_top_k_001.png,s3://pershin-medailab/Pathomorphology/CAMELYON/mil/vlm_patches/c16_abmil_vlm_patches_a50fbde29aa04e9d829a4580fd5c68b8.tar.gz!/vlm_patches/test_026_tile_embeddings/standard/top_k/test_026_tile_embeddings_standard_top_k_001.png,test_026_tile_embeddings_standard_top_k_001
c16_native,test_026,test_026_tile_embeddings,59560cd42c397193,72192,45568,256,20,0.89862060546875,0,0.8425,0,1,top_k,3,a50fbde29aa04e9d829a4580fd5c68b8,a50fbde29aa04e9d829a4580fd5c68b8,standard,0,0,vlm_patches/test_026_tile_embeddings/standard/top_k/test_026_tile_embeddings_standard_top_k_002.png,s3://pershin-medailab/Pathomorphology/CAMELYON/mil/vlm_patches/c16_abmil_vlm_patches_a50fbde29aa04e9d829a4580fd5c68b8.tar.gz!/vlm_patches/test_026_tile_embeddings/standard/top_k/test_026_tile_embeddings_standard_top_k_002.png,test_026_tile_embeddings_standard_top_k_002
c16_native,test_099,test_099_tile_embeddings,e6e96f5da622b1b9,39680,58880,256,20,0.989654541015625,0,0.0,0,0,top_k,1,a50fbde29aa04e9d829a4580fd5c68b8,a50fbde29aa04e9d829a4580fd5c68b8,standard,0,0,vlm_patches/test_099_tile_embeddings/standard/top_k/test_099_tile_embeddings_standard_top_k_000.png,s3://pershin-medailab/Pathomorphology/CAMELYON/mil/vlm_patches/c16_abmil_vlm_patches_a50fbde29aa04e9d829a4580fd5c68b8.tar.gz!/vlm_patches/test_099_tile_embeddings/standard/top_k/test_099_tile_embeddings_standard_top_k_000.png,test_099_tile_embeddings_standard_top_k_000
c16_native,test_099,test_099_tile_embeddings,12ca1796b2f33884,29440,6400,256,20,0.9448089599609376,0,0.0,0,0,top_k,2,a50fbde29aa04e9d829a4580fd5c68b8,a50fbde29aa04e9d829a4580fd5c68b8,standard,0,0,vlm_patches/test_099_tile_embeddings/standard/top_k/test_099_tile_embeddings_standard_top_k_001.png,s3://pershin-medailab/Pathomorphology/CAMELYON/mil/vlm_patches/c16_abmil_vlm_patches_a50fbde29aa04e9d829a4580fd5c68b8.tar.gz!/vlm_patches/test_099_tile_embeddings/standard/top_k/test_099_tile_embeddings_standard_top_k_001.png,test_099_tile_embeddings_standard_top_k_001
c16_native,test_099,test_099_tile_embeddings,0aaea25b6151792f,33024,62464,256,20,0.986724853515625,0,0.0,0,0,top_k,3,a50fbde29aa04e9d829a4580fd5c68b8,a50fbde29aa04e9d829a4580fd5c68b8,standard,0,0,vlm_patches/test_099_tile_embeddings/standard/top_k/test_099_tile_embeddings_standard_top_k_002.png,s3://pershin-medailab/Pathomorphology/CAMELYON/mil/vlm_patches/c16_abmil_vlm_patches_a50fbde29aa04e9d829a4580fd5c68b8.tar.gz!/vlm_patches/test_099_tile_embeddings/standard/top_k/test_099_tile_embeddings_standard_top_k_002.png,test_099_tile_embeddings_standard_top_k_002
c16_native,test_084,test_084_tile_embeddings,d255ee470979dda4,27648,8192,256,20,0.8229522705078125,0,0.0,0,0,top_k,1,a50fbde29aa04e9d829a4580fd5c68b8,a50fbde29aa04e9d829a4580fd5c68b8,standard,0,0,vlm_patches/test_084_tile_embeddings/standard/top_k/test_084_tile_embeddings_standard_top_k_000.png,s3://pershin-medailab/Pathomorphology/CAMELYON/mil/vlm_patches/c16_abmil_vlm_patches_a50fbde29aa04e9d829a4580fd5c68b8.tar.gz!/vlm_patches/test_084_tile_embeddings/standard/top_k/test_084_tile_embeddings_standard_top_k_000.png,test_084_tile_embeddings_standard_top_k_000
c16_native,test_084,test_084_tile_embeddings,ec091539a67c8b8d,51968,31232,256,20,0.7894134521484375,0,0.0,0,0,top_k,3,a50fbde29aa04e9d829a4580fd5c68b8,a50fbde29aa04e9d829a4580fd5c68b8,standard,0,0,vlm_patches/test_084_tile_embeddings/standard/top_k/test_084_tile_embeddings_standard_top_k_002.png,s3://pershin-medailab/Pathomorphology/CAMELYON/mil/vlm_patches/c16_abmil_vlm_patches_a50fbde29aa04e9d829a4580fd5c68b8.tar.gz!/vlm_patches/test_084_tile_embeddings/standard/top_k/test_084_tile_embeddings_standard_top_k_002.png,test_084_tile_embeddings_standard_top_k_002
c16_native,test_084,test_084_tile_embeddings,759c3d2b3303fda2,39936,72960,256,20,0.8874664306640625,1,1.0,1,1,top_k,4,a50fbde29aa04e9d829a4580fd5c68b8,a50fbde29aa04e9d829a4580fd5c68b8,standard,0,0,vlm_patches/test_084_tile_embeddings/standard/top_k/test_084_tile_embeddings_standard_top_k_003.png,s3://pershin-medailab/Pathomorphology/CAMELYON/mil/vlm_patches/c16_abmil_vlm_patches_a50fbde29aa04e9d829a4580fd5c68b8.tar.gz!/vlm_patches/test_084_tile_embeddings/standard/top_k/test_084_tile_embeddings_standard_top_k_003.png,test_084_tile_embeddings_standard_top_k_003
c16_native,test_079,test_079_tile_embeddings,4ce6dc8e3d5fa7f2,39936,66560,256,20,0.9767303466796876,1,1.0,1,1,top_k,1,a50fbde29aa04e9d829a4580fd5c68b8,a50fbde29aa04e9d829a4580fd5c68b8,standard,0,0,vlm_patches/test_079_tile_embeddings/standard/top_k/test_079_tile_embeddings_standard_top_k_000.png,s3://pershin-medailab/Pathomorphology/CAMELYON/mil/vlm_patches/c16_abmil_vlm_patches_a50fbde29aa04e9d829a4580fd5c68b8.tar.gz!/vlm_patches/test_079_tile_embeddings/standard/top_k/test_079_tile_embeddings_standard_top_k_000.png,test_079_tile_embeddings_standard_top_k_000
c16_native,test_079,test_079_tile_embeddings,cc77a7030252b84a,47616,69120,256,20,0.99591064453125,1,1.0,1,1,top_k,2,a50fbde29aa04e9d829a4580fd5c68b8,a50fbde29aa04e9d829a4580fd5c68b8,standard,0,0,vlm_patches/test_079_tile_embeddings/standard/top_k/test_079_tile_embeddings_standard_top_k_001.png,s3://pershin-medailab/Pathomorphology/CAMELYON/mil/vlm_patches/c16_abmil_vlm_patches_a50fbde29aa04e9d829a4580fd5c68b8.tar.gz!/vlm_patches/test_079_tile_embeddings/standard/top_k/test_079_tile_embeddings_standard_top_k_001.png,test_079_tile_embeddings_standard_top_k_001
c16_native,test_079,test_079_tile_embeddings,b3e89daf8ebf0e86,40192,67328,256,20,0.97174072265625,1,1.0,1,1,top_k,3,a50fbde29aa04e9d829a4580fd5c68b8,a50fbde29aa04e9d829a4580fd5c68b8,standard,0,0,vlm_patches/test_079_tile_embeddings/standard/top_k/test_079_tile_embeddings_standard_top_k_002.png,s3://pershin-medailab/Pathomorphology/CAMELYON/mil/vlm_patches/c16_abmil_vlm_patches_a50fbde29aa04e9d829a4580fd5c68b8.tar.gz!/vlm_patches/test_079_tile_embeddings/standard/top_k/test_079_tile_embeddings_standard_top_k_002.png,test_079_tile_embeddings_standard_top_k_002
c16_native,test_034,test_034_tile_embeddings,c4f3250a75a461b9,78336,32512,256,20,0.9380035400390624,0,0.0,0,0,top_k,1,a50fbde29aa04e9d829a4580fd5c68b8,a50fbde29aa04e9d829a4580fd5c68b8,standard,0,0,vlm_patches/test_034_tile_embeddings/standard/top_k/test_034_tile_embeddings_standard_top_k_000.png,s3://pershin-medailab/Pathomorphology/CAMELYON/mil/vlm_patches/c16_abmil_vlm_patches_a50fbde29aa04e9d829a4580fd5c68b8.tar.gz!/vlm_patches/test_034_tile_embeddings/standard/top_k/test_034_tile_embeddings_standard_top_k_000.png,test_034_tile_embeddings_standard_top_k_000
c16_native,test_034,test_034_tile_embeddings,f15006ff4402b46f,56832,44032,256,20,0.9316253662109376,0,0.0,0,0,top_k,2,a50fbde29aa04e9d829a4580fd5c68b8,a50fbde29aa04e9d829a4580fd5c68b8,standard,0,0,vlm_patches/test_034_tile_embeddings/standard/top_k/test_034_tile_embeddings_standard_top_k_001.png,s3://pershin-medailab/Pathomorphology/CAMELYON/mil/vlm_patches/c16_abmil_vlm_patches_a50fbde29aa04e9d829a4580fd5c68b8.tar.gz!/vlm_patches/test_034_tile_embeddings/standard/top_k/test_034_tile_embeddings_standard_top_k_001.png,test_034_tile_embeddings_standard_top_k_001
c16_native,test_034,test_034_tile_embeddings,d1964c224fbc2e05,20480,62464,256,20,0.834930419921875,0,0.0,0,0,top_k,3,a50fbde29aa04e9d829a4580fd5c68b8,a50fbde29aa04e9d829a4580fd5c68b8,standard,0,0,vlm_patches/test_034_tile_embeddings/standard/top_k/test_034_tile_embeddings_standard_top_k_002.png,s3://pershin-medailab/Pathomorphology/CAMELYON/mil/vlm_patches/c16_abmil_vlm_patches_a50fbde29aa04e9d829a4580fd5c68b8.tar.gz!/vlm_patches/test_034_tile_embeddings/standard/top_k/test_034_tile_embeddings_standard_top_k_002.png,test_034_tile_embeddings_standard_top_k_002
c16_native,test_075,test_075_tile_embeddings,ea28b4cf970fc82d,37632,146432,256,20,0.7820281982421875,1,0.9525,1,1,top_k,1,a50fbde29aa04e9d829a4580fd5c68b8,a50fbde29aa04e9d829a4580fd5c68b8,standard,0,0,vlm_patches/test_075_tile_embeddings/standard/top_k/test_075_tile_embeddings_standard_top_k_000.png,s3://pershin-medailab/Pathomorphology/CAMELYON/mil/vlm_patches/c16_abmil_vlm_patches_a50fbde29aa04e9d829a4580fd5c68b8.tar.gz!/vlm_patches/test_075_tile_embeddings/standard/top_k/test_075_tile_embeddings_standard_top_k_000.png,test_075_tile_embeddings_standard_top_k_000
c16_native,test_075,test_075_tile_embeddings,9577401396a7893d,37888,146432,256,20,0.902496337890625,1,0.765,1,1,top_k,2,a50fbde29aa04e9d829a4580fd5c68b8,a50fbde29aa04e9d829a4580fd5c68b8,standard,0,0,vlm_patches/test_075_tile_embeddings/standard/top_k/test_075_tile_embeddings_standard_top_k_001.png,s3://pershin-medailab/Pathomorphology/CAMELYON/mil/vlm_patches/c16_abmil_vlm_patches_a50fbde29aa04e9d829a4580fd5c68b8.tar.gz!/vlm_patches/test_075_tile_embeddings/standard/top_k/test_075_tile_embeddings_standard_top_k_001.png,test_075_tile_embeddings_standard_top_k_001
c16_native,test_075,test_075_tile_embeddings,cd19cf47ffb3697b,82688,144128,256,20,0.968353271484375,1,1.0,1,1,top_k,3,a50fbde29aa04e9d829a4580fd5c68b8,a50fbde29aa04e9d829a4580fd5c68b8,standard,0,0,vlm_patches/test_075_tile_embeddings/standard/top_k/test_075_tile_embeddings_standard_top_k_002.png,s3://pershin-medailab/Pathomorphology/CAMELYON/mil/vlm_patches/c16_abmil_vlm_patches_a50fbde29aa04e9d829a4580fd5c68b8.tar.gz!/vlm_patches/test_075_tile_embeddings/standard/top_k/test_075_tile_embeddings_standard_top_k_002.png,test_075_tile_embeddings_standard_top_k_002
c16_native,test_065,test_065_tile_embeddings,4748174707f85e45,43520,24832,256,20,0.8442230224609375,1,0.9525,1,1,top_k,1,a50fbde29aa04e9d829a4580fd5c68b8,a50fbde29aa04e9d829a4580fd5c68b8,standard,0,0,vlm_patches/test_065_tile_embeddings/standard/top_k/test_065_tile_embeddings_standard_top_k_000.png,s3://pershin-medailab/Pathomorphology/CAMELYON/mil/vlm_patches/c16_abmil_vlm_patches_a50fbde29aa04e9d829a4580fd5c68b8.tar.gz!/vlm_patches/test_065_tile_embeddings/standard/top_k/test_065_tile_embeddings_standard_top_k_000.png,test_065_tile_embeddings_standard_top_k_000
c16_native,test_065,test_065_tile_embeddings,13bcdab303c3323b,43008,25344,256,20,0.7762451171875,1,1.0,1,1,top_k,2,a50fbde29aa04e9d829a4580fd5c68b8,a50fbde29aa04e9d829a4580fd5c68b8,standard,0,0,vlm_patches/test_065_tile_embeddings/standard/top_k/test_065_tile_embeddings_standard_top_k_001.png,s3://pershin-medailab/Pathomorphology/CAMELYON/mil/vlm_patches/c16_abmil_vlm_patches_a50fbde29aa04e9d829a4580fd5c68b8.tar.gz!/vlm_patches/test_065_tile_embeddings/standard/top_k/test_065_tile_embeddings_standard_top_k_001.png,test_065_tile_embeddings_standard_top_k_001
c16_native,test_065,test_065_tile_embeddings,49eb9fe4c569750f,43264,25088,256,20,0.8505401611328125,1,1.0,1,1,top_k,3,a50fbde29aa04e9d829a4580fd5c68b8,a50fbde29aa04e9d829a4580fd5c68b8,standard,0,0,vlm_patches/test_065_tile_embeddings/standard/top_k/test_065_tile_embeddings_standard_top_k_002.png,s3://pershin-medailab/Pathomorphology/CAMELYON/mil/vlm_patches/c16_abmil_vlm_patches_a50fbde29aa04e9d829a4580fd5c68b8.tar.gz!/vlm_patches/test_065_tile_embeddings/standard/top_k/test_065_tile_embeddings_standard_top_k_002.png,test_065_tile_embeddings_standard_top_k_002
c16_native,test_031,test_031_tile_embeddings,6d3ab954e9714272,50944,90112,256,20,0.9590911865234376,0,0.0,0,0,top_k,1,a50fbde29aa04e9d829a4580fd5c68b8,a50fbde29aa04e9d829a4580fd5c68b8,standard,0,0,vlm_patches/test_031_tile_embeddings/standard/top_k/test_031_tile_embeddings_standard_top_k_000.png,s3://pershin-medailab/Pathomorphology/CAMELYON/mil/vlm_patches/c16_abmil_vlm_patches_a50fbde29aa04e9d829a4580fd5c68b8.tar.gz!/vlm_patches/test_031_tile_embeddings/standard/top_k/test_031_tile_embeddings_standard_top_k_000.png,test_031_tile_embeddings_standard_top_k_000
c16_native,test_031,test_031_tile_embeddings,9d6413f2cf896433,50688,89856,256,20,0.9914093017578124,0,0.0,0,0,top_k,2,a50fbde29aa04e9d829a4580fd5c68b8,a50fbde29aa04e9d829a4580fd5c68b8,standard,0,0,vlm_patches/test_031_tile_embeddings/standard/top_k/test_031_tile_embeddings_standard_top_k_001.png,s3://pershin-medailab/Pathomorphology/CAMELYON/mil/vlm_patches/c16_abmil_vlm_patches_a50fbde29aa04e9d829a4580fd5c68b8.tar.gz!/vlm_patches/test_031_tile_embeddings/standard/top_k/test_031_tile_embeddings_standard_top_k_001.png,test_031_tile_embeddings_standard_top_k_001
c16_native,test_031,test_031_tile_embeddings,cdcc7f9d3c6abb0b,36096,34048,256,20,0.8524627685546875,0,0.0,0,0,top_k,3,a50fbde29aa04e9d829a4580fd5c68b8,a50fbde29aa04e9d829a4580fd5c68b8,standard,0,0,vlm_patches/test_031_tile_embeddings/standard/top_k/test_031_tile_embeddings_standard_top_k_002.png,s3://pershin-medailab/Pathomorphology/CAMELYON/mil/vlm_patches/c16_abmil_vlm_patches_a50fbde29aa04e9d829a4580fd5c68b8.tar.gz!/vlm_patches/test_031_tile_embeddings/standard/top_k/test_031_tile_embeddings_standard_top_k_002.png,test_031_tile_embeddings_standard_top_k_002
c16_native,test_080,test_080_tile_embeddings,63f9cc10c65828e5,22272,66816,256,20,0.92596435546875,0,0.0,0,0,top_k,1,a50fbde29aa04e9d829a4580fd5c68b8,a50fbde29aa04e9d829a4580fd5c68b8,standard,0,0,vlm_patches/test_080_tile_embeddings/standard/top_k/test_080_tile_embeddings_standard_top_k_000.png,s3://pershin-medailab/Pathomorphology/CAMELYON/mil/vlm_patches/c16_abmil_vlm_patches_a50fbde29aa04e9d829a4580fd5c68b8.tar.gz!/vlm_patches/test_080_tile_embeddings/standard/top_k/test_080_tile_embeddings_standard_top_k_000.png,test_080_tile_embeddings_standard_top_k_000
c16_native,test_080,test_080_tile_embeddings,4dc04d69218bca29,20992,66816,256,20,0.955841064453125,0,0.0,0,0,top_k,2,a50fbde29aa04e9d829a4580fd5c68b8,a50fbde29aa04e9d829a4580fd5c68b8,standard,0,0,vlm_patches/test_080_tile_embeddings/standard/top_k/test_080_tile_embeddings_standard_top_k_001.png,s3://pershin-medailab/Pathomorphology/CAMELYON/mil/vlm_patches/c16_abmil_vlm_patches_a50fbde29aa04e9d829a4580fd5c68b8.tar.gz!/vlm_patches/test_080_tile_embeddings/standard/top_k/test_080_tile_embeddings_standard_top_k_001.png,test_080_tile_embeddings_standard_top_k_001
c16_native,test_080,test_080_tile_embeddings,8a92d2cdce7bf4f3,21504,67072,256,20,0.951324462890625,0,0.0,0,0,top_k,3,a50fbde29aa04e9d829a4580fd5c68b8,a50fbde29aa04e9d829a4580fd5c68b8,standard,0,0,vlm_patches/test_080_tile_embeddings/standard/top_k/test_080_tile_embeddings_standard_top_k_002.png,s3://pershin-medailab/Pathomorphology/CAMELYON/mil/vlm_patches/c16_abmil_vlm_patches_a50fbde29aa04e9d829a4580fd5c68b8.tar.gz!/vlm_patches/test_080_tile_embeddings/standard/top_k/test_080_tile_embeddings_standard_top_k_002.png,test_080_tile_embeddings_standard_top_k_002
c16_native,test_040,test_040_tile_embeddings,d648f1b0ffdd2e4b,56832,74240,256,20,0.9619903564453124,1,1.0,1,1,top_k,1,a50fbde29aa04e9d829a4580fd5c68b8,a50fbde29aa04e9d829a4580fd5c68b8,standard,0,0,vlm_patches/test_040_tile_embeddings/standard/top_k/test_040_tile_embeddings_standard_top_k_000.png,s3://pershin-medailab/Pathomorphology/CAMELYON/mil/vlm_patches/c16_abmil_vlm_patches_a50fbde29aa04e9d829a4580fd5c68b8.tar.gz!/vlm_patches/test_040_tile_embeddings/standard/top_k/test_040_tile_embeddings_standard_top_k_000.png,test_040_tile_embeddings_standard_top_k_000
c16_native,test_040,test_040_tile_embeddings,158226ee7e2da085,56576,72704,256,20,0.95721435546875,1,1.0,1,1,top_k,2,a50fbde29aa04e9d829a4580fd5c68b8,a50fbde29aa04e9d829a4580fd5c68b8,standard,0,0,vlm_patches/test_040_tile_embeddings/standard/top_k/test_040_tile_embeddings_standard_top_k_001.png,s3://pershin-medailab/Pathomorphology/CAMELYON/mil/vlm_patches/c16_abmil_vlm_patches_a50fbde29aa04e9d829a4580fd5c68b8.tar.gz!/vlm_patches/test_040_tile_embeddings/standard/top_k/test_040_tile_embeddings_standard_top_k_001.png,test_040_tile_embeddings_standard_top_k_001
c16_native,test_040,test_040_tile_embeddings,305adccfb36dccd2,67840,83968,256,20,0.8974609375,1,1.0,1,1,top_k,3,a50fbde29aa04e9d829a4580fd5c68b8,a50fbde29aa04e9d829a4580fd5c68b8,standard,0,0,vlm_patches/test_040_tile_embeddings/standard/top_k/test_040_tile_embeddings_standard_top_k_002.png,s3://pershin-medailab/Pathomorphology/CAMELYON/mil/vlm_patches/c16_abmil_vlm_patches_a50fbde29aa04e9d829a4580fd5c68b8.tar.gz!/vlm_patches/test_040_tile_embeddings/standard/top_k/test_040_tile_embeddings_standard_top_k_002.png,test_040_tile_embeddings_standard_top_k_002
c16_native,test_113,test_113_tile_embeddings,433e6fa0a105b917,42240,77056,256,20,0.9296417236328124,1,1.0,1,1,top_k,1,a50fbde29aa04e9d829a4580fd5c68b8,a50fbde29aa04e9d829a4580fd5c68b8,standard,0,0,vlm_patches/test_113_tile_embeddings/standard/top_k/test_113_tile_embeddings_standard_top_k_000.png,s3://pershin-medailab/Pathomorphology/CAMELYON/mil/vlm_patches/c16_abmil_vlm_patches_a50fbde29aa04e9d829a4580fd5c68b8.tar.gz!/vlm_patches/test_113_tile_embeddings/standard/top_k/test_113_tile_embeddings_standard_top_k_000.png,test_113_tile_embeddings_standard_top_k_000
c16_native,test_113,test_113_tile_embeddings,05208d26f38af756,41728,76800,256,20,0.9274444580078124,1,1.0,1,1,top_k,2,a50fbde29aa04e9d829a4580fd5c68b8,a50fbde29aa04e9d829a4580fd5c68b8,standard,0,0,vlm_patches/test_113_tile_embeddings/standard/top_k/test_113_tile_embeddings_standard_top_k_001.png,s3://pershin-medailab/Pathomorphology/CAMELYON/mil/vlm_patches/c16_abmil_vlm_patches_a50fbde29aa04e9d829a4580fd5c68b8.tar.gz!/vlm_patches/test_113_tile_embeddings/standard/top_k/test_113_tile_embeddings_standard_top_k_001.png,test_113_tile_embeddings_standard_top_k_001
c16_native,test_113,test_113_tile_embeddings,248d02475bb8cdc0,41472,76288,256,20,0.9393768310546876,1,1.0,1,1,top_k,4,a50fbde29aa04e9d829a4580fd5c68b8,a50fbde29aa04e9d829a4580fd5c68b8,standard,0,0,vlm_patches/test_113_tile_embeddings/standard/top_k/test_113_tile_embeddings_standard_top_k_003.png,s3://pershin-medailab/Pathomorphology/CAMELYON/mil/vlm_patches/c16_abmil_vlm_patches_a50fbde29aa04e9d829a4580fd5c68b8.tar.gz!/vlm_patches/test_113_tile_embeddings/standard/top_k/test_113_tile_embeddings_standard_top_k_003.png,test_113_tile_embeddings_standard_top_k_003
c16_native,test_048,test_048_tile_embeddings,324cd1ffa70443c5,51712,8704,256,20,0.8538665771484375,1,0.8175,1,1,top_k,1,a50fbde29aa04e9d829a4580fd5c68b8,a50fbde29aa04e9d829a4580fd5c68b8,standard,0,0,vlm_patches/test_048_tile_embeddings/standard/top_k/test_048_tile_embeddings_standard_top_k_000.png,s3://pershin-medailab/Pathomorphology/CAMELYON/mil/vlm_patches/c16_abmil_vlm_patches_a50fbde29aa04e9d829a4580fd5c68b8.tar.gz!/vlm_patches/test_048_tile_embeddings/standard/top_k/test_048_tile_embeddings_standard_top_k_000.png,test_048_tile_embeddings_standard_top_k_000
c16_native,test_048,test_048_tile_embeddings,e5c3124d12745df5,51968,8704,256,20,0.86285400390625,1,0.7825,1,1,top_k,2,a50fbde29aa04e9d829a4580fd5c68b8,a50fbde29aa04e9d829a4580fd5c68b8,standard,0,0,vlm_patches/test_048_tile_embeddings/standard/top_k/test_048_tile_embeddings_standard_top_k_001.png,s3://pershin-medailab/Pathomorphology/CAMELYON/mil/vlm_patches/c16_abmil_vlm_patches_a50fbde29aa04e9d829a4580fd5c68b8.tar.gz!/vlm_patches/test_048_tile_embeddings/standard/top_k/test_048_tile_embeddings_standard_top_k_001.png,test_048_tile_embeddings_standard_top_k_001
c16_native,test_048,test_048_tile_embeddings,e3dd1ee66049c7b0,39680,46592,256,20,0.92578125,1,0.8775,1,1,top_k,3,a50fbde29aa04e9d829a4580fd5c68b8,a50fbde29aa04e9d829a4580fd5c68b8,standard,0,0,vlm_patches/test_048_tile_embeddings/standard/top_k/test_048_tile_embeddings_standard_top_k_002.png,s3://pershin-medailab/Pathomorphology/CAMELYON/mil/vlm_patches/c16_abmil_vlm_patches_a50fbde29aa04e9d829a4580fd5c68b8.tar.gz!/vlm_patches/test_048_tile_embeddings/standard/top_k/test_048_tile_embeddings_standard_top_k_002.png,test_048_tile_embeddings_standard_top_k_002
c16_native,test_046,test_046_tile_embeddings,2f4aa84391ae0614,55040,26368,256,20,0.8240203857421875,1,0.505,1,1,top_k,1,a50fbde29aa04e9d829a4580fd5c68b8,a50fbde29aa04e9d829a4580fd5c68b8,standard,0,0,vlm_patches/test_046_tile_embeddings/standard/top_k/test_046_tile_embeddings_standard_top_k_000.png,s3://pershin-medailab/Pathomorphology/CAMELYON/mil/vlm_patches/c16_abmil_vlm_patches_a50fbde29aa04e9d829a4580fd5c68b8.tar.gz!/vlm_patches/test_046_tile_embeddings/standard/top_k/test_046_tile_embeddings_standard_top_k_000.png,test_046_tile_embeddings_standard_top_k_000
c16_native,test_046,test_046_tile_embeddings,447cf57fa85df9c7,55040,19456,256,20,0.8909149169921875,1,1.0,1,1,top_k,2,a50fbde29aa04e9d829a4580fd5c68b8,a50fbde29aa04e9d829a4580fd5c68b8,standard,0,0,vlm_patches/test_046_tile_embeddings/standard/top_k/test_046_tile_embeddings_standard_top_k_001.png,s3://pershin-medailab/Pathomorphology/CAMELYON/mil/vlm_patches/c16_abmil_vlm_patches_a50fbde29aa04e9d829a4580fd5c68b8.tar.gz!/vlm_patches/test_046_tile_embeddings/standard/top_k/test_046_tile_embeddings_standard_top_k_001.png,test_046_tile_embeddings_standard_top_k_001
c16_native,test_046,test_046_tile_embeddings,00d7c91855ac66cb,54528,23040,256,20,0.906890869140625,0,0.4475,0,1,top_k,3,a50fbde29aa04e9d829a4580fd5c68b8,a50fbde29aa04e9d829a4580fd5c68b8,standard,0,0,vlm_patches/test_046_tile_embeddings/standard/top_k/test_046_tile_embeddings_standard_top_k_002.png,s3://pershin-medailab/Pathomorphology/CAMELYON/mil/vlm_patches/c16_abmil_vlm_patches_a50fbde29aa04e9d829a4580fd5c68b8.tar.gz!/vlm_patches/test_046_tile_embeddings/standard/top_k/test_046_tile_embeddings_standard_top_k_002.png,test_046_tile_embeddings_standard_top_k_002
c16_native,test_055,test_055_tile_embeddings,0d43aad5714ab021,39680,8192,256,20,0.8465576171875,0,0.0,0,0,top_k,1,a50fbde29aa04e9d829a4580fd5c68b8,a50fbde29aa04e9d829a4580fd5c68b8,standard,0,0,vlm_patches/test_055_tile_embeddings/standard/top_k/test_055_tile_embeddings_standard_top_k_000.png,s3://pershin-medailab/Pathomorphology/CAMELYON/mil/vlm_patches/c16_abmil_vlm_patches_a50fbde29aa04e9d829a4580fd5c68b8.tar.gz!/vlm_patches/test_055_tile_embeddings/standard/top_k/test_055_tile_embeddings_standard_top_k_000.png,test_055_tile_embeddings_standard_top_k_000
c16_native,test_055,test_055_tile_embeddings,abd47b03bc39f9fc,87296,15616,256,20,0.9179840087890624,0,0.0,0,0,top_k,2,a50fbde29aa04e9d829a4580fd5c68b8,a50fbde29aa04e9d829a4580fd5c68b8,standard,0,0,vlm_patches/test_055_tile_embeddings/standard/top_k/test_055_tile_embeddings_standard_top_k_001.png,s3://pershin-medailab/Pathomorphology/CAMELYON/mil/vlm_patches/c16_abmil_vlm_patches_a50fbde29aa04e9d829a4580fd5c68b8.tar.gz!/vlm_patches/test_055_tile_embeddings/standard/top_k/test_055_tile_embeddings_standard_top_k_001.png,test_055_tile_embeddings_standard_top_k_001
c16_native,test_055,test_055_tile_embeddings,bfe45863e780f32c,84736,7424,256,20,0.793731689453125,0,0.0,0,0,top_k,3,a50fbde29aa04e9d829a4580fd5c68b8,a50fbde29aa04e9d829a4580fd5c68b8,standard,0,0,vlm_patches/test_055_tile_embeddings/standard/top_k/test_055_tile_embeddings_standard_top_k_002.png,s3://pershin-medailab/Pathomorphology/CAMELYON/mil/vlm_patches/c16_abmil_vlm_patches_a50fbde29aa04e9d829a4580fd5c68b8.tar.gz!/vlm_patches/test_055_tile_embeddings/standard/top_k/test_055_tile_embeddings_standard_top_k_002.png,test_055_tile_embeddings_standard_top_k_002
c16_native,test_089,test_089_tile_embeddings,c844ef6e0a3882cf,120832,39424,256,20,0.972900390625,0,0.0,0,0,top_k,1,a50fbde29aa04e9d829a4580fd5c68b8,a50fbde29aa04e9d829a4580fd5c68b8,standard,0,0,vlm_patches/test_089_tile_embeddings/standard/top_k/test_089_tile_embeddings_standard_top_k_000.png,s3://pershin-medailab/Pathomorphology/CAMELYON/mil/vlm_patches/c16_abmil_vlm_patches_a50fbde29aa04e9d829a4580fd5c68b8.tar.gz!/vlm_patches/test_089_tile_embeddings/standard/top_k/test_089_tile_embeddings_standard_top_k_000.png,test_089_tile_embeddings_standard_top_k_000
c16_native,test_089,test_089_tile_embeddings,66bc5ff462e98c72,55296,34048,256,20,0.961456298828125,0,0.0,0,0,top_k,2,a50fbde29aa04e9d829a4580fd5c68b8,a50fbde29aa04e9d829a4580fd5c68b8,standard,0,0,vlm_patches/test_089_tile_embeddings/standard/top_k/test_089_tile_embeddings_standard_top_k_001.png,s3://pershin-medailab/Pathomorphology/CAMELYON/mil/vlm_patches/c16_abmil_vlm_patches_a50fbde29aa04e9d829a4580fd5c68b8.tar.gz!/vlm_patches/test_089_tile_embeddings/standard/top_k/test_089_tile_embeddings_standard_top_k_001.png,test_089_tile_embeddings_standard_top_k_001
c16_native,test_089,test_089_tile_embeddings,eff39110e8c1df47,122880,40448,256,20,0.98291015625,0,0.0,0,0,top_k,3,a50fbde29aa04e9d829a4580fd5c68b8,a50fbde29aa04e9d829a4580fd5c68b8,standard,0,0,vlm_patches/test_089_tile_embeddings/standard/top_k/test_089_tile_embeddings_standard_top_k_002.png,s3://pershin-medailab/Pathomorphology/CAMELYON/mil/vlm_patches/c16_abmil_vlm_patches_a50fbde29aa04e9d829a4580fd5c68b8.tar.gz!/vlm_patches/test_089_tile_embeddings/standard/top_k/test_089_tile_embeddings_standard_top_k_002.png,test_089_tile_embeddings_standard_top_k_002
c16_native,test_082,test_082_tile_embeddings,67f20a0052c1ac65,41728,99840,256,20,0.8176422119140625,1,1.0,1,1,top_k,1,a50fbde29aa04e9d829a4580fd5c68b8,a50fbde29aa04e9d829a4580fd5c68b8,standard,0,0,vlm_patches/test_082_tile_embeddings/standard/top_k/test_082_tile_embeddings_standard_top_k_000.png,s3://pershin-medailab/Pathomorphology/CAMELYON/mil/vlm_patches/c16_abmil_vlm_patches_a50fbde29aa04e9d829a4580fd5c68b8.tar.gz!/vlm_patches/test_082_tile_embeddings/standard/top_k/test_082_tile_embeddings_standard_top_k_000.png,test_082_tile_embeddings_standard_top_k_000
c16_native,test_082,test_082_tile_embeddings,c3995681cdfa5d05,40448,98048,256,20,0.8608856201171875,1,1.0,1,1,top_k,2,a50fbde29aa04e9d829a4580fd5c68b8,a50fbde29aa04e9d829a4580fd5c68b8,standard,0,0,vlm_patches/test_082_tile_embeddings/standard/top_k/test_082_tile_embeddings_standard_top_k_001.png,s3://pershin-medailab/Pathomorphology/CAMELYON/mil/vlm_patches/c16_abmil_vlm_patches_a50fbde29aa04e9d829a4580fd5c68b8.tar.gz!/vlm_patches/test_082_tile_embeddings/standard/top_k/test_082_tile_embeddings_standard_top_k_001.png,test_082_tile_embeddings_standard_top_k_001
c16_native,test_082,test_082_tile_embeddings,a3f94c53508a0189,41472,100608,256,20,0.7652587890625,1,1.0,1,1,top_k,3,a50fbde29aa04e9d829a4580fd5c68b8,a50fbde29aa04e9d829a4580fd5c68b8,standard,0,0,vlm_patches/test_082_tile_embeddings/standard/top_k/test_082_tile_embeddings_standard_top_k_002.png,s3://pershin-medailab/Pathomorphology/CAMELYON/mil/vlm_patches/c16_abmil_vlm_patches_a50fbde29aa04e9d829a4580fd5c68b8.tar.gz!/vlm_patches/test_082_tile_embeddings/standard/top_k/test_082_tile_embeddings_standard_top_k_002.png,test_082_tile_embeddings_standard_top_k_002
c16_native,test_069,test_069_tile_embeddings,a8b0b52016305960,13312,41472,256,20,0.987701416015625,1,0.9975,1,1,top_k,1,a50fbde29aa04e9d829a4580fd5c68b8,a50fbde29aa04e9d829a4580fd5c68b8,standard,0,0,vlm_patches/test_069_tile_embeddings/standard/top_k/test_069_tile_embeddings_standard_top_k_000.png,s3://pershin-medailab/Pathomorphology/CAMELYON/mil/vlm_patches/c16_abmil_vlm_patches_a50fbde29aa04e9d829a4580fd5c68b8.tar.gz!/vlm_patches/test_069_tile_embeddings/standard/top_k/test_069_tile_embeddings_standard_top_k_000.png,test_069_tile_embeddings_standard_top_k_000
c16_native,test_069,test_069_tile_embeddings,99b55f77d6516ad9,16128,37888,256,20,0.960113525390625,1,1.0,1,1,top_k,2,a50fbde29aa04e9d829a4580fd5c68b8,a50fbde29aa04e9d829a4580fd5c68b8,standard,0,0,vlm_patches/test_069_tile_embeddings/standard/top_k/test_069_tile_embeddings_standard_top_k_001.png,s3://pershin-medailab/Pathomorphology/CAMELYON/mil/vlm_patches/c16_abmil_vlm_patches_a50fbde29aa04e9d829a4580fd5c68b8.tar.gz!/vlm_patches/test_069_tile_embeddings/standard/top_k/test_069_tile_embeddings_standard_top_k_001.png,test_069_tile_embeddings_standard_top_k_001
c16_native,test_069,test_069_tile_embeddings,ea8a175bf86faeed,113408,35840,256,20,0.8957672119140625,1,1.0,1,1,top_k,3,a50fbde29aa04e9d829a4580fd5c68b8,a50fbde29aa04e9d829a4580fd5c68b8,standard,0,0,vlm_patches/test_069_tile_embeddings/standard/top_k/test_069_tile_embeddings_standard_top_k_002.png,s3://pershin-medailab/Pathomorphology/CAMELYON/mil/vlm_patches/c16_abmil_vlm_patches_a50fbde29aa04e9d829a4580fd5c68b8.tar.gz!/vlm_patches/test_069_tile_embeddings/standard/top_k/test_069_tile_embeddings_standard_top_k_002.png,test_069_tile_embeddings_standard_top_k_002
c16_native,test_021,test_021_tile_embeddings,6e2269b17ecc9030,34816,193536,256,20,0.7014312744140625,1,1.0,1,1,top_k,1,a50fbde29aa04e9d829a4580fd5c68b8,a50fbde29aa04e9d829a4580fd5c68b8,standard,0,0,vlm_patches/test_021_tile_embeddings/standard/top_k/test_021_tile_embeddings_standard_top_k_000.png,s3://pershin-medailab/Pathomorphology/CAMELYON/mil/vlm_patches/c16_abmil_vlm_patches_a50fbde29aa04e9d829a4580fd5c68b8.tar.gz!/vlm_patches/test_021_tile_embeddings/standard/top_k/test_021_tile_embeddings_standard_top_k_000.png,test_021_tile_embeddings_standard_top_k_000
c16_native,test_021,test_021_tile_embeddings,ea9bc4b129983320,49664,193536,256,20,0.720611572265625,1,1.0,1,1,top_k,2,a50fbde29aa04e9d829a4580fd5c68b8,a50fbde29aa04e9d829a4580fd5c68b8,standard,0,0,vlm_patches/test_021_tile_embeddings/standard/top_k/test_021_tile_embeddings_standard_top_k_001.png,s3://pershin-medailab/Pathomorphology/CAMELYON/mil/vlm_patches/c16_abmil_vlm_patches_a50fbde29aa04e9d829a4580fd5c68b8.tar.gz!/vlm_patches/test_021_tile_embeddings/standard/top_k/test_021_tile_embeddings_standard_top_k_001.png,test_021_tile_embeddings_standard_top_k_001
c16_native,test_021,test_021_tile_embeddings,558d842da2de40ef,49664,193792,256,20,0.6125946044921875,1,1.0,1,1,top_k,3,a50fbde29aa04e9d829a4580fd5c68b8,a50fbde29aa04e9d829a4580fd5c68b8,standard,0,0,vlm_patches/test_021_tile_embeddings/standard/top_k/test_021_tile_embeddings_standard_top_k_002.png,s3://pershin-medailab/Pathomorphology/CAMELYON/mil/vlm_patches/c16_abmil_vlm_patches_a50fbde29aa04e9d829a4580fd5c68b8.tar.gz!/vlm_patches/test_021_tile_embeddings/standard/top_k/test_021_tile_embeddings_standard_top_k_002.png,test_021_tile_embeddings_standard_top_k_002
c16_native,test_030,test_030_tile_embeddings,bc09f0ab5b0df789,57088,133888,256,20,0.6515960693359375,1,0.92,1,1,top_k,1,a50fbde29aa04e9d829a4580fd5c68b8,a50fbde29aa04e9d829a4580fd5c68b8,standard,0,0,vlm_patches/test_030_tile_embeddings/standard/top_k/test_030_tile_embeddings_standard_top_k_000.png,s3://pershin-medailab/Pathomorphology/CAMELYON/mil/vlm_patches/c16_abmil_vlm_patches_a50fbde29aa04e9d829a4580fd5c68b8.tar.gz!/vlm_patches/test_030_tile_embeddings/standard/top_k/test_030_tile_embeddings_standard_top_k_000.png,test_030_tile_embeddings_standard_top_k_000
c16_native,test_030,test_030_tile_embeddings,220f1232110f6ace,55040,142336,256,20,0.84564208984375,1,0.81,1,1,top_k,2,a50fbde29aa04e9d829a4580fd5c68b8,a50fbde29aa04e9d829a4580fd5c68b8,standard,0,0,vlm_patches/test_030_tile_embeddings/standard/top_k/test_030_tile_embeddings_standard_top_k_001.png,s3://pershin-medailab/Pathomorphology/CAMELYON/mil/vlm_patches/c16_abmil_vlm_patches_a50fbde29aa04e9d829a4580fd5c68b8.tar.gz!/vlm_patches/test_030_tile_embeddings/standard/top_k/test_030_tile_embeddings_standard_top_k_001.png,test_030_tile_embeddings_standard_top_k_001
c16_native,test_030,test_030_tile_embeddings,5ac41e9c85ffcd4c,64768,132352,256,20,0.7293243408203125,1,0.8825,1,1,top_k,3,a50fbde29aa04e9d829a4580fd5c68b8,a50fbde29aa04e9d829a4580fd5c68b8,standard,0,0,vlm_patches/test_030_tile_embeddings/standard/top_k/test_030_tile_embeddings_standard_top_k_002.png,s3://pershin-medailab/Pathomorphology/CAMELYON/mil/vlm_patches/c16_abmil_vlm_patches_a50fbde29aa04e9d829a4580fd5c68b8.tar.gz!/vlm_patches/test_030_tile_embeddings/standard/top_k/test_030_tile_embeddings_standard_top_k_002.png,test_030_tile_embeddings_standard_top_k_002
c16_native,test_108,test_108_tile_embeddings,5847cee6e746b1ec,39424,151552,256,20,0.835723876953125,1,1.0,1,1,top_k,1,a50fbde29aa04e9d829a4580fd5c68b8,a50fbde29aa04e9d829a4580fd5c68b8,standard,0,0,vlm_patches/test_108_tile_embeddings/standard/top_k/test_108_tile_embeddings_standard_top_k_000.png,s3://pershin-medailab/Pathomorphology/CAMELYON/mil/vlm_patches/c16_abmil_vlm_patches_a50fbde29aa04e9d829a4580fd5c68b8.tar.gz!/vlm_patches/test_108_tile_embeddings/standard/top_k/test_108_tile_embeddings_standard_top_k_000.png,test_108_tile_embeddings_standard_top_k_000
c16_native,test_108,test_108_tile_embeddings,e03243465f61821b,39680,152064,256,20,0.7458953857421875,1,1.0,1,1,top_k,2,a50fbde29aa04e9d829a4580fd5c68b8,a50fbde29aa04e9d829a4580fd5c68b8,standard,0,0,vlm_patches/test_108_tile_embeddings/standard/top_k/test_108_tile_embeddings_standard_top_k_001.png,s3://pershin-medailab/Pathomorphology/CAMELYON/mil/vlm_patches/c16_abmil_vlm_patches_a50fbde29aa04e9d829a4580fd5c68b8.tar.gz!/vlm_patches/test_108_tile_embeddings/standard/top_k/test_108_tile_embeddings_standard_top_k_001.png,test_108_tile_embeddings_standard_top_k_001
c16_native,test_108,test_108_tile_embeddings,c2f0b6831c48634d,39168,152320,256,20,0.7899932861328125,1,1.0,1,1,top_k,3,a50fbde29aa04e9d829a4580fd5c68b8,a50fbde29aa04e9d829a4580fd5c68b8,standard,0,0,vlm_patches/test_108_tile_embeddings/standard/top_k/test_108_tile_embeddings_standard_top_k_002.png,s3://pershin-medailab/Pathomorphology/CAMELYON/mil/vlm_patches/c16_abmil_vlm_patches_a50fbde29aa04e9d829a4580fd5c68b8.tar.gz!/vlm_patches/test_108_tile_embeddings/standard/top_k/test_108_tile_embeddings_standard_top_k_002.png,test_108_tile_embeddings_standard_top_k_002
c16_native,test_028,test_028_tile_embeddings,bebc5cdd6197527d,56320,59648,256,20,0.9857025146484376,0,0.0,0,0,top_k,1,a50fbde29aa04e9d829a4580fd5c68b8,a50fbde29aa04e9d829a4580fd5c68b8,standard,0,0,vlm_patches/test_028_tile_embeddings/standard/top_k/test_028_tile_embeddings_standard_top_k_000.png,s3://pershin-medailab/Pathomorphology/CAMELYON/mil/vlm_patches/c16_abmil_vlm_patches_a50fbde29aa04e9d829a4580fd5c68b8.tar.gz!/vlm_patches/test_028_tile_embeddings/standard/top_k/test_028_tile_embeddings_standard_top_k_000.png,test_028_tile_embeddings_standard_top_k_000
c16_native,test_028,test_028_tile_embeddings,ce6af7e4219e6fc4,16128,30720,256,20,0.9684295654296876,0,0.0,0,0,top_k,2,a50fbde29aa04e9d829a4580fd5c68b8,a50fbde29aa04e9d829a4580fd5c68b8,standard,0,0,vlm_patches/test_028_tile_embeddings/standard/top_k/test_028_tile_embeddings_standard_top_k_001.png,s3://pershin-medailab/Pathomorphology/CAMELYON/mil/vlm_patches/c16_abmil_vlm_patches_a50fbde29aa04e9d829a4580fd5c68b8.tar.gz!/vlm_patches/test_028_tile_embeddings/standard/top_k/test_028_tile_embeddings_standard_top_k_001.png,test_028_tile_embeddings_standard_top_k_001
c16_native,test_028,test_028_tile_embeddings,0e1824139e6cd01e,104704,7424,256,20,0.75518798828125,0,0.0,0,0,top_k,3,a50fbde29aa04e9d829a4580fd5c68b8,a50fbde29aa04e9d829a4580fd5c68b8,standard,0,0,vlm_patches/test_028_tile_embeddings/standard/top_k/test_028_tile_embeddings_standard_top_k_002.png,s3://pershin-medailab/Pathomorphology/CAMELYON/mil/vlm_patches/c16_abmil_vlm_patches_a50fbde29aa04e9d829a4580fd5c68b8.tar.gz!/vlm_patches/test_028_tile_embeddings/standard/top_k/test_028_tile_embeddings_standard_top_k_002.png,test_028_tile_embeddings_standard_top_k_002
c16_native,test_029,test_029_tile_embeddings,b908c1ccebbe8bb6,24320,92416,256,20,0.69927978515625,1,1.0,1,1,top_k,1,a50fbde29aa04e9d829a4580fd5c68b8,a50fbde29aa04e9d829a4580fd5c68b8,standard,0,0,vlm_patches/test_029_tile_embeddings/standard/top_k/test_029_tile_embeddings_standard_top_k_000.png,s3://pershin-medailab/Pathomorphology/CAMELYON/mil/vlm_patches/c16_abmil_vlm_patches_a50fbde29aa04e9d829a4580fd5c68b8.tar.gz!/vlm_patches/test_029_tile_embeddings/standard/top_k/test_029_tile_embeddings_standard_top_k_000.png,test_029_tile_embeddings_standard_top_k_000
c16_native,test_029,test_029_tile_embeddings,4695570632c36c41,24832,92160,256,20,0.6413726806640625,1,1.0,1,1,top_k,2,a50fbde29aa04e9d829a4580fd5c68b8,a50fbde29aa04e9d829a4580fd5c68b8,standard,0,0,vlm_patches/test_029_tile_embeddings/standard/top_k/test_029_tile_embeddings_standard_top_k_001.png,s3://pershin-medailab/Pathomorphology/CAMELYON/mil/vlm_patches/c16_abmil_vlm_patches_a50fbde29aa04e9d829a4580fd5c68b8.tar.gz!/vlm_patches/test_029_tile_embeddings/standard/top_k/test_029_tile_embeddings_standard_top_k_001.png,test_029_tile_embeddings_standard_top_k_001
c16_native,test_029,test_029_tile_embeddings,0f9d35aaf1363cb7,24320,92672,256,20,0.616119384765625,1,0.9825,1,1,top_k,4,a50fbde29aa04e9d829a4580fd5c68b8,a50fbde29aa04e9d829a4580fd5c68b8,standard,0,0,vlm_patches/test_029_tile_embeddings/standard/top_k/test_029_tile_embeddings_standard_top_k_003.png,s3://pershin-medailab/Pathomorphology/CAMELYON/mil/vlm_patches/c16_abmil_vlm_patches_a50fbde29aa04e9d829a4580fd5c68b8.tar.gz!/vlm_patches/test_029_tile_embeddings/standard/top_k/test_029_tile_embeddings_standard_top_k_003.png,test_029_tile_embeddings_standard_top_k_003
c16_native,test_092,test_092_tile_embeddings,d73dc49fe95073fe,77056,84992,256,20,0.9599456787109376,1,1.0,1,1,top_k,1,a50fbde29aa04e9d829a4580fd5c68b8,a50fbde29aa04e9d829a4580fd5c68b8,standard,0,0,vlm_patches/test_092_tile_embeddings/standard/top_k/test_092_tile_embeddings_standard_top_k_000.png,s3://pershin-medailab/Pathomorphology/CAMELYON/mil/vlm_patches/c16_abmil_vlm_patches_a50fbde29aa04e9d829a4580fd5c68b8.tar.gz!/vlm_patches/test_092_tile_embeddings/standard/top_k/test_092_tile_embeddings_standard_top_k_000.png,test_092_tile_embeddings_standard_top_k_000
c16_native,test_092,test_092_tile_embeddings,738fe7573e5a9320,77056,84736,256,20,0.942657470703125,1,1.0,1,1,top_k,2,a50fbde29aa04e9d829a4580fd5c68b8,a50fbde29aa04e9d829a4580fd5c68b8,standard,0,0,vlm_patches/test_092_tile_embeddings/standard/top_k/test_092_tile_embeddings_standard_top_k_001.png,s3://pershin-medailab/Pathomorphology/CAMELYON/mil/vlm_patches/c16_abmil_vlm_patches_a50fbde29aa04e9d829a4580fd5c68b8.tar.gz!/vlm_patches/test_092_tile_embeddings/standard/top_k/test_092_tile_embeddings_standard_top_k_001.png,test_092_tile_embeddings_standard_top_k_001
c16_native,test_092,test_092_tile_embeddings,099eab3a6ff384ed,75520,84480,256,20,0.9674224853515624,1,1.0,1,1,top_k,3,a50fbde29aa04e9d829a4580fd5c68b8,a50fbde29aa04e9d829a4580fd5c68b8,standard,0,0,vlm_patches/test_092_tile_embeddings/standard/top_k/test_092_tile_embeddings_standard_top_k_002.png,s3://pershin-medailab/Pathomorphology/CAMELYON/mil/vlm_patches/c16_abmil_vlm_patches_a50fbde29aa04e9d829a4580fd5c68b8.tar.gz!/vlm_patches/test_092_tile_embeddings/standard/top_k/test_092_tile_embeddings_standard_top_k_002.png,test_092_tile_embeddings_standard_top_k_002
c16_native,test_073,test_073_tile_embeddings,690b0d435af5d801,109056,73472,256,20,0.9752960205078124,1,1.0,1,1,top_k,1,a50fbde29aa04e9d829a4580fd5c68b8,a50fbde29aa04e9d829a4580fd5c68b8,standard,0,0,vlm_patches/test_073_tile_embeddings/standard/top_k/test_073_tile_embeddings_standard_top_k_000.png,s3://pershin-medailab/Pathomorphology/CAMELYON/mil/vlm_patches/c16_abmil_vlm_patches_a50fbde29aa04e9d829a4580fd5c68b8.tar.gz!/vlm_patches/test_073_tile_embeddings/standard/top_k/test_073_tile_embeddings_standard_top_k_000.png,test_073_tile_embeddings_standard_top_k_000
c16_native,test_073,test_073_tile_embeddings,5ffebb2fce256204,109312,74240,256,20,0.9239654541015624,1,1.0,1,1,top_k,2,a50fbde29aa04e9d829a4580fd5c68b8,a50fbde29aa04e9d829a4580fd5c68b8,standard,0,0,vlm_patches/test_073_tile_embeddings/standard/top_k/test_073_tile_embeddings_standard_top_k_001.png,s3://pershin-medailab/Pathomorphology/CAMELYON/mil/vlm_patches/c16_abmil_vlm_patches_a50fbde29aa04e9d829a4580fd5c68b8.tar.gz!/vlm_patches/test_073_tile_embeddings/standard/top_k/test_073_tile_embeddings_standard_top_k_001.png,test_073_tile_embeddings_standard_top_k_001
c16_native,test_073,test_073_tile_embeddings,c4f9fa9db93ee49b,15360,73984,256,20,0.930999755859375,1,1.0,1,1,top_k,3,a50fbde29aa04e9d829a4580fd5c68b8,a50fbde29aa04e9d829a4580fd5c68b8,standard,0,0,vlm_patches/test_073_tile_embeddings/standard/top_k/test_073_tile_embeddings_standard_top_k_002.png,s3://pershin-medailab/Pathomorphology/CAMELYON/mil/vlm_patches/c16_abmil_vlm_patches_a50fbde29aa04e9d829a4580fd5c68b8.tar.gz!/vlm_patches/test_073_tile_embeddings/standard/top_k/test_073_tile_embeddings_standard_top_k_002.png,test_073_tile_embeddings_standard_top_k_002
c16_native,test_022,test_022_tile_embeddings,b3e841bbcc6faf07,108288,58880,256,20,0.9844818115234376,0,0.0,0,0,top_k,1,a50fbde29aa04e9d829a4580fd5c68b8,a50fbde29aa04e9d829a4580fd5c68b8,standard,0,0,vlm_patches/test_022_tile_embeddings/standard/top_k/test_022_tile_embeddings_standard_top_k_000.png,s3://pershin-medailab/Pathomorphology/CAMELYON/mil/vlm_patches/c16_abmil_vlm_patches_a50fbde29aa04e9d829a4580fd5c68b8.tar.gz!/vlm_patches/test_022_tile_embeddings/standard/top_k/test_022_tile_embeddings_standard_top_k_000.png,test_022_tile_embeddings_standard_top_k_000
c16_native,test_022,test_022_tile_embeddings,b9205e0774380c1e,107776,59136,256,20,0.9761199951171876,0,0.0,0,0,top_k,2,a50fbde29aa04e9d829a4580fd5c68b8,a50fbde29aa04e9d829a4580fd5c68b8,standard,0,0,vlm_patches/test_022_tile_embeddings/standard/top_k/test_022_tile_embeddings_standard_top_k_001.png,s3://pershin-medailab/Pathomorphology/CAMELYON/mil/vlm_patches/c16_abmil_vlm_patches_a50fbde29aa04e9d829a4580fd5c68b8.tar.gz!/vlm_patches/test_022_tile_embeddings/standard/top_k/test_022_tile_embeddings_standard_top_k_001.png,test_022_tile_embeddings_standard_top_k_001
c16_native,test_022,test_022_tile_embeddings,316adf0ec58cccf5,108288,59136,256,20,0.9869232177734376,0,0.0,0,0,top_k,3,a50fbde29aa04e9d829a4580fd5c68b8,a50fbde29aa04e9d829a4580fd5c68b8,standard,0,0,vlm_patches/test_022_tile_embeddings/standard/top_k/test_022_tile_embeddings_standard_top_k_002.png,s3://pershin-medailab/Pathomorphology/CAMELYON/mil/vlm_patches/c16_abmil_vlm_patches_a50fbde29aa04e9d829a4580fd5c68b8.tar.gz!/vlm_patches/test_022_tile_embeddings/standard/top_k/test_022_tile_embeddings_standard_top_k_002.png,test_022_tile_embeddings_standard_top_k_002
c16_native,test_037,test_037_tile_embeddings,c68d2b92278de862,64000,70912,256,20,0.9392242431640624,0,0.0,0,0,top_k,1,a50fbde29aa04e9d829a4580fd5c68b8,a50fbde29aa04e9d829a4580fd5c68b8,standard,0,0,vlm_patches/test_037_tile_embeddings/standard/top_k/test_037_tile_embeddings_standard_top_k_000.png,s3://pershin-medailab/Pathomorphology/CAMELYON/mil/vlm_patches/c16_abmil_vlm_patches_a50fbde29aa04e9d829a4580fd5c68b8.tar.gz!/vlm_patches/test_037_tile_embeddings/standard/top_k/test_037_tile_embeddings_standard_top_k_000.png,test_037_tile_embeddings_standard_top_k_000
c16_native,test_037,test_037_tile_embeddings,05989114060e4acf,64768,71680,256,20,0.8668975830078125,0,0.0,0,0,top_k,2,a50fbde29aa04e9d829a4580fd5c68b8,a50fbde29aa04e9d829a4580fd5c68b8,standard,0,0,vlm_patches/test_037_tile_embeddings/standard/top_k/test_037_tile_embeddings_standard_top_k_001.png,s3://pershin-medailab/Pathomorphology/CAMELYON/mil/vlm_patches/c16_abmil_vlm_patches_a50fbde29aa04e9d829a4580fd5c68b8.tar.gz!/vlm_patches/test_037_tile_embeddings/standard/top_k/test_037_tile_embeddings_standard_top_k_001.png,test_037_tile_embeddings_standard_top_k_001
c16_native,test_037,test_037_tile_embeddings,04fdd0c857c26257,77312,74496,256,20,0.860870361328125,0,0.0,0,0,top_k,3,a50fbde29aa04e9d829a4580fd5c68b8,a50fbde29aa04e9d829a4580fd5c68b8,standard,0,0,vlm_patches/test_037_tile_embeddings/standard/top_k/test_037_tile_embeddings_standard_top_k_002.png,s3://pershin-medailab/Pathomorphology/CAMELYON/mil/vlm_patches/c16_abmil_vlm_patches_a50fbde29aa04e9d829a4580fd5c68b8.tar.gz!/vlm_patches/test_037_tile_embeddings/standard/top_k/test_037_tile_embeddings_standard_top_k_002.png,test_037_tile_embeddings_standard_top_k_002
c16_native,test_004,test_004_tile_embeddings,444eaaae222526f3,66304,69120,256,20,0.6634979248046875,1,0.65,1,1,top_k,1,a50fbde29aa04e9d829a4580fd5c68b8,a50fbde29aa04e9d829a4580fd5c68b8,standard,0,0,vlm_patches/test_004_tile_embeddings/standard/top_k/test_004_tile_embeddings_standard_top_k_000.png,s3://pershin-medailab/Pathomorphology/CAMELYON/mil/vlm_patches/c16_abmil_vlm_patches_a50fbde29aa04e9d829a4580fd5c68b8.tar.gz!/vlm_patches/test_004_tile_embeddings/standard/top_k/test_004_tile_embeddings_standard_top_k_000.png,test_004_tile_embeddings_standard_top_k_000
c16_native,test_004,test_004_tile_embeddings,6329871d78ca884d,72192,72704,256,20,0.486419677734375,1,0.43,1,1,top_k,3,a50fbde29aa04e9d829a4580fd5c68b8,a50fbde29aa04e9d829a4580fd5c68b8,standard,0,0,vlm_patches/test_004_tile_embeddings/standard/top_k/test_004_tile_embeddings_standard_top_k_002.png,s3://pershin-medailab/Pathomorphology/CAMELYON/mil/vlm_patches/c16_abmil_vlm_patches_a50fbde29aa04e9d829a4580fd5c68b8.tar.gz!/vlm_patches/test_004_tile_embeddings/standard/top_k/test_004_tile_embeddings_standard_top_k_002.png,test_004_tile_embeddings_standard_top_k_002
c16_native,test_004,test_004_tile_embeddings,b5d78ec1b06bec48,72448,72704,256,20,0.659423828125,0,0.305,0,1,top_k,4,a50fbde29aa04e9d829a4580fd5c68b8,a50fbde29aa04e9d829a4580fd5c68b8,standard,0,0,vlm_patches/test_004_tile_embeddings/standard/top_k/test_004_tile_embeddings_standard_top_k_003.png,s3://pershin-medailab/Pathomorphology/CAMELYON/mil/vlm_patches/c16_abmil_vlm_patches_a50fbde29aa04e9d829a4580fd5c68b8.tar.gz!/vlm_patches/test_004_tile_embeddings/standard/top_k/test_004_tile_embeddings_standard_top_k_003.png,test_004_tile_embeddings_standard_top_k_003
c16_native,test_105,test_105_tile_embeddings,46e6fceb2fdf05d0,27392,29952,256,20,0.9681854248046876,1,1.0,1,1,top_k,1,a50fbde29aa04e9d829a4580fd5c68b8,a50fbde29aa04e9d829a4580fd5c68b8,standard,0,0,vlm_patches/test_105_tile_embeddings/standard/top_k/test_105_tile_embeddings_standard_top_k_000.png,s3://pershin-medailab/Pathomorphology/CAMELYON/mil/vlm_patches/c16_abmil_vlm_patches_a50fbde29aa04e9d829a4580fd5c68b8.tar.gz!/vlm_patches/test_105_tile_embeddings/standard/top_k/test_105_tile_embeddings_standard_top_k_000.png,test_105_tile_embeddings_standard_top_k_000
c16_native,test_105,test_105_tile_embeddings,a39277523e5888f7,28160,29696,256,20,0.984649658203125,1,1.0,1,1,top_k,3,a50fbde29aa04e9d829a4580fd5c68b8,a50fbde29aa04e9d829a4580fd5c68b8,standard,0,0,vlm_patches/test_105_tile_embeddings/standard/top_k/test_105_tile_embeddings_standard_top_k_002.png,s3://pershin-medailab/Pathomorphology/CAMELYON/mil/vlm_patches/c16_abmil_vlm_patches_a50fbde29aa04e9d829a4580fd5c68b8.tar.gz!/vlm_patches/test_105_tile_embeddings/standard/top_k/test_105_tile_embeddings_standard_top_k_002.png,test_105_tile_embeddings_standard_top_k_002
c16_native,test_105,test_105_tile_embeddings,16673287f5ebe922,27904,29952,256,20,0.979278564453125,1,1.0,1,1,top_k,4,a50fbde29aa04e9d829a4580fd5c68b8,a50fbde29aa04e9d829a4580fd5c68b8,standard,0,0,vlm_patches/test_105_tile_embeddings/standard/top_k/test_105_tile_embeddings_standard_top_k_003.png,s3://pershin-medailab/Pathomorphology/CAMELYON/mil/vlm_patches/c16_abmil_vlm_patches_a50fbde29aa04e9d829a4580fd5c68b8.tar.gz!/vlm_patches/test_105_tile_embeddings/standard/top_k/test_105_tile_embeddings_standard_top_k_003.png,test_105_tile_embeddings_standard_top_k_003
c16_native,test_094,test_094_tile_embeddings,7b13ff272c66ac98,37632,43776,256,20,0.8824920654296875,1,1.0,1,1,top_k,1,a50fbde29aa04e9d829a4580fd5c68b8,a50fbde29aa04e9d829a4580fd5c68b8,standard,0,0,vlm_patches/test_094_tile_embeddings/standard/top_k/test_094_tile_embeddings_standard_top_k_000.png,s3://pershin-medailab/Pathomorphology/CAMELYON/mil/vlm_patches/c16_abmil_vlm_patches_a50fbde29aa04e9d829a4580fd5c68b8.tar.gz!/vlm_patches/test_094_tile_embeddings/standard/top_k/test_094_tile_embeddings_standard_top_k_000.png,test_094_tile_embeddings_standard_top_k_000
c16_native,test_094,test_094_tile_embeddings,713c9d6d325a8910,36352,41984,256,20,0.89727783203125,1,0.975,1,1,top_k,2,a50fbde29aa04e9d829a4580fd5c68b8,a50fbde29aa04e9d829a4580fd5c68b8,standard,0,0,vlm_patches/test_094_tile_embeddings/standard/top_k/test_094_tile_embeddings_standard_top_k_001.png,s3://pershin-medailab/Pathomorphology/CAMELYON/mil/vlm_patches/c16_abmil_vlm_patches_a50fbde29aa04e9d829a4580fd5c68b8.tar.gz!/vlm_patches/test_094_tile_embeddings/standard/top_k/test_094_tile_embeddings_standard_top_k_001.png,test_094_tile_embeddings_standard_top_k_001
c16_native,test_094,test_094_tile_embeddings,f430838a15f65d07,38144,41472,256,20,0.89801025390625,1,1.0,1,1,top_k,4,a50fbde29aa04e9d829a4580fd5c68b8,a50fbde29aa04e9d829a4580fd5c68b8,standard,0,0,vlm_patches/test_094_tile_embeddings/standard/top_k/test_094_tile_embeddings_standard_top_k_003.png,s3://pershin-medailab/Pathomorphology/CAMELYON/mil/vlm_patches/c16_abmil_vlm_patches_a50fbde29aa04e9d829a4580fd5c68b8.tar.gz!/vlm_patches/test_094_tile_embeddings/standard/top_k/test_094_tile_embeddings_standard_top_k_003.png,test_094_tile_embeddings_standard_top_k_003
c16_native,test_064,test_064_tile_embeddings,6ef19b1d71d9b733,51968,153856,256,20,0.875213623046875,1,1.0,1,1,top_k,1,a50fbde29aa04e9d829a4580fd5c68b8,a50fbde29aa04e9d829a4580fd5c68b8,standard,0,0,vlm_patches/test_064_tile_embeddings/standard/top_k/test_064_tile_embeddings_standard_top_k_000.png,s3://pershin-medailab/Pathomorphology/CAMELYON/mil/vlm_patches/c16_abmil_vlm_patches_a50fbde29aa04e9d829a4580fd5c68b8.tar.gz!/vlm_patches/test_064_tile_embeddings/standard/top_k/test_064_tile_embeddings_standard_top_k_000.png,test_064_tile_embeddings_standard_top_k_000
c16_native,test_064,test_064_tile_embeddings,be8195c493b1a6ff,51712,153600,256,20,0.8614349365234375,1,0.815,1,1,top_k,2,a50fbde29aa04e9d829a4580fd5c68b8,a50fbde29aa04e9d829a4580fd5c68b8,standard,0,0,vlm_patches/test_064_tile_embeddings/standard/top_k/test_064_tile_embeddings_standard_top_k_001.png,s3://pershin-medailab/Pathomorphology/CAMELYON/mil/vlm_patches/c16_abmil_vlm_patches_a50fbde29aa04e9d829a4580fd5c68b8.tar.gz!/vlm_patches/test_064_tile_embeddings/standard/top_k/test_064_tile_embeddings_standard_top_k_001.png,test_064_tile_embeddings_standard_top_k_001
c16_native,test_064,test_064_tile_embeddings,4df86d1259b2fe11,51968,153344,256,20,0.8529510498046875,1,1.0,1,1,top_k,3,a50fbde29aa04e9d829a4580fd5c68b8,a50fbde29aa04e9d829a4580fd5c68b8,standard,0,0,vlm_patches/test_064_tile_embeddings/standard/top_k/test_064_tile_embeddings_standard_top_k_002.png,s3://pershin-medailab/Pathomorphology/CAMELYON/mil/vlm_patches/c16_abmil_vlm_patches_a50fbde29aa04e9d829a4580fd5c68b8.tar.gz!/vlm_patches/test_064_tile_embeddings/standard/top_k/test_064_tile_embeddings_standard_top_k_002.png,test_064_tile_embeddings_standard_top_k_002
c16_native,test_116,test_116_tile_embeddings,c6043b542e032c88,51968,22528,256,20,0.9951934814453124,1,0.9,1,1,top_k,1,a50fbde29aa04e9d829a4580fd5c68b8,a50fbde29aa04e9d829a4580fd5c68b8,standard,0,0,vlm_patches/test_116_tile_embeddings/standard/top_k/test_116_tile_embeddings_standard_top_k_000.png,s3://pershin-medailab/Pathomorphology/CAMELYON/mil/vlm_patches/c16_abmil_vlm_patches_a50fbde29aa04e9d829a4580fd5c68b8.tar.gz!/vlm_patches/test_116_tile_embeddings/standard/top_k/test_116_tile_embeddings_standard_top_k_000.png,test_116_tile_embeddings_standard_top_k_000
c16_native,test_116,test_116_tile_embeddings,4fcb73687e28ce9c,57856,35328,256,20,0.9750213623046876,1,0.76,1,1,top_k,2,a50fbde29aa04e9d829a4580fd5c68b8,a50fbde29aa04e9d829a4580fd5c68b8,standard,0,0,vlm_patches/test_116_tile_embeddings/standard/top_k/test_116_tile_embeddings_standard_top_k_001.png,s3://pershin-medailab/Pathomorphology/CAMELYON/mil/vlm_patches/c16_abmil_vlm_patches_a50fbde29aa04e9d829a4580fd5c68b8.tar.gz!/vlm_patches/test_116_tile_embeddings/standard/top_k/test_116_tile_embeddings_standard_top_k_001.png,test_116_tile_embeddings_standard_top_k_001
c16_native,test_116,test_116_tile_embeddings,dd1aace513973ec5,66560,3840,256,20,0.972442626953125,0,0.2775,0,1,top_k,3,a50fbde29aa04e9d829a4580fd5c68b8,a50fbde29aa04e9d829a4580fd5c68b8,standard,0,0,vlm_patches/test_116_tile_embeddings/standard/top_k/test_116_tile_embeddings_standard_top_k_002.png,s3://pershin-medailab/Pathomorphology/CAMELYON/mil/vlm_patches/c16_abmil_vlm_patches_a50fbde29aa04e9d829a4580fd5c68b8.tar.gz!/vlm_patches/test_116_tile_embeddings/standard/top_k/test_116_tile_embeddings_standard_top_k_002.png,test_116_tile_embeddings_standard_top_k_002
c16_native,test_016,test_016_tile_embeddings,2b421adf87d14067,22016,55552,256,20,0.9337310791015624,1,1.0,1,1,top_k,1,a50fbde29aa04e9d829a4580fd5c68b8,a50fbde29aa04e9d829a4580fd5c68b8,standard,0,0,vlm_patches/test_016_tile_embeddings/standard/top_k/test_016_tile_embeddings_standard_top_k_000.png,s3://pershin-medailab/Pathomorphology/CAMELYON/mil/vlm_patches/c16_abmil_vlm_patches_a50fbde29aa04e9d829a4580fd5c68b8.tar.gz!/vlm_patches/test_016_tile_embeddings/standard/top_k/test_016_tile_embeddings_standard_top_k_000.png,test_016_tile_embeddings_standard_top_k_000
c16_native,test_016,test_016_tile_embeddings,fd831cd6b0896dbb,17664,54784,256,20,0.9215240478515624,1,1.0,1,1,top_k,2,a50fbde29aa04e9d829a4580fd5c68b8,a50fbde29aa04e9d829a4580fd5c68b8,standard,0,0,vlm_patches/test_016_tile_embeddings/standard/top_k/test_016_tile_embeddings_standard_top_k_001.png,s3://pershin-medailab/Pathomorphology/CAMELYON/mil/vlm_patches/c16_abmil_vlm_patches_a50fbde29aa04e9d829a4580fd5c68b8.tar.gz!/vlm_patches/test_016_tile_embeddings/standard/top_k/test_016_tile_embeddings_standard_top_k_001.png,test_016_tile_embeddings_standard_top_k_001
c16_native,test_016,test_016_tile_embeddings,15e3d0f843d7ecbb,24320,71424,256,20,0.9154205322265624,1,1.0,1,1,top_k,3,a50fbde29aa04e9d829a4580fd5c68b8,a50fbde29aa04e9d829a4580fd5c68b8,standard,0,0,vlm_patches/test_016_tile_embeddings/standard/top_k/test_016_tile_embeddings_standard_top_k_002.png,s3://pershin-medailab/Pathomorphology/CAMELYON/mil/vlm_patches/c16_abmil_vlm_patches_a50fbde29aa04e9d829a4580fd5c68b8.tar.gz!/vlm_patches/test_016_tile_embeddings/standard/top_k/test_016_tile_embeddings_standard_top_k_002.png,test_016_tile_embeddings_standard_top_k_002
c16_native,test_076,test_076_tile_embeddings,68780735c2bfe5bf,38656,189184,256,20,0.93353271484375,0,0.0,0,0,top_k,1,a50fbde29aa04e9d829a4580fd5c68b8,a50fbde29aa04e9d829a4580fd5c68b8,standard,0,0,vlm_patches/test_076_tile_embeddings/standard/top_k/test_076_tile_embeddings_standard_top_k_000.png,s3://pershin-medailab/Pathomorphology/CAMELYON/mil/vlm_patches/c16_abmil_vlm_patches_a50fbde29aa04e9d829a4580fd5c68b8.tar.gz!/vlm_patches/test_076_tile_embeddings/standard/top_k/test_076_tile_embeddings_standard_top_k_000.png,test_076_tile_embeddings_standard_top_k_000
c16_native,test_076,test_076_tile_embeddings,8b4e8ab2cc1bf3f6,46848,158976,256,20,0.9324798583984376,0,0.0,0,0,top_k,2,a50fbde29aa04e9d829a4580fd5c68b8,a50fbde29aa04e9d829a4580fd5c68b8,standard,0,0,vlm_patches/test_076_tile_embeddings/standard/top_k/test_076_tile_embeddings_standard_top_k_001.png,s3://pershin-medailab/Pathomorphology/CAMELYON/mil/vlm_patches/c16_abmil_vlm_patches_a50fbde29aa04e9d829a4580fd5c68b8.tar.gz!/vlm_patches/test_076_tile_embeddings/standard/top_k/test_076_tile_embeddings_standard_top_k_001.png,test_076_tile_embeddings_standard_top_k_001
c16_native,test_076,test_076_tile_embeddings,1cbe64b41a77c1aa,56832,88832,256,20,0.9532928466796876,0,0.0,0,0,top_k,3,a50fbde29aa04e9d829a4580fd5c68b8,a50fbde29aa04e9d829a4580fd5c68b8,standard,0,0,vlm_patches/test_076_tile_embeddings/standard/top_k/test_076_tile_embeddings_standard_top_k_002.png,s3://pershin-medailab/Pathomorphology/CAMELYON/mil/vlm_patches/c16_abmil_vlm_patches_a50fbde29aa04e9d829a4580fd5c68b8.tar.gz!/vlm_patches/test_076_tile_embeddings/standard/top_k/test_076_tile_embeddings_standard_top_k_002.png,test_076_tile_embeddings_standard_top_k_002
c16_native,test_002,test_002_tile_embeddings,a87783cbc94e389f,32768,165120,256,20,0.77044677734375,1,1.0,1,1,top_k,1,a50fbde29aa04e9d829a4580fd5c68b8,a50fbde29aa04e9d829a4580fd5c68b8,standard,0,0,vlm_patches/test_002_tile_embeddings/standard/top_k/test_002_tile_embeddings_standard_top_k_000.png,s3://pershin-medailab/Pathomorphology/CAMELYON/mil/vlm_patches/c16_abmil_vlm_patches_a50fbde29aa04e9d829a4580fd5c68b8.tar.gz!/vlm_patches/test_002_tile_embeddings/standard/top_k/test_002_tile_embeddings_standard_top_k_000.png,test_002_tile_embeddings_standard_top_k_000
c16_native,test_002,test_002_tile_embeddings,1dcd89966158ac98,33024,166144,256,20,0.793182373046875,1,1.0,1,1,top_k,2,a50fbde29aa04e9d829a4580fd5c68b8,a50fbde29aa04e9d829a4580fd5c68b8,standard,0,0,vlm_patches/test_002_tile_embeddings/standard/top_k/test_002_tile_embeddings_standard_top_k_001.png,s3://pershin-medailab/Pathomorphology/CAMELYON/mil/vlm_patches/c16_abmil_vlm_patches_a50fbde29aa04e9d829a4580fd5c68b8.tar.gz!/vlm_patches/test_002_tile_embeddings/standard/top_k/test_002_tile_embeddings_standard_top_k_001.png,test_002_tile_embeddings_standard_top_k_001
c16_native,test_002,test_002_tile_embeddings,6b5edd51e30ceef3,32512,165632,256,20,0.7733612060546875,1,1.0,1,1,top_k,3,a50fbde29aa04e9d829a4580fd5c68b8,a50fbde29aa04e9d829a4580fd5c68b8,standard,0,0,vlm_patches/test_002_tile_embeddings/standard/top_k/test_002_tile_embeddings_standard_top_k_002.png,s3://pershin-medailab/Pathomorphology/CAMELYON/mil/vlm_patches/c16_abmil_vlm_patches_a50fbde29aa04e9d829a4580fd5c68b8.tar.gz!/vlm_patches/test_002_tile_embeddings/standard/top_k/test_002_tile_embeddings_standard_top_k_002.png,test_002_tile_embeddings_standard_top_k_002
c16_native,test_061,test_061_tile_embeddings,fc708a546c3102ae,55552,137984,256,20,0.82977294921875,1,1.0,1,1,top_k,1,a50fbde29aa04e9d829a4580fd5c68b8,a50fbde29aa04e9d829a4580fd5c68b8,standard,0,0,vlm_patches/test_061_tile_embeddings/standard/top_k/test_061_tile_embeddings_standard_top_k_000.png,s3://pershin-medailab/Pathomorphology/CAMELYON/mil/vlm_patches/c16_abmil_vlm_patches_a50fbde29aa04e9d829a4580fd5c68b8.tar.gz!/vlm_patches/test_061_tile_embeddings/standard/top_k/test_061_tile_embeddings_standard_top_k_000.png,test_061_tile_embeddings_standard_top_k_000
c16_native,test_061,test_061_tile_embeddings,f46109c42ec33d47,18688,129536,256,20,0.916015625,1,0.93,1,1,top_k,2,a50fbde29aa04e9d829a4580fd5c68b8,a50fbde29aa04e9d829a4580fd5c68b8,standard,0,0,vlm_patches/test_061_tile_embeddings/standard/top_k/test_061_tile_embeddings_standard_top_k_001.png,s3://pershin-medailab/Pathomorphology/CAMELYON/mil/vlm_patches/c16_abmil_vlm_patches_a50fbde29aa04e9d829a4580fd5c68b8.tar.gz!/vlm_patches/test_061_tile_embeddings/standard/top_k/test_061_tile_embeddings_standard_top_k_001.png,test_061_tile_embeddings_standard_top_k_001
c16_native,test_061,test_061_tile_embeddings,4ef531c7a5489cb6,56064,138752,256,20,0.8366241455078125,1,1.0,1,1,top_k,3,a50fbde29aa04e9d829a4580fd5c68b8,a50fbde29aa04e9d829a4580fd5c68b8,standard,0,0,vlm_patches/test_061_tile_embeddings/standard/top_k/test_061_tile_embeddings_standard_top_k_002.png,s3://pershin-medailab/Pathomorphology/CAMELYON/mil/vlm_patches/c16_abmil_vlm_patches_a50fbde29aa04e9d829a4580fd5c68b8.tar.gz!/vlm_patches/test_061_tile_embeddings/standard/top_k/test_061_tile_embeddings_standard_top_k_002.png,test_061_tile_embeddings_standard_top_k_002
c16_native,test_074,test_074_tile_embeddings,7457379b8de8ada5,76032,145152,256,20,0.826324462890625,1,0.9225,1,1,top_k,1,a50fbde29aa04e9d829a4580fd5c68b8,a50fbde29aa04e9d829a4580fd5c68b8,standard,0,0,vlm_patches/test_074_tile_embeddings/standard/top_k/test_074_tile_embeddings_standard_top_k_000.png,s3://pershin-medailab/Pathomorphology/CAMELYON/mil/vlm_patches/c16_abmil_vlm_patches_a50fbde29aa04e9d829a4580fd5c68b8.tar.gz!/vlm_patches/test_074_tile_embeddings/standard/top_k/test_074_tile_embeddings_standard_top_k_000.png,test_074_tile_embeddings_standard_top_k_000
c16_native,test_074,test_074_tile_embeddings,867968a12cd05111,73728,144384,256,20,0.68756103515625,1,0.84,1,1,top_k,2,a50fbde29aa04e9d829a4580fd5c68b8,a50fbde29aa04e9d829a4580fd5c68b8,standard,0,0,vlm_patches/test_074_tile_embeddings/standard/top_k/test_074_tile_embeddings_standard_top_k_001.png,s3://pershin-medailab/Pathomorphology/CAMELYON/mil/vlm_patches/c16_abmil_vlm_patches_a50fbde29aa04e9d829a4580fd5c68b8.tar.gz!/vlm_patches/test_074_tile_embeddings/standard/top_k/test_074_tile_embeddings_standard_top_k_001.png,test_074_tile_embeddings_standard_top_k_001
c16_native,test_074,test_074_tile_embeddings,fb878ff4f4498bd7,73728,144128,256,20,0.6815032958984375,1,0.8725,1,1,top_k,3,a50fbde29aa04e9d829a4580fd5c68b8,a50fbde29aa04e9d829a4580fd5c68b8,standard,0,0,vlm_patches/test_074_tile_embeddings/standard/top_k/test_074_tile_embeddings_standard_top_k_002.png,s3://pershin-medailab/Pathomorphology/CAMELYON/mil/vlm_patches/c16_abmil_vlm_patches_a50fbde29aa04e9d829a4580fd5c68b8.tar.gz!/vlm_patches/test_074_tile_embeddings/standard/top_k/test_074_tile_embeddings_standard_top_k_002.png,test_074_tile_embeddings_standard_top_k_002
