dataset,patient_id,slide_id,region_uid,x,y,tile_size,mag,tissue_fraction,tumor_mask_overlap,tumor_overlap_fraction,tumor_mask_overlap_center,tumor_mask_overlap_area20,selection_source,rank,task_id,model_hash,context_set,is_diverse,random_seed,relative_path,minio_path,patch_uid,hint,hint_inverted
c17_native,patient_141,patient_141_node_3,cf2b6ecdaa6fca8d,38912,26624,256,20,0.575897216796875,1,1.0,1,1,top_k,1,1d5657e342c149ef8305d568410dbc96,1d5657e342c149ef8305d568410dbc96,standard,0,0,vlm_patches/patient_141_node_3/standard/top_k/patient_141_node_3_standard_top_k_000.png,s3://pershin-medailab/Pathomorphology/CAMELYON/mil/vlm_patches/c17_abmil_vlm_patches_1d5657e342c149ef8305d568410dbc96.tar.gz!/vlm_patches/patient_141_node_3/standard/top_k/patient_141_node_3_standard_top_k_000.png,patient_141_node_3_standard_top_k_000,A,B
c17_native,patient_141,patient_141_node_3,8e95b4d3986df4e3,79872,41216,256,20,0.603729248046875,1,1.0,1,1,top_k,2,1d5657e342c149ef8305d568410dbc96,1d5657e342c149ef8305d568410dbc96,standard,0,0,vlm_patches/patient_141_node_3/standard/top_k/patient_141_node_3_standard_top_k_001.png,s3://pershin-medailab/Pathomorphology/CAMELYON/mil/vlm_patches/c17_abmil_vlm_patches_1d5657e342c149ef8305d568410dbc96.tar.gz!/vlm_patches/patient_141_node_3/standard/top_k/patient_141_node_3_standard_top_k_001.png,patient_141_node_3_standard_top_k_001,A,B
c17_native,patient_141,patient_141_node_3,f315e7b9aeb327ea,98560,32000,256,20,0.584930419921875,1,1.0,1,1,top_k,3,1d5657e342c149ef8305d568410dbc96,1d5657e342c149ef8305d568410dbc96,standard,0,0,vlm_patches/patient_141_node_3/standard/top_k/patient_141_node_3_standard_top_k_002.png,s3://pershin-medailab/Pathomorphology/CAMELYON/mil/vlm_patches/c17_abmil_vlm_patches_1d5657e342c149ef8305d568410dbc96.tar.gz!/vlm_patches/patient_141_node_3/standard/top_k/patient_141_node_3_standard_top_k_002.png,patient_141_node_3_standard_top_k_002,A,B
c17_native,patient_166,patient_166_node_0,3823a177b20b3631,41216,64512,256,20,1.0,1,1.0,1,1,top_k,1,1d5657e342c149ef8305d568410dbc96,1d5657e342c149ef8305d568410dbc96,standard,0,0,vlm_patches/patient_166_node_0/standard/top_k/patient_166_node_0_standard_top_k_000.png,s3://pershin-medailab/Pathomorphology/CAMELYON/mil/vlm_patches/c17_abmil_vlm_patches_1d5657e342c149ef8305d568410dbc96.tar.gz!/vlm_patches/patient_166_node_0/standard/top_k/patient_166_node_0_standard_top_k_000.png,patient_166_node_0_standard_top_k_000,A,B
c17_native,patient_166,patient_166_node_0,113ae41ea5c88f95,16896,38912,256,20,0.842529296875,1,1.0,1,1,top_k,2,1d5657e342c149ef8305d568410dbc96,1d5657e342c149ef8305d568410dbc96,standard,0,0,vlm_patches/patient_166_node_0/standard/top_k/patient_166_node_0_standard_top_k_001.png,s3://pershin-medailab/Pathomorphology/CAMELYON/mil/vlm_patches/c17_abmil_vlm_patches_1d5657e342c149ef8305d568410dbc96.tar.gz!/vlm_patches/patient_166_node_0/standard/top_k/patient_166_node_0_standard_top_k_001.png,patient_166_node_0_standard_top_k_001,A,B
c17_native,patient_166,patient_166_node_0,d8726e8d5cccf811,40448,62208,256,20,1.0,1,1.0,1,1,top_k,4,1d5657e342c149ef8305d568410dbc96,1d5657e342c149ef8305d568410dbc96,standard,0,0,vlm_patches/patient_166_node_0/standard/top_k/patient_166_node_0_standard_top_k_003.png,s3://pershin-medailab/Pathomorphology/CAMELYON/mil/vlm_patches/c17_abmil_vlm_patches_1d5657e342c149ef8305d568410dbc96.tar.gz!/vlm_patches/patient_166_node_0/standard/top_k/patient_166_node_0_standard_top_k_003.png,patient_166_node_0_standard_top_k_003,A,B
c17_native,patient_171,patient_171_node_2,b2f18495ebba79d8,125184,60160,256,20,0.9083709716796876,1,1.0,1,1,top_k,1,1d5657e342c149ef8305d568410dbc96,1d5657e342c149ef8305d568410dbc96,standard,0,0,vlm_patches/patient_171_node_2/standard/top_k/patient_171_node_2_standard_top_k_000.png,s3://pershin-medailab/Pathomorphology/CAMELYON/mil/vlm_patches/c17_abmil_vlm_patches_1d5657e342c149ef8305d568410dbc96.tar.gz!/vlm_patches/patient_171_node_2/standard/top_k/patient_171_node_2_standard_top_k_000.png,patient_171_node_2_standard_top_k_000,A,B
c17_native,patient_171,patient_171_node_2,0df7842beca051ea,136704,58880,256,20,0.9633331298828124,1,1.0,1,1,top_k,2,1d5657e342c149ef8305d568410dbc96,1d5657e342c149ef8305d568410dbc96,standard,0,0,vlm_patches/patient_171_node_2/standard/top_k/patient_171_node_2_standard_top_k_001.png,s3://pershin-medailab/Pathomorphology/CAMELYON/mil/vlm_patches/c17_abmil_vlm_patches_1d5657e342c149ef8305d568410dbc96.tar.gz!/vlm_patches/patient_171_node_2/standard/top_k/patient_171_node_2_standard_top_k_001.png,patient_171_node_2_standard_top_k_001,A,B
c17_native,patient_171,patient_171_node_2,12356e2cde3668d4,128768,66560,256,20,0.9085235595703124,1,1.0,1,1,top_k,3,1d5657e342c149ef8305d568410dbc96,1d5657e342c149ef8305d568410dbc96,standard,0,0,vlm_patches/patient_171_node_2/standard/top_k/patient_171_node_2_standard_top_k_002.png,s3://pershin-medailab/Pathomorphology/CAMELYON/mil/vlm_patches/c17_abmil_vlm_patches_1d5657e342c149ef8305d568410dbc96.tar.gz!/vlm_patches/patient_171_node_2/standard/top_k/patient_171_node_2_standard_top_k_002.png,patient_171_node_2_standard_top_k_002,A,B
c17_native,patient_104,patient_104_node_0,81f7bece2223ec8f,95488,34560,256,20,0.9147186279296876,1,1.0,1,1,top_k,1,1d5657e342c149ef8305d568410dbc96,1d5657e342c149ef8305d568410dbc96,standard,0,0,vlm_patches/patient_104_node_0/standard/top_k/patient_104_node_0_standard_top_k_000.png,s3://pershin-medailab/Pathomorphology/CAMELYON/mil/vlm_patches/c17_abmil_vlm_patches_1d5657e342c149ef8305d568410dbc96.tar.gz!/vlm_patches/patient_104_node_0/standard/top_k/patient_104_node_0_standard_top_k_000.png,patient_104_node_0_standard_top_k_000,A,B
c17_native,patient_104,patient_104_node_0,0e83c06ff3fae0f1,95232,34816,256,20,0.8947296142578125,1,1.0,1,1,top_k,2,1d5657e342c149ef8305d568410dbc96,1d5657e342c149ef8305d568410dbc96,standard,0,0,vlm_patches/patient_104_node_0/standard/top_k/patient_104_node_0_standard_top_k_001.png,s3://pershin-medailab/Pathomorphology/CAMELYON/mil/vlm_patches/c17_abmil_vlm_patches_1d5657e342c149ef8305d568410dbc96.tar.gz!/vlm_patches/patient_104_node_0/standard/top_k/patient_104_node_0_standard_top_k_001.png,patient_104_node_0_standard_top_k_001,A,B
c17_native,patient_104,patient_104_node_0,3bce48e91e46ee12,87296,45568,256,20,0.8343505859375,1,1.0,1,1,top_k,4,1d5657e342c149ef8305d568410dbc96,1d5657e342c149ef8305d568410dbc96,standard,0,0,vlm_patches/patient_104_node_0/standard/top_k/patient_104_node_0_standard_top_k_003.png,s3://pershin-medailab/Pathomorphology/CAMELYON/mil/vlm_patches/c17_abmil_vlm_patches_1d5657e342c149ef8305d568410dbc96.tar.gz!/vlm_patches/patient_104_node_0/standard/top_k/patient_104_node_0_standard_top_k_003.png,patient_104_node_0_standard_top_k_003,A,B
c17_native,patient_139,patient_139_node_1,9e0a5bf5a32f2934,32768,122368,256,20,0.9901275634765624,1,1.0,1,1,top_k,1,1d5657e342c149ef8305d568410dbc96,1d5657e342c149ef8305d568410dbc96,standard,0,0,vlm_patches/patient_139_node_1/standard/top_k/patient_139_node_1_standard_top_k_000.png,s3://pershin-medailab/Pathomorphology/CAMELYON/mil/vlm_patches/c17_abmil_vlm_patches_1d5657e342c149ef8305d568410dbc96.tar.gz!/vlm_patches/patient_139_node_1/standard/top_k/patient_139_node_1_standard_top_k_000.png,patient_139_node_1_standard_top_k_000,A,B
c17_native,patient_139,patient_139_node_1,b57460356cc16eeb,52736,121856,256,20,0.9668731689453124,1,1.0,1,1,top_k,2,1d5657e342c149ef8305d568410dbc96,1d5657e342c149ef8305d568410dbc96,standard,0,0,vlm_patches/patient_139_node_1/standard/top_k/patient_139_node_1_standard_top_k_001.png,s3://pershin-medailab/Pathomorphology/CAMELYON/mil/vlm_patches/c17_abmil_vlm_patches_1d5657e342c149ef8305d568410dbc96.tar.gz!/vlm_patches/patient_139_node_1/standard/top_k/patient_139_node_1_standard_top_k_001.png,patient_139_node_1_standard_top_k_001,A,B
c17_native,patient_139,patient_139_node_1,5cd891bd6aeed19e,40704,117504,256,20,0.999237060546875,1,1.0,1,1,top_k,3,1d5657e342c149ef8305d568410dbc96,1d5657e342c149ef8305d568410dbc96,standard,0,0,vlm_patches/patient_139_node_1/standard/top_k/patient_139_node_1_standard_top_k_002.png,s3://pershin-medailab/Pathomorphology/CAMELYON/mil/vlm_patches/c17_abmil_vlm_patches_1d5657e342c149ef8305d568410dbc96.tar.gz!/vlm_patches/patient_139_node_1/standard/top_k/patient_139_node_1_standard_top_k_002.png,patient_139_node_1_standard_top_k_002,A,B
c17_native,patient_131,patient_131_node_2,5dcbd9581e8cb980,90368,70144,256,20,0.9953155517578124,1,1.0,1,1,top_k,1,1d5657e342c149ef8305d568410dbc96,1d5657e342c149ef8305d568410dbc96,standard,0,0,vlm_patches/patient_131_node_2/standard/top_k/patient_131_node_2_standard_top_k_000.png,s3://pershin-medailab/Pathomorphology/CAMELYON/mil/vlm_patches/c17_abmil_vlm_patches_1d5657e342c149ef8305d568410dbc96.tar.gz!/vlm_patches/patient_131_node_2/standard/top_k/patient_131_node_2_standard_top_k_000.png,patient_131_node_2_standard_top_k_000,A,B
c17_native,patient_131,patient_131_node_2,e9eafdefd6e170e1,36608,50688,256,20,0.9269561767578124,1,1.0,1,1,top_k,2,1d5657e342c149ef8305d568410dbc96,1d5657e342c149ef8305d568410dbc96,standard,0,0,vlm_patches/patient_131_node_2/standard/top_k/patient_131_node_2_standard_top_k_001.png,s3://pershin-medailab/Pathomorphology/CAMELYON/mil/vlm_patches/c17_abmil_vlm_patches_1d5657e342c149ef8305d568410dbc96.tar.gz!/vlm_patches/patient_131_node_2/standard/top_k/patient_131_node_2_standard_top_k_001.png,patient_131_node_2_standard_top_k_001,A,B
c17_native,patient_131,patient_131_node_2,2f8357f9355750d2,35840,8704,256,20,0.9470062255859376,1,1.0,1,1,top_k,3,1d5657e342c149ef8305d568410dbc96,1d5657e342c149ef8305d568410dbc96,standard,0,0,vlm_patches/patient_131_node_2/standard/top_k/patient_131_node_2_standard_top_k_002.png,s3://pershin-medailab/Pathomorphology/CAMELYON/mil/vlm_patches/c17_abmil_vlm_patches_1d5657e342c149ef8305d568410dbc96.tar.gz!/vlm_patches/patient_131_node_2/standard/top_k/patient_131_node_2_standard_top_k_002.png,patient_131_node_2_standard_top_k_002,A,B
c17_native,patient_195,patient_195_node_0,e68b3666e4c78139,38144,172544,256,20,0.9909210205078124,1,1.0,1,1,top_k,1,1d5657e342c149ef8305d568410dbc96,1d5657e342c149ef8305d568410dbc96,standard,0,0,vlm_patches/patient_195_node_0/standard/top_k/patient_195_node_0_standard_top_k_000.png,s3://pershin-medailab/Pathomorphology/CAMELYON/mil/vlm_patches/c17_abmil_vlm_patches_1d5657e342c149ef8305d568410dbc96.tar.gz!/vlm_patches/patient_195_node_0/standard/top_k/patient_195_node_0_standard_top_k_000.png,patient_195_node_0_standard_top_k_000,A,B
c17_native,patient_195,patient_195_node_0,ba7be4b1d8377bbe,38656,71424,256,20,0.9897003173828124,1,1.0,1,1,top_k,2,1d5657e342c149ef8305d568410dbc96,1d5657e342c149ef8305d568410dbc96,standard,0,0,vlm_patches/patient_195_node_0/standard/top_k/patient_195_node_0_standard_top_k_001.png,s3://pershin-medailab/Pathomorphology/CAMELYON/mil/vlm_patches/c17_abmil_vlm_patches_1d5657e342c149ef8305d568410dbc96.tar.gz!/vlm_patches/patient_195_node_0/standard/top_k/patient_195_node_0_standard_top_k_001.png,patient_195_node_0_standard_top_k_001,A,B
c17_native,patient_195,patient_195_node_0,7fe5c055ed078170,39680,171520,256,20,0.9461822509765624,1,1.0,1,1,top_k,3,1d5657e342c149ef8305d568410dbc96,1d5657e342c149ef8305d568410dbc96,standard,0,0,vlm_patches/patient_195_node_0/standard/top_k/patient_195_node_0_standard_top_k_002.png,s3://pershin-medailab/Pathomorphology/CAMELYON/mil/vlm_patches/c17_abmil_vlm_patches_1d5657e342c149ef8305d568410dbc96.tar.gz!/vlm_patches/patient_195_node_0/standard/top_k/patient_195_node_0_standard_top_k_002.png,patient_195_node_0_standard_top_k_002,A,B
c17_native,patient_136,patient_136_node_2,73ade30460a4e4ea,41984,46592,256,20,0.5847625732421875,1,1.0,1,1,top_k,1,1d5657e342c149ef8305d568410dbc96,1d5657e342c149ef8305d568410dbc96,standard,0,0,vlm_patches/patient_136_node_2/standard/top_k/patient_136_node_2_standard_top_k_000.png,s3://pershin-medailab/Pathomorphology/CAMELYON/mil/vlm_patches/c17_abmil_vlm_patches_1d5657e342c149ef8305d568410dbc96.tar.gz!/vlm_patches/patient_136_node_2/standard/top_k/patient_136_node_2_standard_top_k_000.png,patient_136_node_2_standard_top_k_000,A,B
c17_native,patient_136,patient_136_node_2,0be592321edb2ad3,43264,43264,256,20,0.5977783203125,1,1.0,1,1,top_k,2,1d5657e342c149ef8305d568410dbc96,1d5657e342c149ef8305d568410dbc96,standard,0,0,vlm_patches/patient_136_node_2/standard/top_k/patient_136_node_2_standard_top_k_001.png,s3://pershin-medailab/Pathomorphology/CAMELYON/mil/vlm_patches/c17_abmil_vlm_patches_1d5657e342c149ef8305d568410dbc96.tar.gz!/vlm_patches/patient_136_node_2/standard/top_k/patient_136_node_2_standard_top_k_001.png,patient_136_node_2_standard_top_k_001,A,B
c17_native,patient_136,patient_136_node_2,faee2dd82a0aba53,37120,46592,256,20,0.6763763427734375,1,1.0,1,1,top_k,3,1d5657e342c149ef8305d568410dbc96,1d5657e342c149ef8305d568410dbc96,standard,0,0,vlm_patches/patient_136_node_2/standard/top_k/patient_136_node_2_standard_top_k_002.png,s3://pershin-medailab/Pathomorphology/CAMELYON/mil/vlm_patches/c17_abmil_vlm_patches_1d5657e342c149ef8305d568410dbc96.tar.gz!/vlm_patches/patient_136_node_2/standard/top_k/patient_136_node_2_standard_top_k_002.png,patient_136_node_2_standard_top_k_002,A,B
c17_native,patient_120,patient_120_node_1,31ec7f4f2c373158,25600,116736,256,20,0.9586029052734376,1,1.0,1,1,top_k,1,1d5657e342c149ef8305d568410dbc96,1d5657e342c149ef8305d568410dbc96,standard,0,0,vlm_patches/patient_120_node_1/standard/top_k/patient_120_node_1_standard_top_k_000.png,s3://pershin-medailab/Pathomorphology/CAMELYON/mil/vlm_patches/c17_abmil_vlm_patches_1d5657e342c149ef8305d568410dbc96.tar.gz!/vlm_patches/patient_120_node_1/standard/top_k/patient_120_node_1_standard_top_k_000.png,patient_120_node_1_standard_top_k_000,A,B
c17_native,patient_120,patient_120_node_1,013d9b82e9999dfc,25600,116480,256,20,0.9909210205078124,1,1.0,1,1,top_k,2,1d5657e342c149ef8305d568410dbc96,1d5657e342c149ef8305d568410dbc96,standard,0,0,vlm_patches/patient_120_node_1/standard/top_k/patient_120_node_1_standard_top_k_001.png,s3://pershin-medailab/Pathomorphology/CAMELYON/mil/vlm_patches/c17_abmil_vlm_patches_1d5657e342c149ef8305d568410dbc96.tar.gz!/vlm_patches/patient_120_node_1/standard/top_k/patient_120_node_1_standard_top_k_001.png,patient_120_node_1_standard_top_k_001,A,B
c17_native,patient_120,patient_120_node_1,e05076a29c6672a1,36352,124928,256,20,0.983551025390625,1,1.0,1,1,top_k,4,1d5657e342c149ef8305d568410dbc96,1d5657e342c149ef8305d568410dbc96,standard,0,0,vlm_patches/patient_120_node_1/standard/top_k/patient_120_node_1_standard_top_k_003.png,s3://pershin-medailab/Pathomorphology/CAMELYON/mil/vlm_patches/c17_abmil_vlm_patches_1d5657e342c149ef8305d568410dbc96.tar.gz!/vlm_patches/patient_120_node_1/standard/top_k/patient_120_node_1_standard_top_k_003.png,patient_120_node_1_standard_top_k_003,A,B
c17_native,patient_162,patient_162_node_1,dc1441e0efd681b9,25856,18944,256,20,0.8999786376953125,1,1.0,1,1,top_k,1,1d5657e342c149ef8305d568410dbc96,1d5657e342c149ef8305d568410dbc96,standard,0,0,vlm_patches/patient_162_node_1/standard/top_k/patient_162_node_1_standard_top_k_000.png,s3://pershin-medailab/Pathomorphology/CAMELYON/mil/vlm_patches/c17_abmil_vlm_patches_1d5657e342c149ef8305d568410dbc96.tar.gz!/vlm_patches/patient_162_node_1/standard/top_k/patient_162_node_1_standard_top_k_000.png,patient_162_node_1_standard_top_k_000,A,B
c17_native,patient_162,patient_162_node_1,839c5cc8f9c9e99b,18432,16384,256,20,0.9373779296875,1,1.0,1,1,top_k,2,1d5657e342c149ef8305d568410dbc96,1d5657e342c149ef8305d568410dbc96,standard,0,0,vlm_patches/patient_162_node_1/standard/top_k/patient_162_node_1_standard_top_k_001.png,s3://pershin-medailab/Pathomorphology/CAMELYON/mil/vlm_patches/c17_abmil_vlm_patches_1d5657e342c149ef8305d568410dbc96.tar.gz!/vlm_patches/patient_162_node_1/standard/top_k/patient_162_node_1_standard_top_k_001.png,patient_162_node_1_standard_top_k_001,A,B
c17_native,patient_162,patient_162_node_1,24ebaff5db43eb18,12800,11776,256,20,0.7822723388671875,1,1.0,1,1,top_k,3,1d5657e342c149ef8305d568410dbc96,1d5657e342c149ef8305d568410dbc96,standard,0,0,vlm_patches/patient_162_node_1/standard/top_k/patient_162_node_1_standard_top_k_002.png,s3://pershin-medailab/Pathomorphology/CAMELYON/mil/vlm_patches/c17_abmil_vlm_patches_1d5657e342c149ef8305d568410dbc96.tar.gz!/vlm_patches/patient_162_node_1/standard/top_k/patient_162_node_1_standard_top_k_002.png,patient_162_node_1_standard_top_k_002,A,B
c17_native,patient_101,patient_101_node_4,00b8e698d324f52e,59904,113152,256,20,0.93212890625,1,1.0,1,1,top_k,1,1d5657e342c149ef8305d568410dbc96,1d5657e342c149ef8305d568410dbc96,standard,0,0,vlm_patches/patient_101_node_4/standard/top_k/patient_101_node_4_standard_top_k_000.png,s3://pershin-medailab/Pathomorphology/CAMELYON/mil/vlm_patches/c17_abmil_vlm_patches_1d5657e342c149ef8305d568410dbc96.tar.gz!/vlm_patches/patient_101_node_4/standard/top_k/patient_101_node_4_standard_top_k_000.png,patient_101_node_4_standard_top_k_000,A,B
c17_native,patient_101,patient_101_node_4,2aa16c0387dffdce,41728,37632,256,20,0.980072021484375,1,1.0,1,1,top_k,2,1d5657e342c149ef8305d568410dbc96,1d5657e342c149ef8305d568410dbc96,standard,0,0,vlm_patches/patient_101_node_4/standard/top_k/patient_101_node_4_standard_top_k_001.png,s3://pershin-medailab/Pathomorphology/CAMELYON/mil/vlm_patches/c17_abmil_vlm_patches_1d5657e342c149ef8305d568410dbc96.tar.gz!/vlm_patches/patient_101_node_4/standard/top_k/patient_101_node_4_standard_top_k_001.png,patient_101_node_4_standard_top_k_001,A,B
c17_native,patient_101,patient_101_node_4,fed0dac2417250be,30720,41728,256,20,0.99432373046875,1,1.0,1,1,top_k,3,1d5657e342c149ef8305d568410dbc96,1d5657e342c149ef8305d568410dbc96,standard,0,0,vlm_patches/patient_101_node_4/standard/top_k/patient_101_node_4_standard_top_k_002.png,s3://pershin-medailab/Pathomorphology/CAMELYON/mil/vlm_patches/c17_abmil_vlm_patches_1d5657e342c149ef8305d568410dbc96.tar.gz!/vlm_patches/patient_101_node_4/standard/top_k/patient_101_node_4_standard_top_k_002.png,patient_101_node_4_standard_top_k_002,A,B
c17_native,patient_157,patient_157_node_0,d162cd3f3f2c9821,48896,38912,256,20,0.937957763671875,1,1.0,1,1,top_k,1,1d5657e342c149ef8305d568410dbc96,1d5657e342c149ef8305d568410dbc96,standard,0,0,vlm_patches/patient_157_node_0/standard/top_k/patient_157_node_0_standard_top_k_000.png,s3://pershin-medailab/Pathomorphology/CAMELYON/mil/vlm_patches/c17_abmil_vlm_patches_1d5657e342c149ef8305d568410dbc96.tar.gz!/vlm_patches/patient_157_node_0/standard/top_k/patient_157_node_0_standard_top_k_000.png,patient_157_node_0_standard_top_k_000,A,B
c17_native,patient_157,patient_157_node_0,848c110d03dfd448,52736,40192,256,20,0.9468231201171876,1,1.0,1,1,top_k,2,1d5657e342c149ef8305d568410dbc96,1d5657e342c149ef8305d568410dbc96,standard,0,0,vlm_patches/patient_157_node_0/standard/top_k/patient_157_node_0_standard_top_k_001.png,s3://pershin-medailab/Pathomorphology/CAMELYON/mil/vlm_patches/c17_abmil_vlm_patches_1d5657e342c149ef8305d568410dbc96.tar.gz!/vlm_patches/patient_157_node_0/standard/top_k/patient_157_node_0_standard_top_k_001.png,patient_157_node_0_standard_top_k_001,A,B
c17_native,patient_157,patient_157_node_0,1f0c736654fd9ec1,49408,39424,256,20,0.9454803466796876,1,1.0,1,1,top_k,3,1d5657e342c149ef8305d568410dbc96,1d5657e342c149ef8305d568410dbc96,standard,0,0,vlm_patches/patient_157_node_0/standard/top_k/patient_157_node_0_standard_top_k_002.png,s3://pershin-medailab/Pathomorphology/CAMELYON/mil/vlm_patches/c17_abmil_vlm_patches_1d5657e342c149ef8305d568410dbc96.tar.gz!/vlm_patches/patient_157_node_0/standard/top_k/patient_157_node_0_standard_top_k_002.png,patient_157_node_0_standard_top_k_002,A,B
c17_native,patient_148,patient_148_node_2,a56fc70984c8002e,100864,12288,256,20,0.6943511962890625,1,1.0,1,1,top_k,1,1d5657e342c149ef8305d568410dbc96,1d5657e342c149ef8305d568410dbc96,standard,0,0,vlm_patches/patient_148_node_2/standard/top_k/patient_148_node_2_standard_top_k_000.png,s3://pershin-medailab/Pathomorphology/CAMELYON/mil/vlm_patches/c17_abmil_vlm_patches_1d5657e342c149ef8305d568410dbc96.tar.gz!/vlm_patches/patient_148_node_2/standard/top_k/patient_148_node_2_standard_top_k_000.png,patient_148_node_2_standard_top_k_000,A,B
c17_native,patient_148,patient_148_node_2,849c697c8d2ee448,100864,12544,256,20,0.703643798828125,1,1.0,1,1,top_k,2,1d5657e342c149ef8305d568410dbc96,1d5657e342c149ef8305d568410dbc96,standard,0,0,vlm_patches/patient_148_node_2/standard/top_k/patient_148_node_2_standard_top_k_001.png,s3://pershin-medailab/Pathomorphology/CAMELYON/mil/vlm_patches/c17_abmil_vlm_patches_1d5657e342c149ef8305d568410dbc96.tar.gz!/vlm_patches/patient_148_node_2/standard/top_k/patient_148_node_2_standard_top_k_001.png,patient_148_node_2_standard_top_k_001,A,B
c17_native,patient_148,patient_148_node_2,d886ac64f6eea4b4,100864,11520,256,20,0.5435638427734375,1,1.0,1,1,top_k,3,1d5657e342c149ef8305d568410dbc96,1d5657e342c149ef8305d568410dbc96,standard,0,0,vlm_patches/patient_148_node_2/standard/top_k/patient_148_node_2_standard_top_k_002.png,s3://pershin-medailab/Pathomorphology/CAMELYON/mil/vlm_patches/c17_abmil_vlm_patches_1d5657e342c149ef8305d568410dbc96.tar.gz!/vlm_patches/patient_148_node_2/standard/top_k/patient_148_node_2_standard_top_k_002.png,patient_148_node_2_standard_top_k_002,A,B
c17_native,patient_112,patient_112_node_3,40cbb57f6049ca0d,70656,134144,256,20,0.481719970703125,1,1.0,1,1,top_k,1,1d5657e342c149ef8305d568410dbc96,1d5657e342c149ef8305d568410dbc96,standard,0,0,vlm_patches/patient_112_node_3/standard/top_k/patient_112_node_3_standard_top_k_000.png,s3://pershin-medailab/Pathomorphology/CAMELYON/mil/vlm_patches/c17_abmil_vlm_patches_1d5657e342c149ef8305d568410dbc96.tar.gz!/vlm_patches/patient_112_node_3/standard/top_k/patient_112_node_3_standard_top_k_000.png,patient_112_node_3_standard_top_k_000,A,B
c17_native,patient_112,patient_112_node_3,6e71fb883518a653,68864,135936,256,20,0.405792236328125,1,1.0,1,1,top_k,2,1d5657e342c149ef8305d568410dbc96,1d5657e342c149ef8305d568410dbc96,standard,0,0,vlm_patches/patient_112_node_3/standard/top_k/patient_112_node_3_standard_top_k_001.png,s3://pershin-medailab/Pathomorphology/CAMELYON/mil/vlm_patches/c17_abmil_vlm_patches_1d5657e342c149ef8305d568410dbc96.tar.gz!/vlm_patches/patient_112_node_3/standard/top_k/patient_112_node_3_standard_top_k_001.png,patient_112_node_3_standard_top_k_001,A,B
c17_native,patient_112,patient_112_node_3,26f48b0a5547bb0a,82944,149504,256,20,0.58624267578125,1,1.0,1,1,top_k,4,1d5657e342c149ef8305d568410dbc96,1d5657e342c149ef8305d568410dbc96,standard,0,0,vlm_patches/patient_112_node_3/standard/top_k/patient_112_node_3_standard_top_k_003.png,s3://pershin-medailab/Pathomorphology/CAMELYON/mil/vlm_patches/c17_abmil_vlm_patches_1d5657e342c149ef8305d568410dbc96.tar.gz!/vlm_patches/patient_112_node_3/standard/top_k/patient_112_node_3_standard_top_k_003.png,patient_112_node_3_standard_top_k_003,A,B
c17_native,patient_168,patient_168_node_2,535629df0608b510,27648,123392,256,20,0.8813934326171875,1,1.0,1,1,top_k,1,1d5657e342c149ef8305d568410dbc96,1d5657e342c149ef8305d568410dbc96,standard,0,0,vlm_patches/patient_168_node_2/standard/top_k/patient_168_node_2_standard_top_k_000.png,s3://pershin-medailab/Pathomorphology/CAMELYON/mil/vlm_patches/c17_abmil_vlm_patches_1d5657e342c149ef8305d568410dbc96.tar.gz!/vlm_patches/patient_168_node_2/standard/top_k/patient_168_node_2_standard_top_k_000.png,patient_168_node_2_standard_top_k_000,A,B
c17_native,patient_168,patient_168_node_2,c1b0deca7ef4efa8,48640,88576,256,20,0.880615234375,1,1.0,1,1,top_k,2,1d5657e342c149ef8305d568410dbc96,1d5657e342c149ef8305d568410dbc96,standard,0,0,vlm_patches/patient_168_node_2/standard/top_k/patient_168_node_2_standard_top_k_001.png,s3://pershin-medailab/Pathomorphology/CAMELYON/mil/vlm_patches/c17_abmil_vlm_patches_1d5657e342c149ef8305d568410dbc96.tar.gz!/vlm_patches/patient_168_node_2/standard/top_k/patient_168_node_2_standard_top_k_001.png,patient_168_node_2_standard_top_k_001,A,B
c17_native,patient_168,patient_168_node_2,322be7674513e892,21504,111104,256,20,0.8523101806640625,1,1.0,1,1,top_k,3,1d5657e342c149ef8305d568410dbc96,1d5657e342c149ef8305d568410dbc96,standard,0,0,vlm_patches/patient_168_node_2/standard/top_k/patient_168_node_2_standard_top_k_002.png,s3://pershin-medailab/Pathomorphology/CAMELYON/mil/vlm_patches/c17_abmil_vlm_patches_1d5657e342c149ef8305d568410dbc96.tar.gz!/vlm_patches/patient_168_node_2/standard/top_k/patient_168_node_2_standard_top_k_002.png,patient_168_node_2_standard_top_k_002,A,B
c17_native,patient_118,patient_118_node_0,bc14019151345544,78080,73728,256,20,0.490875244140625,1,1.0,1,1,top_k,1,1d5657e342c149ef8305d568410dbc96,1d5657e342c149ef8305d568410dbc96,standard,0,0,vlm_patches/patient_118_node_0/standard/top_k/patient_118_node_0_standard_top_k_000.png,s3://pershin-medailab/Pathomorphology/CAMELYON/mil/vlm_patches/c17_abmil_vlm_patches_1d5657e342c149ef8305d568410dbc96.tar.gz!/vlm_patches/patient_118_node_0/standard/top_k/patient_118_node_0_standard_top_k_000.png,patient_118_node_0_standard_top_k_000,A,B
c17_native,patient_118,patient_118_node_0,972e2e7901f600c8,46080,54016,256,20,0.4610748291015625,1,1.0,1,1,top_k,2,1d5657e342c149ef8305d568410dbc96,1d5657e342c149ef8305d568410dbc96,standard,0,0,vlm_patches/patient_118_node_0/standard/top_k/patient_118_node_0_standard_top_k_001.png,s3://pershin-medailab/Pathomorphology/CAMELYON/mil/vlm_patches/c17_abmil_vlm_patches_1d5657e342c149ef8305d568410dbc96.tar.gz!/vlm_patches/patient_118_node_0/standard/top_k/patient_118_node_0_standard_top_k_001.png,patient_118_node_0_standard_top_k_001,A,B
c17_native,patient_118,patient_118_node_0,7827581b504eb872,78336,71936,256,20,0.376190185546875,1,1.0,1,1,top_k,3,1d5657e342c149ef8305d568410dbc96,1d5657e342c149ef8305d568410dbc96,standard,0,0,vlm_patches/patient_118_node_0/standard/top_k/patient_118_node_0_standard_top_k_002.png,s3://pershin-medailab/Pathomorphology/CAMELYON/mil/vlm_patches/c17_abmil_vlm_patches_1d5657e342c149ef8305d568410dbc96.tar.gz!/vlm_patches/patient_118_node_0/standard/top_k/patient_118_node_0_standard_top_k_002.png,patient_118_node_0_standard_top_k_002,A,B
c17_native,patient_169,patient_169_node_3,d9a79cc6b501dc95,55296,16640,256,20,0.5970611572265625,1,0.835,1,1,top_k,1,1d5657e342c149ef8305d568410dbc96,1d5657e342c149ef8305d568410dbc96,standard,0,0,vlm_patches/patient_169_node_3/standard/top_k/patient_169_node_3_standard_top_k_000.png,s3://pershin-medailab/Pathomorphology/CAMELYON/mil/vlm_patches/c17_abmil_vlm_patches_1d5657e342c149ef8305d568410dbc96.tar.gz!/vlm_patches/patient_169_node_3/standard/top_k/patient_169_node_3_standard_top_k_000.png,patient_169_node_3_standard_top_k_000,A,B
c17_native,patient_169,patient_169_node_3,cf771c04a992b758,68352,76288,256,20,0.652099609375,0,0.0,0,0,top_k,2,1d5657e342c149ef8305d568410dbc96,1d5657e342c149ef8305d568410dbc96,standard,0,0,vlm_patches/patient_169_node_3/standard/top_k/patient_169_node_3_standard_top_k_001.png,s3://pershin-medailab/Pathomorphology/CAMELYON/mil/vlm_patches/c17_abmil_vlm_patches_1d5657e342c149ef8305d568410dbc96.tar.gz!/vlm_patches/patient_169_node_3/standard/top_k/patient_169_node_3_standard_top_k_001.png,patient_169_node_3_standard_top_k_001,A,B
c17_native,patient_169,patient_169_node_3,68930a48dc64dcb5,45056,53504,256,20,0.560150146484375,0,0.0,0,0,top_k,3,1d5657e342c149ef8305d568410dbc96,1d5657e342c149ef8305d568410dbc96,standard,0,0,vlm_patches/patient_169_node_3/standard/top_k/patient_169_node_3_standard_top_k_002.png,s3://pershin-medailab/Pathomorphology/CAMELYON/mil/vlm_patches/c17_abmil_vlm_patches_1d5657e342c149ef8305d568410dbc96.tar.gz!/vlm_patches/patient_169_node_3/standard/top_k/patient_169_node_3_standard_top_k_002.png,patient_169_node_3_standard_top_k_002,A,B
c17_native,patient_100,patient_100_node_0,97ff6b7d7e120958,55296,60672,256,20,0.647308349609375,1,1.0,1,1,top_k,1,1d5657e342c149ef8305d568410dbc96,1d5657e342c149ef8305d568410dbc96,standard,0,0,vlm_patches/patient_100_node_0/standard/top_k/patient_100_node_0_standard_top_k_000.png,s3://pershin-medailab/Pathomorphology/CAMELYON/mil/vlm_patches/c17_abmil_vlm_patches_1d5657e342c149ef8305d568410dbc96.tar.gz!/vlm_patches/patient_100_node_0/standard/top_k/patient_100_node_0_standard_top_k_000.png,patient_100_node_0_standard_top_k_000,A,B
c17_native,patient_100,patient_100_node_0,503a2800c434a358,55552,60928,256,20,0.5233001708984375,1,1.0,1,1,top_k,2,1d5657e342c149ef8305d568410dbc96,1d5657e342c149ef8305d568410dbc96,standard,0,0,vlm_patches/patient_100_node_0/standard/top_k/patient_100_node_0_standard_top_k_001.png,s3://pershin-medailab/Pathomorphology/CAMELYON/mil/vlm_patches/c17_abmil_vlm_patches_1d5657e342c149ef8305d568410dbc96.tar.gz!/vlm_patches/patient_100_node_0/standard/top_k/patient_100_node_0_standard_top_k_001.png,patient_100_node_0_standard_top_k_001,A,B
c17_native,patient_100,patient_100_node_0,e934e564fe92d935,54272,61184,256,20,0.49285888671875,1,1.0,1,1,top_k,3,1d5657e342c149ef8305d568410dbc96,1d5657e342c149ef8305d568410dbc96,standard,0,0,vlm_patches/patient_100_node_0/standard/top_k/patient_100_node_0_standard_top_k_002.png,s3://pershin-medailab/Pathomorphology/CAMELYON/mil/vlm_patches/c17_abmil_vlm_patches_1d5657e342c149ef8305d568410dbc96.tar.gz!/vlm_patches/patient_100_node_0/standard/top_k/patient_100_node_0_standard_top_k_002.png,patient_100_node_0_standard_top_k_002,A,B
c17_native,patient_171,patient_171_node_1,d4a2b3a5b80bcee0,144128,37376,256,20,0.62176513671875,1,1.0,1,1,top_k,1,1d5657e342c149ef8305d568410dbc96,1d5657e342c149ef8305d568410dbc96,standard,0,0,vlm_patches/patient_171_node_1/standard/top_k/patient_171_node_1_standard_top_k_000.png,s3://pershin-medailab/Pathomorphology/CAMELYON/mil/vlm_patches/c17_abmil_vlm_patches_1d5657e342c149ef8305d568410dbc96.tar.gz!/vlm_patches/patient_171_node_1/standard/top_k/patient_171_node_1_standard_top_k_000.png,patient_171_node_1_standard_top_k_000,A,B
c17_native,patient_171,patient_171_node_1,ff62a000626c54c7,144384,36864,256,20,0.61822509765625,1,1.0,1,1,top_k,3,1d5657e342c149ef8305d568410dbc96,1d5657e342c149ef8305d568410dbc96,standard,0,0,vlm_patches/patient_171_node_1/standard/top_k/patient_171_node_1_standard_top_k_002.png,s3://pershin-medailab/Pathomorphology/CAMELYON/mil/vlm_patches/c17_abmil_vlm_patches_1d5657e342c149ef8305d568410dbc96.tar.gz!/vlm_patches/patient_171_node_1/standard/top_k/patient_171_node_1_standard_top_k_002.png,patient_171_node_1_standard_top_k_002,A,B
c17_native,patient_171,patient_171_node_1,6937f39fd333e5ea,144128,28416,256,20,0.6461639404296875,1,1.0,1,1,top_k,4,1d5657e342c149ef8305d568410dbc96,1d5657e342c149ef8305d568410dbc96,standard,0,0,vlm_patches/patient_171_node_1/standard/top_k/patient_171_node_1_standard_top_k_003.png,s3://pershin-medailab/Pathomorphology/CAMELYON/mil/vlm_patches/c17_abmil_vlm_patches_1d5657e342c149ef8305d568410dbc96.tar.gz!/vlm_patches/patient_171_node_1/standard/top_k/patient_171_node_1_standard_top_k_003.png,patient_171_node_1_standard_top_k_003,A,B
c17_native,patient_168,patient_168_node_4,63ca24df0e444b1a,8960,119296,256,20,0.916015625,1,0.95,1,1,top_k,1,1d5657e342c149ef8305d568410dbc96,1d5657e342c149ef8305d568410dbc96,standard,0,0,vlm_patches/patient_168_node_4/standard/top_k/patient_168_node_4_standard_top_k_000.png,s3://pershin-medailab/Pathomorphology/CAMELYON/mil/vlm_patches/c17_abmil_vlm_patches_1d5657e342c149ef8305d568410dbc96.tar.gz!/vlm_patches/patient_168_node_4/standard/top_k/patient_168_node_4_standard_top_k_000.png,patient_168_node_4_standard_top_k_000,A,B
c17_native,patient_168,patient_168_node_4,0223f39777ff54f3,6656,125952,256,20,0.84637451171875,1,1.0,1,1,top_k,2,1d5657e342c149ef8305d568410dbc96,1d5657e342c149ef8305d568410dbc96,standard,0,0,vlm_patches/patient_168_node_4/standard/top_k/patient_168_node_4_standard_top_k_001.png,s3://pershin-medailab/Pathomorphology/CAMELYON/mil/vlm_patches/c17_abmil_vlm_patches_1d5657e342c149ef8305d568410dbc96.tar.gz!/vlm_patches/patient_168_node_4/standard/top_k/patient_168_node_4_standard_top_k_001.png,patient_168_node_4_standard_top_k_001,A,B
c17_native,patient_168,patient_168_node_4,72a81f07cc7ef59f,9472,118528,256,20,0.927703857421875,1,1.0,1,1,top_k,4,1d5657e342c149ef8305d568410dbc96,1d5657e342c149ef8305d568410dbc96,standard,0,0,vlm_patches/patient_168_node_4/standard/top_k/patient_168_node_4_standard_top_k_003.png,s3://pershin-medailab/Pathomorphology/CAMELYON/mil/vlm_patches/c17_abmil_vlm_patches_1d5657e342c149ef8305d568410dbc96.tar.gz!/vlm_patches/patient_168_node_4/standard/top_k/patient_168_node_4_standard_top_k_003.png,patient_168_node_4_standard_top_k_003,A,B
c17_native,patient_192,patient_192_node_2,e62a0b009ace312e,27136,51456,256,20,0.8580169677734375,1,1.0,1,1,top_k,1,1d5657e342c149ef8305d568410dbc96,1d5657e342c149ef8305d568410dbc96,standard,0,0,vlm_patches/patient_192_node_2/standard/top_k/patient_192_node_2_standard_top_k_000.png,s3://pershin-medailab/Pathomorphology/CAMELYON/mil/vlm_patches/c17_abmil_vlm_patches_1d5657e342c149ef8305d568410dbc96.tar.gz!/vlm_patches/patient_192_node_2/standard/top_k/patient_192_node_2_standard_top_k_000.png,patient_192_node_2_standard_top_k_000,A,B
c17_native,patient_192,patient_192_node_2,11f9d4664dab6be3,26880,51456,256,20,0.878662109375,1,1.0,1,1,top_k,3,1d5657e342c149ef8305d568410dbc96,1d5657e342c149ef8305d568410dbc96,standard,0,0,vlm_patches/patient_192_node_2/standard/top_k/patient_192_node_2_standard_top_k_002.png,s3://pershin-medailab/Pathomorphology/CAMELYON/mil/vlm_patches/c17_abmil_vlm_patches_1d5657e342c149ef8305d568410dbc96.tar.gz!/vlm_patches/patient_192_node_2/standard/top_k/patient_192_node_2_standard_top_k_002.png,patient_192_node_2_standard_top_k_002,A,B
c17_native,patient_192,patient_192_node_2,edeebdd6eedad5ca,28672,51968,256,20,0.79827880859375,1,1.0,1,1,top_k,4,1d5657e342c149ef8305d568410dbc96,1d5657e342c149ef8305d568410dbc96,standard,0,0,vlm_patches/patient_192_node_2/standard/top_k/patient_192_node_2_standard_top_k_003.png,s3://pershin-medailab/Pathomorphology/CAMELYON/mil/vlm_patches/c17_abmil_vlm_patches_1d5657e342c149ef8305d568410dbc96.tar.gz!/vlm_patches/patient_192_node_2/standard/top_k/patient_192_node_2_standard_top_k_003.png,patient_192_node_2_standard_top_k_003,A,B
c17_native,patient_131,patient_131_node_3,be6d9399c5ad12bc,12544,30208,256,20,0.9250030517578124,1,1.0,1,1,top_k,1,1d5657e342c149ef8305d568410dbc96,1d5657e342c149ef8305d568410dbc96,standard,0,0,vlm_patches/patient_131_node_3/standard/top_k/patient_131_node_3_standard_top_k_000.png,s3://pershin-medailab/Pathomorphology/CAMELYON/mil/vlm_patches/c17_abmil_vlm_patches_1d5657e342c149ef8305d568410dbc96.tar.gz!/vlm_patches/patient_131_node_3/standard/top_k/patient_131_node_3_standard_top_k_000.png,patient_131_node_3_standard_top_k_000,A,B
c17_native,patient_131,patient_131_node_3,33283095792b02d1,69632,34560,256,20,0.900177001953125,1,1.0,1,1,top_k,2,1d5657e342c149ef8305d568410dbc96,1d5657e342c149ef8305d568410dbc96,standard,0,0,vlm_patches/patient_131_node_3/standard/top_k/patient_131_node_3_standard_top_k_001.png,s3://pershin-medailab/Pathomorphology/CAMELYON/mil/vlm_patches/c17_abmil_vlm_patches_1d5657e342c149ef8305d568410dbc96.tar.gz!/vlm_patches/patient_131_node_3/standard/top_k/patient_131_node_3_standard_top_k_001.png,patient_131_node_3_standard_top_k_001,A,B
c17_native,patient_131,patient_131_node_3,844b9796c66be2ca,12544,30464,256,20,0.92144775390625,1,1.0,1,1,top_k,3,1d5657e342c149ef8305d568410dbc96,1d5657e342c149ef8305d568410dbc96,standard,0,0,vlm_patches/patient_131_node_3/standard/top_k/patient_131_node_3_standard_top_k_002.png,s3://pershin-medailab/Pathomorphology/CAMELYON/mil/vlm_patches/c17_abmil_vlm_patches_1d5657e342c149ef8305d568410dbc96.tar.gz!/vlm_patches/patient_131_node_3/standard/top_k/patient_131_node_3_standard_top_k_002.png,patient_131_node_3_standard_top_k_002,A,B
c17_native,patient_188,patient_188_node_0,b748ecd219255558,73728,139776,256,20,0.98748779296875,1,1.0,1,1,top_k,1,1d5657e342c149ef8305d568410dbc96,1d5657e342c149ef8305d568410dbc96,standard,0,0,vlm_patches/patient_188_node_0/standard/top_k/patient_188_node_0_standard_top_k_000.png,s3://pershin-medailab/Pathomorphology/CAMELYON/mil/vlm_patches/c17_abmil_vlm_patches_1d5657e342c149ef8305d568410dbc96.tar.gz!/vlm_patches/patient_188_node_0/standard/top_k/patient_188_node_0_standard_top_k_000.png,patient_188_node_0_standard_top_k_000,A,B
c17_native,patient_188,patient_188_node_0,3f4425fc97b205f2,62976,145152,256,20,0.9961700439453124,1,1.0,1,1,top_k,2,1d5657e342c149ef8305d568410dbc96,1d5657e342c149ef8305d568410dbc96,standard,0,0,vlm_patches/patient_188_node_0/standard/top_k/patient_188_node_0_standard_top_k_001.png,s3://pershin-medailab/Pathomorphology/CAMELYON/mil/vlm_patches/c17_abmil_vlm_patches_1d5657e342c149ef8305d568410dbc96.tar.gz!/vlm_patches/patient_188_node_0/standard/top_k/patient_188_node_0_standard_top_k_001.png,patient_188_node_0_standard_top_k_001,A,B
c17_native,patient_188,patient_188_node_0,9b33842d0b76fc3d,65280,133120,256,20,0.9896697998046876,1,1.0,1,1,top_k,3,1d5657e342c149ef8305d568410dbc96,1d5657e342c149ef8305d568410dbc96,standard,0,0,vlm_patches/patient_188_node_0/standard/top_k/patient_188_node_0_standard_top_k_002.png,s3://pershin-medailab/Pathomorphology/CAMELYON/mil/vlm_patches/c17_abmil_vlm_patches_1d5657e342c149ef8305d568410dbc96.tar.gz!/vlm_patches/patient_188_node_0/standard/top_k/patient_188_node_0_standard_top_k_002.png,patient_188_node_0_standard_top_k_002,A,B
c17_native,patient_179,patient_179_node_1,61f7723da7da7c32,33280,143616,256,20,0.9561004638671876,1,1.0,1,1,top_k,1,1d5657e342c149ef8305d568410dbc96,1d5657e342c149ef8305d568410dbc96,standard,0,0,vlm_patches/patient_179_node_1/standard/top_k/patient_179_node_1_standard_top_k_000.png,s3://pershin-medailab/Pathomorphology/CAMELYON/mil/vlm_patches/c17_abmil_vlm_patches_1d5657e342c149ef8305d568410dbc96.tar.gz!/vlm_patches/patient_179_node_1/standard/top_k/patient_179_node_1_standard_top_k_000.png,patient_179_node_1_standard_top_k_000,A,B
c17_native,patient_179,patient_179_node_1,4554d750a3cf1523,14080,160512,256,20,0.9410247802734376,1,1.0,1,1,top_k,2,1d5657e342c149ef8305d568410dbc96,1d5657e342c149ef8305d568410dbc96,standard,0,0,vlm_patches/patient_179_node_1/standard/top_k/patient_179_node_1_standard_top_k_001.png,s3://pershin-medailab/Pathomorphology/CAMELYON/mil/vlm_patches/c17_abmil_vlm_patches_1d5657e342c149ef8305d568410dbc96.tar.gz!/vlm_patches/patient_179_node_1/standard/top_k/patient_179_node_1_standard_top_k_001.png,patient_179_node_1_standard_top_k_001,A,B
c17_native,patient_179,patient_179_node_1,6a37bde563fc7132,34048,145152,256,20,0.9582672119140624,1,1.0,1,1,top_k,3,1d5657e342c149ef8305d568410dbc96,1d5657e342c149ef8305d568410dbc96,standard,0,0,vlm_patches/patient_179_node_1/standard/top_k/patient_179_node_1_standard_top_k_002.png,s3://pershin-medailab/Pathomorphology/CAMELYON/mil/vlm_patches/c17_abmil_vlm_patches_1d5657e342c149ef8305d568410dbc96.tar.gz!/vlm_patches/patient_179_node_1/standard/top_k/patient_179_node_1_standard_top_k_002.png,patient_179_node_1_standard_top_k_002,A,B
c17_native,patient_171,patient_171_node_0,abc75b07b616011d,42752,29952,256,20,0.504119873046875,1,1.0,1,1,top_k,1,1d5657e342c149ef8305d568410dbc96,1d5657e342c149ef8305d568410dbc96,standard,0,0,vlm_patches/patient_171_node_0/standard/top_k/patient_171_node_0_standard_top_k_000.png,s3://pershin-medailab/Pathomorphology/CAMELYON/mil/vlm_patches/c17_abmil_vlm_patches_1d5657e342c149ef8305d568410dbc96.tar.gz!/vlm_patches/patient_171_node_0/standard/top_k/patient_171_node_0_standard_top_k_000.png,patient_171_node_0_standard_top_k_000,A,B
c17_native,patient_171,patient_171_node_0,3bdeda2080d3a9b4,100608,27648,256,20,0.5242462158203125,1,1.0,1,1,top_k,3,1d5657e342c149ef8305d568410dbc96,1d5657e342c149ef8305d568410dbc96,standard,0,0,vlm_patches/patient_171_node_0/standard/top_k/patient_171_node_0_standard_top_k_002.png,s3://pershin-medailab/Pathomorphology/CAMELYON/mil/vlm_patches/c17_abmil_vlm_patches_1d5657e342c149ef8305d568410dbc96.tar.gz!/vlm_patches/patient_171_node_0/standard/top_k/patient_171_node_0_standard_top_k_002.png,patient_171_node_0_standard_top_k_002,A,B
c17_native,patient_171,patient_171_node_0,5fa09c4b3ca0b897,99072,69632,256,20,0.631378173828125,1,1.0,1,1,top_k,4,1d5657e342c149ef8305d568410dbc96,1d5657e342c149ef8305d568410dbc96,standard,0,0,vlm_patches/patient_171_node_0/standard/top_k/patient_171_node_0_standard_top_k_003.png,s3://pershin-medailab/Pathomorphology/CAMELYON/mil/vlm_patches/c17_abmil_vlm_patches_1d5657e342c149ef8305d568410dbc96.tar.gz!/vlm_patches/patient_171_node_0/standard/top_k/patient_171_node_0_standard_top_k_003.png,patient_171_node_0_standard_top_k_003,A,B
c17_native,patient_138,patient_138_node_3,8db8fb63e14697ce,60928,126208,256,20,0.9982147216796876,1,1.0,1,1,top_k,1,1d5657e342c149ef8305d568410dbc96,1d5657e342c149ef8305d568410dbc96,standard,0,0,vlm_patches/patient_138_node_3/standard/top_k/patient_138_node_3_standard_top_k_000.png,s3://pershin-medailab/Pathomorphology/CAMELYON/mil/vlm_patches/c17_abmil_vlm_patches_1d5657e342c149ef8305d568410dbc96.tar.gz!/vlm_patches/patient_138_node_3/standard/top_k/patient_138_node_3_standard_top_k_000.png,patient_138_node_3_standard_top_k_000,A,B
c17_native,patient_138,patient_138_node_3,15b94ef533aa9698,60928,127232,256,20,0.96539306640625,1,0.8825,1,1,top_k,2,1d5657e342c149ef8305d568410dbc96,1d5657e342c149ef8305d568410dbc96,standard,0,0,vlm_patches/patient_138_node_3/standard/top_k/patient_138_node_3_standard_top_k_001.png,s3://pershin-medailab/Pathomorphology/CAMELYON/mil/vlm_patches/c17_abmil_vlm_patches_1d5657e342c149ef8305d568410dbc96.tar.gz!/vlm_patches/patient_138_node_3/standard/top_k/patient_138_node_3_standard_top_k_001.png,patient_138_node_3_standard_top_k_001,A,B
c17_native,patient_138,patient_138_node_3,7e0a7b9f20af27c6,60928,126976,256,20,0.9884033203125,1,1.0,1,1,top_k,3,1d5657e342c149ef8305d568410dbc96,1d5657e342c149ef8305d568410dbc96,standard,0,0,vlm_patches/patient_138_node_3/standard/top_k/patient_138_node_3_standard_top_k_002.png,s3://pershin-medailab/Pathomorphology/CAMELYON/mil/vlm_patches/c17_abmil_vlm_patches_1d5657e342c149ef8305d568410dbc96.tar.gz!/vlm_patches/patient_138_node_3/standard/top_k/patient_138_node_3_standard_top_k_002.png,patient_138_node_3_standard_top_k_002,A,B
c17_native,patient_195,patient_195_node_1,dbcdea9ee3ae51ad,69120,171008,256,20,0.9684295654296876,1,1.0,1,1,top_k,1,1d5657e342c149ef8305d568410dbc96,1d5657e342c149ef8305d568410dbc96,standard,0,0,vlm_patches/patient_195_node_1/standard/top_k/patient_195_node_1_standard_top_k_000.png,s3://pershin-medailab/Pathomorphology/CAMELYON/mil/vlm_patches/c17_abmil_vlm_patches_1d5657e342c149ef8305d568410dbc96.tar.gz!/vlm_patches/patient_195_node_1/standard/top_k/patient_195_node_1_standard_top_k_000.png,patient_195_node_1_standard_top_k_000,A,B
c17_native,patient_195,patient_195_node_1,f46d3b868321a1c9,66816,84736,256,20,0.92486572265625,1,1.0,1,1,top_k,2,1d5657e342c149ef8305d568410dbc96,1d5657e342c149ef8305d568410dbc96,standard,0,0,vlm_patches/patient_195_node_1/standard/top_k/patient_195_node_1_standard_top_k_001.png,s3://pershin-medailab/Pathomorphology/CAMELYON/mil/vlm_patches/c17_abmil_vlm_patches_1d5657e342c149ef8305d568410dbc96.tar.gz!/vlm_patches/patient_195_node_1/standard/top_k/patient_195_node_1_standard_top_k_001.png,patient_195_node_1_standard_top_k_001,A,B
c17_native,patient_195,patient_195_node_1,7503a7f6aa0a0bc2,66816,85504,256,20,0.9730224609375,1,1.0,1,1,top_k,3,1d5657e342c149ef8305d568410dbc96,1d5657e342c149ef8305d568410dbc96,standard,0,0,vlm_patches/patient_195_node_1/standard/top_k/patient_195_node_1_standard_top_k_002.png,s3://pershin-medailab/Pathomorphology/CAMELYON/mil/vlm_patches/c17_abmil_vlm_patches_1d5657e342c149ef8305d568410dbc96.tar.gz!/vlm_patches/patient_195_node_1/standard/top_k/patient_195_node_1_standard_top_k_002.png,patient_195_node_1_standard_top_k_002,A,B
c17_native,patient_165,patient_165_node_2,0bbb86d940d957eb,10240,105216,256,20,0.988433837890625,1,1.0,1,1,top_k,1,1d5657e342c149ef8305d568410dbc96,1d5657e342c149ef8305d568410dbc96,standard,0,0,vlm_patches/patient_165_node_2/standard/top_k/patient_165_node_2_standard_top_k_000.png,s3://pershin-medailab/Pathomorphology/CAMELYON/mil/vlm_patches/c17_abmil_vlm_patches_1d5657e342c149ef8305d568410dbc96.tar.gz!/vlm_patches/patient_165_node_2/standard/top_k/patient_165_node_2_standard_top_k_000.png,patient_165_node_2_standard_top_k_000,A,B
c17_native,patient_165,patient_165_node_2,938bc26c59e8f229,9216,102912,256,20,0.97833251953125,1,1.0,1,1,top_k,2,1d5657e342c149ef8305d568410dbc96,1d5657e342c149ef8305d568410dbc96,standard,0,0,vlm_patches/patient_165_node_2/standard/top_k/patient_165_node_2_standard_top_k_001.png,s3://pershin-medailab/Pathomorphology/CAMELYON/mil/vlm_patches/c17_abmil_vlm_patches_1d5657e342c149ef8305d568410dbc96.tar.gz!/vlm_patches/patient_165_node_2/standard/top_k/patient_165_node_2_standard_top_k_001.png,patient_165_node_2_standard_top_k_001,A,B
c17_native,patient_165,patient_165_node_2,fa0cb88e140c7380,8192,104192,256,20,0.9760284423828124,1,1.0,1,1,top_k,3,1d5657e342c149ef8305d568410dbc96,1d5657e342c149ef8305d568410dbc96,standard,0,0,vlm_patches/patient_165_node_2/standard/top_k/patient_165_node_2_standard_top_k_002.png,s3://pershin-medailab/Pathomorphology/CAMELYON/mil/vlm_patches/c17_abmil_vlm_patches_1d5657e342c149ef8305d568410dbc96.tar.gz!/vlm_patches/patient_165_node_2/standard/top_k/patient_165_node_2_standard_top_k_002.png,patient_165_node_2_standard_top_k_002,A,B
c17_native,patient_122,patient_122_node_2,5241f7e9e5e6a9f0,139520,12544,256,20,0.60162353515625,1,1.0,1,1,top_k,1,1d5657e342c149ef8305d568410dbc96,1d5657e342c149ef8305d568410dbc96,standard,0,0,vlm_patches/patient_122_node_2/standard/top_k/patient_122_node_2_standard_top_k_000.png,s3://pershin-medailab/Pathomorphology/CAMELYON/mil/vlm_patches/c17_abmil_vlm_patches_1d5657e342c149ef8305d568410dbc96.tar.gz!/vlm_patches/patient_122_node_2/standard/top_k/patient_122_node_2_standard_top_k_000.png,patient_122_node_2_standard_top_k_000,A,B
c17_native,patient_122,patient_122_node_2,559725d4f4869f2e,139008,13056,256,20,0.5352630615234375,1,1.0,1,1,top_k,2,1d5657e342c149ef8305d568410dbc96,1d5657e342c149ef8305d568410dbc96,standard,0,0,vlm_patches/patient_122_node_2/standard/top_k/patient_122_node_2_standard_top_k_001.png,s3://pershin-medailab/Pathomorphology/CAMELYON/mil/vlm_patches/c17_abmil_vlm_patches_1d5657e342c149ef8305d568410dbc96.tar.gz!/vlm_patches/patient_122_node_2/standard/top_k/patient_122_node_2_standard_top_k_001.png,patient_122_node_2_standard_top_k_001,A,B
c17_native,patient_122,patient_122_node_2,70e72cd7419fff6d,139264,10240,256,20,0.5224761962890625,1,1.0,1,1,top_k,3,1d5657e342c149ef8305d568410dbc96,1d5657e342c149ef8305d568410dbc96,standard,0,0,vlm_patches/patient_122_node_2/standard/top_k/patient_122_node_2_standard_top_k_002.png,s3://pershin-medailab/Pathomorphology/CAMELYON/mil/vlm_patches/c17_abmil_vlm_patches_1d5657e342c149ef8305d568410dbc96.tar.gz!/vlm_patches/patient_122_node_2/standard/top_k/patient_122_node_2_standard_top_k_002.png,patient_122_node_2_standard_top_k_002,A,B
c17_native,patient_165,patient_165_node_4,463fa0ae9cfd9d13,47872,178688,256,20,0.96685791015625,1,1.0,1,1,top_k,1,1d5657e342c149ef8305d568410dbc96,1d5657e342c149ef8305d568410dbc96,standard,0,0,vlm_patches/patient_165_node_4/standard/top_k/patient_165_node_4_standard_top_k_000.png,s3://pershin-medailab/Pathomorphology/CAMELYON/mil/vlm_patches/c17_abmil_vlm_patches_1d5657e342c149ef8305d568410dbc96.tar.gz!/vlm_patches/patient_165_node_4/standard/top_k/patient_165_node_4_standard_top_k_000.png,patient_165_node_4_standard_top_k_000,A,B
c17_native,patient_165,patient_165_node_4,3d501e1f0a8e0d70,36096,81920,256,20,0.9658355712890624,1,1.0,1,1,top_k,2,1d5657e342c149ef8305d568410dbc96,1d5657e342c149ef8305d568410dbc96,standard,0,0,vlm_patches/patient_165_node_4/standard/top_k/patient_165_node_4_standard_top_k_001.png,s3://pershin-medailab/Pathomorphology/CAMELYON/mil/vlm_patches/c17_abmil_vlm_patches_1d5657e342c149ef8305d568410dbc96.tar.gz!/vlm_patches/patient_165_node_4/standard/top_k/patient_165_node_4_standard_top_k_001.png,patient_165_node_4_standard_top_k_001,A,B
c17_native,patient_165,patient_165_node_4,b33bdb47800cc98a,48896,178432,256,20,0.9007415771484376,1,1.0,1,1,top_k,3,1d5657e342c149ef8305d568410dbc96,1d5657e342c149ef8305d568410dbc96,standard,0,0,vlm_patches/patient_165_node_4/standard/top_k/patient_165_node_4_standard_top_k_002.png,s3://pershin-medailab/Pathomorphology/CAMELYON/mil/vlm_patches/c17_abmil_vlm_patches_1d5657e342c149ef8305d568410dbc96.tar.gz!/vlm_patches/patient_165_node_4/standard/top_k/patient_165_node_4_standard_top_k_002.png,patient_165_node_4_standard_top_k_002,A,B
c17_native,patient_134,patient_134_node_0,d1bdbc5419f218f5,23040,91904,256,20,0.94708251953125,1,1.0,1,1,top_k,1,1d5657e342c149ef8305d568410dbc96,1d5657e342c149ef8305d568410dbc96,standard,0,0,vlm_patches/patient_134_node_0/standard/top_k/patient_134_node_0_standard_top_k_000.png,s3://pershin-medailab/Pathomorphology/CAMELYON/mil/vlm_patches/c17_abmil_vlm_patches_1d5657e342c149ef8305d568410dbc96.tar.gz!/vlm_patches/patient_134_node_0/standard/top_k/patient_134_node_0_standard_top_k_000.png,patient_134_node_0_standard_top_k_000,A,B
c17_native,patient_134,patient_134_node_0,ec12ec4291be8793,22272,91648,256,20,0.981597900390625,1,1.0,1,1,top_k,2,1d5657e342c149ef8305d568410dbc96,1d5657e342c149ef8305d568410dbc96,standard,0,0,vlm_patches/patient_134_node_0/standard/top_k/patient_134_node_0_standard_top_k_001.png,s3://pershin-medailab/Pathomorphology/CAMELYON/mil/vlm_patches/c17_abmil_vlm_patches_1d5657e342c149ef8305d568410dbc96.tar.gz!/vlm_patches/patient_134_node_0/standard/top_k/patient_134_node_0_standard_top_k_001.png,patient_134_node_0_standard_top_k_001,A,B
c17_native,patient_134,patient_134_node_0,518765742225c0e7,22784,92672,256,20,0.9435882568359376,1,1.0,1,1,top_k,3,1d5657e342c149ef8305d568410dbc96,1d5657e342c149ef8305d568410dbc96,standard,0,0,vlm_patches/patient_134_node_0/standard/top_k/patient_134_node_0_standard_top_k_002.png,s3://pershin-medailab/Pathomorphology/CAMELYON/mil/vlm_patches/c17_abmil_vlm_patches_1d5657e342c149ef8305d568410dbc96.tar.gz!/vlm_patches/patient_134_node_0/standard/top_k/patient_134_node_0_standard_top_k_002.png,patient_134_node_0_standard_top_k_002,A,B
c17_native,patient_116,patient_116_node_3,42c40c501209c468,54016,40704,256,20,0.98663330078125,1,1.0,1,1,top_k,1,1d5657e342c149ef8305d568410dbc96,1d5657e342c149ef8305d568410dbc96,standard,0,0,vlm_patches/patient_116_node_3/standard/top_k/patient_116_node_3_standard_top_k_000.png,s3://pershin-medailab/Pathomorphology/CAMELYON/mil/vlm_patches/c17_abmil_vlm_patches_1d5657e342c149ef8305d568410dbc96.tar.gz!/vlm_patches/patient_116_node_3/standard/top_k/patient_116_node_3_standard_top_k_000.png,patient_116_node_3_standard_top_k_000,A,B
c17_native,patient_116,patient_116_node_3,9f8366759c7ebeb1,54016,40960,256,20,0.9917755126953124,1,1.0,1,1,top_k,2,1d5657e342c149ef8305d568410dbc96,1d5657e342c149ef8305d568410dbc96,standard,0,0,vlm_patches/patient_116_node_3/standard/top_k/patient_116_node_3_standard_top_k_001.png,s3://pershin-medailab/Pathomorphology/CAMELYON/mil/vlm_patches/c17_abmil_vlm_patches_1d5657e342c149ef8305d568410dbc96.tar.gz!/vlm_patches/patient_116_node_3/standard/top_k/patient_116_node_3_standard_top_k_001.png,patient_116_node_3_standard_top_k_001,A,B
c17_native,patient_116,patient_116_node_3,6cb0ce7dec338c67,53760,40704,256,20,0.9960174560546876,1,1.0,1,1,top_k,3,1d5657e342c149ef8305d568410dbc96,1d5657e342c149ef8305d568410dbc96,standard,0,0,vlm_patches/patient_116_node_3/standard/top_k/patient_116_node_3_standard_top_k_002.png,s3://pershin-medailab/Pathomorphology/CAMELYON/mil/vlm_patches/c17_abmil_vlm_patches_1d5657e342c149ef8305d568410dbc96.tar.gz!/vlm_patches/patient_116_node_3/standard/top_k/patient_116_node_3_standard_top_k_002.png,patient_116_node_3_standard_top_k_002,A,B
c17_native,patient_139,patient_139_node_2,cc7136652f4de2d4,67840,121344,256,20,0.9931793212890624,1,1.0,1,1,top_k,1,1d5657e342c149ef8305d568410dbc96,1d5657e342c149ef8305d568410dbc96,standard,0,0,vlm_patches/patient_139_node_2/standard/top_k/patient_139_node_2_standard_top_k_000.png,s3://pershin-medailab/Pathomorphology/CAMELYON/mil/vlm_patches/c17_abmil_vlm_patches_1d5657e342c149ef8305d568410dbc96.tar.gz!/vlm_patches/patient_139_node_2/standard/top_k/patient_139_node_2_standard_top_k_000.png,patient_139_node_2_standard_top_k_000,A,B
c17_native,patient_139,patient_139_node_2,3faafc8330d39a6e,65024,121088,256,20,0.987457275390625,1,1.0,1,1,top_k,2,1d5657e342c149ef8305d568410dbc96,1d5657e342c149ef8305d568410dbc96,standard,0,0,vlm_patches/patient_139_node_2/standard/top_k/patient_139_node_2_standard_top_k_001.png,s3://pershin-medailab/Pathomorphology/CAMELYON/mil/vlm_patches/c17_abmil_vlm_patches_1d5657e342c149ef8305d568410dbc96.tar.gz!/vlm_patches/patient_139_node_2/standard/top_k/patient_139_node_2_standard_top_k_001.png,patient_139_node_2_standard_top_k_001,A,B
c17_native,patient_139,patient_139_node_2,10a4cc543402883f,66048,121856,256,20,0.99017333984375,1,1.0,1,1,top_k,3,1d5657e342c149ef8305d568410dbc96,1d5657e342c149ef8305d568410dbc96,standard,0,0,vlm_patches/patient_139_node_2/standard/top_k/patient_139_node_2_standard_top_k_002.png,s3://pershin-medailab/Pathomorphology/CAMELYON/mil/vlm_patches/c17_abmil_vlm_patches_1d5657e342c149ef8305d568410dbc96.tar.gz!/vlm_patches/patient_139_node_2/standard/top_k/patient_139_node_2_standard_top_k_002.png,patient_139_node_2_standard_top_k_002,A,B
c17_native,patient_107,patient_107_node_2,ad191301d6d2de28,77056,61696,256,20,0.90069580078125,1,1.0,1,1,top_k,1,1d5657e342c149ef8305d568410dbc96,1d5657e342c149ef8305d568410dbc96,standard,0,0,vlm_patches/patient_107_node_2/standard/top_k/patient_107_node_2_standard_top_k_000.png,s3://pershin-medailab/Pathomorphology/CAMELYON/mil/vlm_patches/c17_abmil_vlm_patches_1d5657e342c149ef8305d568410dbc96.tar.gz!/vlm_patches/patient_107_node_2/standard/top_k/patient_107_node_2_standard_top_k_000.png,patient_107_node_2_standard_top_k_000,A,B
c17_native,patient_107,patient_107_node_2,5b4a19df7579f2f7,22528,166912,256,20,0.9766082763671876,0,0.0125,0,0,top_k,2,1d5657e342c149ef8305d568410dbc96,1d5657e342c149ef8305d568410dbc96,standard,0,0,vlm_patches/patient_107_node_2/standard/top_k/patient_107_node_2_standard_top_k_001.png,s3://pershin-medailab/Pathomorphology/CAMELYON/mil/vlm_patches/c17_abmil_vlm_patches_1d5657e342c149ef8305d568410dbc96.tar.gz!/vlm_patches/patient_107_node_2/standard/top_k/patient_107_node_2_standard_top_k_001.png,patient_107_node_2_standard_top_k_001,A,B
c17_native,patient_107,patient_107_node_2,9d74a8a89da0042c,77824,62464,256,20,0.7580413818359375,1,1.0,1,1,top_k,4,1d5657e342c149ef8305d568410dbc96,1d5657e342c149ef8305d568410dbc96,standard,0,0,vlm_patches/patient_107_node_2/standard/top_k/patient_107_node_2_standard_top_k_003.png,s3://pershin-medailab/Pathomorphology/CAMELYON/mil/vlm_patches/c17_abmil_vlm_patches_1d5657e342c149ef8305d568410dbc96.tar.gz!/vlm_patches/patient_107_node_2/standard/top_k/patient_107_node_2_standard_top_k_003.png,patient_107_node_2_standard_top_k_003,A,B
c17_native,patient_101,patient_101_node_1,a8adfc17844856e3,32256,107776,256,20,0.81787109375,1,1.0,1,1,top_k,1,1d5657e342c149ef8305d568410dbc96,1d5657e342c149ef8305d568410dbc96,standard,0,0,vlm_patches/patient_101_node_1/standard/top_k/patient_101_node_1_standard_top_k_000.png,s3://pershin-medailab/Pathomorphology/CAMELYON/mil/vlm_patches/c17_abmil_vlm_patches_1d5657e342c149ef8305d568410dbc96.tar.gz!/vlm_patches/patient_101_node_1/standard/top_k/patient_101_node_1_standard_top_k_000.png,patient_101_node_1_standard_top_k_000,A,B
c17_native,patient_101,patient_101_node_1,4407c4f88e5506a0,28672,109056,256,20,0.8712310791015625,1,1.0,1,1,top_k,3,1d5657e342c149ef8305d568410dbc96,1d5657e342c149ef8305d568410dbc96,standard,0,0,vlm_patches/patient_101_node_1/standard/top_k/patient_101_node_1_standard_top_k_002.png,s3://pershin-medailab/Pathomorphology/CAMELYON/mil/vlm_patches/c17_abmil_vlm_patches_1d5657e342c149ef8305d568410dbc96.tar.gz!/vlm_patches/patient_101_node_1/standard/top_k/patient_101_node_1_standard_top_k_002.png,patient_101_node_1_standard_top_k_002,A,B
c17_native,patient_101,patient_101_node_1,e00496f3f97e9260,28160,109056,256,20,0.8977203369140625,1,1.0,1,1,top_k,5,1d5657e342c149ef8305d568410dbc96,1d5657e342c149ef8305d568410dbc96,standard,0,0,vlm_patches/patient_101_node_1/standard/top_k/patient_101_node_1_standard_top_k_004.png,s3://pershin-medailab/Pathomorphology/CAMELYON/mil/vlm_patches/c17_abmil_vlm_patches_1d5657e342c149ef8305d568410dbc96.tar.gz!/vlm_patches/patient_101_node_1/standard/top_k/patient_101_node_1_standard_top_k_004.png,patient_101_node_1_standard_top_k_004,A,B
c17_native,patient_108,patient_108_node_3,3db046566e4f25f4,52224,120064,256,20,0.95098876953125,1,1.0,1,1,top_k,1,1d5657e342c149ef8305d568410dbc96,1d5657e342c149ef8305d568410dbc96,standard,0,0,vlm_patches/patient_108_node_3/standard/top_k/patient_108_node_3_standard_top_k_000.png,s3://pershin-medailab/Pathomorphology/CAMELYON/mil/vlm_patches/c17_abmil_vlm_patches_1d5657e342c149ef8305d568410dbc96.tar.gz!/vlm_patches/patient_108_node_3/standard/top_k/patient_108_node_3_standard_top_k_000.png,patient_108_node_3_standard_top_k_000,A,B
c17_native,patient_108,patient_108_node_3,e567314640f5b604,50944,117248,256,20,0.9630279541015624,1,1.0,1,1,top_k,2,1d5657e342c149ef8305d568410dbc96,1d5657e342c149ef8305d568410dbc96,standard,0,0,vlm_patches/patient_108_node_3/standard/top_k/patient_108_node_3_standard_top_k_001.png,s3://pershin-medailab/Pathomorphology/CAMELYON/mil/vlm_patches/c17_abmil_vlm_patches_1d5657e342c149ef8305d568410dbc96.tar.gz!/vlm_patches/patient_108_node_3/standard/top_k/patient_108_node_3_standard_top_k_001.png,patient_108_node_3_standard_top_k_001,A,B
c17_native,patient_108,patient_108_node_3,3b25f1e321c76532,49664,118272,256,20,0.8950653076171875,1,1.0,1,1,top_k,3,1d5657e342c149ef8305d568410dbc96,1d5657e342c149ef8305d568410dbc96,standard,0,0,vlm_patches/patient_108_node_3/standard/top_k/patient_108_node_3_standard_top_k_002.png,s3://pershin-medailab/Pathomorphology/CAMELYON/mil/vlm_patches/c17_abmil_vlm_patches_1d5657e342c149ef8305d568410dbc96.tar.gz!/vlm_patches/patient_108_node_3/standard/top_k/patient_108_node_3_standard_top_k_002.png,patient_108_node_3_standard_top_k_002,A,B
c17_native,patient_129,patient_129_node_2,9161801c03684439,71936,107008,256,20,0.9830322265625,1,1.0,1,1,top_k,1,1d5657e342c149ef8305d568410dbc96,1d5657e342c149ef8305d568410dbc96,standard,0,0,vlm_patches/patient_129_node_2/standard/top_k/patient_129_node_2_standard_top_k_000.png,s3://pershin-medailab/Pathomorphology/CAMELYON/mil/vlm_patches/c17_abmil_vlm_patches_1d5657e342c149ef8305d568410dbc96.tar.gz!/vlm_patches/patient_129_node_2/standard/top_k/patient_129_node_2_standard_top_k_000.png,patient_129_node_2_standard_top_k_000,A,B
c17_native,patient_129,patient_129_node_2,851099b34ba7eb46,67584,107520,256,20,0.9826202392578124,1,1.0,1,1,top_k,2,1d5657e342c149ef8305d568410dbc96,1d5657e342c149ef8305d568410dbc96,standard,0,0,vlm_patches/patient_129_node_2/standard/top_k/patient_129_node_2_standard_top_k_001.png,s3://pershin-medailab/Pathomorphology/CAMELYON/mil/vlm_patches/c17_abmil_vlm_patches_1d5657e342c149ef8305d568410dbc96.tar.gz!/vlm_patches/patient_129_node_2/standard/top_k/patient_129_node_2_standard_top_k_001.png,patient_129_node_2_standard_top_k_001,A,B
c17_native,patient_129,patient_129_node_2,69e732b0f90ba11c,71936,107264,256,20,0.976287841796875,1,1.0,1,1,top_k,3,1d5657e342c149ef8305d568410dbc96,1d5657e342c149ef8305d568410dbc96,standard,0,0,vlm_patches/patient_129_node_2/standard/top_k/patient_129_node_2_standard_top_k_002.png,s3://pershin-medailab/Pathomorphology/CAMELYON/mil/vlm_patches/c17_abmil_vlm_patches_1d5657e342c149ef8305d568410dbc96.tar.gz!/vlm_patches/patient_129_node_2/standard/top_k/patient_129_node_2_standard_top_k_002.png,patient_129_node_2_standard_top_k_002,A,B
c17_native,patient_114,patient_114_node_1,53c93a8aa8d53c9a,4864,146432,256,20,0.9333343505859376,0,0.0,0,0,top_k,1,1d5657e342c149ef8305d568410dbc96,1d5657e342c149ef8305d568410dbc96,standard,0,0,vlm_patches/patient_114_node_1/standard/top_k/patient_114_node_1_standard_top_k_000.png,s3://pershin-medailab/Pathomorphology/CAMELYON/mil/vlm_patches/c17_abmil_vlm_patches_1d5657e342c149ef8305d568410dbc96.tar.gz!/vlm_patches/patient_114_node_1/standard/top_k/patient_114_node_1_standard_top_k_000.png,patient_114_node_1_standard_top_k_000,A,B
c17_native,patient_114,patient_114_node_1,a8255df8afbf231d,50176,143104,256,20,0.9100799560546876,1,1.0,1,1,top_k,2,1d5657e342c149ef8305d568410dbc96,1d5657e342c149ef8305d568410dbc96,standard,0,0,vlm_patches/patient_114_node_1/standard/top_k/patient_114_node_1_standard_top_k_001.png,s3://pershin-medailab/Pathomorphology/CAMELYON/mil/vlm_patches/c17_abmil_vlm_patches_1d5657e342c149ef8305d568410dbc96.tar.gz!/vlm_patches/patient_114_node_1/standard/top_k/patient_114_node_1_standard_top_k_001.png,patient_114_node_1_standard_top_k_001,A,B
c17_native,patient_114,patient_114_node_1,88bc33275ceabbfb,51712,141056,256,20,0.747222900390625,1,1.0,1,1,top_k,3,1d5657e342c149ef8305d568410dbc96,1d5657e342c149ef8305d568410dbc96,standard,0,0,vlm_patches/patient_114_node_1/standard/top_k/patient_114_node_1_standard_top_k_002.png,s3://pershin-medailab/Pathomorphology/CAMELYON/mil/vlm_patches/c17_abmil_vlm_patches_1d5657e342c149ef8305d568410dbc96.tar.gz!/vlm_patches/patient_114_node_1/standard/top_k/patient_114_node_1_standard_top_k_002.png,patient_114_node_1_standard_top_k_002,A,B
c17_native,patient_147,patient_147_node_2,6de40783740f5833,56832,87040,256,20,0.71343994140625,1,1.0,1,1,top_k,1,1d5657e342c149ef8305d568410dbc96,1d5657e342c149ef8305d568410dbc96,standard,0,0,vlm_patches/patient_147_node_2/standard/top_k/patient_147_node_2_standard_top_k_000.png,s3://pershin-medailab/Pathomorphology/CAMELYON/mil/vlm_patches/c17_abmil_vlm_patches_1d5657e342c149ef8305d568410dbc96.tar.gz!/vlm_patches/patient_147_node_2/standard/top_k/patient_147_node_2_standard_top_k_000.png,patient_147_node_2_standard_top_k_000,A,B
c17_native,patient_147,patient_147_node_2,5d59a15424198187,21248,99840,256,20,0.62286376953125,1,1.0,1,1,top_k,2,1d5657e342c149ef8305d568410dbc96,1d5657e342c149ef8305d568410dbc96,standard,0,0,vlm_patches/patient_147_node_2/standard/top_k/patient_147_node_2_standard_top_k_001.png,s3://pershin-medailab/Pathomorphology/CAMELYON/mil/vlm_patches/c17_abmil_vlm_patches_1d5657e342c149ef8305d568410dbc96.tar.gz!/vlm_patches/patient_147_node_2/standard/top_k/patient_147_node_2_standard_top_k_001.png,patient_147_node_2_standard_top_k_001,A,B
c17_native,patient_147,patient_147_node_2,5b5ed71e647d6bcf,22784,100864,256,20,0.69317626953125,1,1.0,1,1,top_k,3,1d5657e342c149ef8305d568410dbc96,1d5657e342c149ef8305d568410dbc96,standard,0,0,vlm_patches/patient_147_node_2/standard/top_k/patient_147_node_2_standard_top_k_002.png,s3://pershin-medailab/Pathomorphology/CAMELYON/mil/vlm_patches/c17_abmil_vlm_patches_1d5657e342c149ef8305d568410dbc96.tar.gz!/vlm_patches/patient_147_node_2/standard/top_k/patient_147_node_2_standard_top_k_002.png,patient_147_node_2_standard_top_k_002,A,B
c17_native,patient_130,patient_130_node_1,0d13d06eb4ddeb87,118016,40960,256,20,0.7519378662109375,1,0.445,1,1,top_k,1,1d5657e342c149ef8305d568410dbc96,1d5657e342c149ef8305d568410dbc96,standard,0,0,vlm_patches/patient_130_node_1/standard/top_k/patient_130_node_1_standard_top_k_000.png,s3://pershin-medailab/Pathomorphology/CAMELYON/mil/vlm_patches/c17_abmil_vlm_patches_1d5657e342c149ef8305d568410dbc96.tar.gz!/vlm_patches/patient_130_node_1/standard/top_k/patient_130_node_1_standard_top_k_000.png,patient_130_node_1_standard_top_k_000,A,B
c17_native,patient_130,patient_130_node_1,a8de8953af2db42b,117760,41216,256,20,0.703948974609375,1,0.6525,1,1,top_k,2,1d5657e342c149ef8305d568410dbc96,1d5657e342c149ef8305d568410dbc96,standard,0,0,vlm_patches/patient_130_node_1/standard/top_k/patient_130_node_1_standard_top_k_001.png,s3://pershin-medailab/Pathomorphology/CAMELYON/mil/vlm_patches/c17_abmil_vlm_patches_1d5657e342c149ef8305d568410dbc96.tar.gz!/vlm_patches/patient_130_node_1/standard/top_k/patient_130_node_1_standard_top_k_001.png,patient_130_node_1_standard_top_k_001,A,B
c17_native,patient_130,patient_130_node_1,586ad77d18ed16be,19968,35584,256,20,0.690521240234375,0,0.4825,0,1,top_k,3,1d5657e342c149ef8305d568410dbc96,1d5657e342c149ef8305d568410dbc96,standard,0,0,vlm_patches/patient_130_node_1/standard/top_k/patient_130_node_1_standard_top_k_002.png,s3://pershin-medailab/Pathomorphology/CAMELYON/mil/vlm_patches/c17_abmil_vlm_patches_1d5657e342c149ef8305d568410dbc96.tar.gz!/vlm_patches/patient_130_node_1/standard/top_k/patient_130_node_1_standard_top_k_002.png,patient_130_node_1_standard_top_k_002,A,B
c17_native,patient_158,patient_158_node_4,5109678cc6956825,52992,131328,256,20,0.9274444580078124,0,0.0,0,0,top_k,1,1d5657e342c149ef8305d568410dbc96,1d5657e342c149ef8305d568410dbc96,standard,0,0,vlm_patches/patient_158_node_4/standard/top_k/patient_158_node_4_standard_top_k_000.png,s3://pershin-medailab/Pathomorphology/CAMELYON/mil/vlm_patches/c17_abmil_vlm_patches_1d5657e342c149ef8305d568410dbc96.tar.gz!/vlm_patches/patient_158_node_4/standard/top_k/patient_158_node_4_standard_top_k_000.png,patient_158_node_4_standard_top_k_000,A,B
c17_native,patient_158,patient_158_node_4,9aea3b6f45f858d7,45568,123392,256,20,0.9689483642578124,0,0.0,0,0,top_k,2,1d5657e342c149ef8305d568410dbc96,1d5657e342c149ef8305d568410dbc96,standard,0,0,vlm_patches/patient_158_node_4/standard/top_k/patient_158_node_4_standard_top_k_001.png,s3://pershin-medailab/Pathomorphology/CAMELYON/mil/vlm_patches/c17_abmil_vlm_patches_1d5657e342c149ef8305d568410dbc96.tar.gz!/vlm_patches/patient_158_node_4/standard/top_k/patient_158_node_4_standard_top_k_001.png,patient_158_node_4_standard_top_k_001,A,B
c17_native,patient_158,patient_158_node_4,92c9975b335d2fd4,51968,133888,256,20,0.974090576171875,0,0.0,0,0,top_k,3,1d5657e342c149ef8305d568410dbc96,1d5657e342c149ef8305d568410dbc96,standard,0,0,vlm_patches/patient_158_node_4/standard/top_k/patient_158_node_4_standard_top_k_002.png,s3://pershin-medailab/Pathomorphology/CAMELYON/mil/vlm_patches/c17_abmil_vlm_patches_1d5657e342c149ef8305d568410dbc96.tar.gz!/vlm_patches/patient_158_node_4/standard/top_k/patient_158_node_4_standard_top_k_002.png,patient_158_node_4_standard_top_k_002,A,B
c17_native,patient_154,patient_154_node_4,c7e4ac88c63db8ec,86016,53248,256,20,0.7367706298828125,0,0.0,0,0,top_k,1,1d5657e342c149ef8305d568410dbc96,1d5657e342c149ef8305d568410dbc96,standard,0,0,vlm_patches/patient_154_node_4/standard/top_k/patient_154_node_4_standard_top_k_000.png,s3://pershin-medailab/Pathomorphology/CAMELYON/mil/vlm_patches/c17_abmil_vlm_patches_1d5657e342c149ef8305d568410dbc96.tar.gz!/vlm_patches/patient_154_node_4/standard/top_k/patient_154_node_4_standard_top_k_000.png,patient_154_node_4_standard_top_k_000,A,B
c17_native,patient_154,patient_154_node_4,4a23e5738b5b405c,86272,52992,256,20,0.78216552734375,0,0.0,0,0,top_k,2,1d5657e342c149ef8305d568410dbc96,1d5657e342c149ef8305d568410dbc96,standard,0,0,vlm_patches/patient_154_node_4/standard/top_k/patient_154_node_4_standard_top_k_001.png,s3://pershin-medailab/Pathomorphology/CAMELYON/mil/vlm_patches/c17_abmil_vlm_patches_1d5657e342c149ef8305d568410dbc96.tar.gz!/vlm_patches/patient_154_node_4/standard/top_k/patient_154_node_4_standard_top_k_001.png,patient_154_node_4_standard_top_k_001,A,B
c17_native,patient_154,patient_154_node_4,9a790d4f7834937b,85760,52480,256,20,0.841766357421875,0,0.0,0,0,top_k,3,1d5657e342c149ef8305d568410dbc96,1d5657e342c149ef8305d568410dbc96,standard,0,0,vlm_patches/patient_154_node_4/standard/top_k/patient_154_node_4_standard_top_k_002.png,s3://pershin-medailab/Pathomorphology/CAMELYON/mil/vlm_patches/c17_abmil_vlm_patches_1d5657e342c149ef8305d568410dbc96.tar.gz!/vlm_patches/patient_154_node_4/standard/top_k/patient_154_node_4_standard_top_k_002.png,patient_154_node_4_standard_top_k_002,A,B
c17_native,patient_101,patient_101_node_0,1de97c7343cf508b,23808,128512,256,20,0.9332733154296876,0,0.0,0,0,top_k,1,1d5657e342c149ef8305d568410dbc96,1d5657e342c149ef8305d568410dbc96,standard,0,0,vlm_patches/patient_101_node_0/standard/top_k/patient_101_node_0_standard_top_k_000.png,s3://pershin-medailab/Pathomorphology/CAMELYON/mil/vlm_patches/c17_abmil_vlm_patches_1d5657e342c149ef8305d568410dbc96.tar.gz!/vlm_patches/patient_101_node_0/standard/top_k/patient_101_node_0_standard_top_k_000.png,patient_101_node_0_standard_top_k_000,A,B
c17_native,patient_101,patient_101_node_0,b68c2cb25a3e3764,45824,175104,256,20,0.9939727783203124,0,0.0,0,0,top_k,2,1d5657e342c149ef8305d568410dbc96,1d5657e342c149ef8305d568410dbc96,standard,0,0,vlm_patches/patient_101_node_0/standard/top_k/patient_101_node_0_standard_top_k_001.png,s3://pershin-medailab/Pathomorphology/CAMELYON/mil/vlm_patches/c17_abmil_vlm_patches_1d5657e342c149ef8305d568410dbc96.tar.gz!/vlm_patches/patient_101_node_0/standard/top_k/patient_101_node_0_standard_top_k_001.png,patient_101_node_0_standard_top_k_001,A,B
c17_native,patient_101,patient_101_node_0,08875bb214d03b37,41728,172032,256,20,0.9968414306640624,0,0.0,0,0,top_k,3,1d5657e342c149ef8305d568410dbc96,1d5657e342c149ef8305d568410dbc96,standard,0,0,vlm_patches/patient_101_node_0/standard/top_k/patient_101_node_0_standard_top_k_002.png,s3://pershin-medailab/Pathomorphology/CAMELYON/mil/vlm_patches/c17_abmil_vlm_patches_1d5657e342c149ef8305d568410dbc96.tar.gz!/vlm_patches/patient_101_node_0/standard/top_k/patient_101_node_0_standard_top_k_002.png,patient_101_node_0_standard_top_k_002,A,B
c17_native,patient_159,patient_159_node_2,ff98a1b586dd5c27,67072,124160,256,20,0.6249542236328125,0,0.0,0,0,top_k,1,1d5657e342c149ef8305d568410dbc96,1d5657e342c149ef8305d568410dbc96,standard,0,0,vlm_patches/patient_159_node_2/standard/top_k/patient_159_node_2_standard_top_k_000.png,s3://pershin-medailab/Pathomorphology/CAMELYON/mil/vlm_patches/c17_abmil_vlm_patches_1d5657e342c149ef8305d568410dbc96.tar.gz!/vlm_patches/patient_159_node_2/standard/top_k/patient_159_node_2_standard_top_k_000.png,patient_159_node_2_standard_top_k_000,A,B
c17_native,patient_159,patient_159_node_2,d3edf6471b6ea2f3,24576,107776,256,20,0.54461669921875,0,0.0,0,0,top_k,2,1d5657e342c149ef8305d568410dbc96,1d5657e342c149ef8305d568410dbc96,standard,0,0,vlm_patches/patient_159_node_2/standard/top_k/patient_159_node_2_standard_top_k_001.png,s3://pershin-medailab/Pathomorphology/CAMELYON/mil/vlm_patches/c17_abmil_vlm_patches_1d5657e342c149ef8305d568410dbc96.tar.gz!/vlm_patches/patient_159_node_2/standard/top_k/patient_159_node_2_standard_top_k_001.png,patient_159_node_2_standard_top_k_001,A,B
c17_native,patient_159,patient_159_node_2,23d802b42d6fde65,27136,107264,256,20,0.542083740234375,0,0.0,0,0,top_k,3,1d5657e342c149ef8305d568410dbc96,1d5657e342c149ef8305d568410dbc96,standard,0,0,vlm_patches/patient_159_node_2/standard/top_k/patient_159_node_2_standard_top_k_002.png,s3://pershin-medailab/Pathomorphology/CAMELYON/mil/vlm_patches/c17_abmil_vlm_patches_1d5657e342c149ef8305d568410dbc96.tar.gz!/vlm_patches/patient_159_node_2/standard/top_k/patient_159_node_2_standard_top_k_002.png,patient_159_node_2_standard_top_k_002,A,B
c17_native,patient_188,patient_188_node_2,66512fe7ed22cc48,46336,93440,256,20,0.98291015625,0,0.0,0,0,top_k,1,1d5657e342c149ef8305d568410dbc96,1d5657e342c149ef8305d568410dbc96,standard,0,0,vlm_patches/patient_188_node_2/standard/top_k/patient_188_node_2_standard_top_k_000.png,s3://pershin-medailab/Pathomorphology/CAMELYON/mil/vlm_patches/c17_abmil_vlm_patches_1d5657e342c149ef8305d568410dbc96.tar.gz!/vlm_patches/patient_188_node_2/standard/top_k/patient_188_node_2_standard_top_k_000.png,patient_188_node_2_standard_top_k_000,A,B
c17_native,patient_188,patient_188_node_2,326e13366b0f388b,44288,91904,256,20,0.9593963623046876,0,0.0,0,0,top_k,2,1d5657e342c149ef8305d568410dbc96,1d5657e342c149ef8305d568410dbc96,standard,0,0,vlm_patches/patient_188_node_2/standard/top_k/patient_188_node_2_standard_top_k_001.png,s3://pershin-medailab/Pathomorphology/CAMELYON/mil/vlm_patches/c17_abmil_vlm_patches_1d5657e342c149ef8305d568410dbc96.tar.gz!/vlm_patches/patient_188_node_2/standard/top_k/patient_188_node_2_standard_top_k_001.png,patient_188_node_2_standard_top_k_001,A,B
c17_native,patient_188,patient_188_node_2,e05d404c00ea3c91,44800,92928,256,20,0.9350433349609376,0,0.0,0,0,top_k,4,1d5657e342c149ef8305d568410dbc96,1d5657e342c149ef8305d568410dbc96,standard,0,0,vlm_patches/patient_188_node_2/standard/top_k/patient_188_node_2_standard_top_k_003.png,s3://pershin-medailab/Pathomorphology/CAMELYON/mil/vlm_patches/c17_abmil_vlm_patches_1d5657e342c149ef8305d568410dbc96.tar.gz!/vlm_patches/patient_188_node_2/standard/top_k/patient_188_node_2_standard_top_k_003.png,patient_188_node_2_standard_top_k_003,A,B
c17_native,patient_143,patient_143_node_3,02165080be79c227,100352,66560,256,20,0.5728302001953125,0,0.0,0,0,top_k,1,1d5657e342c149ef8305d568410dbc96,1d5657e342c149ef8305d568410dbc96,standard,0,0,vlm_patches/patient_143_node_3/standard/top_k/patient_143_node_3_standard_top_k_000.png,s3://pershin-medailab/Pathomorphology/CAMELYON/mil/vlm_patches/c17_abmil_vlm_patches_1d5657e342c149ef8305d568410dbc96.tar.gz!/vlm_patches/patient_143_node_3/standard/top_k/patient_143_node_3_standard_top_k_000.png,patient_143_node_3_standard_top_k_000,A,B
c17_native,patient_143,patient_143_node_3,5cf9eb935e970466,16640,23808,256,20,0.51470947265625,0,0.0,0,0,top_k,2,1d5657e342c149ef8305d568410dbc96,1d5657e342c149ef8305d568410dbc96,standard,0,0,vlm_patches/patient_143_node_3/standard/top_k/patient_143_node_3_standard_top_k_001.png,s3://pershin-medailab/Pathomorphology/CAMELYON/mil/vlm_patches/c17_abmil_vlm_patches_1d5657e342c149ef8305d568410dbc96.tar.gz!/vlm_patches/patient_143_node_3/standard/top_k/patient_143_node_3_standard_top_k_001.png,patient_143_node_3_standard_top_k_001,A,B
c17_native,patient_143,patient_143_node_3,ae04f38a20fe4fc6,16384,27136,256,20,0.6508026123046875,0,0.0,0,0,top_k,3,1d5657e342c149ef8305d568410dbc96,1d5657e342c149ef8305d568410dbc96,standard,0,0,vlm_patches/patient_143_node_3/standard/top_k/patient_143_node_3_standard_top_k_002.png,s3://pershin-medailab/Pathomorphology/CAMELYON/mil/vlm_patches/c17_abmil_vlm_patches_1d5657e342c149ef8305d568410dbc96.tar.gz!/vlm_patches/patient_143_node_3/standard/top_k/patient_143_node_3_standard_top_k_002.png,patient_143_node_3_standard_top_k_002,A,B
c17_native,patient_139,patient_139_node_4,6c063444a6b2a978,43008,140032,256,20,0.9987030029296876,0,0.0,0,0,top_k,1,1d5657e342c149ef8305d568410dbc96,1d5657e342c149ef8305d568410dbc96,standard,0,0,vlm_patches/patient_139_node_4/standard/top_k/patient_139_node_4_standard_top_k_000.png,s3://pershin-medailab/Pathomorphology/CAMELYON/mil/vlm_patches/c17_abmil_vlm_patches_1d5657e342c149ef8305d568410dbc96.tar.gz!/vlm_patches/patient_139_node_4/standard/top_k/patient_139_node_4_standard_top_k_000.png,patient_139_node_4_standard_top_k_000,A,B
c17_native,patient_139,patient_139_node_4,e7433f63a812f436,44032,140544,256,20,0.9972076416015624,0,0.0,0,0,top_k,2,1d5657e342c149ef8305d568410dbc96,1d5657e342c149ef8305d568410dbc96,standard,0,0,vlm_patches/patient_139_node_4/standard/top_k/patient_139_node_4_standard_top_k_001.png,s3://pershin-medailab/Pathomorphology/CAMELYON/mil/vlm_patches/c17_abmil_vlm_patches_1d5657e342c149ef8305d568410dbc96.tar.gz!/vlm_patches/patient_139_node_4/standard/top_k/patient_139_node_4_standard_top_k_001.png,patient_139_node_4_standard_top_k_001,A,B
c17_native,patient_139,patient_139_node_4,84010e8a8d4c0cca,46592,142592,256,20,0.9930572509765624,0,0.0,0,0,top_k,3,1d5657e342c149ef8305d568410dbc96,1d5657e342c149ef8305d568410dbc96,standard,0,0,vlm_patches/patient_139_node_4/standard/top_k/patient_139_node_4_standard_top_k_002.png,s3://pershin-medailab/Pathomorphology/CAMELYON/mil/vlm_patches/c17_abmil_vlm_patches_1d5657e342c149ef8305d568410dbc96.tar.gz!/vlm_patches/patient_139_node_4/standard/top_k/patient_139_node_4_standard_top_k_002.png,patient_139_node_4_standard_top_k_002,A,B
c17_native,patient_174,patient_174_node_0,c2be8425e9874221,20992,8448,256,20,0.8349151611328125,0,0.0,0,0,top_k,1,1d5657e342c149ef8305d568410dbc96,1d5657e342c149ef8305d568410dbc96,standard,0,0,vlm_patches/patient_174_node_0/standard/top_k/patient_174_node_0_standard_top_k_000.png,s3://pershin-medailab/Pathomorphology/CAMELYON/mil/vlm_patches/c17_abmil_vlm_patches_1d5657e342c149ef8305d568410dbc96.tar.gz!/vlm_patches/patient_174_node_0/standard/top_k/patient_174_node_0_standard_top_k_000.png,patient_174_node_0_standard_top_k_000,A,B
c17_native,patient_174,patient_174_node_0,f89dbd071c80a2b5,22272,8192,256,20,0.6918182373046875,0,0.0,0,0,top_k,2,1d5657e342c149ef8305d568410dbc96,1d5657e342c149ef8305d568410dbc96,standard,0,0,vlm_patches/patient_174_node_0/standard/top_k/patient_174_node_0_standard_top_k_001.png,s3://pershin-medailab/Pathomorphology/CAMELYON/mil/vlm_patches/c17_abmil_vlm_patches_1d5657e342c149ef8305d568410dbc96.tar.gz!/vlm_patches/patient_174_node_0/standard/top_k/patient_174_node_0_standard_top_k_001.png,patient_174_node_0_standard_top_k_001,A,B
c17_native,patient_174,patient_174_node_0,271d258476a5ee7f,21248,8448,256,20,0.74957275390625,0,0.0,0,0,top_k,3,1d5657e342c149ef8305d568410dbc96,1d5657e342c149ef8305d568410dbc96,standard,0,0,vlm_patches/patient_174_node_0/standard/top_k/patient_174_node_0_standard_top_k_002.png,s3://pershin-medailab/Pathomorphology/CAMELYON/mil/vlm_patches/c17_abmil_vlm_patches_1d5657e342c149ef8305d568410dbc96.tar.gz!/vlm_patches/patient_174_node_0/standard/top_k/patient_174_node_0_standard_top_k_002.png,patient_174_node_0_standard_top_k_002,A,B
c17_native,patient_162,patient_162_node_4,c58fcd01350294cc,15872,45824,256,20,0.9615325927734376,0,0.0,0,0,top_k,1,1d5657e342c149ef8305d568410dbc96,1d5657e342c149ef8305d568410dbc96,standard,0,0,vlm_patches/patient_162_node_4/standard/top_k/patient_162_node_4_standard_top_k_000.png,s3://pershin-medailab/Pathomorphology/CAMELYON/mil/vlm_patches/c17_abmil_vlm_patches_1d5657e342c149ef8305d568410dbc96.tar.gz!/vlm_patches/patient_162_node_4/standard/top_k/patient_162_node_4_standard_top_k_000.png,patient_162_node_4_standard_top_k_000,A,B
c17_native,patient_162,patient_162_node_4,e40e072b0c2616bb,7680,36608,256,20,0.1716156005859375,0,0.0,0,0,top_k,2,1d5657e342c149ef8305d568410dbc96,1d5657e342c149ef8305d568410dbc96,standard,0,0,vlm_patches/patient_162_node_4/standard/top_k/patient_162_node_4_standard_top_k_001.png,s3://pershin-medailab/Pathomorphology/CAMELYON/mil/vlm_patches/c17_abmil_vlm_patches_1d5657e342c149ef8305d568410dbc96.tar.gz!/vlm_patches/patient_162_node_4/standard/top_k/patient_162_node_4_standard_top_k_001.png,patient_162_node_4_standard_top_k_001,A,B
c17_native,patient_162,patient_162_node_4,cc96165ef430cdc3,102656,43008,256,20,0.966522216796875,0,0.0,0,0,top_k,3,1d5657e342c149ef8305d568410dbc96,1d5657e342c149ef8305d568410dbc96,standard,0,0,vlm_patches/patient_162_node_4/standard/top_k/patient_162_node_4_standard_top_k_002.png,s3://pershin-medailab/Pathomorphology/CAMELYON/mil/vlm_patches/c17_abmil_vlm_patches_1d5657e342c149ef8305d568410dbc96.tar.gz!/vlm_patches/patient_162_node_4/standard/top_k/patient_162_node_4_standard_top_k_002.png,patient_162_node_4_standard_top_k_002,A,B
c17_native,patient_141,patient_141_node_0,f49a6fea7118cbbf,146176,20736,256,20,0.559844970703125,0,0.0,0,0,top_k,1,1d5657e342c149ef8305d568410dbc96,1d5657e342c149ef8305d568410dbc96,standard,0,0,vlm_patches/patient_141_node_0/standard/top_k/patient_141_node_0_standard_top_k_000.png,s3://pershin-medailab/Pathomorphology/CAMELYON/mil/vlm_patches/c17_abmil_vlm_patches_1d5657e342c149ef8305d568410dbc96.tar.gz!/vlm_patches/patient_141_node_0/standard/top_k/patient_141_node_0_standard_top_k_000.png,patient_141_node_0_standard_top_k_000,A,B
c17_native,patient_141,patient_141_node_0,37361e1e910e182d,100608,26368,256,20,0.8200836181640625,0,0.0,0,0,top_k,2,1d5657e342c149ef8305d568410dbc96,1d5657e342c149ef8305d568410dbc96,standard,0,0,vlm_patches/patient_141_node_0/standard/top_k/patient_141_node_0_standard_top_k_001.png,s3://pershin-medailab/Pathomorphology/CAMELYON/mil/vlm_patches/c17_abmil_vlm_patches_1d5657e342c149ef8305d568410dbc96.tar.gz!/vlm_patches/patient_141_node_0/standard/top_k/patient_141_node_0_standard_top_k_001.png,patient_141_node_0_standard_top_k_001,A,B
c17_native,patient_141,patient_141_node_0,059f0a1010ae32ca,148992,19456,256,20,0.7373504638671875,0,0.0,0,0,top_k,3,1d5657e342c149ef8305d568410dbc96,1d5657e342c149ef8305d568410dbc96,standard,0,0,vlm_patches/patient_141_node_0/standard/top_k/patient_141_node_0_standard_top_k_002.png,s3://pershin-medailab/Pathomorphology/CAMELYON/mil/vlm_patches/c17_abmil_vlm_patches_1d5657e342c149ef8305d568410dbc96.tar.gz!/vlm_patches/patient_141_node_0/standard/top_k/patient_141_node_0_standard_top_k_002.png,patient_141_node_0_standard_top_k_002,A,B
c17_native,patient_185,patient_185_node_1,9d0345353dbc4d70,33792,145664,256,20,0.859619140625,0,0.0,0,0,top_k,1,1d5657e342c149ef8305d568410dbc96,1d5657e342c149ef8305d568410dbc96,standard,0,0,vlm_patches/patient_185_node_1/standard/top_k/patient_185_node_1_standard_top_k_000.png,s3://pershin-medailab/Pathomorphology/CAMELYON/mil/vlm_patches/c17_abmil_vlm_patches_1d5657e342c149ef8305d568410dbc96.tar.gz!/vlm_patches/patient_185_node_1/standard/top_k/patient_185_node_1_standard_top_k_000.png,patient_185_node_1_standard_top_k_000,A,B
c17_native,patient_185,patient_185_node_1,4f110e93c765ea0c,26368,144384,256,20,0.9243316650390624,0,0.0,0,0,top_k,2,1d5657e342c149ef8305d568410dbc96,1d5657e342c149ef8305d568410dbc96,standard,0,0,vlm_patches/patient_185_node_1/standard/top_k/patient_185_node_1_standard_top_k_001.png,s3://pershin-medailab/Pathomorphology/CAMELYON/mil/vlm_patches/c17_abmil_vlm_patches_1d5657e342c149ef8305d568410dbc96.tar.gz!/vlm_patches/patient_185_node_1/standard/top_k/patient_185_node_1_standard_top_k_001.png,patient_185_node_1_standard_top_k_001,A,B
c17_native,patient_185,patient_185_node_1,fd366259ab3a1955,33024,145408,256,20,0.861724853515625,0,0.0,0,0,top_k,3,1d5657e342c149ef8305d568410dbc96,1d5657e342c149ef8305d568410dbc96,standard,0,0,vlm_patches/patient_185_node_1/standard/top_k/patient_185_node_1_standard_top_k_002.png,s3://pershin-medailab/Pathomorphology/CAMELYON/mil/vlm_patches/c17_abmil_vlm_patches_1d5657e342c149ef8305d568410dbc96.tar.gz!/vlm_patches/patient_185_node_1/standard/top_k/patient_185_node_1_standard_top_k_002.png,patient_185_node_1_standard_top_k_002,A,B
c17_native,patient_165,patient_165_node_3,b2ef5f2bce20b24c,77056,163072,256,20,0.957489013671875,0,0.0,0,0,top_k,1,1d5657e342c149ef8305d568410dbc96,1d5657e342c149ef8305d568410dbc96,standard,0,0,vlm_patches/patient_165_node_3/standard/top_k/patient_165_node_3_standard_top_k_000.png,s3://pershin-medailab/Pathomorphology/CAMELYON/mil/vlm_patches/c17_abmil_vlm_patches_1d5657e342c149ef8305d568410dbc96.tar.gz!/vlm_patches/patient_165_node_3/standard/top_k/patient_165_node_3_standard_top_k_000.png,patient_165_node_3_standard_top_k_000,A,B
c17_native,patient_165,patient_165_node_3,2998a0271e979019,73216,79872,256,20,0.97222900390625,0,0.0,0,0,top_k,3,1d5657e342c149ef8305d568410dbc96,1d5657e342c149ef8305d568410dbc96,standard,0,0,vlm_patches/patient_165_node_3/standard/top_k/patient_165_node_3_standard_top_k_002.png,s3://pershin-medailab/Pathomorphology/CAMELYON/mil/vlm_patches/c17_abmil_vlm_patches_1d5657e342c149ef8305d568410dbc96.tar.gz!/vlm_patches/patient_165_node_3/standard/top_k/patient_165_node_3_standard_top_k_002.png,patient_165_node_3_standard_top_k_002,A,B
c17_native,patient_165,patient_165_node_3,2a4d40c836aef29f,72960,79616,256,20,0.9935150146484376,0,0.0,0,0,top_k,5,1d5657e342c149ef8305d568410dbc96,1d5657e342c149ef8305d568410dbc96,standard,0,0,vlm_patches/patient_165_node_3/standard/top_k/patient_165_node_3_standard_top_k_004.png,s3://pershin-medailab/Pathomorphology/CAMELYON/mil/vlm_patches/c17_abmil_vlm_patches_1d5657e342c149ef8305d568410dbc96.tar.gz!/vlm_patches/patient_165_node_3/standard/top_k/patient_165_node_3_standard_top_k_004.png,patient_165_node_3_standard_top_k_004,A,B
c17_native,patient_129,patient_129_node_4,8a58f4d322a4b950,24320,82688,256,20,0.973724365234375,0,0.0,0,0,top_k,1,1d5657e342c149ef8305d568410dbc96,1d5657e342c149ef8305d568410dbc96,standard,0,0,vlm_patches/patient_129_node_4/standard/top_k/patient_129_node_4_standard_top_k_000.png,s3://pershin-medailab/Pathomorphology/CAMELYON/mil/vlm_patches/c17_abmil_vlm_patches_1d5657e342c149ef8305d568410dbc96.tar.gz!/vlm_patches/patient_129_node_4/standard/top_k/patient_129_node_4_standard_top_k_000.png,patient_129_node_4_standard_top_k_000,A,B
c17_native,patient_129,patient_129_node_4,36e8a63d6df86421,24832,82944,256,20,0.974273681640625,0,0.0,0,0,top_k,2,1d5657e342c149ef8305d568410dbc96,1d5657e342c149ef8305d568410dbc96,standard,0,0,vlm_patches/patient_129_node_4/standard/top_k/patient_129_node_4_standard_top_k_001.png,s3://pershin-medailab/Pathomorphology/CAMELYON/mil/vlm_patches/c17_abmil_vlm_patches_1d5657e342c149ef8305d568410dbc96.tar.gz!/vlm_patches/patient_129_node_4/standard/top_k/patient_129_node_4_standard_top_k_001.png,patient_129_node_4_standard_top_k_001,A,B
c17_native,patient_129,patient_129_node_4,8594ac74376f7fb5,63744,90112,256,20,0.963623046875,0,0.0,0,0,top_k,3,1d5657e342c149ef8305d568410dbc96,1d5657e342c149ef8305d568410dbc96,standard,0,0,vlm_patches/patient_129_node_4/standard/top_k/patient_129_node_4_standard_top_k_002.png,s3://pershin-medailab/Pathomorphology/CAMELYON/mil/vlm_patches/c17_abmil_vlm_patches_1d5657e342c149ef8305d568410dbc96.tar.gz!/vlm_patches/patient_129_node_4/standard/top_k/patient_129_node_4_standard_top_k_002.png,patient_129_node_4_standard_top_k_002,A,B
c17_native,patient_111,patient_111_node_1,e2c1c1265f670fc6,28416,84224,256,20,0.3163299560546875,0,0.0,0,0,top_k,1,1d5657e342c149ef8305d568410dbc96,1d5657e342c149ef8305d568410dbc96,standard,0,0,vlm_patches/patient_111_node_1/standard/top_k/patient_111_node_1_standard_top_k_000.png,s3://pershin-medailab/Pathomorphology/CAMELYON/mil/vlm_patches/c17_abmil_vlm_patches_1d5657e342c149ef8305d568410dbc96.tar.gz!/vlm_patches/patient_111_node_1/standard/top_k/patient_111_node_1_standard_top_k_000.png,patient_111_node_1_standard_top_k_000,A,B
c17_native,patient_111,patient_111_node_1,dd8ea60d40a54d6d,37376,99584,256,20,0.5078277587890625,0,0.0,0,0,top_k,2,1d5657e342c149ef8305d568410dbc96,1d5657e342c149ef8305d568410dbc96,standard,0,0,vlm_patches/patient_111_node_1/standard/top_k/patient_111_node_1_standard_top_k_001.png,s3://pershin-medailab/Pathomorphology/CAMELYON/mil/vlm_patches/c17_abmil_vlm_patches_1d5657e342c149ef8305d568410dbc96.tar.gz!/vlm_patches/patient_111_node_1/standard/top_k/patient_111_node_1_standard_top_k_001.png,patient_111_node_1_standard_top_k_001,A,B
c17_native,patient_111,patient_111_node_1,460e25680e97a64f,27904,92672,256,20,0.674774169921875,0,0.0,0,0,top_k,3,1d5657e342c149ef8305d568410dbc96,1d5657e342c149ef8305d568410dbc96,standard,0,0,vlm_patches/patient_111_node_1/standard/top_k/patient_111_node_1_standard_top_k_002.png,s3://pershin-medailab/Pathomorphology/CAMELYON/mil/vlm_patches/c17_abmil_vlm_patches_1d5657e342c149ef8305d568410dbc96.tar.gz!/vlm_patches/patient_111_node_1/standard/top_k/patient_111_node_1_standard_top_k_002.png,patient_111_node_1_standard_top_k_002,A,B
c17_native,patient_101,patient_101_node_3,ec84b08a665a5cc3,74240,133632,256,20,0.95489501953125,0,0.0,0,0,top_k,1,1d5657e342c149ef8305d568410dbc96,1d5657e342c149ef8305d568410dbc96,standard,0,0,vlm_patches/patient_101_node_3/standard/top_k/patient_101_node_3_standard_top_k_000.png,s3://pershin-medailab/Pathomorphology/CAMELYON/mil/vlm_patches/c17_abmil_vlm_patches_1d5657e342c149ef8305d568410dbc96.tar.gz!/vlm_patches/patient_101_node_3/standard/top_k/patient_101_node_3_standard_top_k_000.png,patient_101_node_3_standard_top_k_000,A,B
c17_native,patient_101,patient_101_node_3,3b6a5df34cf78741,65280,164608,256,20,0.9282379150390624,0,0.0,0,0,top_k,2,1d5657e342c149ef8305d568410dbc96,1d5657e342c149ef8305d568410dbc96,standard,0,0,vlm_patches/patient_101_node_3/standard/top_k/patient_101_node_3_standard_top_k_001.png,s3://pershin-medailab/Pathomorphology/CAMELYON/mil/vlm_patches/c17_abmil_vlm_patches_1d5657e342c149ef8305d568410dbc96.tar.gz!/vlm_patches/patient_101_node_3/standard/top_k/patient_101_node_3_standard_top_k_001.png,patient_101_node_3_standard_top_k_001,A,B
c17_native,patient_101,patient_101_node_3,2d958eebefd6ed57,46848,180224,256,20,0.8511505126953125,0,0.0,0,0,top_k,3,1d5657e342c149ef8305d568410dbc96,1d5657e342c149ef8305d568410dbc96,standard,0,0,vlm_patches/patient_101_node_3/standard/top_k/patient_101_node_3_standard_top_k_002.png,s3://pershin-medailab/Pathomorphology/CAMELYON/mil/vlm_patches/c17_abmil_vlm_patches_1d5657e342c149ef8305d568410dbc96.tar.gz!/vlm_patches/patient_101_node_3/standard/top_k/patient_101_node_3_standard_top_k_002.png,patient_101_node_3_standard_top_k_002,A,B
c17_native,patient_185,patient_185_node_3,be6abda00a249f98,10240,112384,256,20,0.989013671875,0,0.0,0,0,top_k,1,1d5657e342c149ef8305d568410dbc96,1d5657e342c149ef8305d568410dbc96,standard,0,0,vlm_patches/patient_185_node_3/standard/top_k/patient_185_node_3_standard_top_k_000.png,s3://pershin-medailab/Pathomorphology/CAMELYON/mil/vlm_patches/c17_abmil_vlm_patches_1d5657e342c149ef8305d568410dbc96.tar.gz!/vlm_patches/patient_185_node_3/standard/top_k/patient_185_node_3_standard_top_k_000.png,patient_185_node_3_standard_top_k_000,A,B
c17_native,patient_185,patient_185_node_3,f41667d537e651a1,16384,136448,256,20,0.94036865234375,0,0.0,0,0,top_k,2,1d5657e342c149ef8305d568410dbc96,1d5657e342c149ef8305d568410dbc96,standard,0,0,vlm_patches/patient_185_node_3/standard/top_k/patient_185_node_3_standard_top_k_001.png,s3://pershin-medailab/Pathomorphology/CAMELYON/mil/vlm_patches/c17_abmil_vlm_patches_1d5657e342c149ef8305d568410dbc96.tar.gz!/vlm_patches/patient_185_node_3/standard/top_k/patient_185_node_3_standard_top_k_001.png,patient_185_node_3_standard_top_k_001,A,B
c17_native,patient_185,patient_185_node_3,b388cb65539b9e6c,8960,146432,256,20,0.9731292724609376,0,0.0,0,0,top_k,3,1d5657e342c149ef8305d568410dbc96,1d5657e342c149ef8305d568410dbc96,standard,0,0,vlm_patches/patient_185_node_3/standard/top_k/patient_185_node_3_standard_top_k_002.png,s3://pershin-medailab/Pathomorphology/CAMELYON/mil/vlm_patches/c17_abmil_vlm_patches_1d5657e342c149ef8305d568410dbc96.tar.gz!/vlm_patches/patient_185_node_3/standard/top_k/patient_185_node_3_standard_top_k_002.png,patient_185_node_3_standard_top_k_002,A,B
c17_native,patient_193,patient_193_node_1,144a9fa65aab024e,55808,26624,256,20,0.9641876220703124,0,0.0,0,0,top_k,1,1d5657e342c149ef8305d568410dbc96,1d5657e342c149ef8305d568410dbc96,standard,0,0,vlm_patches/patient_193_node_1/standard/top_k/patient_193_node_1_standard_top_k_000.png,s3://pershin-medailab/Pathomorphology/CAMELYON/mil/vlm_patches/c17_abmil_vlm_patches_1d5657e342c149ef8305d568410dbc96.tar.gz!/vlm_patches/patient_193_node_1/standard/top_k/patient_193_node_1_standard_top_k_000.png,patient_193_node_1_standard_top_k_000,A,B
c17_native,patient_193,patient_193_node_1,a2ddb5b2c36caf42,66304,22528,256,20,0.841094970703125,0,0.0,0,0,top_k,2,1d5657e342c149ef8305d568410dbc96,1d5657e342c149ef8305d568410dbc96,standard,0,0,vlm_patches/patient_193_node_1/standard/top_k/patient_193_node_1_standard_top_k_001.png,s3://pershin-medailab/Pathomorphology/CAMELYON/mil/vlm_patches/c17_abmil_vlm_patches_1d5657e342c149ef8305d568410dbc96.tar.gz!/vlm_patches/patient_193_node_1/standard/top_k/patient_193_node_1_standard_top_k_001.png,patient_193_node_1_standard_top_k_001,A,B
c17_native,patient_193,patient_193_node_1,7963311ffba6a981,79872,61440,256,20,0.952117919921875,0,0.0,0,0,top_k,3,1d5657e342c149ef8305d568410dbc96,1d5657e342c149ef8305d568410dbc96,standard,0,0,vlm_patches/patient_193_node_1/standard/top_k/patient_193_node_1_standard_top_k_002.png,s3://pershin-medailab/Pathomorphology/CAMELYON/mil/vlm_patches/c17_abmil_vlm_patches_1d5657e342c149ef8305d568410dbc96.tar.gz!/vlm_patches/patient_193_node_1/standard/top_k/patient_193_node_1_standard_top_k_002.png,patient_193_node_1_standard_top_k_002,A,B
c17_native,patient_152,patient_152_node_1,7f07df19eae2d224,58624,146688,256,20,0.8890380859375,0,0.0,0,0,top_k,1,1d5657e342c149ef8305d568410dbc96,1d5657e342c149ef8305d568410dbc96,standard,0,0,vlm_patches/patient_152_node_1/standard/top_k/patient_152_node_1_standard_top_k_000.png,s3://pershin-medailab/Pathomorphology/CAMELYON/mil/vlm_patches/c17_abmil_vlm_patches_1d5657e342c149ef8305d568410dbc96.tar.gz!/vlm_patches/patient_152_node_1/standard/top_k/patient_152_node_1_standard_top_k_000.png,patient_152_node_1_standard_top_k_000,A,B
c17_native,patient_152,patient_152_node_1,85e7026760dba3fd,39936,169472,256,20,0.9116058349609376,0,0.0,0,0,top_k,2,1d5657e342c149ef8305d568410dbc96,1d5657e342c149ef8305d568410dbc96,standard,0,0,vlm_patches/patient_152_node_1/standard/top_k/patient_152_node_1_standard_top_k_001.png,s3://pershin-medailab/Pathomorphology/CAMELYON/mil/vlm_patches/c17_abmil_vlm_patches_1d5657e342c149ef8305d568410dbc96.tar.gz!/vlm_patches/patient_152_node_1/standard/top_k/patient_152_node_1_standard_top_k_001.png,patient_152_node_1_standard_top_k_001,A,B
c17_native,patient_152,patient_152_node_1,9794295032781ce3,57856,147200,256,20,0.774688720703125,0,0.0,0,0,top_k,3,1d5657e342c149ef8305d568410dbc96,1d5657e342c149ef8305d568410dbc96,standard,0,0,vlm_patches/patient_152_node_1/standard/top_k/patient_152_node_1_standard_top_k_002.png,s3://pershin-medailab/Pathomorphology/CAMELYON/mil/vlm_patches/c17_abmil_vlm_patches_1d5657e342c149ef8305d568410dbc96.tar.gz!/vlm_patches/patient_152_node_1/standard/top_k/patient_152_node_1_standard_top_k_002.png,patient_152_node_1_standard_top_k_002,A,B
c17_native,patient_114,patient_114_node_4,fabfd38377d927f5,36608,105984,256,20,0.673248291015625,0,0.0,0,0,top_k,1,1d5657e342c149ef8305d568410dbc96,1d5657e342c149ef8305d568410dbc96,standard,0,0,vlm_patches/patient_114_node_4/standard/top_k/patient_114_node_4_standard_top_k_000.png,s3://pershin-medailab/Pathomorphology/CAMELYON/mil/vlm_patches/c17_abmil_vlm_patches_1d5657e342c149ef8305d568410dbc96.tar.gz!/vlm_patches/patient_114_node_4/standard/top_k/patient_114_node_4_standard_top_k_000.png,patient_114_node_4_standard_top_k_000,A,B
c17_native,patient_114,patient_114_node_4,ca912f59c66330c2,36096,106496,256,20,0.5460357666015625,0,0.0,0,0,top_k,2,1d5657e342c149ef8305d568410dbc96,1d5657e342c149ef8305d568410dbc96,standard,0,0,vlm_patches/patient_114_node_4/standard/top_k/patient_114_node_4_standard_top_k_001.png,s3://pershin-medailab/Pathomorphology/CAMELYON/mil/vlm_patches/c17_abmil_vlm_patches_1d5657e342c149ef8305d568410dbc96.tar.gz!/vlm_patches/patient_114_node_4/standard/top_k/patient_114_node_4_standard_top_k_001.png,patient_114_node_4_standard_top_k_001,A,B
c17_native,patient_114,patient_114_node_4,18754c5a7d9dcd38,39168,172800,256,20,0.3863067626953125,0,0.0,0,0,top_k,3,1d5657e342c149ef8305d568410dbc96,1d5657e342c149ef8305d568410dbc96,standard,0,0,vlm_patches/patient_114_node_4/standard/top_k/patient_114_node_4_standard_top_k_002.png,s3://pershin-medailab/Pathomorphology/CAMELYON/mil/vlm_patches/c17_abmil_vlm_patches_1d5657e342c149ef8305d568410dbc96.tar.gz!/vlm_patches/patient_114_node_4/standard/top_k/patient_114_node_4_standard_top_k_002.png,patient_114_node_4_standard_top_k_002,A,B
c17_native,patient_128,patient_128_node_4,96fcc33da8f733f1,44544,129024,256,20,0.9937286376953124,0,0.0,0,0,top_k,1,1d5657e342c149ef8305d568410dbc96,1d5657e342c149ef8305d568410dbc96,standard,0,0,vlm_patches/patient_128_node_4/standard/top_k/patient_128_node_4_standard_top_k_000.png,s3://pershin-medailab/Pathomorphology/CAMELYON/mil/vlm_patches/c17_abmil_vlm_patches_1d5657e342c149ef8305d568410dbc96.tar.gz!/vlm_patches/patient_128_node_4/standard/top_k/patient_128_node_4_standard_top_k_000.png,patient_128_node_4_standard_top_k_000,A,B
c17_native,patient_128,patient_128_node_4,6302d460034a41e3,44544,129536,256,20,0.9989013671875,0,0.0,0,0,top_k,2,1d5657e342c149ef8305d568410dbc96,1d5657e342c149ef8305d568410dbc96,standard,0,0,vlm_patches/patient_128_node_4/standard/top_k/patient_128_node_4_standard_top_k_001.png,s3://pershin-medailab/Pathomorphology/CAMELYON/mil/vlm_patches/c17_abmil_vlm_patches_1d5657e342c149ef8305d568410dbc96.tar.gz!/vlm_patches/patient_128_node_4/standard/top_k/patient_128_node_4_standard_top_k_001.png,patient_128_node_4_standard_top_k_001,A,B
c17_native,patient_128,patient_128_node_4,fcc8766a1296c4bb,44800,129280,256,20,0.99639892578125,0,0.0,0,0,top_k,3,1d5657e342c149ef8305d568410dbc96,1d5657e342c149ef8305d568410dbc96,standard,0,0,vlm_patches/patient_128_node_4/standard/top_k/patient_128_node_4_standard_top_k_002.png,s3://pershin-medailab/Pathomorphology/CAMELYON/mil/vlm_patches/c17_abmil_vlm_patches_1d5657e342c149ef8305d568410dbc96.tar.gz!/vlm_patches/patient_128_node_4/standard/top_k/patient_128_node_4_standard_top_k_002.png,patient_128_node_4_standard_top_k_002,A,B
c17_native,patient_101,patient_101_node_2,447f0399f4ac6692,50432,143360,256,20,0.9437103271484376,0,0.0,0,0,top_k,1,1d5657e342c149ef8305d568410dbc96,1d5657e342c149ef8305d568410dbc96,standard,0,0,vlm_patches/patient_101_node_2/standard/top_k/patient_101_node_2_standard_top_k_000.png,s3://pershin-medailab/Pathomorphology/CAMELYON/mil/vlm_patches/c17_abmil_vlm_patches_1d5657e342c149ef8305d568410dbc96.tar.gz!/vlm_patches/patient_101_node_2/standard/top_k/patient_101_node_2_standard_top_k_000.png,patient_101_node_2_standard_top_k_000,A,B
c17_native,patient_101,patient_101_node_2,b68bbf5c89ab6b3c,52480,143360,256,20,0.891265869140625,0,0.0,0,0,top_k,2,1d5657e342c149ef8305d568410dbc96,1d5657e342c149ef8305d568410dbc96,standard,0,0,vlm_patches/patient_101_node_2/standard/top_k/patient_101_node_2_standard_top_k_001.png,s3://pershin-medailab/Pathomorphology/CAMELYON/mil/vlm_patches/c17_abmil_vlm_patches_1d5657e342c149ef8305d568410dbc96.tar.gz!/vlm_patches/patient_101_node_2/standard/top_k/patient_101_node_2_standard_top_k_001.png,patient_101_node_2_standard_top_k_001,A,B
c17_native,patient_101,patient_101_node_2,22376cf6cfa52223,44288,147712,256,20,0.9607086181640624,0,0.0,0,0,top_k,3,1d5657e342c149ef8305d568410dbc96,1d5657e342c149ef8305d568410dbc96,standard,0,0,vlm_patches/patient_101_node_2/standard/top_k/patient_101_node_2_standard_top_k_002.png,s3://pershin-medailab/Pathomorphology/CAMELYON/mil/vlm_patches/c17_abmil_vlm_patches_1d5657e342c149ef8305d568410dbc96.tar.gz!/vlm_patches/patient_101_node_2/standard/top_k/patient_101_node_2_standard_top_k_002.png,patient_101_node_2_standard_top_k_002,A,B
c17_native,patient_199,patient_199_node_1,5dac8f0416685850,141056,40448,256,20,0.9997406005859376,0,0.0,0,0,top_k,1,1d5657e342c149ef8305d568410dbc96,1d5657e342c149ef8305d568410dbc96,standard,0,0,vlm_patches/patient_199_node_1/standard/top_k/patient_199_node_1_standard_top_k_000.png,s3://pershin-medailab/Pathomorphology/CAMELYON/mil/vlm_patches/c17_abmil_vlm_patches_1d5657e342c149ef8305d568410dbc96.tar.gz!/vlm_patches/patient_199_node_1/standard/top_k/patient_199_node_1_standard_top_k_000.png,patient_199_node_1_standard_top_k_000,A,B
c17_native,patient_199,patient_199_node_1,9595261d19e219de,118272,63488,256,20,0.99310302734375,0,0.0,0,0,top_k,2,1d5657e342c149ef8305d568410dbc96,1d5657e342c149ef8305d568410dbc96,standard,0,0,vlm_patches/patient_199_node_1/standard/top_k/patient_199_node_1_standard_top_k_001.png,s3://pershin-medailab/Pathomorphology/CAMELYON/mil/vlm_patches/c17_abmil_vlm_patches_1d5657e342c149ef8305d568410dbc96.tar.gz!/vlm_patches/patient_199_node_1/standard/top_k/patient_199_node_1_standard_top_k_001.png,patient_199_node_1_standard_top_k_001,A,B
c17_native,patient_199,patient_199_node_1,514536025b97c5c0,118016,58880,256,20,0.991790771484375,0,0.0,0,0,top_k,3,1d5657e342c149ef8305d568410dbc96,1d5657e342c149ef8305d568410dbc96,standard,0,0,vlm_patches/patient_199_node_1/standard/top_k/patient_199_node_1_standard_top_k_002.png,s3://pershin-medailab/Pathomorphology/CAMELYON/mil/vlm_patches/c17_abmil_vlm_patches_1d5657e342c149ef8305d568410dbc96.tar.gz!/vlm_patches/patient_199_node_1/standard/top_k/patient_199_node_1_standard_top_k_002.png,patient_199_node_1_standard_top_k_002,A,B
c17_native,patient_130,patient_130_node_4,e937874f9fe10724,95232,9216,256,20,0.9958648681640624,0,0.0,0,0,top_k,1,1d5657e342c149ef8305d568410dbc96,1d5657e342c149ef8305d568410dbc96,standard,0,0,vlm_patches/patient_130_node_4/standard/top_k/patient_130_node_4_standard_top_k_000.png,s3://pershin-medailab/Pathomorphology/CAMELYON/mil/vlm_patches/c17_abmil_vlm_patches_1d5657e342c149ef8305d568410dbc96.tar.gz!/vlm_patches/patient_130_node_4/standard/top_k/patient_130_node_4_standard_top_k_000.png,patient_130_node_4_standard_top_k_000,A,B
c17_native,patient_130,patient_130_node_4,9004283f54e86de8,9728,45568,256,20,0.904937744140625,0,0.0,0,0,top_k,2,1d5657e342c149ef8305d568410dbc96,1d5657e342c149ef8305d568410dbc96,standard,0,0,vlm_patches/patient_130_node_4/standard/top_k/patient_130_node_4_standard_top_k_001.png,s3://pershin-medailab/Pathomorphology/CAMELYON/mil/vlm_patches/c17_abmil_vlm_patches_1d5657e342c149ef8305d568410dbc96.tar.gz!/vlm_patches/patient_130_node_4/standard/top_k/patient_130_node_4_standard_top_k_001.png,patient_130_node_4_standard_top_k_001,A,B
c17_native,patient_130,patient_130_node_4,30f48aea934247bf,7424,44544,256,20,0.9039764404296876,0,0.0,0,0,top_k,3,1d5657e342c149ef8305d568410dbc96,1d5657e342c149ef8305d568410dbc96,standard,0,0,vlm_patches/patient_130_node_4/standard/top_k/patient_130_node_4_standard_top_k_002.png,s3://pershin-medailab/Pathomorphology/CAMELYON/mil/vlm_patches/c17_abmil_vlm_patches_1d5657e342c149ef8305d568410dbc96.tar.gz!/vlm_patches/patient_130_node_4/standard/top_k/patient_130_node_4_standard_top_k_002.png,patient_130_node_4_standard_top_k_002,A,B
c17_native,patient_121,patient_121_node_0,692bc7329c3d93d3,59904,83968,256,20,0.91192626953125,0,0.0,0,0,top_k,1,1d5657e342c149ef8305d568410dbc96,1d5657e342c149ef8305d568410dbc96,standard,0,0,vlm_patches/patient_121_node_0/standard/top_k/patient_121_node_0_standard_top_k_000.png,s3://pershin-medailab/Pathomorphology/CAMELYON/mil/vlm_patches/c17_abmil_vlm_patches_1d5657e342c149ef8305d568410dbc96.tar.gz!/vlm_patches/patient_121_node_0/standard/top_k/patient_121_node_0_standard_top_k_000.png,patient_121_node_0_standard_top_k_000,A,B
c17_native,patient_121,patient_121_node_0,a036b84c5d953c5f,37376,89600,256,20,0.9752044677734376,0,0.0,0,0,top_k,2,1d5657e342c149ef8305d568410dbc96,1d5657e342c149ef8305d568410dbc96,standard,0,0,vlm_patches/patient_121_node_0/standard/top_k/patient_121_node_0_standard_top_k_001.png,s3://pershin-medailab/Pathomorphology/CAMELYON/mil/vlm_patches/c17_abmil_vlm_patches_1d5657e342c149ef8305d568410dbc96.tar.gz!/vlm_patches/patient_121_node_0/standard/top_k/patient_121_node_0_standard_top_k_001.png,patient_121_node_0_standard_top_k_001,A,B
c17_native,patient_121,patient_121_node_0,26334c9bf681c4ed,59904,84736,256,20,0.9510345458984376,0,0.0,0,0,top_k,3,1d5657e342c149ef8305d568410dbc96,1d5657e342c149ef8305d568410dbc96,standard,0,0,vlm_patches/patient_121_node_0/standard/top_k/patient_121_node_0_standard_top_k_002.png,s3://pershin-medailab/Pathomorphology/CAMELYON/mil/vlm_patches/c17_abmil_vlm_patches_1d5657e342c149ef8305d568410dbc96.tar.gz!/vlm_patches/patient_121_node_0/standard/top_k/patient_121_node_0_standard_top_k_002.png,patient_121_node_0_standard_top_k_002,A,B
c17_native,patient_104,patient_104_node_4,13d6fff2187bd842,109056,59136,256,20,0.969573974609375,0,0.0,0,0,top_k,1,1d5657e342c149ef8305d568410dbc96,1d5657e342c149ef8305d568410dbc96,standard,0,0,vlm_patches/patient_104_node_4/standard/top_k/patient_104_node_4_standard_top_k_000.png,s3://pershin-medailab/Pathomorphology/CAMELYON/mil/vlm_patches/c17_abmil_vlm_patches_1d5657e342c149ef8305d568410dbc96.tar.gz!/vlm_patches/patient_104_node_4/standard/top_k/patient_104_node_4_standard_top_k_000.png,patient_104_node_4_standard_top_k_000,A,B
c17_native,patient_104,patient_104_node_4,850ba3b1bcbc0f7e,85760,65536,256,20,0.997711181640625,0,0.0,0,0,top_k,2,1d5657e342c149ef8305d568410dbc96,1d5657e342c149ef8305d568410dbc96,standard,0,0,vlm_patches/patient_104_node_4/standard/top_k/patient_104_node_4_standard_top_k_001.png,s3://pershin-medailab/Pathomorphology/CAMELYON/mil/vlm_patches/c17_abmil_vlm_patches_1d5657e342c149ef8305d568410dbc96.tar.gz!/vlm_patches/patient_104_node_4/standard/top_k/patient_104_node_4_standard_top_k_001.png,patient_104_node_4_standard_top_k_001,A,B
c17_native,patient_104,patient_104_node_4,8cde98d63114d217,88320,65536,256,20,0.9974822998046876,0,0.0,0,0,top_k,3,1d5657e342c149ef8305d568410dbc96,1d5657e342c149ef8305d568410dbc96,standard,0,0,vlm_patches/patient_104_node_4/standard/top_k/patient_104_node_4_standard_top_k_002.png,s3://pershin-medailab/Pathomorphology/CAMELYON/mil/vlm_patches/c17_abmil_vlm_patches_1d5657e342c149ef8305d568410dbc96.tar.gz!/vlm_patches/patient_104_node_4/standard/top_k/patient_104_node_4_standard_top_k_002.png,patient_104_node_4_standard_top_k_002,A,B
c17_native,patient_161,patient_161_node_0,9d5d160bb97246ae,31488,85504,256,20,0.7169342041015625,0,0.0,0,0,top_k,1,1d5657e342c149ef8305d568410dbc96,1d5657e342c149ef8305d568410dbc96,standard,0,0,vlm_patches/patient_161_node_0/standard/top_k/patient_161_node_0_standard_top_k_000.png,s3://pershin-medailab/Pathomorphology/CAMELYON/mil/vlm_patches/c17_abmil_vlm_patches_1d5657e342c149ef8305d568410dbc96.tar.gz!/vlm_patches/patient_161_node_0/standard/top_k/patient_161_node_0_standard_top_k_000.png,patient_161_node_0_standard_top_k_000,A,B
c17_native,patient_161,patient_161_node_0,f5dfbe2cbf97abe4,39424,100608,256,20,0.8331451416015625,0,0.0,0,0,top_k,2,1d5657e342c149ef8305d568410dbc96,1d5657e342c149ef8305d568410dbc96,standard,0,0,vlm_patches/patient_161_node_0/standard/top_k/patient_161_node_0_standard_top_k_001.png,s3://pershin-medailab/Pathomorphology/CAMELYON/mil/vlm_patches/c17_abmil_vlm_patches_1d5657e342c149ef8305d568410dbc96.tar.gz!/vlm_patches/patient_161_node_0/standard/top_k/patient_161_node_0_standard_top_k_001.png,patient_161_node_0_standard_top_k_001,A,B
c17_native,patient_161,patient_161_node_0,2a53a2fbd8d3b9f4,71168,75776,256,20,0.745452880859375,0,0.0,0,0,top_k,3,1d5657e342c149ef8305d568410dbc96,1d5657e342c149ef8305d568410dbc96,standard,0,0,vlm_patches/patient_161_node_0/standard/top_k/patient_161_node_0_standard_top_k_002.png,s3://pershin-medailab/Pathomorphology/CAMELYON/mil/vlm_patches/c17_abmil_vlm_patches_1d5657e342c149ef8305d568410dbc96.tar.gz!/vlm_patches/patient_161_node_0/standard/top_k/patient_161_node_0_standard_top_k_002.png,patient_161_node_0_standard_top_k_002,A,B
c17_native,patient_152,patient_152_node_4,934e70299ceeb46a,57600,175616,256,20,0.7698822021484375,0,0.0,0,0,top_k,1,1d5657e342c149ef8305d568410dbc96,1d5657e342c149ef8305d568410dbc96,standard,0,0,vlm_patches/patient_152_node_4/standard/top_k/patient_152_node_4_standard_top_k_000.png,s3://pershin-medailab/Pathomorphology/CAMELYON/mil/vlm_patches/c17_abmil_vlm_patches_1d5657e342c149ef8305d568410dbc96.tar.gz!/vlm_patches/patient_152_node_4/standard/top_k/patient_152_node_4_standard_top_k_000.png,patient_152_node_4_standard_top_k_000,A,B
c17_native,patient_152,patient_152_node_4,be2ba823c67068f8,25600,118272,256,20,0.9084014892578124,0,0.0,0,0,top_k,2,1d5657e342c149ef8305d568410dbc96,1d5657e342c149ef8305d568410dbc96,standard,0,0,vlm_patches/patient_152_node_4/standard/top_k/patient_152_node_4_standard_top_k_001.png,s3://pershin-medailab/Pathomorphology/CAMELYON/mil/vlm_patches/c17_abmil_vlm_patches_1d5657e342c149ef8305d568410dbc96.tar.gz!/vlm_patches/patient_152_node_4/standard/top_k/patient_152_node_4_standard_top_k_001.png,patient_152_node_4_standard_top_k_001,A,B
c17_native,patient_152,patient_152_node_4,a5d5d55be73f77fd,57600,177408,256,20,0.9296417236328124,0,0.0,0,0,top_k,3,1d5657e342c149ef8305d568410dbc96,1d5657e342c149ef8305d568410dbc96,standard,0,0,vlm_patches/patient_152_node_4/standard/top_k/patient_152_node_4_standard_top_k_002.png,s3://pershin-medailab/Pathomorphology/CAMELYON/mil/vlm_patches/c17_abmil_vlm_patches_1d5657e342c149ef8305d568410dbc96.tar.gz!/vlm_patches/patient_152_node_4/standard/top_k/patient_152_node_4_standard_top_k_002.png,patient_152_node_4_standard_top_k_002,A,B
c17_native,patient_160,patient_160_node_4,e0104a04d25ee1e1,30720,56064,256,20,0.76153564453125,0,0.0,0,0,top_k,1,1d5657e342c149ef8305d568410dbc96,1d5657e342c149ef8305d568410dbc96,standard,0,0,vlm_patches/patient_160_node_4/standard/top_k/patient_160_node_4_standard_top_k_000.png,s3://pershin-medailab/Pathomorphology/CAMELYON/mil/vlm_patches/c17_abmil_vlm_patches_1d5657e342c149ef8305d568410dbc96.tar.gz!/vlm_patches/patient_160_node_4/standard/top_k/patient_160_node_4_standard_top_k_000.png,patient_160_node_4_standard_top_k_000,A,B
c17_native,patient_160,patient_160_node_4,7f64060cad3ebb08,59904,146688,256,20,0.936767578125,0,0.0,0,0,top_k,2,1d5657e342c149ef8305d568410dbc96,1d5657e342c149ef8305d568410dbc96,standard,0,0,vlm_patches/patient_160_node_4/standard/top_k/patient_160_node_4_standard_top_k_001.png,s3://pershin-medailab/Pathomorphology/CAMELYON/mil/vlm_patches/c17_abmil_vlm_patches_1d5657e342c149ef8305d568410dbc96.tar.gz!/vlm_patches/patient_160_node_4/standard/top_k/patient_160_node_4_standard_top_k_001.png,patient_160_node_4_standard_top_k_001,A,B
c17_native,patient_160,patient_160_node_4,33882978a2d8ab3b,33280,55808,256,20,0.7058563232421875,0,0.0,0,0,top_k,3,1d5657e342c149ef8305d568410dbc96,1d5657e342c149ef8305d568410dbc96,standard,0,0,vlm_patches/patient_160_node_4/standard/top_k/patient_160_node_4_standard_top_k_002.png,s3://pershin-medailab/Pathomorphology/CAMELYON/mil/vlm_patches/c17_abmil_vlm_patches_1d5657e342c149ef8305d568410dbc96.tar.gz!/vlm_patches/patient_160_node_4/standard/top_k/patient_160_node_4_standard_top_k_002.png,patient_160_node_4_standard_top_k_002,A,B
c17_native,patient_116,patient_116_node_2,28f5d2d4dc321d6d,52480,104704,256,20,0.96533203125,0,0.0,0,0,top_k,1,1d5657e342c149ef8305d568410dbc96,1d5657e342c149ef8305d568410dbc96,standard,0,0,vlm_patches/patient_116_node_2/standard/top_k/patient_116_node_2_standard_top_k_000.png,s3://pershin-medailab/Pathomorphology/CAMELYON/mil/vlm_patches/c17_abmil_vlm_patches_1d5657e342c149ef8305d568410dbc96.tar.gz!/vlm_patches/patient_116_node_2/standard/top_k/patient_116_node_2_standard_top_k_000.png,patient_116_node_2_standard_top_k_000,A,B
c17_native,patient_116,patient_116_node_2,da353b0f3d6960c1,52736,104960,256,20,0.952850341796875,0,0.0,0,0,top_k,2,1d5657e342c149ef8305d568410dbc96,1d5657e342c149ef8305d568410dbc96,standard,0,0,vlm_patches/patient_116_node_2/standard/top_k/patient_116_node_2_standard_top_k_001.png,s3://pershin-medailab/Pathomorphology/CAMELYON/mil/vlm_patches/c17_abmil_vlm_patches_1d5657e342c149ef8305d568410dbc96.tar.gz!/vlm_patches/patient_116_node_2/standard/top_k/patient_116_node_2_standard_top_k_001.png,patient_116_node_2_standard_top_k_001,A,B
c17_native,patient_116,patient_116_node_2,3d47118cd2fdcf20,52736,100864,256,20,0.9471588134765624,0,0.0,0,0,top_k,3,1d5657e342c149ef8305d568410dbc96,1d5657e342c149ef8305d568410dbc96,standard,0,0,vlm_patches/patient_116_node_2/standard/top_k/patient_116_node_2_standard_top_k_002.png,s3://pershin-medailab/Pathomorphology/CAMELYON/mil/vlm_patches/c17_abmil_vlm_patches_1d5657e342c149ef8305d568410dbc96.tar.gz!/vlm_patches/patient_116_node_2/standard/top_k/patient_116_node_2_standard_top_k_002.png,patient_116_node_2_standard_top_k_002,A,B
c17_native,patient_115,patient_115_node_3,e92345e3a49d1266,125184,89344,256,20,0.790924072265625,0,0.0,0,0,top_k,1,1d5657e342c149ef8305d568410dbc96,1d5657e342c149ef8305d568410dbc96,standard,0,0,vlm_patches/patient_115_node_3/standard/top_k/patient_115_node_3_standard_top_k_000.png,s3://pershin-medailab/Pathomorphology/CAMELYON/mil/vlm_patches/c17_abmil_vlm_patches_1d5657e342c149ef8305d568410dbc96.tar.gz!/vlm_patches/patient_115_node_3/standard/top_k/patient_115_node_3_standard_top_k_000.png,patient_115_node_3_standard_top_k_000,A,B
c17_native,patient_115,patient_115_node_3,752fa77d24bec21f,124672,90368,256,20,0.848663330078125,0,0.0,0,0,top_k,2,1d5657e342c149ef8305d568410dbc96,1d5657e342c149ef8305d568410dbc96,standard,0,0,vlm_patches/patient_115_node_3/standard/top_k/patient_115_node_3_standard_top_k_001.png,s3://pershin-medailab/Pathomorphology/CAMELYON/mil/vlm_patches/c17_abmil_vlm_patches_1d5657e342c149ef8305d568410dbc96.tar.gz!/vlm_patches/patient_115_node_3/standard/top_k/patient_115_node_3_standard_top_k_001.png,patient_115_node_3_standard_top_k_001,A,B
c17_native,patient_115,patient_115_node_3,7b350ccf194f44b0,124416,91136,256,20,0.8522491455078125,0,0.0,0,0,top_k,3,1d5657e342c149ef8305d568410dbc96,1d5657e342c149ef8305d568410dbc96,standard,0,0,vlm_patches/patient_115_node_3/standard/top_k/patient_115_node_3_standard_top_k_002.png,s3://pershin-medailab/Pathomorphology/CAMELYON/mil/vlm_patches/c17_abmil_vlm_patches_1d5657e342c149ef8305d568410dbc96.tar.gz!/vlm_patches/patient_115_node_3/standard/top_k/patient_115_node_3_standard_top_k_002.png,patient_115_node_3_standard_top_k_002,A,B
c17_native,patient_155,patient_155_node_1,245a98d5b466d478,59648,167680,256,20,0.965301513671875,0,0.0,0,0,top_k,1,1d5657e342c149ef8305d568410dbc96,1d5657e342c149ef8305d568410dbc96,standard,0,0,vlm_patches/patient_155_node_1/standard/top_k/patient_155_node_1_standard_top_k_000.png,s3://pershin-medailab/Pathomorphology/CAMELYON/mil/vlm_patches/c17_abmil_vlm_patches_1d5657e342c149ef8305d568410dbc96.tar.gz!/vlm_patches/patient_155_node_1/standard/top_k/patient_155_node_1_standard_top_k_000.png,patient_155_node_1_standard_top_k_000,A,B
c17_native,patient_155,patient_155_node_1,79ed2badf4fbc622,59904,167936,256,20,0.9737701416015624,0,0.0,0,0,top_k,2,1d5657e342c149ef8305d568410dbc96,1d5657e342c149ef8305d568410dbc96,standard,0,0,vlm_patches/patient_155_node_1/standard/top_k/patient_155_node_1_standard_top_k_001.png,s3://pershin-medailab/Pathomorphology/CAMELYON/mil/vlm_patches/c17_abmil_vlm_patches_1d5657e342c149ef8305d568410dbc96.tar.gz!/vlm_patches/patient_155_node_1/standard/top_k/patient_155_node_1_standard_top_k_001.png,patient_155_node_1_standard_top_k_001,A,B
c17_native,patient_155,patient_155_node_1,0fbfdeba0928de85,60160,161024,256,20,0.9725189208984376,0,0.0,0,0,top_k,3,1d5657e342c149ef8305d568410dbc96,1d5657e342c149ef8305d568410dbc96,standard,0,0,vlm_patches/patient_155_node_1/standard/top_k/patient_155_node_1_standard_top_k_002.png,s3://pershin-medailab/Pathomorphology/CAMELYON/mil/vlm_patches/c17_abmil_vlm_patches_1d5657e342c149ef8305d568410dbc96.tar.gz!/vlm_patches/patient_155_node_1/standard/top_k/patient_155_node_1_standard_top_k_002.png,patient_155_node_1_standard_top_k_002,A,B
c17_native,patient_113,patient_113_node_4,3f0848b98ce67ae6,16896,163840,256,20,0.7103729248046875,0,0.0,0,0,top_k,1,1d5657e342c149ef8305d568410dbc96,1d5657e342c149ef8305d568410dbc96,standard,0,0,vlm_patches/patient_113_node_4/standard/top_k/patient_113_node_4_standard_top_k_000.png,s3://pershin-medailab/Pathomorphology/CAMELYON/mil/vlm_patches/c17_abmil_vlm_patches_1d5657e342c149ef8305d568410dbc96.tar.gz!/vlm_patches/patient_113_node_4/standard/top_k/patient_113_node_4_standard_top_k_000.png,patient_113_node_4_standard_top_k_000,A,B
c17_native,patient_113,patient_113_node_4,52ac48bdcbb742c8,17152,164352,256,20,0.6082305908203125,0,0.0,0,0,top_k,2,1d5657e342c149ef8305d568410dbc96,1d5657e342c149ef8305d568410dbc96,standard,0,0,vlm_patches/patient_113_node_4/standard/top_k/patient_113_node_4_standard_top_k_001.png,s3://pershin-medailab/Pathomorphology/CAMELYON/mil/vlm_patches/c17_abmil_vlm_patches_1d5657e342c149ef8305d568410dbc96.tar.gz!/vlm_patches/patient_113_node_4/standard/top_k/patient_113_node_4_standard_top_k_001.png,patient_113_node_4_standard_top_k_001,A,B
c17_native,patient_113,patient_113_node_4,7a5ffd88a043fb6e,45056,104960,256,20,0.9814300537109376,0,0.0,0,0,top_k,3,1d5657e342c149ef8305d568410dbc96,1d5657e342c149ef8305d568410dbc96,standard,0,0,vlm_patches/patient_113_node_4/standard/top_k/patient_113_node_4_standard_top_k_002.png,s3://pershin-medailab/Pathomorphology/CAMELYON/mil/vlm_patches/c17_abmil_vlm_patches_1d5657e342c149ef8305d568410dbc96.tar.gz!/vlm_patches/patient_113_node_4/standard/top_k/patient_113_node_4_standard_top_k_002.png,patient_113_node_4_standard_top_k_002,A,B
c17_native,patient_167,patient_167_node_2,b6b529fca2b32744,78080,48640,256,20,0.6759033203125,0,0.0,0,0,top_k,1,1d5657e342c149ef8305d568410dbc96,1d5657e342c149ef8305d568410dbc96,standard,0,0,vlm_patches/patient_167_node_2/standard/top_k/patient_167_node_2_standard_top_k_000.png,s3://pershin-medailab/Pathomorphology/CAMELYON/mil/vlm_patches/c17_abmil_vlm_patches_1d5657e342c149ef8305d568410dbc96.tar.gz!/vlm_patches/patient_167_node_2/standard/top_k/patient_167_node_2_standard_top_k_000.png,patient_167_node_2_standard_top_k_000,A,B
c17_native,patient_167,patient_167_node_2,9fa93415caed6517,11264,64512,256,20,0.874298095703125,0,0.0,0,0,top_k,2,1d5657e342c149ef8305d568410dbc96,1d5657e342c149ef8305d568410dbc96,standard,0,0,vlm_patches/patient_167_node_2/standard/top_k/patient_167_node_2_standard_top_k_001.png,s3://pershin-medailab/Pathomorphology/CAMELYON/mil/vlm_patches/c17_abmil_vlm_patches_1d5657e342c149ef8305d568410dbc96.tar.gz!/vlm_patches/patient_167_node_2/standard/top_k/patient_167_node_2_standard_top_k_001.png,patient_167_node_2_standard_top_k_001,A,B
c17_native,patient_167,patient_167_node_2,eb412d12dedd5247,5888,56832,256,20,0.8904876708984375,0,0.0,0,0,top_k,3,1d5657e342c149ef8305d568410dbc96,1d5657e342c149ef8305d568410dbc96,standard,0,0,vlm_patches/patient_167_node_2/standard/top_k/patient_167_node_2_standard_top_k_002.png,s3://pershin-medailab/Pathomorphology/CAMELYON/mil/vlm_patches/c17_abmil_vlm_patches_1d5657e342c149ef8305d568410dbc96.tar.gz!/vlm_patches/patient_167_node_2/standard/top_k/patient_167_node_2_standard_top_k_002.png,patient_167_node_2_standard_top_k_002,A,B
c17_native,patient_103,patient_103_node_4,d90dac9cd3f17c39,46592,99584,256,20,0.903839111328125,0,0.0,0,0,top_k,1,1d5657e342c149ef8305d568410dbc96,1d5657e342c149ef8305d568410dbc96,standard,0,0,vlm_patches/patient_103_node_4/standard/top_k/patient_103_node_4_standard_top_k_000.png,s3://pershin-medailab/Pathomorphology/CAMELYON/mil/vlm_patches/c17_abmil_vlm_patches_1d5657e342c149ef8305d568410dbc96.tar.gz!/vlm_patches/patient_103_node_4/standard/top_k/patient_103_node_4_standard_top_k_000.png,patient_103_node_4_standard_top_k_000,A,B
c17_native,patient_103,patient_103_node_4,c042a2fa17a417a4,36608,70400,256,20,0.76605224609375,0,0.0,0,0,top_k,3,1d5657e342c149ef8305d568410dbc96,1d5657e342c149ef8305d568410dbc96,standard,0,0,vlm_patches/patient_103_node_4/standard/top_k/patient_103_node_4_standard_top_k_002.png,s3://pershin-medailab/Pathomorphology/CAMELYON/mil/vlm_patches/c17_abmil_vlm_patches_1d5657e342c149ef8305d568410dbc96.tar.gz!/vlm_patches/patient_103_node_4/standard/top_k/patient_103_node_4_standard_top_k_002.png,patient_103_node_4_standard_top_k_002,A,B
c17_native,patient_103,patient_103_node_4,27d621d3db2fe485,52224,88576,256,20,0.82904052734375,0,0.0,0,0,top_k,4,1d5657e342c149ef8305d568410dbc96,1d5657e342c149ef8305d568410dbc96,standard,0,0,vlm_patches/patient_103_node_4/standard/top_k/patient_103_node_4_standard_top_k_003.png,s3://pershin-medailab/Pathomorphology/CAMELYON/mil/vlm_patches/c17_abmil_vlm_patches_1d5657e342c149ef8305d568410dbc96.tar.gz!/vlm_patches/patient_103_node_4/standard/top_k/patient_103_node_4_standard_top_k_003.png,patient_103_node_4_standard_top_k_003,A,B
c17_native,patient_115,patient_115_node_0,681a60b47ba2cc14,69632,39936,256,20,0.6728057861328125,0,0.0,0,0,top_k,1,1d5657e342c149ef8305d568410dbc96,1d5657e342c149ef8305d568410dbc96,standard,0,0,vlm_patches/patient_115_node_0/standard/top_k/patient_115_node_0_standard_top_k_000.png,s3://pershin-medailab/Pathomorphology/CAMELYON/mil/vlm_patches/c17_abmil_vlm_patches_1d5657e342c149ef8305d568410dbc96.tar.gz!/vlm_patches/patient_115_node_0/standard/top_k/patient_115_node_0_standard_top_k_000.png,patient_115_node_0_standard_top_k_000,A,B
c17_native,patient_115,patient_115_node_0,567ee4cc79bdedab,81920,38144,256,20,0.68603515625,0,0.0,0,0,top_k,2,1d5657e342c149ef8305d568410dbc96,1d5657e342c149ef8305d568410dbc96,standard,0,0,vlm_patches/patient_115_node_0/standard/top_k/patient_115_node_0_standard_top_k_001.png,s3://pershin-medailab/Pathomorphology/CAMELYON/mil/vlm_patches/c17_abmil_vlm_patches_1d5657e342c149ef8305d568410dbc96.tar.gz!/vlm_patches/patient_115_node_0/standard/top_k/patient_115_node_0_standard_top_k_001.png,patient_115_node_0_standard_top_k_001,A,B
c17_native,patient_115,patient_115_node_0,4174ab7453364878,67328,32768,256,20,0.6969146728515625,0,0.0,0,0,top_k,3,1d5657e342c149ef8305d568410dbc96,1d5657e342c149ef8305d568410dbc96,standard,0,0,vlm_patches/patient_115_node_0/standard/top_k/patient_115_node_0_standard_top_k_002.png,s3://pershin-medailab/Pathomorphology/CAMELYON/mil/vlm_patches/c17_abmil_vlm_patches_1d5657e342c149ef8305d568410dbc96.tar.gz!/vlm_patches/patient_115_node_0/standard/top_k/patient_115_node_0_standard_top_k_002.png,patient_115_node_0_standard_top_k_002,A,B
c17_native,patient_164,patient_164_node_4,30609c525022d99d,69376,21760,256,20,0.983978271484375,0,0.0,0,0,top_k,1,1d5657e342c149ef8305d568410dbc96,1d5657e342c149ef8305d568410dbc96,standard,0,0,vlm_patches/patient_164_node_4/standard/top_k/patient_164_node_4_standard_top_k_000.png,s3://pershin-medailab/Pathomorphology/CAMELYON/mil/vlm_patches/c17_abmil_vlm_patches_1d5657e342c149ef8305d568410dbc96.tar.gz!/vlm_patches/patient_164_node_4/standard/top_k/patient_164_node_4_standard_top_k_000.png,patient_164_node_4_standard_top_k_000,A,B
c17_native,patient_164,patient_164_node_4,ceb02efc8ab31421,72192,22784,256,20,0.98150634765625,0,0.0,0,0,top_k,2,1d5657e342c149ef8305d568410dbc96,1d5657e342c149ef8305d568410dbc96,standard,0,0,vlm_patches/patient_164_node_4/standard/top_k/patient_164_node_4_standard_top_k_001.png,s3://pershin-medailab/Pathomorphology/CAMELYON/mil/vlm_patches/c17_abmil_vlm_patches_1d5657e342c149ef8305d568410dbc96.tar.gz!/vlm_patches/patient_164_node_4/standard/top_k/patient_164_node_4_standard_top_k_001.png,patient_164_node_4_standard_top_k_001,A,B
c17_native,patient_164,patient_164_node_4,0a2cc903eb0cd643,15104,23040,256,20,0.9871063232421876,0,0.0,0,0,top_k,3,1d5657e342c149ef8305d568410dbc96,1d5657e342c149ef8305d568410dbc96,standard,0,0,vlm_patches/patient_164_node_4/standard/top_k/patient_164_node_4_standard_top_k_002.png,s3://pershin-medailab/Pathomorphology/CAMELYON/mil/vlm_patches/c17_abmil_vlm_patches_1d5657e342c149ef8305d568410dbc96.tar.gz!/vlm_patches/patient_164_node_4/standard/top_k/patient_164_node_4_standard_top_k_002.png,patient_164_node_4_standard_top_k_002,A,B
c17_native,patient_143,patient_143_node_1,4e3e5d5c4d735f04,46080,34816,256,20,0.616455078125,0,0.0,0,0,top_k,1,1d5657e342c149ef8305d568410dbc96,1d5657e342c149ef8305d568410dbc96,standard,0,0,vlm_patches/patient_143_node_1/standard/top_k/patient_143_node_1_standard_top_k_000.png,s3://pershin-medailab/Pathomorphology/CAMELYON/mil/vlm_patches/c17_abmil_vlm_patches_1d5657e342c149ef8305d568410dbc96.tar.gz!/vlm_patches/patient_143_node_1/standard/top_k/patient_143_node_1_standard_top_k_000.png,patient_143_node_1_standard_top_k_000,A,B
c17_native,patient_143,patient_143_node_1,c6422991b8cd30e8,45824,34816,256,20,0.5939788818359375,0,0.0,0,0,top_k,2,1d5657e342c149ef8305d568410dbc96,1d5657e342c149ef8305d568410dbc96,standard,0,0,vlm_patches/patient_143_node_1/standard/top_k/patient_143_node_1_standard_top_k_001.png,s3://pershin-medailab/Pathomorphology/CAMELYON/mil/vlm_patches/c17_abmil_vlm_patches_1d5657e342c149ef8305d568410dbc96.tar.gz!/vlm_patches/patient_143_node_1/standard/top_k/patient_143_node_1_standard_top_k_001.png,patient_143_node_1_standard_top_k_001,A,B
c17_native,patient_143,patient_143_node_1,b180462b3ed9c9ff,46080,34560,256,20,0.579620361328125,0,0.0,0,0,top_k,3,1d5657e342c149ef8305d568410dbc96,1d5657e342c149ef8305d568410dbc96,standard,0,0,vlm_patches/patient_143_node_1/standard/top_k/patient_143_node_1_standard_top_k_002.png,s3://pershin-medailab/Pathomorphology/CAMELYON/mil/vlm_patches/c17_abmil_vlm_patches_1d5657e342c149ef8305d568410dbc96.tar.gz!/vlm_patches/patient_143_node_1/standard/top_k/patient_143_node_1_standard_top_k_002.png,patient_143_node_1_standard_top_k_002,A,B
c17_native,patient_103,patient_103_node_3,ee22d6d466e0c78f,47360,125184,256,20,0.7461395263671875,0,0.0,0,0,top_k,1,1d5657e342c149ef8305d568410dbc96,1d5657e342c149ef8305d568410dbc96,standard,0,0,vlm_patches/patient_103_node_3/standard/top_k/patient_103_node_3_standard_top_k_000.png,s3://pershin-medailab/Pathomorphology/CAMELYON/mil/vlm_patches/c17_abmil_vlm_patches_1d5657e342c149ef8305d568410dbc96.tar.gz!/vlm_patches/patient_103_node_3/standard/top_k/patient_103_node_3_standard_top_k_000.png,patient_103_node_3_standard_top_k_000,A,B
c17_native,patient_103,patient_103_node_3,f1cf6e2add7fec4a,47104,123904,256,20,0.6468505859375,0,0.0,0,0,top_k,2,1d5657e342c149ef8305d568410dbc96,1d5657e342c149ef8305d568410dbc96,standard,0,0,vlm_patches/patient_103_node_3/standard/top_k/patient_103_node_3_standard_top_k_001.png,s3://pershin-medailab/Pathomorphology/CAMELYON/mil/vlm_patches/c17_abmil_vlm_patches_1d5657e342c149ef8305d568410dbc96.tar.gz!/vlm_patches/patient_103_node_3/standard/top_k/patient_103_node_3_standard_top_k_001.png,patient_103_node_3_standard_top_k_001,A,B
c17_native,patient_103,patient_103_node_3,0946ceb7958428b2,47616,124928,256,20,0.7510223388671875,0,0.0,0,0,top_k,3,1d5657e342c149ef8305d568410dbc96,1d5657e342c149ef8305d568410dbc96,standard,0,0,vlm_patches/patient_103_node_3/standard/top_k/patient_103_node_3_standard_top_k_002.png,s3://pershin-medailab/Pathomorphology/CAMELYON/mil/vlm_patches/c17_abmil_vlm_patches_1d5657e342c149ef8305d568410dbc96.tar.gz!/vlm_patches/patient_103_node_3/standard/top_k/patient_103_node_3_standard_top_k_002.png,patient_103_node_3_standard_top_k_002,A,B
c17_native,patient_154,patient_154_node_3,7d762f6ac28a1e76,102912,58368,256,20,0.9990386962890624,0,0.0,0,0,top_k,1,1d5657e342c149ef8305d568410dbc96,1d5657e342c149ef8305d568410dbc96,standard,0,0,vlm_patches/patient_154_node_3/standard/top_k/patient_154_node_3_standard_top_k_000.png,s3://pershin-medailab/Pathomorphology/CAMELYON/mil/vlm_patches/c17_abmil_vlm_patches_1d5657e342c149ef8305d568410dbc96.tar.gz!/vlm_patches/patient_154_node_3/standard/top_k/patient_154_node_3_standard_top_k_000.png,patient_154_node_3_standard_top_k_000,A,B
c17_native,patient_154,patient_154_node_3,1f199930f95d401e,16896,74496,256,20,0.9344940185546876,0,0.0,0,0,top_k,2,1d5657e342c149ef8305d568410dbc96,1d5657e342c149ef8305d568410dbc96,standard,0,0,vlm_patches/patient_154_node_3/standard/top_k/patient_154_node_3_standard_top_k_001.png,s3://pershin-medailab/Pathomorphology/CAMELYON/mil/vlm_patches/c17_abmil_vlm_patches_1d5657e342c149ef8305d568410dbc96.tar.gz!/vlm_patches/patient_154_node_3/standard/top_k/patient_154_node_3_standard_top_k_001.png,patient_154_node_3_standard_top_k_001,A,B
c17_native,patient_154,patient_154_node_3,0236ecff5d1e2d71,119296,52992,256,20,0.989044189453125,0,0.0,0,0,top_k,3,1d5657e342c149ef8305d568410dbc96,1d5657e342c149ef8305d568410dbc96,standard,0,0,vlm_patches/patient_154_node_3/standard/top_k/patient_154_node_3_standard_top_k_002.png,s3://pershin-medailab/Pathomorphology/CAMELYON/mil/vlm_patches/c17_abmil_vlm_patches_1d5657e342c149ef8305d568410dbc96.tar.gz!/vlm_patches/patient_154_node_3/standard/top_k/patient_154_node_3_standard_top_k_002.png,patient_154_node_3_standard_top_k_002,A,B
c17_native,patient_189,patient_189_node_0,e969e13dbd6e7cfc,19968,122880,256,20,0.916961669921875,0,0.0,0,0,top_k,1,1d5657e342c149ef8305d568410dbc96,1d5657e342c149ef8305d568410dbc96,standard,0,0,vlm_patches/patient_189_node_0/standard/top_k/patient_189_node_0_standard_top_k_000.png,s3://pershin-medailab/Pathomorphology/CAMELYON/mil/vlm_patches/c17_abmil_vlm_patches_1d5657e342c149ef8305d568410dbc96.tar.gz!/vlm_patches/patient_189_node_0/standard/top_k/patient_189_node_0_standard_top_k_000.png,patient_189_node_0_standard_top_k_000,A,B
c17_native,patient_189,patient_189_node_0,c3f6ddfabf065120,36352,82688,256,20,0.813446044921875,0,0.0,0,0,top_k,2,1d5657e342c149ef8305d568410dbc96,1d5657e342c149ef8305d568410dbc96,standard,0,0,vlm_patches/patient_189_node_0/standard/top_k/patient_189_node_0_standard_top_k_001.png,s3://pershin-medailab/Pathomorphology/CAMELYON/mil/vlm_patches/c17_abmil_vlm_patches_1d5657e342c149ef8305d568410dbc96.tar.gz!/vlm_patches/patient_189_node_0/standard/top_k/patient_189_node_0_standard_top_k_001.png,patient_189_node_0_standard_top_k_001,A,B
c17_native,patient_189,patient_189_node_0,52401d90337ac503,65536,61440,256,20,0.698211669921875,0,0.0,0,0,top_k,3,1d5657e342c149ef8305d568410dbc96,1d5657e342c149ef8305d568410dbc96,standard,0,0,vlm_patches/patient_189_node_0/standard/top_k/patient_189_node_0_standard_top_k_002.png,s3://pershin-medailab/Pathomorphology/CAMELYON/mil/vlm_patches/c17_abmil_vlm_patches_1d5657e342c149ef8305d568410dbc96.tar.gz!/vlm_patches/patient_189_node_0/standard/top_k/patient_189_node_0_standard_top_k_002.png,patient_189_node_0_standard_top_k_002,A,B
c17_native,patient_103,patient_103_node_2,0299d0a2bc6ab435,27392,102144,256,20,0.737884521484375,1,1.0,1,1,top_k,1,1d5657e342c149ef8305d568410dbc96,1d5657e342c149ef8305d568410dbc96,standard,0,0,vlm_patches/patient_103_node_2/standard/top_k/patient_103_node_2_standard_top_k_000.png,s3://pershin-medailab/Pathomorphology/CAMELYON/mil/vlm_patches/c17_abmil_vlm_patches_1d5657e342c149ef8305d568410dbc96.tar.gz!/vlm_patches/patient_103_node_2/standard/top_k/patient_103_node_2_standard_top_k_000.png,patient_103_node_2_standard_top_k_000,C,A
c17_native,patient_103,patient_103_node_2,bb198c30206af38e,32512,97792,256,20,0.658782958984375,1,1.0,1,1,top_k,2,1d5657e342c149ef8305d568410dbc96,1d5657e342c149ef8305d568410dbc96,standard,0,0,vlm_patches/patient_103_node_2/standard/top_k/patient_103_node_2_standard_top_k_001.png,s3://pershin-medailab/Pathomorphology/CAMELYON/mil/vlm_patches/c17_abmil_vlm_patches_1d5657e342c149ef8305d568410dbc96.tar.gz!/vlm_patches/patient_103_node_2/standard/top_k/patient_103_node_2_standard_top_k_001.png,patient_103_node_2_standard_top_k_001,C,A
c17_native,patient_103,patient_103_node_2,87340b3134ae02a4,28160,90880,256,20,0.701324462890625,1,1.0,1,1,top_k,3,1d5657e342c149ef8305d568410dbc96,1d5657e342c149ef8305d568410dbc96,standard,0,0,vlm_patches/patient_103_node_2/standard/top_k/patient_103_node_2_standard_top_k_002.png,s3://pershin-medailab/Pathomorphology/CAMELYON/mil/vlm_patches/c17_abmil_vlm_patches_1d5657e342c149ef8305d568410dbc96.tar.gz!/vlm_patches/patient_103_node_2/standard/top_k/patient_103_node_2_standard_top_k_002.png,patient_103_node_2_standard_top_k_002,C,A
c17_native,patient_150,patient_150_node_4,c73cd74a4f0969a1,59648,45312,256,20,0.9864654541015624,0,0.0,0,0,top_k,1,1d5657e342c149ef8305d568410dbc96,1d5657e342c149ef8305d568410dbc96,standard,0,0,vlm_patches/patient_150_node_4/standard/top_k/patient_150_node_4_standard_top_k_000.png,s3://pershin-medailab/Pathomorphology/CAMELYON/mil/vlm_patches/c17_abmil_vlm_patches_1d5657e342c149ef8305d568410dbc96.tar.gz!/vlm_patches/patient_150_node_4/standard/top_k/patient_150_node_4_standard_top_k_000.png,patient_150_node_4_standard_top_k_000,C,A
c17_native,patient_150,patient_150_node_4,49c58274e67f1dc5,59904,45824,256,20,0.9923095703125,0,0.0,0,0,top_k,2,1d5657e342c149ef8305d568410dbc96,1d5657e342c149ef8305d568410dbc96,standard,0,0,vlm_patches/patient_150_node_4/standard/top_k/patient_150_node_4_standard_top_k_001.png,s3://pershin-medailab/Pathomorphology/CAMELYON/mil/vlm_patches/c17_abmil_vlm_patches_1d5657e342c149ef8305d568410dbc96.tar.gz!/vlm_patches/patient_150_node_4/standard/top_k/patient_150_node_4_standard_top_k_001.png,patient_150_node_4_standard_top_k_001,C,A
c17_native,patient_150,patient_150_node_4,4134e1db1cfd0cba,60160,183808,256,20,0.9962005615234376,0,0.0,0,0,top_k,3,1d5657e342c149ef8305d568410dbc96,1d5657e342c149ef8305d568410dbc96,standard,0,0,vlm_patches/patient_150_node_4/standard/top_k/patient_150_node_4_standard_top_k_002.png,s3://pershin-medailab/Pathomorphology/CAMELYON/mil/vlm_patches/c17_abmil_vlm_patches_1d5657e342c149ef8305d568410dbc96.tar.gz!/vlm_patches/patient_150_node_4/standard/top_k/patient_150_node_4_standard_top_k_002.png,patient_150_node_4_standard_top_k_002,C,A
c17_native,patient_129,patient_129_node_0,20733f805b4ff432,24832,192512,256,20,0.9683837890625,1,1.0,1,1,top_k,1,1d5657e342c149ef8305d568410dbc96,1d5657e342c149ef8305d568410dbc96,standard,0,0,vlm_patches/patient_129_node_0/standard/top_k/patient_129_node_0_standard_top_k_000.png,s3://pershin-medailab/Pathomorphology/CAMELYON/mil/vlm_patches/c17_abmil_vlm_patches_1d5657e342c149ef8305d568410dbc96.tar.gz!/vlm_patches/patient_129_node_0/standard/top_k/patient_129_node_0_standard_top_k_000.png,patient_129_node_0_standard_top_k_000,C,A
c17_native,patient_129,patient_129_node_0,200eab9e7d564599,22016,173312,256,20,0.988037109375,1,1.0,1,1,top_k,2,1d5657e342c149ef8305d568410dbc96,1d5657e342c149ef8305d568410dbc96,standard,0,0,vlm_patches/patient_129_node_0/standard/top_k/patient_129_node_0_standard_top_k_001.png,s3://pershin-medailab/Pathomorphology/CAMELYON/mil/vlm_patches/c17_abmil_vlm_patches_1d5657e342c149ef8305d568410dbc96.tar.gz!/vlm_patches/patient_129_node_0/standard/top_k/patient_129_node_0_standard_top_k_001.png,patient_129_node_0_standard_top_k_001,C,A
c17_native,patient_129,patient_129_node_0,fdf2a96f71715eb4,33792,193792,256,20,0.9715423583984376,1,1.0,1,1,top_k,3,1d5657e342c149ef8305d568410dbc96,1d5657e342c149ef8305d568410dbc96,standard,0,0,vlm_patches/patient_129_node_0/standard/top_k/patient_129_node_0_standard_top_k_002.png,s3://pershin-medailab/Pathomorphology/CAMELYON/mil/vlm_patches/c17_abmil_vlm_patches_1d5657e342c149ef8305d568410dbc96.tar.gz!/vlm_patches/patient_129_node_0/standard/top_k/patient_129_node_0_standard_top_k_002.png,patient_129_node_0_standard_top_k_002,C,A
c17_native,patient_164,patient_164_node_2,becbf3bbf0427ce7,80640,94208,256,20,0.9434661865234376,1,0.8725,1,1,top_k,1,1d5657e342c149ef8305d568410dbc96,1d5657e342c149ef8305d568410dbc96,standard,0,0,vlm_patches/patient_164_node_2/standard/top_k/patient_164_node_2_standard_top_k_000.png,s3://pershin-medailab/Pathomorphology/CAMELYON/mil/vlm_patches/c17_abmil_vlm_patches_1d5657e342c149ef8305d568410dbc96.tar.gz!/vlm_patches/patient_164_node_2/standard/top_k/patient_164_node_2_standard_top_k_000.png,patient_164_node_2_standard_top_k_000,C,A
c17_native,patient_164,patient_164_node_2,fc1d53f376ccefc4,77312,77568,256,20,0.9177398681640624,1,1.0,1,1,top_k,2,1d5657e342c149ef8305d568410dbc96,1d5657e342c149ef8305d568410dbc96,standard,0,0,vlm_patches/patient_164_node_2/standard/top_k/patient_164_node_2_standard_top_k_001.png,s3://pershin-medailab/Pathomorphology/CAMELYON/mil/vlm_patches/c17_abmil_vlm_patches_1d5657e342c149ef8305d568410dbc96.tar.gz!/vlm_patches/patient_164_node_2/standard/top_k/patient_164_node_2_standard_top_k_001.png,patient_164_node_2_standard_top_k_001,C,A
c17_native,patient_164,patient_164_node_2,2be20c09419e0ef6,80384,93952,256,20,0.926177978515625,1,1.0,1,1,top_k,4,1d5657e342c149ef8305d568410dbc96,1d5657e342c149ef8305d568410dbc96,standard,0,0,vlm_patches/patient_164_node_2/standard/top_k/patient_164_node_2_standard_top_k_003.png,s3://pershin-medailab/Pathomorphology/CAMELYON/mil/vlm_patches/c17_abmil_vlm_patches_1d5657e342c149ef8305d568410dbc96.tar.gz!/vlm_patches/patient_164_node_2/standard/top_k/patient_164_node_2_standard_top_k_003.png,patient_164_node_2_standard_top_k_003,C,A
c17_native,patient_136,patient_136_node_1,5d7a239cd3b3ee2f,43008,87552,256,20,0.5697784423828125,1,0.985,1,1,top_k,1,1d5657e342c149ef8305d568410dbc96,1d5657e342c149ef8305d568410dbc96,standard,0,0,vlm_patches/patient_136_node_1/standard/top_k/patient_136_node_1_standard_top_k_000.png,s3://pershin-medailab/Pathomorphology/CAMELYON/mil/vlm_patches/c17_abmil_vlm_patches_1d5657e342c149ef8305d568410dbc96.tar.gz!/vlm_patches/patient_136_node_1/standard/top_k/patient_136_node_1_standard_top_k_000.png,patient_136_node_1_standard_top_k_000,C,A
c17_native,patient_136,patient_136_node_1,7a5d9701fadb0f74,14336,131072,256,20,0.6390380859375,0,0.0,0,0,top_k,2,1d5657e342c149ef8305d568410dbc96,1d5657e342c149ef8305d568410dbc96,standard,0,0,vlm_patches/patient_136_node_1/standard/top_k/patient_136_node_1_standard_top_k_001.png,s3://pershin-medailab/Pathomorphology/CAMELYON/mil/vlm_patches/c17_abmil_vlm_patches_1d5657e342c149ef8305d568410dbc96.tar.gz!/vlm_patches/patient_136_node_1/standard/top_k/patient_136_node_1_standard_top_k_001.png,patient_136_node_1_standard_top_k_001,C,A
c17_native,patient_136,patient_136_node_1,e63d654b08c67ab4,43776,87296,256,20,0.7271728515625,1,1.0,1,1,top_k,4,1d5657e342c149ef8305d568410dbc96,1d5657e342c149ef8305d568410dbc96,standard,0,0,vlm_patches/patient_136_node_1/standard/top_k/patient_136_node_1_standard_top_k_003.png,s3://pershin-medailab/Pathomorphology/CAMELYON/mil/vlm_patches/c17_abmil_vlm_patches_1d5657e342c149ef8305d568410dbc96.tar.gz!/vlm_patches/patient_136_node_1/standard/top_k/patient_136_node_1_standard_top_k_003.png,patient_136_node_1_standard_top_k_003,C,A
c17_native,patient_142,patient_142_node_2,71da6942697d0aff,58880,32768,256,20,0.47735595703125,0,0.0,0,0,hard_negative,1,1d5657e342c149ef8305d568410dbc96,1d5657e342c149ef8305d568410dbc96,standard,0,0,vlm_patches/patient_142_node_2/standard/hard_negative/patient_142_node_2_standard_hard_negative_000.png,s3://pershin-medailab/Pathomorphology/CAMELYON/mil/vlm_patches/c17_abmil_vlm_patches_1d5657e342c149ef8305d568410dbc96.tar.gz!/vlm_patches/patient_142_node_2/standard/hard_negative/patient_142_node_2_standard_hard_negative_000.png,patient_142_node_2_standard_hard_negative_000,A,B
c17_native,patient_142,patient_142_node_2,4f1d24022a135f5d,53504,56576,256,20,0.3651275634765625,0,0.0,0,0,hard_negative,2,1d5657e342c149ef8305d568410dbc96,1d5657e342c149ef8305d568410dbc96,standard,0,0,vlm_patches/patient_142_node_2/standard/hard_negative/patient_142_node_2_standard_hard_negative_001.png,s3://pershin-medailab/Pathomorphology/CAMELYON/mil/vlm_patches/c17_abmil_vlm_patches_1d5657e342c149ef8305d568410dbc96.tar.gz!/vlm_patches/patient_142_node_2/standard/hard_negative/patient_142_node_2_standard_hard_negative_001.png,patient_142_node_2_standard_hard_negative_001,A,B
c17_native,patient_142,patient_142_node_2,36b040ce349d0a58,82688,58624,256,20,0.3463134765625,0,0.0,0,0,hard_negative,3,1d5657e342c149ef8305d568410dbc96,1d5657e342c149ef8305d568410dbc96,standard,0,0,vlm_patches/patient_142_node_2/standard/hard_negative/patient_142_node_2_standard_hard_negative_002.png,s3://pershin-medailab/Pathomorphology/CAMELYON/mil/vlm_patches/c17_abmil_vlm_patches_1d5657e342c149ef8305d568410dbc96.tar.gz!/vlm_patches/patient_142_node_2/standard/hard_negative/patient_142_node_2_standard_hard_negative_002.png,patient_142_node_2_standard_hard_negative_002,A,B
c17_native,patient_153,patient_153_node_2,c4af6e4387ef6224,10240,115968,256,20,0.6320037841796875,0,0.0,0,0,hard_negative,1,1d5657e342c149ef8305d568410dbc96,1d5657e342c149ef8305d568410dbc96,standard,0,0,vlm_patches/patient_153_node_2/standard/hard_negative/patient_153_node_2_standard_hard_negative_000.png,s3://pershin-medailab/Pathomorphology/CAMELYON/mil/vlm_patches/c17_abmil_vlm_patches_1d5657e342c149ef8305d568410dbc96.tar.gz!/vlm_patches/patient_153_node_2/standard/hard_negative/patient_153_node_2_standard_hard_negative_000.png,patient_153_node_2_standard_hard_negative_000,C,A
c17_native,patient_153,patient_153_node_2,ee08db09d8d3ba08,28928,142848,256,20,0.5691070556640625,0,0.48,0,1,hard_negative,2,1d5657e342c149ef8305d568410dbc96,1d5657e342c149ef8305d568410dbc96,standard,0,0,vlm_patches/patient_153_node_2/standard/hard_negative/patient_153_node_2_standard_hard_negative_001.png,s3://pershin-medailab/Pathomorphology/CAMELYON/mil/vlm_patches/c17_abmil_vlm_patches_1d5657e342c149ef8305d568410dbc96.tar.gz!/vlm_patches/patient_153_node_2/standard/hard_negative/patient_153_node_2_standard_hard_negative_001.png,patient_153_node_2_standard_hard_negative_001,C,A
c17_native,patient_153,patient_153_node_2,4ffc3079e3be504b,10240,115712,256,20,0.6726531982421875,0,0.0,0,0,hard_negative,3,1d5657e342c149ef8305d568410dbc96,1d5657e342c149ef8305d568410dbc96,standard,0,0,vlm_patches/patient_153_node_2/standard/hard_negative/patient_153_node_2_standard_hard_negative_002.png,s3://pershin-medailab/Pathomorphology/CAMELYON/mil/vlm_patches/c17_abmil_vlm_patches_1d5657e342c149ef8305d568410dbc96.tar.gz!/vlm_patches/patient_153_node_2/standard/hard_negative/patient_153_node_2_standard_hard_negative_002.png,patient_153_node_2_standard_hard_negative_002,C,A
c17_native,patient_167,patient_167_node_0,2189e78c0337119a,131328,45568,256,20,0.45361328125,0,0.4575,0,1,hard_negative,1,1d5657e342c149ef8305d568410dbc96,1d5657e342c149ef8305d568410dbc96,standard,0,0,vlm_patches/patient_167_node_0/standard/hard_negative/patient_167_node_0_standard_hard_negative_000.png,s3://pershin-medailab/Pathomorphology/CAMELYON/mil/vlm_patches/c17_abmil_vlm_patches_1d5657e342c149ef8305d568410dbc96.tar.gz!/vlm_patches/patient_167_node_0/standard/hard_negative/patient_167_node_0_standard_hard_negative_000.png,patient_167_node_0_standard_hard_negative_000,A,B
c17_native,patient_167,patient_167_node_0,5186599176342e88,100608,38400,256,20,0.5052947998046875,0,0.465,0,1,hard_negative,2,1d5657e342c149ef8305d568410dbc96,1d5657e342c149ef8305d568410dbc96,standard,0,0,vlm_patches/patient_167_node_0/standard/hard_negative/patient_167_node_0_standard_hard_negative_001.png,s3://pershin-medailab/Pathomorphology/CAMELYON/mil/vlm_patches/c17_abmil_vlm_patches_1d5657e342c149ef8305d568410dbc96.tar.gz!/vlm_patches/patient_167_node_0/standard/hard_negative/patient_167_node_0_standard_hard_negative_001.png,patient_167_node_0_standard_hard_negative_001,A,B
c17_native,patient_167,patient_167_node_0,ba6f7202b8702220,92672,25344,256,20,0.38134765625,0,0.0,0,0,hard_negative,3,1d5657e342c149ef8305d568410dbc96,1d5657e342c149ef8305d568410dbc96,standard,0,0,vlm_patches/patient_167_node_0/standard/hard_negative/patient_167_node_0_standard_hard_negative_002.png,s3://pershin-medailab/Pathomorphology/CAMELYON/mil/vlm_patches/c17_abmil_vlm_patches_1d5657e342c149ef8305d568410dbc96.tar.gz!/vlm_patches/patient_167_node_0/standard/hard_negative/patient_167_node_0_standard_hard_negative_002.png,patient_167_node_0_standard_hard_negative_002,A,B
c17_native,patient_127,patient_127_node_3,e80b6a457477756b,41728,87296,256,20,0.9427490234375,0,0.0,0,0,hard_negative,1,1d5657e342c149ef8305d568410dbc96,1d5657e342c149ef8305d568410dbc96,standard,0,0,vlm_patches/patient_127_node_3/standard/hard_negative/patient_127_node_3_standard_hard_negative_000.png,s3://pershin-medailab/Pathomorphology/CAMELYON/mil/vlm_patches/c17_abmil_vlm_patches_1d5657e342c149ef8305d568410dbc96.tar.gz!/vlm_patches/patient_127_node_3/standard/hard_negative/patient_127_node_3_standard_hard_negative_000.png,patient_127_node_3_standard_hard_negative_000,A,B
c17_native,patient_127,patient_127_node_3,81e43ed5740ae798,73216,190720,256,20,0.83551025390625,0,0.0,0,0,hard_negative,3,1d5657e342c149ef8305d568410dbc96,1d5657e342c149ef8305d568410dbc96,standard,0,0,vlm_patches/patient_127_node_3/standard/hard_negative/patient_127_node_3_standard_hard_negative_002.png,s3://pershin-medailab/Pathomorphology/CAMELYON/mil/vlm_patches/c17_abmil_vlm_patches_1d5657e342c149ef8305d568410dbc96.tar.gz!/vlm_patches/patient_127_node_3/standard/hard_negative/patient_127_node_3_standard_hard_negative_002.png,patient_127_node_3_standard_hard_negative_002,A,B
c17_native,patient_127,patient_127_node_3,a31e5d361bb03e36,36608,92928,256,20,0.891632080078125,0,0.0,0,0,hard_negative,4,1d5657e342c149ef8305d568410dbc96,1d5657e342c149ef8305d568410dbc96,standard,0,0,vlm_patches/patient_127_node_3/standard/hard_negative/patient_127_node_3_standard_hard_negative_003.png,s3://pershin-medailab/Pathomorphology/CAMELYON/mil/vlm_patches/c17_abmil_vlm_patches_1d5657e342c149ef8305d568410dbc96.tar.gz!/vlm_patches/patient_127_node_3/standard/hard_negative/patient_127_node_3_standard_hard_negative_003.png,patient_127_node_3_standard_hard_negative_003,A,B
c17_native,patient_188,patient_188_node_1,3eb4f1302dcee51e,31744,137216,256,20,0.9826812744140624,0,0.0,0,0,hard_negative,1,1d5657e342c149ef8305d568410dbc96,1d5657e342c149ef8305d568410dbc96,standard,0,0,vlm_patches/patient_188_node_1/standard/hard_negative/patient_188_node_1_standard_hard_negative_000.png,s3://pershin-medailab/Pathomorphology/CAMELYON/mil/vlm_patches/c17_abmil_vlm_patches_1d5657e342c149ef8305d568410dbc96.tar.gz!/vlm_patches/patient_188_node_1/standard/hard_negative/patient_188_node_1_standard_hard_negative_000.png,patient_188_node_1_standard_hard_negative_000,C,A
c17_native,patient_188,patient_188_node_1,7cdacf08582aec43,65024,120832,256,20,0.798065185546875,0,0.165,0,0,hard_negative,2,1d5657e342c149ef8305d568410dbc96,1d5657e342c149ef8305d568410dbc96,standard,0,0,vlm_patches/patient_188_node_1/standard/hard_negative/patient_188_node_1_standard_hard_negative_001.png,s3://pershin-medailab/Pathomorphology/CAMELYON/mil/vlm_patches/c17_abmil_vlm_patches_1d5657e342c149ef8305d568410dbc96.tar.gz!/vlm_patches/patient_188_node_1/standard/hard_negative/patient_188_node_1_standard_hard_negative_001.png,patient_188_node_1_standard_hard_negative_001,C,A
c17_native,patient_188,patient_188_node_1,dc472af75f4effff,58368,165376,256,20,0.8308868408203125,0,0.3875,0,1,hard_negative,3,1d5657e342c149ef8305d568410dbc96,1d5657e342c149ef8305d568410dbc96,standard,0,0,vlm_patches/patient_188_node_1/standard/hard_negative/patient_188_node_1_standard_hard_negative_002.png,s3://pershin-medailab/Pathomorphology/CAMELYON/mil/vlm_patches/c17_abmil_vlm_patches_1d5657e342c149ef8305d568410dbc96.tar.gz!/vlm_patches/patient_188_node_1/standard/hard_negative/patient_188_node_1_standard_hard_negative_002.png,patient_188_node_1_standard_hard_negative_002,C,A
c17_native,patient_107,patient_107_node_2,5b4a19df7579f2f7,22528,166912,256,20,0.9766082763671876,0,0.0125,0,0,hard_negative,1,1d5657e342c149ef8305d568410dbc96,1d5657e342c149ef8305d568410dbc96,standard,0,0,vlm_patches/patient_107_node_2/standard/hard_negative/patient_107_node_2_standard_hard_negative_000.png,s3://pershin-medailab/Pathomorphology/CAMELYON/mil/vlm_patches/c17_abmil_vlm_patches_1d5657e342c149ef8305d568410dbc96.tar.gz!/vlm_patches/patient_107_node_2/standard/hard_negative/patient_107_node_2_standard_hard_negative_000.png,patient_107_node_2_standard_hard_negative_000,A,B
c17_native,patient_107,patient_107_node_2,649dcb8e376c62f3,23808,157440,256,20,0.9979400634765624,0,0.0,0,0,hard_negative,2,1d5657e342c149ef8305d568410dbc96,1d5657e342c149ef8305d568410dbc96,standard,0,0,vlm_patches/patient_107_node_2/standard/hard_negative/patient_107_node_2_standard_hard_negative_001.png,s3://pershin-medailab/Pathomorphology/CAMELYON/mil/vlm_patches/c17_abmil_vlm_patches_1d5657e342c149ef8305d568410dbc96.tar.gz!/vlm_patches/patient_107_node_2/standard/hard_negative/patient_107_node_2_standard_hard_negative_001.png,patient_107_node_2_standard_hard_negative_001,A,B
c17_native,patient_107,patient_107_node_2,da0f082b6fdfea9e,72960,146432,256,20,0.9999847412109376,0,0.0,0,0,hard_negative,5,1d5657e342c149ef8305d568410dbc96,1d5657e342c149ef8305d568410dbc96,standard,0,0,vlm_patches/patient_107_node_2/standard/hard_negative/patient_107_node_2_standard_hard_negative_004.png,s3://pershin-medailab/Pathomorphology/CAMELYON/mil/vlm_patches/c17_abmil_vlm_patches_1d5657e342c149ef8305d568410dbc96.tar.gz!/vlm_patches/patient_107_node_2/standard/hard_negative/patient_107_node_2_standard_hard_negative_004.png,patient_107_node_2_standard_hard_negative_004,A,B
c17_native,patient_100,patient_100_node_2,17d99260ed79ad53,87040,55552,256,20,0.6557769775390625,0,0.0,0,0,hard_negative,1,1d5657e342c149ef8305d568410dbc96,1d5657e342c149ef8305d568410dbc96,standard,0,0,vlm_patches/patient_100_node_2/standard/hard_negative/patient_100_node_2_standard_hard_negative_000.png,s3://pershin-medailab/Pathomorphology/CAMELYON/mil/vlm_patches/c17_abmil_vlm_patches_1d5657e342c149ef8305d568410dbc96.tar.gz!/vlm_patches/patient_100_node_2/standard/hard_negative/patient_100_node_2_standard_hard_negative_000.png,patient_100_node_2_standard_hard_negative_000,A,B
c17_native,patient_100,patient_100_node_2,8cb8c09e98be3c85,124416,36352,256,20,0.908721923828125,0,0.0,0,0,hard_negative,2,1d5657e342c149ef8305d568410dbc96,1d5657e342c149ef8305d568410dbc96,standard,0,0,vlm_patches/patient_100_node_2/standard/hard_negative/patient_100_node_2_standard_hard_negative_001.png,s3://pershin-medailab/Pathomorphology/CAMELYON/mil/vlm_patches/c17_abmil_vlm_patches_1d5657e342c149ef8305d568410dbc96.tar.gz!/vlm_patches/patient_100_node_2/standard/hard_negative/patient_100_node_2_standard_hard_negative_001.png,patient_100_node_2_standard_hard_negative_001,A,B
c17_native,patient_100,patient_100_node_2,313a36e16802db61,124928,36608,256,20,0.94549560546875,0,0.0,0,0,hard_negative,3,1d5657e342c149ef8305d568410dbc96,1d5657e342c149ef8305d568410dbc96,standard,0,0,vlm_patches/patient_100_node_2/standard/hard_negative/patient_100_node_2_standard_hard_negative_002.png,s3://pershin-medailab/Pathomorphology/CAMELYON/mil/vlm_patches/c17_abmil_vlm_patches_1d5657e342c149ef8305d568410dbc96.tar.gz!/vlm_patches/patient_100_node_2/standard/hard_negative/patient_100_node_2_standard_hard_negative_002.png,patient_100_node_2_standard_hard_negative_002,A,B
c17_native,patient_152,patient_152_node_0,8969c9f5b80e9bc1,65536,119296,256,20,0.91064453125,0,0.0,0,0,hard_negative,1,1d5657e342c149ef8305d568410dbc96,1d5657e342c149ef8305d568410dbc96,standard,0,0,vlm_patches/patient_152_node_0/standard/hard_negative/patient_152_node_0_standard_hard_negative_000.png,s3://pershin-medailab/Pathomorphology/CAMELYON/mil/vlm_patches/c17_abmil_vlm_patches_1d5657e342c149ef8305d568410dbc96.tar.gz!/vlm_patches/patient_152_node_0/standard/hard_negative/patient_152_node_0_standard_hard_negative_000.png,patient_152_node_0_standard_hard_negative_000,A,B
c17_native,patient_152,patient_152_node_0,4fb4dc3e00071065,64000,159744,256,20,0.9991455078125,0,0.0,0,0,hard_negative,2,1d5657e342c149ef8305d568410dbc96,1d5657e342c149ef8305d568410dbc96,standard,0,0,vlm_patches/patient_152_node_0/standard/hard_negative/patient_152_node_0_standard_hard_negative_001.png,s3://pershin-medailab/Pathomorphology/CAMELYON/mil/vlm_patches/c17_abmil_vlm_patches_1d5657e342c149ef8305d568410dbc96.tar.gz!/vlm_patches/patient_152_node_0/standard/hard_negative/patient_152_node_0_standard_hard_negative_001.png,patient_152_node_0_standard_hard_negative_001,A,B
c17_native,patient_152,patient_152_node_0,d95d86bf5f6c8969,64256,158208,256,20,0.9927520751953124,0,0.0,0,0,hard_negative,3,1d5657e342c149ef8305d568410dbc96,1d5657e342c149ef8305d568410dbc96,standard,0,0,vlm_patches/patient_152_node_0/standard/hard_negative/patient_152_node_0_standard_hard_negative_002.png,s3://pershin-medailab/Pathomorphology/CAMELYON/mil/vlm_patches/c17_abmil_vlm_patches_1d5657e342c149ef8305d568410dbc96.tar.gz!/vlm_patches/patient_152_node_0/standard/hard_negative/patient_152_node_0_standard_hard_negative_002.png,patient_152_node_0_standard_hard_negative_002,A,B
c17_native,patient_131,patient_131_node_3,a092d4e76af3b277,27648,15872,256,20,0.972198486328125,0,0.0,0,0,hard_negative,1,1d5657e342c149ef8305d568410dbc96,1d5657e342c149ef8305d568410dbc96,standard,0,0,vlm_patches/patient_131_node_3/standard/hard_negative/patient_131_node_3_standard_hard_negative_000.png,s3://pershin-medailab/Pathomorphology/CAMELYON/mil/vlm_patches/c17_abmil_vlm_patches_1d5657e342c149ef8305d568410dbc96.tar.gz!/vlm_patches/patient_131_node_3/standard/hard_negative/patient_131_node_3_standard_hard_negative_000.png,patient_131_node_3_standard_hard_negative_000,A,B
c17_native,patient_131,patient_131_node_3,a8345459d3bc67cb,24832,15360,256,20,0.962646484375,0,0.0,0,0,hard_negative,2,1d5657e342c149ef8305d568410dbc96,1d5657e342c149ef8305d568410dbc96,standard,0,0,vlm_patches/patient_131_node_3/standard/hard_negative/patient_131_node_3_standard_hard_negative_001.png,s3://pershin-medailab/Pathomorphology/CAMELYON/mil/vlm_patches/c17_abmil_vlm_patches_1d5657e342c149ef8305d568410dbc96.tar.gz!/vlm_patches/patient_131_node_3/standard/hard_negative/patient_131_node_3_standard_hard_negative_001.png,patient_131_node_3_standard_hard_negative_001,A,B
c17_native,patient_131,patient_131_node_3,6ef082cb4166c958,25600,16128,256,20,0.9754486083984376,0,0.0,0,0,hard_negative,3,1d5657e342c149ef8305d568410dbc96,1d5657e342c149ef8305d568410dbc96,standard,0,0,vlm_patches/patient_131_node_3/standard/hard_negative/patient_131_node_3_standard_hard_negative_002.png,s3://pershin-medailab/Pathomorphology/CAMELYON/mil/vlm_patches/c17_abmil_vlm_patches_1d5657e342c149ef8305d568410dbc96.tar.gz!/vlm_patches/patient_131_node_3/standard/hard_negative/patient_131_node_3_standard_hard_negative_002.png,patient_131_node_3_standard_hard_negative_002,A,B
c17_native,patient_130,patient_130_node_1,586ad77d18ed16be,19968,35584,256,20,0.690521240234375,0,0.4825,0,1,hard_negative,1,1d5657e342c149ef8305d568410dbc96,1d5657e342c149ef8305d568410dbc96,standard,0,0,vlm_patches/patient_130_node_1/standard/hard_negative/patient_130_node_1_standard_hard_negative_000.png,s3://pershin-medailab/Pathomorphology/CAMELYON/mil/vlm_patches/c17_abmil_vlm_patches_1d5657e342c149ef8305d568410dbc96.tar.gz!/vlm_patches/patient_130_node_1/standard/hard_negative/patient_130_node_1_standard_hard_negative_000.png,patient_130_node_1_standard_hard_negative_000,A,B
c17_native,patient_130,patient_130_node_1,780085529b8292e7,24832,39936,256,20,0.6719818115234375,0,0.0,0,0,hard_negative,2,1d5657e342c149ef8305d568410dbc96,1d5657e342c149ef8305d568410dbc96,standard,0,0,vlm_patches/patient_130_node_1/standard/hard_negative/patient_130_node_1_standard_hard_negative_001.png,s3://pershin-medailab/Pathomorphology/CAMELYON/mil/vlm_patches/c17_abmil_vlm_patches_1d5657e342c149ef8305d568410dbc96.tar.gz!/vlm_patches/patient_130_node_1/standard/hard_negative/patient_130_node_1_standard_hard_negative_001.png,patient_130_node_1_standard_hard_negative_001,A,B
c17_native,patient_130,patient_130_node_1,770ca88f1efadc62,118016,41216,256,20,0.7413787841796875,0,0.3525,0,1,hard_negative,3,1d5657e342c149ef8305d568410dbc96,1d5657e342c149ef8305d568410dbc96,standard,0,0,vlm_patches/patient_130_node_1/standard/hard_negative/patient_130_node_1_standard_hard_negative_002.png,s3://pershin-medailab/Pathomorphology/CAMELYON/mil/vlm_patches/c17_abmil_vlm_patches_1d5657e342c149ef8305d568410dbc96.tar.gz!/vlm_patches/patient_130_node_1/standard/hard_negative/patient_130_node_1_standard_hard_negative_002.png,patient_130_node_1_standard_hard_negative_002,A,B
c17_native,patient_153,patient_153_node_1,f234742c91f17267,16128,96256,256,20,0.621673583984375,0,0.0,0,0,hard_negative,1,1d5657e342c149ef8305d568410dbc96,1d5657e342c149ef8305d568410dbc96,standard,0,0,vlm_patches/patient_153_node_1/standard/hard_negative/patient_153_node_1_standard_hard_negative_000.png,s3://pershin-medailab/Pathomorphology/CAMELYON/mil/vlm_patches/c17_abmil_vlm_patches_1d5657e342c149ef8305d568410dbc96.tar.gz!/vlm_patches/patient_153_node_1/standard/hard_negative/patient_153_node_1_standard_hard_negative_000.png,patient_153_node_1_standard_hard_negative_000,A,B
c17_native,patient_153,patient_153_node_1,0c124ab2ddc36171,19456,74240,256,20,0.73583984375,0,0.0,0,0,hard_negative,2,1d5657e342c149ef8305d568410dbc96,1d5657e342c149ef8305d568410dbc96,standard,0,0,vlm_patches/patient_153_node_1/standard/hard_negative/patient_153_node_1_standard_hard_negative_001.png,s3://pershin-medailab/Pathomorphology/CAMELYON/mil/vlm_patches/c17_abmil_vlm_patches_1d5657e342c149ef8305d568410dbc96.tar.gz!/vlm_patches/patient_153_node_1/standard/hard_negative/patient_153_node_1_standard_hard_negative_001.png,patient_153_node_1_standard_hard_negative_001,A,B
c17_native,patient_153,patient_153_node_1,556ae6a25ffcef28,24320,102400,256,20,0.605255126953125,0,0.0,0,0,hard_negative,3,1d5657e342c149ef8305d568410dbc96,1d5657e342c149ef8305d568410dbc96,standard,0,0,vlm_patches/patient_153_node_1/standard/hard_negative/patient_153_node_1_standard_hard_negative_002.png,s3://pershin-medailab/Pathomorphology/CAMELYON/mil/vlm_patches/c17_abmil_vlm_patches_1d5657e342c149ef8305d568410dbc96.tar.gz!/vlm_patches/patient_153_node_1/standard/hard_negative/patient_153_node_1_standard_hard_negative_002.png,patient_153_node_1_standard_hard_negative_002,A,B
c17_native,patient_192,patient_192_node_2,5bbd13ef9b814ba2,11776,55040,256,20,0.923492431640625,0,0.0,0,0,hard_negative,1,1d5657e342c149ef8305d568410dbc96,1d5657e342c149ef8305d568410dbc96,standard,0,0,vlm_patches/patient_192_node_2/standard/hard_negative/patient_192_node_2_standard_hard_negative_000.png,s3://pershin-medailab/Pathomorphology/CAMELYON/mil/vlm_patches/c17_abmil_vlm_patches_1d5657e342c149ef8305d568410dbc96.tar.gz!/vlm_patches/patient_192_node_2/standard/hard_negative/patient_192_node_2_standard_hard_negative_000.png,patient_192_node_2_standard_hard_negative_000,A,B
c17_native,patient_192,patient_192_node_2,da9208dc1f59fc38,11520,55296,256,20,0.912689208984375,0,0.0,0,0,hard_negative,2,1d5657e342c149ef8305d568410dbc96,1d5657e342c149ef8305d568410dbc96,standard,0,0,vlm_patches/patient_192_node_2/standard/hard_negative/patient_192_node_2_standard_hard_negative_001.png,s3://pershin-medailab/Pathomorphology/CAMELYON/mil/vlm_patches/c17_abmil_vlm_patches_1d5657e342c149ef8305d568410dbc96.tar.gz!/vlm_patches/patient_192_node_2/standard/hard_negative/patient_192_node_2_standard_hard_negative_001.png,patient_192_node_2_standard_hard_negative_001,A,B
c17_native,patient_192,patient_192_node_2,18f5d73ca4068425,8704,47872,256,20,0.9083251953125,0,0.0,0,0,hard_negative,3,1d5657e342c149ef8305d568410dbc96,1d5657e342c149ef8305d568410dbc96,standard,0,0,vlm_patches/patient_192_node_2/standard/hard_negative/patient_192_node_2_standard_hard_negative_002.png,s3://pershin-medailab/Pathomorphology/CAMELYON/mil/vlm_patches/c17_abmil_vlm_patches_1d5657e342c149ef8305d568410dbc96.tar.gz!/vlm_patches/patient_192_node_2/standard/hard_negative/patient_192_node_2_standard_hard_negative_002.png,patient_192_node_2_standard_hard_negative_002,A,B
c17_native,patient_165,patient_165_node_1,26478fb476d3b23a,28928,115456,256,20,0.98321533203125,0,0.0,0,0,hard_negative,1,1d5657e342c149ef8305d568410dbc96,1d5657e342c149ef8305d568410dbc96,standard,0,0,vlm_patches/patient_165_node_1/standard/hard_negative/patient_165_node_1_standard_hard_negative_000.png,s3://pershin-medailab/Pathomorphology/CAMELYON/mil/vlm_patches/c17_abmil_vlm_patches_1d5657e342c149ef8305d568410dbc96.tar.gz!/vlm_patches/patient_165_node_1/standard/hard_negative/patient_165_node_1_standard_hard_negative_000.png,patient_165_node_1_standard_hard_negative_000,A,B
c17_native,patient_165,patient_165_node_1,84f14abcfe9ac42e,25600,116480,256,20,0.999359130859375,0,0.0,0,0,hard_negative,2,1d5657e342c149ef8305d568410dbc96,1d5657e342c149ef8305d568410dbc96,standard,0,0,vlm_patches/patient_165_node_1/standard/hard_negative/patient_165_node_1_standard_hard_negative_001.png,s3://pershin-medailab/Pathomorphology/CAMELYON/mil/vlm_patches/c17_abmil_vlm_patches_1d5657e342c149ef8305d568410dbc96.tar.gz!/vlm_patches/patient_165_node_1/standard/hard_negative/patient_165_node_1_standard_hard_negative_001.png,patient_165_node_1_standard_hard_negative_001,A,B
c17_native,patient_165,patient_165_node_1,bb6ad7369efdbdee,28672,115968,256,20,0.98614501953125,0,0.0,0,0,hard_negative,3,1d5657e342c149ef8305d568410dbc96,1d5657e342c149ef8305d568410dbc96,standard,0,0,vlm_patches/patient_165_node_1/standard/hard_negative/patient_165_node_1_standard_hard_negative_002.png,s3://pershin-medailab/Pathomorphology/CAMELYON/mil/vlm_patches/c17_abmil_vlm_patches_1d5657e342c149ef8305d568410dbc96.tar.gz!/vlm_patches/patient_165_node_1/standard/hard_negative/patient_165_node_1_standard_hard_negative_002.png,patient_165_node_1_standard_hard_negative_002,A,B
c17_native,patient_181,patient_181_node_4,55e6e717e8ceb15f,52736,54784,256,20,0.7699127197265625,0,0.525,0,1,hard_negative,1,1d5657e342c149ef8305d568410dbc96,1d5657e342c149ef8305d568410dbc96,standard,0,0,vlm_patches/patient_181_node_4/standard/hard_negative/patient_181_node_4_standard_hard_negative_000.png,s3://pershin-medailab/Pathomorphology/CAMELYON/mil/vlm_patches/c17_abmil_vlm_patches_1d5657e342c149ef8305d568410dbc96.tar.gz!/vlm_patches/patient_181_node_4/standard/hard_negative/patient_181_node_4_standard_hard_negative_000.png,patient_181_node_4_standard_hard_negative_000,A,B
c17_native,patient_181,patient_181_node_4,8e664186ddf548de,22784,118016,256,20,0.3446197509765625,0,0.395,0,1,hard_negative,2,1d5657e342c149ef8305d568410dbc96,1d5657e342c149ef8305d568410dbc96,standard,0,0,vlm_patches/patient_181_node_4/standard/hard_negative/patient_181_node_4_standard_hard_negative_001.png,s3://pershin-medailab/Pathomorphology/CAMELYON/mil/vlm_patches/c17_abmil_vlm_patches_1d5657e342c149ef8305d568410dbc96.tar.gz!/vlm_patches/patient_181_node_4/standard/hard_negative/patient_181_node_4_standard_hard_negative_001.png,patient_181_node_4_standard_hard_negative_001,A,B
c17_native,patient_181,patient_181_node_4,7d1166543aa44ec9,57856,70400,256,20,0.7411041259765625,0,0.375,0,1,hard_negative,3,1d5657e342c149ef8305d568410dbc96,1d5657e342c149ef8305d568410dbc96,standard,0,0,vlm_patches/patient_181_node_4/standard/hard_negative/patient_181_node_4_standard_hard_negative_002.png,s3://pershin-medailab/Pathomorphology/CAMELYON/mil/vlm_patches/c17_abmil_vlm_patches_1d5657e342c149ef8305d568410dbc96.tar.gz!/vlm_patches/patient_181_node_4/standard/hard_negative/patient_181_node_4_standard_hard_negative_002.png,patient_181_node_4_standard_hard_negative_002,A,B
c17_native,patient_169,patient_169_node_3,cf771c04a992b758,68352,76288,256,20,0.652099609375,0,0.0,0,0,hard_negative,1,1d5657e342c149ef8305d568410dbc96,1d5657e342c149ef8305d568410dbc96,standard,0,0,vlm_patches/patient_169_node_3/standard/hard_negative/patient_169_node_3_standard_hard_negative_000.png,s3://pershin-medailab/Pathomorphology/CAMELYON/mil/vlm_patches/c17_abmil_vlm_patches_1d5657e342c149ef8305d568410dbc96.tar.gz!/vlm_patches/patient_169_node_3/standard/hard_negative/patient_169_node_3_standard_hard_negative_000.png,patient_169_node_3_standard_hard_negative_000,A,B
c17_native,patient_169,patient_169_node_3,68930a48dc64dcb5,45056,53504,256,20,0.560150146484375,0,0.0,0,0,hard_negative,2,1d5657e342c149ef8305d568410dbc96,1d5657e342c149ef8305d568410dbc96,standard,0,0,vlm_patches/patient_169_node_3/standard/hard_negative/patient_169_node_3_standard_hard_negative_001.png,s3://pershin-medailab/Pathomorphology/CAMELYON/mil/vlm_patches/c17_abmil_vlm_patches_1d5657e342c149ef8305d568410dbc96.tar.gz!/vlm_patches/patient_169_node_3/standard/hard_negative/patient_169_node_3_standard_hard_negative_001.png,patient_169_node_3_standard_hard_negative_001,A,B
c17_native,patient_169,patient_169_node_3,68b0c2b571c61c28,18688,68096,256,20,0.8319244384765625,0,0.0,0,0,hard_negative,3,1d5657e342c149ef8305d568410dbc96,1d5657e342c149ef8305d568410dbc96,standard,0,0,vlm_patches/patient_169_node_3/standard/hard_negative/patient_169_node_3_standard_hard_negative_002.png,s3://pershin-medailab/Pathomorphology/CAMELYON/mil/vlm_patches/c17_abmil_vlm_patches_1d5657e342c149ef8305d568410dbc96.tar.gz!/vlm_patches/patient_169_node_3/standard/hard_negative/patient_169_node_3_standard_hard_negative_002.png,patient_169_node_3_standard_hard_negative_002,A,B
c17_native,patient_101,patient_101_node_1,a17c649898a68160,35072,107776,256,20,0.8849334716796875,0,0.0,0,0,hard_negative,1,1d5657e342c149ef8305d568410dbc96,1d5657e342c149ef8305d568410dbc96,standard,0,0,vlm_patches/patient_101_node_1/standard/hard_negative/patient_101_node_1_standard_hard_negative_000.png,s3://pershin-medailab/Pathomorphology/CAMELYON/mil/vlm_patches/c17_abmil_vlm_patches_1d5657e342c149ef8305d568410dbc96.tar.gz!/vlm_patches/patient_101_node_1/standard/hard_negative/patient_101_node_1_standard_hard_negative_000.png,patient_101_node_1_standard_hard_negative_000,A,B
c17_native,patient_101,patient_101_node_1,0a59040c795a5fca,30208,123648,256,20,0.394927978515625,0,0.0,0,0,hard_negative,2,1d5657e342c149ef8305d568410dbc96,1d5657e342c149ef8305d568410dbc96,standard,0,0,vlm_patches/patient_101_node_1/standard/hard_negative/patient_101_node_1_standard_hard_negative_001.png,s3://pershin-medailab/Pathomorphology/CAMELYON/mil/vlm_patches/c17_abmil_vlm_patches_1d5657e342c149ef8305d568410dbc96.tar.gz!/vlm_patches/patient_101_node_1/standard/hard_negative/patient_101_node_1_standard_hard_negative_001.png,patient_101_node_1_standard_hard_negative_001,A,B
c17_native,patient_101,patient_101_node_1,0d74d8b614981846,50688,117760,256,20,0.978240966796875,0,0.0,0,0,hard_negative,3,1d5657e342c149ef8305d568410dbc96,1d5657e342c149ef8305d568410dbc96,standard,0,0,vlm_patches/patient_101_node_1/standard/hard_negative/patient_101_node_1_standard_hard_negative_002.png,s3://pershin-medailab/Pathomorphology/CAMELYON/mil/vlm_patches/c17_abmil_vlm_patches_1d5657e342c149ef8305d568410dbc96.tar.gz!/vlm_patches/patient_101_node_1/standard/hard_negative/patient_101_node_1_standard_hard_negative_002.png,patient_101_node_1_standard_hard_negative_002,A,B
c17_native,patient_195,patient_195_node_1,7231c2593d06234e,17152,141312,256,20,0.915618896484375,0,0.265,0,1,hard_negative,1,1d5657e342c149ef8305d568410dbc96,1d5657e342c149ef8305d568410dbc96,standard,0,0,vlm_patches/patient_195_node_1/standard/hard_negative/patient_195_node_1_standard_hard_negative_000.png,s3://pershin-medailab/Pathomorphology/CAMELYON/mil/vlm_patches/c17_abmil_vlm_patches_1d5657e342c149ef8305d568410dbc96.tar.gz!/vlm_patches/patient_195_node_1/standard/hard_negative/patient_195_node_1_standard_hard_negative_000.png,patient_195_node_1_standard_hard_negative_000,A,B
c17_native,patient_195,patient_195_node_1,9b6e5fc4bdf16d12,75520,83712,256,20,0.7482757568359375,0,0.0,0,0,hard_negative,2,1d5657e342c149ef8305d568410dbc96,1d5657e342c149ef8305d568410dbc96,standard,0,0,vlm_patches/patient_195_node_1/standard/hard_negative/patient_195_node_1_standard_hard_negative_001.png,s3://pershin-medailab/Pathomorphology/CAMELYON/mil/vlm_patches/c17_abmil_vlm_patches_1d5657e342c149ef8305d568410dbc96.tar.gz!/vlm_patches/patient_195_node_1/standard/hard_negative/patient_195_node_1_standard_hard_negative_001.png,patient_195_node_1_standard_hard_negative_001,A,B
c17_native,patient_195,patient_195_node_1,b38ea6b439d95dbb,70400,71680,256,20,0.8295135498046875,0,0.4425,0,1,hard_negative,3,1d5657e342c149ef8305d568410dbc96,1d5657e342c149ef8305d568410dbc96,standard,0,0,vlm_patches/patient_195_node_1/standard/hard_negative/patient_195_node_1_standard_hard_negative_002.png,s3://pershin-medailab/Pathomorphology/CAMELYON/mil/vlm_patches/c17_abmil_vlm_patches_1d5657e342c149ef8305d568410dbc96.tar.gz!/vlm_patches/patient_195_node_1/standard/hard_negative/patient_195_node_1_standard_hard_negative_002.png,patient_195_node_1_standard_hard_negative_002,A,B
c17_native,patient_108,patient_108_node_0,502f98a1217ef9cb,38400,113920,256,20,0.8102874755859375,0,0.455,0,1,hard_negative,1,1d5657e342c149ef8305d568410dbc96,1d5657e342c149ef8305d568410dbc96,standard,0,0,vlm_patches/patient_108_node_0/standard/hard_negative/patient_108_node_0_standard_hard_negative_000.png,s3://pershin-medailab/Pathomorphology/CAMELYON/mil/vlm_patches/c17_abmil_vlm_patches_1d5657e342c149ef8305d568410dbc96.tar.gz!/vlm_patches/patient_108_node_0/standard/hard_negative/patient_108_node_0_standard_hard_negative_000.png,patient_108_node_0_standard_hard_negative_000,A,B
c17_native,patient_108,patient_108_node_0,89f0f46189f59f27,46592,49152,256,20,0.8118743896484375,0,0.0,0,0,hard_negative,2,1d5657e342c149ef8305d568410dbc96,1d5657e342c149ef8305d568410dbc96,standard,0,0,vlm_patches/patient_108_node_0/standard/hard_negative/patient_108_node_0_standard_hard_negative_001.png,s3://pershin-medailab/Pathomorphology/CAMELYON/mil/vlm_patches/c17_abmil_vlm_patches_1d5657e342c149ef8305d568410dbc96.tar.gz!/vlm_patches/patient_108_node_0/standard/hard_negative/patient_108_node_0_standard_hard_negative_001.png,patient_108_node_0_standard_hard_negative_001,A,B
c17_native,patient_108,patient_108_node_0,333167e09fc1372a,35328,51712,256,20,0.9232635498046876,0,0.0,0,0,hard_negative,3,1d5657e342c149ef8305d568410dbc96,1d5657e342c149ef8305d568410dbc96,standard,0,0,vlm_patches/patient_108_node_0/standard/hard_negative/patient_108_node_0_standard_hard_negative_002.png,s3://pershin-medailab/Pathomorphology/CAMELYON/mil/vlm_patches/c17_abmil_vlm_patches_1d5657e342c149ef8305d568410dbc96.tar.gz!/vlm_patches/patient_108_node_0/standard/hard_negative/patient_108_node_0_standard_hard_negative_002.png,patient_108_node_0_standard_hard_negative_002,A,B
c17_native,patient_142,patient_142_node_0,27c4ade34e960d0f,77312,29184,256,20,0.5245361328125,0,0.0,0,0,hard_negative,1,1d5657e342c149ef8305d568410dbc96,1d5657e342c149ef8305d568410dbc96,standard,0,0,vlm_patches/patient_142_node_0/standard/hard_negative/patient_142_node_0_standard_hard_negative_000.png,s3://pershin-medailab/Pathomorphology/CAMELYON/mil/vlm_patches/c17_abmil_vlm_patches_1d5657e342c149ef8305d568410dbc96.tar.gz!/vlm_patches/patient_142_node_0/standard/hard_negative/patient_142_node_0_standard_hard_negative_000.png,patient_142_node_0_standard_hard_negative_000,A,B
c17_native,patient_142,patient_142_node_0,242dc74cb2c8a535,66560,70656,256,20,0.2030792236328125,0,0.0025,0,0,hard_negative,2,1d5657e342c149ef8305d568410dbc96,1d5657e342c149ef8305d568410dbc96,standard,0,0,vlm_patches/patient_142_node_0/standard/hard_negative/patient_142_node_0_standard_hard_negative_001.png,s3://pershin-medailab/Pathomorphology/CAMELYON/mil/vlm_patches/c17_abmil_vlm_patches_1d5657e342c149ef8305d568410dbc96.tar.gz!/vlm_patches/patient_142_node_0/standard/hard_negative/patient_142_node_0_standard_hard_negative_001.png,patient_142_node_0_standard_hard_negative_001,A,B
c17_native,patient_142,patient_142_node_0,70bdd001becd62fe,91392,68864,256,20,0.156005859375,0,0.065,0,0,hard_negative,3,1d5657e342c149ef8305d568410dbc96,1d5657e342c149ef8305d568410dbc96,standard,0,0,vlm_patches/patient_142_node_0/standard/hard_negative/patient_142_node_0_standard_hard_negative_002.png,s3://pershin-medailab/Pathomorphology/CAMELYON/mil/vlm_patches/c17_abmil_vlm_patches_1d5657e342c149ef8305d568410dbc96.tar.gz!/vlm_patches/patient_142_node_0/standard/hard_negative/patient_142_node_0_standard_hard_negative_002.png,patient_142_node_0_standard_hard_negative_002,A,B
c17_native,patient_164,patient_164_node_2,83cef9c36193dd52,75520,95488,256,20,0.993072509765625,0,0.0,0,0,hard_negative,1,1d5657e342c149ef8305d568410dbc96,1d5657e342c149ef8305d568410dbc96,standard,0,0,vlm_patches/patient_164_node_2/standard/hard_negative/patient_164_node_2_standard_hard_negative_000.png,s3://pershin-medailab/Pathomorphology/CAMELYON/mil/vlm_patches/c17_abmil_vlm_patches_1d5657e342c149ef8305d568410dbc96.tar.gz!/vlm_patches/patient_164_node_2/standard/hard_negative/patient_164_node_2_standard_hard_negative_000.png,patient_164_node_2_standard_hard_negative_000,A,B
c17_native,patient_164,patient_164_node_2,7136dd67d54d981d,115456,50944,256,20,1.0,0,0.0,0,0,hard_negative,2,1d5657e342c149ef8305d568410dbc96,1d5657e342c149ef8305d568410dbc96,standard,0,0,vlm_patches/patient_164_node_2/standard/hard_negative/patient_164_node_2_standard_hard_negative_001.png,s3://pershin-medailab/Pathomorphology/CAMELYON/mil/vlm_patches/c17_abmil_vlm_patches_1d5657e342c149ef8305d568410dbc96.tar.gz!/vlm_patches/patient_164_node_2/standard/hard_negative/patient_164_node_2_standard_hard_negative_001.png,patient_164_node_2_standard_hard_negative_001,A,B
c17_native,patient_164,patient_164_node_2,5ddcbeed55078efa,83200,92672,256,20,0.9851837158203124,0,0.0,0,0,hard_negative,3,1d5657e342c149ef8305d568410dbc96,1d5657e342c149ef8305d568410dbc96,standard,0,0,vlm_patches/patient_164_node_2/standard/hard_negative/patient_164_node_2_standard_hard_negative_002.png,s3://pershin-medailab/Pathomorphology/CAMELYON/mil/vlm_patches/c17_abmil_vlm_patches_1d5657e342c149ef8305d568410dbc96.tar.gz!/vlm_patches/patient_164_node_2/standard/hard_negative/patient_164_node_2_standard_hard_negative_002.png,patient_164_node_2_standard_hard_negative_002,A,B
c17_native,patient_112,patient_112_node_2,16f89995e61b662d,52992,120064,256,20,0.7570648193359375,0,0.0,0,0,hard_negative,1,1d5657e342c149ef8305d568410dbc96,1d5657e342c149ef8305d568410dbc96,standard,0,0,vlm_patches/patient_112_node_2/standard/hard_negative/patient_112_node_2_standard_hard_negative_000.png,s3://pershin-medailab/Pathomorphology/CAMELYON/mil/vlm_patches/c17_abmil_vlm_patches_1d5657e342c149ef8305d568410dbc96.tar.gz!/vlm_patches/patient_112_node_2/standard/hard_negative/patient_112_node_2_standard_hard_negative_000.png,patient_112_node_2_standard_hard_negative_000,A,B
c17_native,patient_112,patient_112_node_2,a6c9fe22d8d90c0f,57600,119552,256,20,0.7781829833984375,0,0.0,0,0,hard_negative,2,1d5657e342c149ef8305d568410dbc96,1d5657e342c149ef8305d568410dbc96,standard,0,0,vlm_patches/patient_112_node_2/standard/hard_negative/patient_112_node_2_standard_hard_negative_001.png,s3://pershin-medailab/Pathomorphology/CAMELYON/mil/vlm_patches/c17_abmil_vlm_patches_1d5657e342c149ef8305d568410dbc96.tar.gz!/vlm_patches/patient_112_node_2/standard/hard_negative/patient_112_node_2_standard_hard_negative_001.png,patient_112_node_2_standard_hard_negative_001,A,B
c17_native,patient_112,patient_112_node_2,ad5afb94e6896209,54528,119552,256,20,0.76300048828125,0,0.0,0,0,hard_negative,3,1d5657e342c149ef8305d568410dbc96,1d5657e342c149ef8305d568410dbc96,standard,0,0,vlm_patches/patient_112_node_2/standard/hard_negative/patient_112_node_2_standard_hard_negative_002.png,s3://pershin-medailab/Pathomorphology/CAMELYON/mil/vlm_patches/c17_abmil_vlm_patches_1d5657e342c149ef8305d568410dbc96.tar.gz!/vlm_patches/patient_112_node_2/standard/hard_negative/patient_112_node_2_standard_hard_negative_002.png,patient_112_node_2_standard_hard_negative_002,A,B
c17_native,patient_148,patient_148_node_2,e4f064a0394f1e9b,96256,26624,256,20,0.9999847412109376,0,0.0,0,0,hard_negative,1,1d5657e342c149ef8305d568410dbc96,1d5657e342c149ef8305d568410dbc96,standard,0,0,vlm_patches/patient_148_node_2/standard/hard_negative/patient_148_node_2_standard_hard_negative_000.png,s3://pershin-medailab/Pathomorphology/CAMELYON/mil/vlm_patches/c17_abmil_vlm_patches_1d5657e342c149ef8305d568410dbc96.tar.gz!/vlm_patches/patient_148_node_2/standard/hard_negative/patient_148_node_2_standard_hard_negative_000.png,patient_148_node_2_standard_hard_negative_000,A,B
c17_native,patient_148,patient_148_node_2,f5a096d03653f51a,96256,28416,256,20,0.9998931884765624,0,0.0,0,0,hard_negative,2,1d5657e342c149ef8305d568410dbc96,1d5657e342c149ef8305d568410dbc96,standard,0,0,vlm_patches/patient_148_node_2/standard/hard_negative/patient_148_node_2_standard_hard_negative_001.png,s3://pershin-medailab/Pathomorphology/CAMELYON/mil/vlm_patches/c17_abmil_vlm_patches_1d5657e342c149ef8305d568410dbc96.tar.gz!/vlm_patches/patient_148_node_2/standard/hard_negative/patient_148_node_2_standard_hard_negative_001.png,patient_148_node_2_standard_hard_negative_001,A,B
c17_native,patient_148,patient_148_node_2,54ecbf3996a267e0,96000,28160,256,20,0.9996795654296876,0,0.0,0,0,hard_negative,3,1d5657e342c149ef8305d568410dbc96,1d5657e342c149ef8305d568410dbc96,standard,0,0,vlm_patches/patient_148_node_2/standard/hard_negative/patient_148_node_2_standard_hard_negative_002.png,s3://pershin-medailab/Pathomorphology/CAMELYON/mil/vlm_patches/c17_abmil_vlm_patches_1d5657e342c149ef8305d568410dbc96.tar.gz!/vlm_patches/patient_148_node_2/standard/hard_negative/patient_148_node_2_standard_hard_negative_002.png,patient_148_node_2_standard_hard_negative_002,A,B
c17_native,patient_114,patient_114_node_1,53c93a8aa8d53c9a,4864,146432,256,20,0.9333343505859376,0,0.0,0,0,hard_negative,1,1d5657e342c149ef8305d568410dbc96,1d5657e342c149ef8305d568410dbc96,standard,0,0,vlm_patches/patient_114_node_1/standard/hard_negative/patient_114_node_1_standard_hard_negative_000.png,s3://pershin-medailab/Pathomorphology/CAMELYON/mil/vlm_patches/c17_abmil_vlm_patches_1d5657e342c149ef8305d568410dbc96.tar.gz!/vlm_patches/patient_114_node_1/standard/hard_negative/patient_114_node_1_standard_hard_negative_000.png,patient_114_node_1_standard_hard_negative_000,A,B
c17_native,patient_114,patient_114_node_1,24a632221202fc1c,50432,139776,256,20,0.7002105712890625,0,0.0,0,0,hard_negative,2,1d5657e342c149ef8305d568410dbc96,1d5657e342c149ef8305d568410dbc96,standard,0,0,vlm_patches/patient_114_node_1/standard/hard_negative/patient_114_node_1_standard_hard_negative_001.png,s3://pershin-medailab/Pathomorphology/CAMELYON/mil/vlm_patches/c17_abmil_vlm_patches_1d5657e342c149ef8305d568410dbc96.tar.gz!/vlm_patches/patient_114_node_1/standard/hard_negative/patient_114_node_1_standard_hard_negative_001.png,patient_114_node_1_standard_hard_negative_001,A,B
c17_native,patient_114,patient_114_node_1,2ce1abf4824512fe,10240,179712,256,20,0.9927215576171876,0,0.0,0,0,hard_negative,3,1d5657e342c149ef8305d568410dbc96,1d5657e342c149ef8305d568410dbc96,standard,0,0,vlm_patches/patient_114_node_1/standard/hard_negative/patient_114_node_1_standard_hard_negative_002.png,s3://pershin-medailab/Pathomorphology/CAMELYON/mil/vlm_patches/c17_abmil_vlm_patches_1d5657e342c149ef8305d568410dbc96.tar.gz!/vlm_patches/patient_114_node_1/standard/hard_negative/patient_114_node_1_standard_hard_negative_002.png,patient_114_node_1_standard_hard_negative_002,A,B
c17_native,patient_188,patient_188_node_3,2db7d62771b782dd,71936,71168,256,20,0.9297943115234376,0,0.0,0,0,hard_negative,1,1d5657e342c149ef8305d568410dbc96,1d5657e342c149ef8305d568410dbc96,standard,0,0,vlm_patches/patient_188_node_3/standard/hard_negative/patient_188_node_3_standard_hard_negative_000.png,s3://pershin-medailab/Pathomorphology/CAMELYON/mil/vlm_patches/c17_abmil_vlm_patches_1d5657e342c149ef8305d568410dbc96.tar.gz!/vlm_patches/patient_188_node_3/standard/hard_negative/patient_188_node_3_standard_hard_negative_000.png,patient_188_node_3_standard_hard_negative_000,A,B
c17_native,patient_188,patient_188_node_3,612c12c7c904a42b,70656,118528,256,20,0.9625244140625,0,0.0,0,0,hard_negative,2,1d5657e342c149ef8305d568410dbc96,1d5657e342c149ef8305d568410dbc96,standard,0,0,vlm_patches/patient_188_node_3/standard/hard_negative/patient_188_node_3_standard_hard_negative_001.png,s3://pershin-medailab/Pathomorphology/CAMELYON/mil/vlm_patches/c17_abmil_vlm_patches_1d5657e342c149ef8305d568410dbc96.tar.gz!/vlm_patches/patient_188_node_3/standard/hard_negative/patient_188_node_3_standard_hard_negative_001.png,patient_188_node_3_standard_hard_negative_001,A,B
c17_native,patient_188,patient_188_node_3,b04a485d3a51e42a,70400,72192,256,20,0.8832855224609375,0,0.185,0,0,hard_negative,3,1d5657e342c149ef8305d568410dbc96,1d5657e342c149ef8305d568410dbc96,standard,0,0,vlm_patches/patient_188_node_3/standard/hard_negative/patient_188_node_3_standard_hard_negative_002.png,s3://pershin-medailab/Pathomorphology/CAMELYON/mil/vlm_patches/c17_abmil_vlm_patches_1d5657e342c149ef8305d568410dbc96.tar.gz!/vlm_patches/patient_188_node_3/standard/hard_negative/patient_188_node_3_standard_hard_negative_002.png,patient_188_node_3_standard_hard_negative_002,A,B
c17_native,patient_181,patient_181_node_0,12c93e5ea9e83501,37888,53760,256,20,0.71612548828125,0,0.0,0,0,hard_negative,1,1d5657e342c149ef8305d568410dbc96,1d5657e342c149ef8305d568410dbc96,standard,0,0,vlm_patches/patient_181_node_0/standard/hard_negative/patient_181_node_0_standard_hard_negative_000.png,s3://pershin-medailab/Pathomorphology/CAMELYON/mil/vlm_patches/c17_abmil_vlm_patches_1d5657e342c149ef8305d568410dbc96.tar.gz!/vlm_patches/patient_181_node_0/standard/hard_negative/patient_181_node_0_standard_hard_negative_000.png,patient_181_node_0_standard_hard_negative_000,A,B
c17_native,patient_181,patient_181_node_0,4c0ecf1a947ddb62,40704,85760,256,20,0.80181884765625,0,0.0,0,0,hard_negative,2,1d5657e342c149ef8305d568410dbc96,1d5657e342c149ef8305d568410dbc96,standard,0,0,vlm_patches/patient_181_node_0/standard/hard_negative/patient_181_node_0_standard_hard_negative_001.png,s3://pershin-medailab/Pathomorphology/CAMELYON/mil/vlm_patches/c17_abmil_vlm_patches_1d5657e342c149ef8305d568410dbc96.tar.gz!/vlm_patches/patient_181_node_0/standard/hard_negative/patient_181_node_0_standard_hard_negative_001.png,patient_181_node_0_standard_hard_negative_001,A,B
c17_native,patient_181,patient_181_node_0,5e68174ee56f7edb,37632,53504,256,20,0.7148895263671875,0,0.0,0,0,hard_negative,3,1d5657e342c149ef8305d568410dbc96,1d5657e342c149ef8305d568410dbc96,standard,0,0,vlm_patches/patient_181_node_0/standard/hard_negative/patient_181_node_0_standard_hard_negative_002.png,s3://pershin-medailab/Pathomorphology/CAMELYON/mil/vlm_patches/c17_abmil_vlm_patches_1d5657e342c149ef8305d568410dbc96.tar.gz!/vlm_patches/patient_181_node_0/standard/hard_negative/patient_181_node_0_standard_hard_negative_002.png,patient_181_node_0_standard_hard_negative_002,A,B
c17_native,patient_127,patient_127_node_4,b4bd0e838d599b28,45824,98816,256,20,0.9940643310546876,0,0.4375,0,1,hard_negative,1,1d5657e342c149ef8305d568410dbc96,1d5657e342c149ef8305d568410dbc96,standard,0,0,vlm_patches/patient_127_node_4/standard/hard_negative/patient_127_node_4_standard_hard_negative_000.png,s3://pershin-medailab/Pathomorphology/CAMELYON/mil/vlm_patches/c17_abmil_vlm_patches_1d5657e342c149ef8305d568410dbc96.tar.gz!/vlm_patches/patient_127_node_4/standard/hard_negative/patient_127_node_4_standard_hard_negative_000.png,patient_127_node_4_standard_hard_negative_000,A,B
c17_native,patient_127,patient_127_node_4,1aaf61a7a7c654a3,46592,99072,256,20,0.9608612060546876,0,0.0,0,0,hard_negative,2,1d5657e342c149ef8305d568410dbc96,1d5657e342c149ef8305d568410dbc96,standard,0,0,vlm_patches/patient_127_node_4/standard/hard_negative/patient_127_node_4_standard_hard_negative_001.png,s3://pershin-medailab/Pathomorphology/CAMELYON/mil/vlm_patches/c17_abmil_vlm_patches_1d5657e342c149ef8305d568410dbc96.tar.gz!/vlm_patches/patient_127_node_4/standard/hard_negative/patient_127_node_4_standard_hard_negative_001.png,patient_127_node_4_standard_hard_negative_001,A,B
c17_native,patient_127,patient_127_node_4,735e7e07fb34b537,31488,76032,256,20,0.95098876953125,0,0.0,0,0,hard_negative,4,1d5657e342c149ef8305d568410dbc96,1d5657e342c149ef8305d568410dbc96,standard,0,0,vlm_patches/patient_127_node_4/standard/hard_negative/patient_127_node_4_standard_hard_negative_003.png,s3://pershin-medailab/Pathomorphology/CAMELYON/mil/vlm_patches/c17_abmil_vlm_patches_1d5657e342c149ef8305d568410dbc96.tar.gz!/vlm_patches/patient_127_node_4/standard/hard_negative/patient_127_node_4_standard_hard_negative_003.png,patient_127_node_4_standard_hard_negative_003,A,B
c17_native,patient_162,patient_162_node_2,5e1ef00b1d25aafa,19456,51456,256,20,0.993896484375,0,0.0,0,0,hard_negative,1,1d5657e342c149ef8305d568410dbc96,1d5657e342c149ef8305d568410dbc96,standard,0,0,vlm_patches/patient_162_node_2/standard/hard_negative/patient_162_node_2_standard_hard_negative_000.png,s3://pershin-medailab/Pathomorphology/CAMELYON/mil/vlm_patches/c17_abmil_vlm_patches_1d5657e342c149ef8305d568410dbc96.tar.gz!/vlm_patches/patient_162_node_2/standard/hard_negative/patient_162_node_2_standard_hard_negative_000.png,patient_162_node_2_standard_hard_negative_000,A,B
c17_native,patient_162,patient_162_node_2,1d317e999abbf580,18688,51200,256,20,0.9831390380859376,0,0.0,0,0,hard_negative,2,1d5657e342c149ef8305d568410dbc96,1d5657e342c149ef8305d568410dbc96,standard,0,0,vlm_patches/patient_162_node_2/standard/hard_negative/patient_162_node_2_standard_hard_negative_001.png,s3://pershin-medailab/Pathomorphology/CAMELYON/mil/vlm_patches/c17_abmil_vlm_patches_1d5657e342c149ef8305d568410dbc96.tar.gz!/vlm_patches/patient_162_node_2/standard/hard_negative/patient_162_node_2_standard_hard_negative_001.png,patient_162_node_2_standard_hard_negative_001,A,B
c17_native,patient_162,patient_162_node_2,2bdf99a0903117bd,19200,51200,256,20,0.9895477294921876,0,0.0,0,0,hard_negative,4,1d5657e342c149ef8305d568410dbc96,1d5657e342c149ef8305d568410dbc96,standard,0,0,vlm_patches/patient_162_node_2/standard/hard_negative/patient_162_node_2_standard_hard_negative_003.png,s3://pershin-medailab/Pathomorphology/CAMELYON/mil/vlm_patches/c17_abmil_vlm_patches_1d5657e342c149ef8305d568410dbc96.tar.gz!/vlm_patches/patient_162_node_2/standard/hard_negative/patient_162_node_2_standard_hard_negative_003.png,patient_162_node_2_standard_hard_negative_003,A,B
c17_native,patient_196,patient_196_node_1,4155bddb3ed116a5,19200,165120,256,20,0.8396759033203125,0,0.0,0,0,hard_negative,1,1d5657e342c149ef8305d568410dbc96,1d5657e342c149ef8305d568410dbc96,standard,0,0,vlm_patches/patient_196_node_1/standard/hard_negative/patient_196_node_1_standard_hard_negative_000.png,s3://pershin-medailab/Pathomorphology/CAMELYON/mil/vlm_patches/c17_abmil_vlm_patches_1d5657e342c149ef8305d568410dbc96.tar.gz!/vlm_patches/patient_196_node_1/standard/hard_negative/patient_196_node_1_standard_hard_negative_000.png,patient_196_node_1_standard_hard_negative_000,A,B
c17_native,patient_196,patient_196_node_1,9a227c31b72825f7,17920,165888,256,20,0.868133544921875,0,0.0,0,0,hard_negative,2,1d5657e342c149ef8305d568410dbc96,1d5657e342c149ef8305d568410dbc96,standard,0,0,vlm_patches/patient_196_node_1/standard/hard_negative/patient_196_node_1_standard_hard_negative_001.png,s3://pershin-medailab/Pathomorphology/CAMELYON/mil/vlm_patches/c17_abmil_vlm_patches_1d5657e342c149ef8305d568410dbc96.tar.gz!/vlm_patches/patient_196_node_1/standard/hard_negative/patient_196_node_1_standard_hard_negative_001.png,patient_196_node_1_standard_hard_negative_001,A,B
c17_native,patient_196,patient_196_node_1,46ea94f1d91f6ae9,17664,165888,256,20,0.866058349609375,0,0.0,0,0,hard_negative,3,1d5657e342c149ef8305d568410dbc96,1d5657e342c149ef8305d568410dbc96,standard,0,0,vlm_patches/patient_196_node_1/standard/hard_negative/patient_196_node_1_standard_hard_negative_002.png,s3://pershin-medailab/Pathomorphology/CAMELYON/mil/vlm_patches/c17_abmil_vlm_patches_1d5657e342c149ef8305d568410dbc96.tar.gz!/vlm_patches/patient_196_node_1/standard/hard_negative/patient_196_node_1_standard_hard_negative_002.png,patient_196_node_1_standard_hard_negative_002,A,B
c17_native,patient_103,patient_103_node_0,5131ee21d029779d,60416,95744,256,20,0.9616546630859376,0,0.0,0,0,hard_negative,1,1d5657e342c149ef8305d568410dbc96,1d5657e342c149ef8305d568410dbc96,standard,0,0,vlm_patches/patient_103_node_0/standard/hard_negative/patient_103_node_0_standard_hard_negative_000.png,s3://pershin-medailab/Pathomorphology/CAMELYON/mil/vlm_patches/c17_abmil_vlm_patches_1d5657e342c149ef8305d568410dbc96.tar.gz!/vlm_patches/patient_103_node_0/standard/hard_negative/patient_103_node_0_standard_hard_negative_000.png,patient_103_node_0_standard_hard_negative_000,A,B
c17_native,patient_103,patient_103_node_0,d85fb9331d00002b,60672,96768,256,20,0.9326019287109376,0,0.0,0,0,hard_negative,2,1d5657e342c149ef8305d568410dbc96,1d5657e342c149ef8305d568410dbc96,standard,0,0,vlm_patches/patient_103_node_0/standard/hard_negative/patient_103_node_0_standard_hard_negative_001.png,s3://pershin-medailab/Pathomorphology/CAMELYON/mil/vlm_patches/c17_abmil_vlm_patches_1d5657e342c149ef8305d568410dbc96.tar.gz!/vlm_patches/patient_103_node_0/standard/hard_negative/patient_103_node_0_standard_hard_negative_001.png,patient_103_node_0_standard_hard_negative_001,A,B
c17_native,patient_103,patient_103_node_0,1a625cea5dcbcb12,60416,97280,256,20,0.8815155029296875,0,0.0,0,0,hard_negative,3,1d5657e342c149ef8305d568410dbc96,1d5657e342c149ef8305d568410dbc96,standard,0,0,vlm_patches/patient_103_node_0/standard/hard_negative/patient_103_node_0_standard_hard_negative_002.png,s3://pershin-medailab/Pathomorphology/CAMELYON/mil/vlm_patches/c17_abmil_vlm_patches_1d5657e342c149ef8305d568410dbc96.tar.gz!/vlm_patches/patient_103_node_0/standard/hard_negative/patient_103_node_0_standard_hard_negative_002.png,patient_103_node_0_standard_hard_negative_002,A,B
c17_native,patient_123,patient_123_node_1,771093a8d81f26f2,83968,110848,256,20,0.9872283935546876,0,0.0,0,0,hard_negative,1,1d5657e342c149ef8305d568410dbc96,1d5657e342c149ef8305d568410dbc96,standard,0,0,vlm_patches/patient_123_node_1/standard/hard_negative/patient_123_node_1_standard_hard_negative_000.png,s3://pershin-medailab/Pathomorphology/CAMELYON/mil/vlm_patches/c17_abmil_vlm_patches_1d5657e342c149ef8305d568410dbc96.tar.gz!/vlm_patches/patient_123_node_1/standard/hard_negative/patient_123_node_1_standard_hard_negative_000.png,patient_123_node_1_standard_hard_negative_000,A,B
c17_native,patient_123,patient_123_node_1,f1d02ad224e87148,80128,113408,256,20,0.9813690185546876,0,0.0,0,0,hard_negative,2,1d5657e342c149ef8305d568410dbc96,1d5657e342c149ef8305d568410dbc96,standard,0,0,vlm_patches/patient_123_node_1/standard/hard_negative/patient_123_node_1_standard_hard_negative_001.png,s3://pershin-medailab/Pathomorphology/CAMELYON/mil/vlm_patches/c17_abmil_vlm_patches_1d5657e342c149ef8305d568410dbc96.tar.gz!/vlm_patches/patient_123_node_1/standard/hard_negative/patient_123_node_1_standard_hard_negative_001.png,patient_123_node_1_standard_hard_negative_001,A,B
c17_native,patient_123,patient_123_node_1,3467c39ea01c39ea,45312,138496,256,20,0.9840545654296876,0,0.0,0,0,hard_negative,3,1d5657e342c149ef8305d568410dbc96,1d5657e342c149ef8305d568410dbc96,standard,0,0,vlm_patches/patient_123_node_1/standard/hard_negative/patient_123_node_1_standard_hard_negative_002.png,s3://pershin-medailab/Pathomorphology/CAMELYON/mil/vlm_patches/c17_abmil_vlm_patches_1d5657e342c149ef8305d568410dbc96.tar.gz!/vlm_patches/patient_123_node_1/standard/hard_negative/patient_123_node_1_standard_hard_negative_002.png,patient_123_node_1_standard_hard_negative_002,A,B
c17_native,patient_150,patient_150_node_3,e5691639fd15745f,70400,150272,256,20,0.837799072265625,0,0.16,0,0,hard_negative,1,1d5657e342c149ef8305d568410dbc96,1d5657e342c149ef8305d568410dbc96,standard,0,0,vlm_patches/patient_150_node_3/standard/hard_negative/patient_150_node_3_standard_hard_negative_000.png,s3://pershin-medailab/Pathomorphology/CAMELYON/mil/vlm_patches/c17_abmil_vlm_patches_1d5657e342c149ef8305d568410dbc96.tar.gz!/vlm_patches/patient_150_node_3/standard/hard_negative/patient_150_node_3_standard_hard_negative_000.png,patient_150_node_3_standard_hard_negative_000,A,B
c17_native,patient_150,patient_150_node_3,73d3cff496ae55dc,58368,68352,256,20,0.98895263671875,0,0.0,0,0,hard_negative,3,1d5657e342c149ef8305d568410dbc96,1d5657e342c149ef8305d568410dbc96,standard,0,0,vlm_patches/patient_150_node_3/standard/hard_negative/patient_150_node_3_standard_hard_negative_002.png,s3://pershin-medailab/Pathomorphology/CAMELYON/mil/vlm_patches/c17_abmil_vlm_patches_1d5657e342c149ef8305d568410dbc96.tar.gz!/vlm_patches/patient_150_node_3/standard/hard_negative/patient_150_node_3_standard_hard_negative_002.png,patient_150_node_3_standard_hard_negative_002,A,B
c17_native,patient_150,patient_150_node_3,684d1621515d1179,58624,68352,256,20,0.98162841796875,0,0.0,0,0,hard_negative,4,1d5657e342c149ef8305d568410dbc96,1d5657e342c149ef8305d568410dbc96,standard,0,0,vlm_patches/patient_150_node_3/standard/hard_negative/patient_150_node_3_standard_hard_negative_003.png,s3://pershin-medailab/Pathomorphology/CAMELYON/mil/vlm_patches/c17_abmil_vlm_patches_1d5657e342c149ef8305d568410dbc96.tar.gz!/vlm_patches/patient_150_node_3/standard/hard_negative/patient_150_node_3_standard_hard_negative_003.png,patient_150_node_3_standard_hard_negative_003,A,B
c17_native,patient_104,patient_104_node_0,38e852fa8a7e3cdc,25600,8704,256,20,0.899505615234375,0,0.0,0,0,hard_negative,1,1d5657e342c149ef8305d568410dbc96,1d5657e342c149ef8305d568410dbc96,standard,0,0,vlm_patches/patient_104_node_0/standard/hard_negative/patient_104_node_0_standard_hard_negative_000.png,s3://pershin-medailab/Pathomorphology/CAMELYON/mil/vlm_patches/c17_abmil_vlm_patches_1d5657e342c149ef8305d568410dbc96.tar.gz!/vlm_patches/patient_104_node_0/standard/hard_negative/patient_104_node_0_standard_hard_negative_000.png,patient_104_node_0_standard_hard_negative_000,C,A
c17_native,patient_104,patient_104_node_0,3a108125fbe79172,11008,50176,256,20,0.814361572265625,0,0.0,0,0,hard_negative,2,1d5657e342c149ef8305d568410dbc96,1d5657e342c149ef8305d568410dbc96,standard,0,0,vlm_patches/patient_104_node_0/standard/hard_negative/patient_104_node_0_standard_hard_negative_001.png,s3://pershin-medailab/Pathomorphology/CAMELYON/mil/vlm_patches/c17_abmil_vlm_patches_1d5657e342c149ef8305d568410dbc96.tar.gz!/vlm_patches/patient_104_node_0/standard/hard_negative/patient_104_node_0_standard_hard_negative_001.png,patient_104_node_0_standard_hard_negative_001,C,A
c17_native,patient_104,patient_104_node_0,1dd4c4242b6b5de3,9984,50176,256,20,0.8332366943359375,0,0.0,0,0,hard_negative,3,1d5657e342c149ef8305d568410dbc96,1d5657e342c149ef8305d568410dbc96,standard,0,0,vlm_patches/patient_104_node_0/standard/hard_negative/patient_104_node_0_standard_hard_negative_002.png,s3://pershin-medailab/Pathomorphology/CAMELYON/mil/vlm_patches/c17_abmil_vlm_patches_1d5657e342c149ef8305d568410dbc96.tar.gz!/vlm_patches/patient_104_node_0/standard/hard_negative/patient_104_node_0_standard_hard_negative_002.png,patient_104_node_0_standard_hard_negative_002,C,A
c17_native,patient_158,patient_158_node_0,ad4263b0db1d2df1,47616,140288,256,20,0.95452880859375,0,0.0,0,0,hard_negative,1,1d5657e342c149ef8305d568410dbc96,1d5657e342c149ef8305d568410dbc96,standard,0,0,vlm_patches/patient_158_node_0/standard/hard_negative/patient_158_node_0_standard_hard_negative_000.png,s3://pershin-medailab/Pathomorphology/CAMELYON/mil/vlm_patches/c17_abmil_vlm_patches_1d5657e342c149ef8305d568410dbc96.tar.gz!/vlm_patches/patient_158_node_0/standard/hard_negative/patient_158_node_0_standard_hard_negative_000.png,patient_158_node_0_standard_hard_negative_000,A,B
c17_native,patient_158,patient_158_node_0,600435e3f0335f93,38400,141312,256,20,0.964141845703125,0,0.0,0,0,hard_negative,2,1d5657e342c149ef8305d568410dbc96,1d5657e342c149ef8305d568410dbc96,standard,0,0,vlm_patches/patient_158_node_0/standard/hard_negative/patient_158_node_0_standard_hard_negative_001.png,s3://pershin-medailab/Pathomorphology/CAMELYON/mil/vlm_patches/c17_abmil_vlm_patches_1d5657e342c149ef8305d568410dbc96.tar.gz!/vlm_patches/patient_158_node_0/standard/hard_negative/patient_158_node_0_standard_hard_negative_001.png,patient_158_node_0_standard_hard_negative_001,A,B
c17_native,patient_158,patient_158_node_0,4b97ca21c8c3bd91,47104,140544,256,20,0.9109344482421876,0,0.0,0,0,hard_negative,3,1d5657e342c149ef8305d568410dbc96,1d5657e342c149ef8305d568410dbc96,standard,0,0,vlm_patches/patient_158_node_0/standard/hard_negative/patient_158_node_0_standard_hard_negative_002.png,s3://pershin-medailab/Pathomorphology/CAMELYON/mil/vlm_patches/c17_abmil_vlm_patches_1d5657e342c149ef8305d568410dbc96.tar.gz!/vlm_patches/patient_158_node_0/standard/hard_negative/patient_158_node_0_standard_hard_negative_002.png,patient_158_node_0_standard_hard_negative_002,A,B
c17_native,patient_152,patient_152_node_2,f1129ec8c2f9251a,19712,105728,256,20,0.860321044921875,0,0.0,0,0,hard_negative,1,1d5657e342c149ef8305d568410dbc96,1d5657e342c149ef8305d568410dbc96,standard,0,0,vlm_patches/patient_152_node_2/standard/hard_negative/patient_152_node_2_standard_hard_negative_000.png,s3://pershin-medailab/Pathomorphology/CAMELYON/mil/vlm_patches/c17_abmil_vlm_patches_1d5657e342c149ef8305d568410dbc96.tar.gz!/vlm_patches/patient_152_node_2/standard/hard_negative/patient_152_node_2_standard_hard_negative_000.png,patient_152_node_2_standard_hard_negative_000,A,B
c17_native,patient_152,patient_152_node_2,a907abe6a30a9117,18432,105216,256,20,0.8944091796875,0,0.0,0,0,hard_negative,2,1d5657e342c149ef8305d568410dbc96,1d5657e342c149ef8305d568410dbc96,standard,0,0,vlm_patches/patient_152_node_2/standard/hard_negative/patient_152_node_2_standard_hard_negative_001.png,s3://pershin-medailab/Pathomorphology/CAMELYON/mil/vlm_patches/c17_abmil_vlm_patches_1d5657e342c149ef8305d568410dbc96.tar.gz!/vlm_patches/patient_152_node_2/standard/hard_negative/patient_152_node_2_standard_hard_negative_001.png,patient_152_node_2_standard_hard_negative_001,A,B
c17_native,patient_152,patient_152_node_2,d473879a6a354b04,17664,104448,256,20,0.739898681640625,0,0.0,0,0,hard_negative,3,1d5657e342c149ef8305d568410dbc96,1d5657e342c149ef8305d568410dbc96,standard,0,0,vlm_patches/patient_152_node_2/standard/hard_negative/patient_152_node_2_standard_hard_negative_002.png,s3://pershin-medailab/Pathomorphology/CAMELYON/mil/vlm_patches/c17_abmil_vlm_patches_1d5657e342c149ef8305d568410dbc96.tar.gz!/vlm_patches/patient_152_node_2/standard/hard_negative/patient_152_node_2_standard_hard_negative_002.png,patient_152_node_2_standard_hard_negative_002,A,B
c17_native,patient_138,patient_138_node_3,017007296f6287ea,60672,127232,256,20,0.908538818359375,0,0.4925,0,1,hard_negative,1,1d5657e342c149ef8305d568410dbc96,1d5657e342c149ef8305d568410dbc96,standard,0,0,vlm_patches/patient_138_node_3/standard/hard_negative/patient_138_node_3_standard_hard_negative_000.png,s3://pershin-medailab/Pathomorphology/CAMELYON/mil/vlm_patches/c17_abmil_vlm_patches_1d5657e342c149ef8305d568410dbc96.tar.gz!/vlm_patches/patient_138_node_3/standard/hard_negative/patient_138_node_3_standard_hard_negative_000.png,patient_138_node_3_standard_hard_negative_000,A,B
c17_native,patient_138,patient_138_node_3,6a6284fe4a85e831,60672,194816,256,20,0.96966552734375,0,0.0,0,0,hard_negative,2,1d5657e342c149ef8305d568410dbc96,1d5657e342c149ef8305d568410dbc96,standard,0,0,vlm_patches/patient_138_node_3/standard/hard_negative/patient_138_node_3_standard_hard_negative_001.png,s3://pershin-medailab/Pathomorphology/CAMELYON/mil/vlm_patches/c17_abmil_vlm_patches_1d5657e342c149ef8305d568410dbc96.tar.gz!/vlm_patches/patient_138_node_3/standard/hard_negative/patient_138_node_3_standard_hard_negative_001.png,patient_138_node_3_standard_hard_negative_001,A,B
c17_native,patient_138,patient_138_node_3,ecd0d007a5fc0f72,52736,196608,256,20,0.9859466552734376,0,0.0,0,0,hard_negative,3,1d5657e342c149ef8305d568410dbc96,1d5657e342c149ef8305d568410dbc96,standard,0,0,vlm_patches/patient_138_node_3/standard/hard_negative/patient_138_node_3_standard_hard_negative_002.png,s3://pershin-medailab/Pathomorphology/CAMELYON/mil/vlm_patches/c17_abmil_vlm_patches_1d5657e342c149ef8305d568410dbc96.tar.gz!/vlm_patches/patient_138_node_3/standard/hard_negative/patient_138_node_3_standard_hard_negative_002.png,patient_138_node_3_standard_hard_negative_002,A,B
c17_native,patient_127,patient_127_node_1,39de4a3cacb8bd65,34304,161536,256,20,0.9929656982421876,0,0.0,0,0,hard_negative,1,1d5657e342c149ef8305d568410dbc96,1d5657e342c149ef8305d568410dbc96,standard,0,0,vlm_patches/patient_127_node_1/standard/hard_negative/patient_127_node_1_standard_hard_negative_000.png,s3://pershin-medailab/Pathomorphology/CAMELYON/mil/vlm_patches/c17_abmil_vlm_patches_1d5657e342c149ef8305d568410dbc96.tar.gz!/vlm_patches/patient_127_node_1/standard/hard_negative/patient_127_node_1_standard_hard_negative_000.png,patient_127_node_1_standard_hard_negative_000,A,B
c17_native,patient_127,patient_127_node_1,b668d9b7bbfcce52,34560,161280,256,20,0.887176513671875,0,0.0,0,0,hard_negative,2,1d5657e342c149ef8305d568410dbc96,1d5657e342c149ef8305d568410dbc96,standard,0,0,vlm_patches/patient_127_node_1/standard/hard_negative/patient_127_node_1_standard_hard_negative_001.png,s3://pershin-medailab/Pathomorphology/CAMELYON/mil/vlm_patches/c17_abmil_vlm_patches_1d5657e342c149ef8305d568410dbc96.tar.gz!/vlm_patches/patient_127_node_1/standard/hard_negative/patient_127_node_1_standard_hard_negative_001.png,patient_127_node_1_standard_hard_negative_001,A,B
c17_native,patient_127,patient_127_node_1,69f0e49174fbc650,57856,65024,256,20,0.707489013671875,0,0.3125,0,1,hard_negative,3,1d5657e342c149ef8305d568410dbc96,1d5657e342c149ef8305d568410dbc96,standard,0,0,vlm_patches/patient_127_node_1/standard/hard_negative/patient_127_node_1_standard_hard_negative_002.png,s3://pershin-medailab/Pathomorphology/CAMELYON/mil/vlm_patches/c17_abmil_vlm_patches_1d5657e342c149ef8305d568410dbc96.tar.gz!/vlm_patches/patient_127_node_1/standard/hard_negative/patient_127_node_1_standard_hard_negative_002.png,patient_127_node_1_standard_hard_negative_002,A,B
c17_native,patient_147,patient_147_node_4,88ab4f27daa37cb2,41216,105472,256,20,0.3870697021484375,0,0.0,0,0,hard_negative,1,1d5657e342c149ef8305d568410dbc96,1d5657e342c149ef8305d568410dbc96,standard,0,0,vlm_patches/patient_147_node_4/standard/hard_negative/patient_147_node_4_standard_hard_negative_000.png,s3://pershin-medailab/Pathomorphology/CAMELYON/mil/vlm_patches/c17_abmil_vlm_patches_1d5657e342c149ef8305d568410dbc96.tar.gz!/vlm_patches/patient_147_node_4/standard/hard_negative/patient_147_node_4_standard_hard_negative_000.png,patient_147_node_4_standard_hard_negative_000,A,B
c17_native,patient_147,patient_147_node_4,58078196ea29bc97,33792,105728,256,20,0.37646484375,0,0.0,0,0,hard_negative,2,1d5657e342c149ef8305d568410dbc96,1d5657e342c149ef8305d568410dbc96,standard,0,0,vlm_patches/patient_147_node_4/standard/hard_negative/patient_147_node_4_standard_hard_negative_001.png,s3://pershin-medailab/Pathomorphology/CAMELYON/mil/vlm_patches/c17_abmil_vlm_patches_1d5657e342c149ef8305d568410dbc96.tar.gz!/vlm_patches/patient_147_node_4/standard/hard_negative/patient_147_node_4_standard_hard_negative_001.png,patient_147_node_4_standard_hard_negative_001,A,B
c17_native,patient_147,patient_147_node_4,e1e544abd593e24d,41472,105984,256,20,0.40606689453125,0,0.0,0,0,hard_negative,4,1d5657e342c149ef8305d568410dbc96,1d5657e342c149ef8305d568410dbc96,standard,0,0,vlm_patches/patient_147_node_4/standard/hard_negative/patient_147_node_4_standard_hard_negative_003.png,s3://pershin-medailab/Pathomorphology/CAMELYON/mil/vlm_patches/c17_abmil_vlm_patches_1d5657e342c149ef8305d568410dbc96.tar.gz!/vlm_patches/patient_147_node_4/standard/hard_negative/patient_147_node_4_standard_hard_negative_003.png,patient_147_node_4_standard_hard_negative_003,A,B
c17_native,patient_139,patient_139_node_1,d64300f5085e6f89,38144,88832,256,20,0.9872894287109376,0,0.0,0,0,hard_negative,1,1d5657e342c149ef8305d568410dbc96,1d5657e342c149ef8305d568410dbc96,standard,0,0,vlm_patches/patient_139_node_1/standard/hard_negative/patient_139_node_1_standard_hard_negative_000.png,s3://pershin-medailab/Pathomorphology/CAMELYON/mil/vlm_patches/c17_abmil_vlm_patches_1d5657e342c149ef8305d568410dbc96.tar.gz!/vlm_patches/patient_139_node_1/standard/hard_negative/patient_139_node_1_standard_hard_negative_000.png,patient_139_node_1_standard_hard_negative_000,C,A
c17_native,patient_139,patient_139_node_1,796fbf0649b8dabf,54016,95488,256,20,0.975372314453125,0,0.0,0,0,hard_negative,2,1d5657e342c149ef8305d568410dbc96,1d5657e342c149ef8305d568410dbc96,standard,0,0,vlm_patches/patient_139_node_1/standard/hard_negative/patient_139_node_1_standard_hard_negative_001.png,s3://pershin-medailab/Pathomorphology/CAMELYON/mil/vlm_patches/c17_abmil_vlm_patches_1d5657e342c149ef8305d568410dbc96.tar.gz!/vlm_patches/patient_139_node_1/standard/hard_negative/patient_139_node_1_standard_hard_negative_001.png,patient_139_node_1_standard_hard_negative_001,C,A
c17_native,patient_139,patient_139_node_1,c8f30bf642a6acd8,56064,97024,256,20,0.994873046875,0,0.0,0,0,hard_negative,3,1d5657e342c149ef8305d568410dbc96,1d5657e342c149ef8305d568410dbc96,standard,0,0,vlm_patches/patient_139_node_1/standard/hard_negative/patient_139_node_1_standard_hard_negative_002.png,s3://pershin-medailab/Pathomorphology/CAMELYON/mil/vlm_patches/c17_abmil_vlm_patches_1d5657e342c149ef8305d568410dbc96.tar.gz!/vlm_patches/patient_139_node_1/standard/hard_negative/patient_139_node_1_standard_hard_negative_002.png,patient_139_node_1_standard_hard_negative_002,C,A
c17_native,patient_102,patient_102_node_1,797a0431ebb2d05f,79616,139776,256,20,0.830596923828125,0,0.485,0,1,hard_negative,1,1d5657e342c149ef8305d568410dbc96,1d5657e342c149ef8305d568410dbc96,standard,0,0,vlm_patches/patient_102_node_1/standard/hard_negative/patient_102_node_1_standard_hard_negative_000.png,s3://pershin-medailab/Pathomorphology/CAMELYON/mil/vlm_patches/c17_abmil_vlm_patches_1d5657e342c149ef8305d568410dbc96.tar.gz!/vlm_patches/patient_102_node_1/standard/hard_negative/patient_102_node_1_standard_hard_negative_000.png,patient_102_node_1_standard_hard_negative_000,A,B
c17_native,patient_102,patient_102_node_1,6ed5a60069dcee72,18432,129280,256,20,0.987945556640625,0,0.0,0,0,hard_negative,2,1d5657e342c149ef8305d568410dbc96,1d5657e342c149ef8305d568410dbc96,standard,0,0,vlm_patches/patient_102_node_1/standard/hard_negative/patient_102_node_1_standard_hard_negative_001.png,s3://pershin-medailab/Pathomorphology/CAMELYON/mil/vlm_patches/c17_abmil_vlm_patches_1d5657e342c149ef8305d568410dbc96.tar.gz!/vlm_patches/patient_102_node_1/standard/hard_negative/patient_102_node_1_standard_hard_negative_001.png,patient_102_node_1_standard_hard_negative_001,A,B
c17_native,patient_102,patient_102_node_1,3c310a514ab5b99c,60672,128512,256,20,1.0,0,0.0,0,0,hard_negative,3,1d5657e342c149ef8305d568410dbc96,1d5657e342c149ef8305d568410dbc96,standard,0,0,vlm_patches/patient_102_node_1/standard/hard_negative/patient_102_node_1_standard_hard_negative_002.png,s3://pershin-medailab/Pathomorphology/CAMELYON/mil/vlm_patches/c17_abmil_vlm_patches_1d5657e342c149ef8305d568410dbc96.tar.gz!/vlm_patches/patient_102_node_1/standard/hard_negative/patient_102_node_1_standard_hard_negative_002.png,patient_102_node_1_standard_hard_negative_002,A,B
c17_native,patient_168,patient_168_node_2,127bfa649d7a7663,17664,108544,256,20,0.6880645751953125,0,0.4175,0,1,hard_negative,1,1d5657e342c149ef8305d568410dbc96,1d5657e342c149ef8305d568410dbc96,standard,0,0,vlm_patches/patient_168_node_2/standard/hard_negative/patient_168_node_2_standard_hard_negative_000.png,s3://pershin-medailab/Pathomorphology/CAMELYON/mil/vlm_patches/c17_abmil_vlm_patches_1d5657e342c149ef8305d568410dbc96.tar.gz!/vlm_patches/patient_168_node_2/standard/hard_negative/patient_168_node_2_standard_hard_negative_000.png,patient_168_node_2_standard_hard_negative_000,A,B
c17_native,patient_168,patient_168_node_2,cd0da6b281bbbc97,58624,94976,256,20,0.9144134521484376,0,0.0,0,0,hard_negative,2,1d5657e342c149ef8305d568410dbc96,1d5657e342c149ef8305d568410dbc96,standard,0,0,vlm_patches/patient_168_node_2/standard/hard_negative/patient_168_node_2_standard_hard_negative_001.png,s3://pershin-medailab/Pathomorphology/CAMELYON/mil/vlm_patches/c17_abmil_vlm_patches_1d5657e342c149ef8305d568410dbc96.tar.gz!/vlm_patches/patient_168_node_2/standard/hard_negative/patient_168_node_2_standard_hard_negative_001.png,patient_168_node_2_standard_hard_negative_001,A,B
c17_native,patient_168,patient_168_node_2,9a4964b5f6fc0ac0,34304,61184,256,20,0.94464111328125,0,0.0,0,0,hard_negative,4,1d5657e342c149ef8305d568410dbc96,1d5657e342c149ef8305d568410dbc96,standard,0,0,vlm_patches/patient_168_node_2/standard/hard_negative/patient_168_node_2_standard_hard_negative_003.png,s3://pershin-medailab/Pathomorphology/CAMELYON/mil/vlm_patches/c17_abmil_vlm_patches_1d5657e342c149ef8305d568410dbc96.tar.gz!/vlm_patches/patient_168_node_2/standard/hard_negative/patient_168_node_2_standard_hard_negative_003.png,patient_168_node_2_standard_hard_negative_003,A,B
c17_native,patient_127,patient_127_node_4,de1a754091ea4af9,59136,152320,256,20,0.9941864013671876,1,1.0,1,1,oracle_tumor,1,1d5657e342c149ef8305d568410dbc96,1d5657e342c149ef8305d568410dbc96,standard,0,0,vlm_patches/patient_127_node_4/standard/oracle_tumor/patient_127_node_4_standard_oracle_tumor_000.png,s3://pershin-medailab/Pathomorphology/CAMELYON/mil/vlm_patches/c17_abmil_vlm_patches_1d5657e342c149ef8305d568410dbc96.tar.gz!/vlm_patches/patient_127_node_4/standard/oracle_tumor/patient_127_node_4_standard_oracle_tumor_000.png,patient_127_node_4_standard_oracle_tumor_000,A,B
c17_native,patient_127,patient_127_node_4,7a3b55e5c22a9555,30720,139520,256,20,0.9846343994140624,1,1.0,1,1,oracle_tumor,2,1d5657e342c149ef8305d568410dbc96,1d5657e342c149ef8305d568410dbc96,standard,0,0,vlm_patches/patient_127_node_4/standard/oracle_tumor/patient_127_node_4_standard_oracle_tumor_001.png,s3://pershin-medailab/Pathomorphology/CAMELYON/mil/vlm_patches/c17_abmil_vlm_patches_1d5657e342c149ef8305d568410dbc96.tar.gz!/vlm_patches/patient_127_node_4/standard/oracle_tumor/patient_127_node_4_standard_oracle_tumor_001.png,patient_127_node_4_standard_oracle_tumor_001,A,B
c17_native,patient_127,patient_127_node_4,1fb811cf299f7522,58624,152576,256,20,0.9837493896484376,1,1.0,1,1,oracle_tumor,3,1d5657e342c149ef8305d568410dbc96,1d5657e342c149ef8305d568410dbc96,standard,0,0,vlm_patches/patient_127_node_4/standard/oracle_tumor/patient_127_node_4_standard_oracle_tumor_002.png,s3://pershin-medailab/Pathomorphology/CAMELYON/mil/vlm_patches/c17_abmil_vlm_patches_1d5657e342c149ef8305d568410dbc96.tar.gz!/vlm_patches/patient_127_node_4/standard/oracle_tumor/patient_127_node_4_standard_oracle_tumor_002.png,patient_127_node_4_standard_oracle_tumor_002,A,B
c17_native,patient_195,patient_195_node_2,f2509787dd68d524,23296,103424,256,20,0.9505462646484376,1,1.0,1,1,oracle_tumor,1,1d5657e342c149ef8305d568410dbc96,1d5657e342c149ef8305d568410dbc96,standard,0,0,vlm_patches/patient_195_node_2/standard/oracle_tumor/patient_195_node_2_standard_oracle_tumor_000.png,s3://pershin-medailab/Pathomorphology/CAMELYON/mil/vlm_patches/c17_abmil_vlm_patches_1d5657e342c149ef8305d568410dbc96.tar.gz!/vlm_patches/patient_195_node_2/standard/oracle_tumor/patient_195_node_2_standard_oracle_tumor_000.png,patient_195_node_2_standard_oracle_tumor_000,A,B
c17_native,patient_195,patient_195_node_2,fac4236b61d24cdf,23040,103424,256,20,0.9263916015625,1,1.0,1,1,oracle_tumor,3,1d5657e342c149ef8305d568410dbc96,1d5657e342c149ef8305d568410dbc96,standard,0,0,vlm_patches/patient_195_node_2/standard/oracle_tumor/patient_195_node_2_standard_oracle_tumor_002.png,s3://pershin-medailab/Pathomorphology/CAMELYON/mil/vlm_patches/c17_abmil_vlm_patches_1d5657e342c149ef8305d568410dbc96.tar.gz!/vlm_patches/patient_195_node_2/standard/oracle_tumor/patient_195_node_2_standard_oracle_tumor_002.png,patient_195_node_2_standard_oracle_tumor_002,A,B
c17_native,patient_195,patient_195_node_2,432334162d2ff9d2,23552,104192,256,20,0.9846954345703124,1,0.96,1,1,oracle_tumor,4,1d5657e342c149ef8305d568410dbc96,1d5657e342c149ef8305d568410dbc96,standard,0,0,vlm_patches/patient_195_node_2/standard/oracle_tumor/patient_195_node_2_standard_oracle_tumor_003.png,s3://pershin-medailab/Pathomorphology/CAMELYON/mil/vlm_patches/c17_abmil_vlm_patches_1d5657e342c149ef8305d568410dbc96.tar.gz!/vlm_patches/patient_195_node_2/standard/oracle_tumor/patient_195_node_2_standard_oracle_tumor_003.png,patient_195_node_2_standard_oracle_tumor_003,A,B
c17_native,patient_120,patient_120_node_1,31ec7f4f2c373158,25600,116736,256,20,0.9586029052734376,1,1.0,1,1,oracle_tumor,1,1d5657e342c149ef8305d568410dbc96,1d5657e342c149ef8305d568410dbc96,standard,0,0,vlm_patches/patient_120_node_1/standard/oracle_tumor/patient_120_node_1_standard_oracle_tumor_000.png,s3://pershin-medailab/Pathomorphology/CAMELYON/mil/vlm_patches/c17_abmil_vlm_patches_1d5657e342c149ef8305d568410dbc96.tar.gz!/vlm_patches/patient_120_node_1/standard/oracle_tumor/patient_120_node_1_standard_oracle_tumor_000.png,patient_120_node_1_standard_oracle_tumor_000,A,B
c17_native,patient_120,patient_120_node_1,013d9b82e9999dfc,25600,116480,256,20,0.9909210205078124,1,1.0,1,1,oracle_tumor,2,1d5657e342c149ef8305d568410dbc96,1d5657e342c149ef8305d568410dbc96,standard,0,0,vlm_patches/patient_120_node_1/standard/oracle_tumor/patient_120_node_1_standard_oracle_tumor_001.png,s3://pershin-medailab/Pathomorphology/CAMELYON/mil/vlm_patches/c17_abmil_vlm_patches_1d5657e342c149ef8305d568410dbc96.tar.gz!/vlm_patches/patient_120_node_1/standard/oracle_tumor/patient_120_node_1_standard_oracle_tumor_001.png,patient_120_node_1_standard_oracle_tumor_001,A,B
c17_native,patient_120,patient_120_node_1,e05076a29c6672a1,36352,124928,256,20,0.983551025390625,1,1.0,1,1,oracle_tumor,4,1d5657e342c149ef8305d568410dbc96,1d5657e342c149ef8305d568410dbc96,standard,0,0,vlm_patches/patient_120_node_1/standard/oracle_tumor/patient_120_node_1_standard_oracle_tumor_003.png,s3://pershin-medailab/Pathomorphology/CAMELYON/mil/vlm_patches/c17_abmil_vlm_patches_1d5657e342c149ef8305d568410dbc96.tar.gz!/vlm_patches/patient_120_node_1/standard/oracle_tumor/patient_120_node_1_standard_oracle_tumor_003.png,patient_120_node_1_standard_oracle_tumor_003,A,B
c17_native,patient_196,patient_196_node_3,bbeb8c6e5a66db8a,48384,171008,256,20,0.9850006103515624,1,1.0,1,1,oracle_tumor,1,1d5657e342c149ef8305d568410dbc96,1d5657e342c149ef8305d568410dbc96,standard,0,0,vlm_patches/patient_196_node_3/standard/oracle_tumor/patient_196_node_3_standard_oracle_tumor_000.png,s3://pershin-medailab/Pathomorphology/CAMELYON/mil/vlm_patches/c17_abmil_vlm_patches_1d5657e342c149ef8305d568410dbc96.tar.gz!/vlm_patches/patient_196_node_3/standard/oracle_tumor/patient_196_node_3_standard_oracle_tumor_000.png,patient_196_node_3_standard_oracle_tumor_000,A,B
c17_native,patient_196,patient_196_node_3,bf7570ebed342bd9,53248,127744,256,20,0.98046875,1,1.0,1,1,oracle_tumor,2,1d5657e342c149ef8305d568410dbc96,1d5657e342c149ef8305d568410dbc96,standard,0,0,vlm_patches/patient_196_node_3/standard/oracle_tumor/patient_196_node_3_standard_oracle_tumor_001.png,s3://pershin-medailab/Pathomorphology/CAMELYON/mil/vlm_patches/c17_abmil_vlm_patches_1d5657e342c149ef8305d568410dbc96.tar.gz!/vlm_patches/patient_196_node_3/standard/oracle_tumor/patient_196_node_3_standard_oracle_tumor_001.png,patient_196_node_3_standard_oracle_tumor_001,A,B
c17_native,patient_196,patient_196_node_3,2a2ae7057850489d,41216,100608,256,20,0.9882354736328124,1,1.0,1,1,oracle_tumor,3,1d5657e342c149ef8305d568410dbc96,1d5657e342c149ef8305d568410dbc96,standard,0,0,vlm_patches/patient_196_node_3/standard/oracle_tumor/patient_196_node_3_standard_oracle_tumor_002.png,s3://pershin-medailab/Pathomorphology/CAMELYON/mil/vlm_patches/c17_abmil_vlm_patches_1d5657e342c149ef8305d568410dbc96.tar.gz!/vlm_patches/patient_196_node_3/standard/oracle_tumor/patient_196_node_3_standard_oracle_tumor_002.png,patient_196_node_3_standard_oracle_tumor_002,A,B
c17_native,patient_127,patient_127_node_1,0b83eac3b9863b5c,64768,73472,256,20,0.967193603515625,1,1.0,1,1,oracle_tumor,1,1d5657e342c149ef8305d568410dbc96,1d5657e342c149ef8305d568410dbc96,standard,0,0,vlm_patches/patient_127_node_1/standard/oracle_tumor/patient_127_node_1_standard_oracle_tumor_000.png,s3://pershin-medailab/Pathomorphology/CAMELYON/mil/vlm_patches/c17_abmil_vlm_patches_1d5657e342c149ef8305d568410dbc96.tar.gz!/vlm_patches/patient_127_node_1/standard/oracle_tumor/patient_127_node_1_standard_oracle_tumor_000.png,patient_127_node_1_standard_oracle_tumor_000,A,B
c17_native,patient_127,patient_127_node_1,dd3c3224f7422a5a,29440,63488,256,20,0.997314453125,1,1.0,1,1,oracle_tumor,2,1d5657e342c149ef8305d568410dbc96,1d5657e342c149ef8305d568410dbc96,standard,0,0,vlm_patches/patient_127_node_1/standard/oracle_tumor/patient_127_node_1_standard_oracle_tumor_001.png,s3://pershin-medailab/Pathomorphology/CAMELYON/mil/vlm_patches/c17_abmil_vlm_patches_1d5657e342c149ef8305d568410dbc96.tar.gz!/vlm_patches/patient_127_node_1/standard/oracle_tumor/patient_127_node_1_standard_oracle_tumor_001.png,patient_127_node_1_standard_oracle_tumor_001,A,B
c17_native,patient_127,patient_127_node_1,1b42a13fbce9c8cc,29440,62464,256,20,0.9992218017578124,1,1.0,1,1,oracle_tumor,3,1d5657e342c149ef8305d568410dbc96,1d5657e342c149ef8305d568410dbc96,standard,0,0,vlm_patches/patient_127_node_1/standard/oracle_tumor/patient_127_node_1_standard_oracle_tumor_002.png,s3://pershin-medailab/Pathomorphology/CAMELYON/mil/vlm_patches/c17_abmil_vlm_patches_1d5657e342c149ef8305d568410dbc96.tar.gz!/vlm_patches/patient_127_node_1/standard/oracle_tumor/patient_127_node_1_standard_oracle_tumor_002.png,patient_127_node_1_standard_oracle_tumor_002,A,B
c17_native,patient_165,patient_165_node_1,cd798f4a8cac1c72,24832,103936,256,20,0.983245849609375,1,1.0,1,1,oracle_tumor,1,1d5657e342c149ef8305d568410dbc96,1d5657e342c149ef8305d568410dbc96,standard,0,0,vlm_patches/patient_165_node_1/standard/oracle_tumor/patient_165_node_1_standard_oracle_tumor_000.png,s3://pershin-medailab/Pathomorphology/CAMELYON/mil/vlm_patches/c17_abmil_vlm_patches_1d5657e342c149ef8305d568410dbc96.tar.gz!/vlm_patches/patient_165_node_1/standard/oracle_tumor/patient_165_node_1_standard_oracle_tumor_000.png,patient_165_node_1_standard_oracle_tumor_000,A,B
c17_native,patient_165,patient_165_node_1,c95448c858258779,25344,103936,256,20,0.9941864013671876,1,0.9975,1,1,oracle_tumor,2,1d5657e342c149ef8305d568410dbc96,1d5657e342c149ef8305d568410dbc96,standard,0,0,vlm_patches/patient_165_node_1/standard/oracle_tumor/patient_165_node_1_standard_oracle_tumor_001.png,s3://pershin-medailab/Pathomorphology/CAMELYON/mil/vlm_patches/c17_abmil_vlm_patches_1d5657e342c149ef8305d568410dbc96.tar.gz!/vlm_patches/patient_165_node_1/standard/oracle_tumor/patient_165_node_1_standard_oracle_tumor_001.png,patient_165_node_1_standard_oracle_tumor_001,A,B
c17_native,patient_165,patient_165_node_1,d243ae1c82e12ec3,24576,103936,256,20,0.958709716796875,1,0.87,1,1,oracle_tumor,5,1d5657e342c149ef8305d568410dbc96,1d5657e342c149ef8305d568410dbc96,standard,0,0,vlm_patches/patient_165_node_1/standard/oracle_tumor/patient_165_node_1_standard_oracle_tumor_004.png,s3://pershin-medailab/Pathomorphology/CAMELYON/mil/vlm_patches/c17_abmil_vlm_patches_1d5657e342c149ef8305d568410dbc96.tar.gz!/vlm_patches/patient_165_node_1/standard/oracle_tumor/patient_165_node_1_standard_oracle_tumor_004.png,patient_165_node_1_standard_oracle_tumor_004,A,B
c17_native,patient_138,patient_138_node_3,8db8fb63e14697ce,60928,126208,256,20,0.9982147216796876,1,1.0,1,1,oracle_tumor,1,1d5657e342c149ef8305d568410dbc96,1d5657e342c149ef8305d568410dbc96,standard,0,0,vlm_patches/patient_138_node_3/standard/oracle_tumor/patient_138_node_3_standard_oracle_tumor_000.png,s3://pershin-medailab/Pathomorphology/CAMELYON/mil/vlm_patches/c17_abmil_vlm_patches_1d5657e342c149ef8305d568410dbc96.tar.gz!/vlm_patches/patient_138_node_3/standard/oracle_tumor/patient_138_node_3_standard_oracle_tumor_000.png,patient_138_node_3_standard_oracle_tumor_000,A,B
c17_native,patient_138,patient_138_node_3,15b94ef533aa9698,60928,127232,256,20,0.96539306640625,1,0.8825,1,1,oracle_tumor,2,1d5657e342c149ef8305d568410dbc96,1d5657e342c149ef8305d568410dbc96,standard,0,0,vlm_patches/patient_138_node_3/standard/oracle_tumor/patient_138_node_3_standard_oracle_tumor_001.png,s3://pershin-medailab/Pathomorphology/CAMELYON/mil/vlm_patches/c17_abmil_vlm_patches_1d5657e342c149ef8305d568410dbc96.tar.gz!/vlm_patches/patient_138_node_3/standard/oracle_tumor/patient_138_node_3_standard_oracle_tumor_001.png,patient_138_node_3_standard_oracle_tumor_001,A,B
c17_native,patient_138,patient_138_node_3,7e0a7b9f20af27c6,60928,126976,256,20,0.9884033203125,1,1.0,1,1,oracle_tumor,3,1d5657e342c149ef8305d568410dbc96,1d5657e342c149ef8305d568410dbc96,standard,0,0,vlm_patches/patient_138_node_3/standard/oracle_tumor/patient_138_node_3_standard_oracle_tumor_002.png,s3://pershin-medailab/Pathomorphology/CAMELYON/mil/vlm_patches/c17_abmil_vlm_patches_1d5657e342c149ef8305d568410dbc96.tar.gz!/vlm_patches/patient_138_node_3/standard/oracle_tumor/patient_138_node_3_standard_oracle_tumor_002.png,patient_138_node_3_standard_oracle_tumor_002,A,B
c17_native,patient_186,patient_186_node_0,237cfeec3acd8cbc,31232,119808,256,20,0.9988861083984376,1,1.0,1,1,oracle_tumor,1,1d5657e342c149ef8305d568410dbc96,1d5657e342c149ef8305d568410dbc96,standard,0,0,vlm_patches/patient_186_node_0/standard/oracle_tumor/patient_186_node_0_standard_oracle_tumor_000.png,s3://pershin-medailab/Pathomorphology/CAMELYON/mil/vlm_patches/c17_abmil_vlm_patches_1d5657e342c149ef8305d568410dbc96.tar.gz!/vlm_patches/patient_186_node_0/standard/oracle_tumor/patient_186_node_0_standard_oracle_tumor_000.png,patient_186_node_0_standard_oracle_tumor_000,A,B
c17_native,patient_186,patient_186_node_0,2f9c6cbd7dc20612,26624,128000,256,20,0.9855499267578124,1,1.0,1,1,oracle_tumor,2,1d5657e342c149ef8305d568410dbc96,1d5657e342c149ef8305d568410dbc96,standard,0,0,vlm_patches/patient_186_node_0/standard/oracle_tumor/patient_186_node_0_standard_oracle_tumor_001.png,s3://pershin-medailab/Pathomorphology/CAMELYON/mil/vlm_patches/c17_abmil_vlm_patches_1d5657e342c149ef8305d568410dbc96.tar.gz!/vlm_patches/patient_186_node_0/standard/oracle_tumor/patient_186_node_0_standard_oracle_tumor_001.png,patient_186_node_0_standard_oracle_tumor_001,A,B
c17_native,patient_186,patient_186_node_0,4d0ee13b186aa768,28160,122624,256,20,0.9810333251953124,1,1.0,1,1,oracle_tumor,3,1d5657e342c149ef8305d568410dbc96,1d5657e342c149ef8305d568410dbc96,standard,0,0,vlm_patches/patient_186_node_0/standard/oracle_tumor/patient_186_node_0_standard_oracle_tumor_002.png,s3://pershin-medailab/Pathomorphology/CAMELYON/mil/vlm_patches/c17_abmil_vlm_patches_1d5657e342c149ef8305d568410dbc96.tar.gz!/vlm_patches/patient_186_node_0/standard/oracle_tumor/patient_186_node_0_standard_oracle_tumor_002.png,patient_186_node_0_standard_oracle_tumor_002,A,B
c17_native,patient_103,patient_103_node_0,4a353673b587635a,39936,110848,256,20,0.84320068359375,1,0.66,1,1,oracle_tumor,1,1d5657e342c149ef8305d568410dbc96,1d5657e342c149ef8305d568410dbc96,standard,0,0,vlm_patches/patient_103_node_0/standard/oracle_tumor/patient_103_node_0_standard_oracle_tumor_000.png,s3://pershin-medailab/Pathomorphology/CAMELYON/mil/vlm_patches/c17_abmil_vlm_patches_1d5657e342c149ef8305d568410dbc96.tar.gz!/vlm_patches/patient_103_node_0/standard/oracle_tumor/patient_103_node_0_standard_oracle_tumor_000.png,patient_103_node_0_standard_oracle_tumor_000,A,B
c17_native,patient_103,patient_103_node_0,8c8d9368e90c2130,40448,110592,256,20,0.8471221923828125,1,0.41,1,1,oracle_tumor,2,1d5657e342c149ef8305d568410dbc96,1d5657e342c149ef8305d568410dbc96,standard,0,0,vlm_patches/patient_103_node_0/standard/oracle_tumor/patient_103_node_0_standard_oracle_tumor_001.png,s3://pershin-medailab/Pathomorphology/CAMELYON/mil/vlm_patches/c17_abmil_vlm_patches_1d5657e342c149ef8305d568410dbc96.tar.gz!/vlm_patches/patient_103_node_0/standard/oracle_tumor/patient_103_node_0_standard_oracle_tumor_001.png,patient_103_node_0_standard_oracle_tumor_001,A,B
c17_native,patient_103,patient_103_node_0,a05e2c733e97de9b,40192,110592,256,20,0.855010986328125,1,0.7375,1,1,oracle_tumor,3,1d5657e342c149ef8305d568410dbc96,1d5657e342c149ef8305d568410dbc96,standard,0,0,vlm_patches/patient_103_node_0/standard/oracle_tumor/patient_103_node_0_standard_oracle_tumor_002.png,s3://pershin-medailab/Pathomorphology/CAMELYON/mil/vlm_patches/c17_abmil_vlm_patches_1d5657e342c149ef8305d568410dbc96.tar.gz!/vlm_patches/patient_103_node_0/standard/oracle_tumor/patient_103_node_0_standard_oracle_tumor_002.png,patient_103_node_0_standard_oracle_tumor_002,A,B
c17_native,patient_145,patient_145_node_0,97e3a887079cd54b,66816,82432,256,20,0.703857421875,1,1.0,1,1,oracle_tumor,1,1d5657e342c149ef8305d568410dbc96,1d5657e342c149ef8305d568410dbc96,standard,0,0,vlm_patches/patient_145_node_0/standard/oracle_tumor/patient_145_node_0_standard_oracle_tumor_000.png,s3://pershin-medailab/Pathomorphology/CAMELYON/mil/vlm_patches/c17_abmil_vlm_patches_1d5657e342c149ef8305d568410dbc96.tar.gz!/vlm_patches/patient_145_node_0/standard/oracle_tumor/patient_145_node_0_standard_oracle_tumor_000.png,patient_145_node_0_standard_oracle_tumor_000,A,B
c17_native,patient_145,patient_145_node_0,30cc5237a7e5dc40,66560,78848,256,20,0.7188568115234375,1,1.0,1,1,oracle_tumor,2,1d5657e342c149ef8305d568410dbc96,1d5657e342c149ef8305d568410dbc96,standard,0,0,vlm_patches/patient_145_node_0/standard/oracle_tumor/patient_145_node_0_standard_oracle_tumor_001.png,s3://pershin-medailab/Pathomorphology/CAMELYON/mil/vlm_patches/c17_abmil_vlm_patches_1d5657e342c149ef8305d568410dbc96.tar.gz!/vlm_patches/patient_145_node_0/standard/oracle_tumor/patient_145_node_0_standard_oracle_tumor_001.png,patient_145_node_0_standard_oracle_tumor_001,A,B
c17_native,patient_145,patient_145_node_0,42233891ffee2a55,60160,73472,256,20,0.70819091796875,1,1.0,1,1,oracle_tumor,3,1d5657e342c149ef8305d568410dbc96,1d5657e342c149ef8305d568410dbc96,standard,0,0,vlm_patches/patient_145_node_0/standard/oracle_tumor/patient_145_node_0_standard_oracle_tumor_002.png,s3://pershin-medailab/Pathomorphology/CAMELYON/mil/vlm_patches/c17_abmil_vlm_patches_1d5657e342c149ef8305d568410dbc96.tar.gz!/vlm_patches/patient_145_node_0/standard/oracle_tumor/patient_145_node_0_standard_oracle_tumor_002.png,patient_145_node_0_standard_oracle_tumor_002,A,B
c17_native,patient_135,patient_135_node_0,b821c8d5ff60298c,22272,92928,256,20,0.98223876953125,1,1.0,1,1,oracle_tumor,1,1d5657e342c149ef8305d568410dbc96,1d5657e342c149ef8305d568410dbc96,standard,0,0,vlm_patches/patient_135_node_0/standard/oracle_tumor/patient_135_node_0_standard_oracle_tumor_000.png,s3://pershin-medailab/Pathomorphology/CAMELYON/mil/vlm_patches/c17_abmil_vlm_patches_1d5657e342c149ef8305d568410dbc96.tar.gz!/vlm_patches/patient_135_node_0/standard/oracle_tumor/patient_135_node_0_standard_oracle_tumor_000.png,patient_135_node_0_standard_oracle_tumor_000,A,B
c17_native,patient_135,patient_135_node_0,2ae14e67fed16578,23552,92928,256,20,0.912384033203125,1,1.0,1,1,oracle_tumor,2,1d5657e342c149ef8305d568410dbc96,1d5657e342c149ef8305d568410dbc96,standard,0,0,vlm_patches/patient_135_node_0/standard/oracle_tumor/patient_135_node_0_standard_oracle_tumor_001.png,s3://pershin-medailab/Pathomorphology/CAMELYON/mil/vlm_patches/c17_abmil_vlm_patches_1d5657e342c149ef8305d568410dbc96.tar.gz!/vlm_patches/patient_135_node_0/standard/oracle_tumor/patient_135_node_0_standard_oracle_tumor_001.png,patient_135_node_0_standard_oracle_tumor_001,A,B
c17_native,patient_135,patient_135_node_0,e7deba6609702608,22272,93184,256,20,0.9347381591796876,1,1.0,1,1,oracle_tumor,3,1d5657e342c149ef8305d568410dbc96,1d5657e342c149ef8305d568410dbc96,standard,0,0,vlm_patches/patient_135_node_0/standard/oracle_tumor/patient_135_node_0_standard_oracle_tumor_002.png,s3://pershin-medailab/Pathomorphology/CAMELYON/mil/vlm_patches/c17_abmil_vlm_patches_1d5657e342c149ef8305d568410dbc96.tar.gz!/vlm_patches/patient_135_node_0/standard/oracle_tumor/patient_135_node_0_standard_oracle_tumor_002.png,patient_135_node_0_standard_oracle_tumor_002,A,B
c17_native,patient_151,patient_151_node_2,9224412b66ba6b50,72448,77568,256,20,0.9853057861328124,1,1.0,1,1,oracle_tumor,1,1d5657e342c149ef8305d568410dbc96,1d5657e342c149ef8305d568410dbc96,standard,0,0,vlm_patches/patient_151_node_2/standard/oracle_tumor/patient_151_node_2_standard_oracle_tumor_000.png,s3://pershin-medailab/Pathomorphology/CAMELYON/mil/vlm_patches/c17_abmil_vlm_patches_1d5657e342c149ef8305d568410dbc96.tar.gz!/vlm_patches/patient_151_node_2/standard/oracle_tumor/patient_151_node_2_standard_oracle_tumor_000.png,patient_151_node_2_standard_oracle_tumor_000,A,B
c17_native,patient_151,patient_151_node_2,2a3d627401738c45,73216,77568,256,20,0.962310791015625,1,1.0,1,1,oracle_tumor,2,1d5657e342c149ef8305d568410dbc96,1d5657e342c149ef8305d568410dbc96,standard,0,0,vlm_patches/patient_151_node_2/standard/oracle_tumor/patient_151_node_2_standard_oracle_tumor_001.png,s3://pershin-medailab/Pathomorphology/CAMELYON/mil/vlm_patches/c17_abmil_vlm_patches_1d5657e342c149ef8305d568410dbc96.tar.gz!/vlm_patches/patient_151_node_2/standard/oracle_tumor/patient_151_node_2_standard_oracle_tumor_001.png,patient_151_node_2_standard_oracle_tumor_001,A,B
c17_native,patient_151,patient_151_node_2,928c54775378cdb4,72704,77568,256,20,0.9907684326171876,1,1.0,1,1,oracle_tumor,3,1d5657e342c149ef8305d568410dbc96,1d5657e342c149ef8305d568410dbc96,standard,0,0,vlm_patches/patient_151_node_2/standard/oracle_tumor/patient_151_node_2_standard_oracle_tumor_002.png,s3://pershin-medailab/Pathomorphology/CAMELYON/mil/vlm_patches/c17_abmil_vlm_patches_1d5657e342c149ef8305d568410dbc96.tar.gz!/vlm_patches/patient_151_node_2/standard/oracle_tumor/patient_151_node_2_standard_oracle_tumor_002.png,patient_151_node_2_standard_oracle_tumor_002,A,B
c17_native,patient_121,patient_121_node_4,1fb4260c8bc0c471,15616,97280,256,20,0.996856689453125,1,0.975,1,1,oracle_tumor,1,1d5657e342c149ef8305d568410dbc96,1d5657e342c149ef8305d568410dbc96,standard,0,0,vlm_patches/patient_121_node_4/standard/oracle_tumor/patient_121_node_4_standard_oracle_tumor_000.png,s3://pershin-medailab/Pathomorphology/CAMELYON/mil/vlm_patches/c17_abmil_vlm_patches_1d5657e342c149ef8305d568410dbc96.tar.gz!/vlm_patches/patient_121_node_4/standard/oracle_tumor/patient_121_node_4_standard_oracle_tumor_000.png,patient_121_node_4_standard_oracle_tumor_000,A,B
c17_native,patient_121,patient_121_node_4,2357b50c7e850111,15872,97024,256,20,0.989898681640625,1,0.68,1,1,oracle_tumor,2,1d5657e342c149ef8305d568410dbc96,1d5657e342c149ef8305d568410dbc96,standard,0,0,vlm_patches/patient_121_node_4/standard/oracle_tumor/patient_121_node_4_standard_oracle_tumor_001.png,s3://pershin-medailab/Pathomorphology/CAMELYON/mil/vlm_patches/c17_abmil_vlm_patches_1d5657e342c149ef8305d568410dbc96.tar.gz!/vlm_patches/patient_121_node_4/standard/oracle_tumor/patient_121_node_4_standard_oracle_tumor_001.png,patient_121_node_4_standard_oracle_tumor_001,A,B
c17_native,patient_121,patient_121_node_4,0edf8b45c34bc9ce,16128,97536,256,20,0.99652099609375,1,1.0,1,1,oracle_tumor,5,1d5657e342c149ef8305d568410dbc96,1d5657e342c149ef8305d568410dbc96,standard,0,0,vlm_patches/patient_121_node_4/standard/oracle_tumor/patient_121_node_4_standard_oracle_tumor_004.png,s3://pershin-medailab/Pathomorphology/CAMELYON/mil/vlm_patches/c17_abmil_vlm_patches_1d5657e342c149ef8305d568410dbc96.tar.gz!/vlm_patches/patient_121_node_4/standard/oracle_tumor/patient_121_node_4_standard_oracle_tumor_004.png,patient_121_node_4_standard_oracle_tumor_004,A,B
c17_native,patient_147,patient_147_node_2,6de40783740f5833,56832,87040,256,20,0.71343994140625,1,1.0,1,1,oracle_tumor,1,1d5657e342c149ef8305d568410dbc96,1d5657e342c149ef8305d568410dbc96,standard,0,0,vlm_patches/patient_147_node_2/standard/oracle_tumor/patient_147_node_2_standard_oracle_tumor_000.png,s3://pershin-medailab/Pathomorphology/CAMELYON/mil/vlm_patches/c17_abmil_vlm_patches_1d5657e342c149ef8305d568410dbc96.tar.gz!/vlm_patches/patient_147_node_2/standard/oracle_tumor/patient_147_node_2_standard_oracle_tumor_000.png,patient_147_node_2_standard_oracle_tumor_000,A,B
c17_native,patient_147,patient_147_node_2,5d59a15424198187,21248,99840,256,20,0.62286376953125,1,1.0,1,1,oracle_tumor,2,1d5657e342c149ef8305d568410dbc96,1d5657e342c149ef8305d568410dbc96,standard,0,0,vlm_patches/patient_147_node_2/standard/oracle_tumor/patient_147_node_2_standard_oracle_tumor_001.png,s3://pershin-medailab/Pathomorphology/CAMELYON/mil/vlm_patches/c17_abmil_vlm_patches_1d5657e342c149ef8305d568410dbc96.tar.gz!/vlm_patches/patient_147_node_2/standard/oracle_tumor/patient_147_node_2_standard_oracle_tumor_001.png,patient_147_node_2_standard_oracle_tumor_001,A,B
c17_native,patient_147,patient_147_node_2,5b5ed71e647d6bcf,22784,100864,256,20,0.69317626953125,1,1.0,1,1,oracle_tumor,3,1d5657e342c149ef8305d568410dbc96,1d5657e342c149ef8305d568410dbc96,standard,0,0,vlm_patches/patient_147_node_2/standard/oracle_tumor/patient_147_node_2_standard_oracle_tumor_002.png,s3://pershin-medailab/Pathomorphology/CAMELYON/mil/vlm_patches/c17_abmil_vlm_patches_1d5657e342c149ef8305d568410dbc96.tar.gz!/vlm_patches/patient_147_node_2/standard/oracle_tumor/patient_147_node_2_standard_oracle_tumor_002.png,patient_147_node_2_standard_oracle_tumor_002,A,B
c17_native,patient_188,patient_188_node_3,4b0e9ae1e3423684,68608,77056,256,20,0.94549560546875,1,1.0,1,1,oracle_tumor,1,1d5657e342c149ef8305d568410dbc96,1d5657e342c149ef8305d568410dbc96,standard,0,0,vlm_patches/patient_188_node_3/standard/oracle_tumor/patient_188_node_3_standard_oracle_tumor_000.png,s3://pershin-medailab/Pathomorphology/CAMELYON/mil/vlm_patches/c17_abmil_vlm_patches_1d5657e342c149ef8305d568410dbc96.tar.gz!/vlm_patches/patient_188_node_3/standard/oracle_tumor/patient_188_node_3_standard_oracle_tumor_000.png,patient_188_node_3_standard_oracle_tumor_000,A,B
c17_native,patient_188,patient_188_node_3,be6c6369c57b9425,65536,83712,256,20,0.9907379150390624,1,1.0,1,1,oracle_tumor,2,1d5657e342c149ef8305d568410dbc96,1d5657e342c149ef8305d568410dbc96,standard,0,0,vlm_patches/patient_188_node_3/standard/oracle_tumor/patient_188_node_3_standard_oracle_tumor_001.png,s3://pershin-medailab/Pathomorphology/CAMELYON/mil/vlm_patches/c17_abmil_vlm_patches_1d5657e342c149ef8305d568410dbc96.tar.gz!/vlm_patches/patient_188_node_3/standard/oracle_tumor/patient_188_node_3_standard_oracle_tumor_001.png,patient_188_node_3_standard_oracle_tumor_001,A,B
c17_native,patient_188,patient_188_node_3,bcf70a58f8548781,61184,92416,256,20,0.989654541015625,1,1.0,1,1,oracle_tumor,3,1d5657e342c149ef8305d568410dbc96,1d5657e342c149ef8305d568410dbc96,standard,0,0,vlm_patches/patient_188_node_3/standard/oracle_tumor/patient_188_node_3_standard_oracle_tumor_002.png,s3://pershin-medailab/Pathomorphology/CAMELYON/mil/vlm_patches/c17_abmil_vlm_patches_1d5657e342c149ef8305d568410dbc96.tar.gz!/vlm_patches/patient_188_node_3/standard/oracle_tumor/patient_188_node_3_standard_oracle_tumor_002.png,patient_188_node_3_standard_oracle_tumor_002,A,B
c17_native,patient_122,patient_122_node_2,5241f7e9e5e6a9f0,139520,12544,256,20,0.60162353515625,1,1.0,1,1,oracle_tumor,1,1d5657e342c149ef8305d568410dbc96,1d5657e342c149ef8305d568410dbc96,standard,0,0,vlm_patches/patient_122_node_2/standard/oracle_tumor/patient_122_node_2_standard_oracle_tumor_000.png,s3://pershin-medailab/Pathomorphology/CAMELYON/mil/vlm_patches/c17_abmil_vlm_patches_1d5657e342c149ef8305d568410dbc96.tar.gz!/vlm_patches/patient_122_node_2/standard/oracle_tumor/patient_122_node_2_standard_oracle_tumor_000.png,patient_122_node_2_standard_oracle_tumor_000,A,B
c17_native,patient_122,patient_122_node_2,559725d4f4869f2e,139008,13056,256,20,0.5352630615234375,1,1.0,1,1,oracle_tumor,2,1d5657e342c149ef8305d568410dbc96,1d5657e342c149ef8305d568410dbc96,standard,0,0,vlm_patches/patient_122_node_2/standard/oracle_tumor/patient_122_node_2_standard_oracle_tumor_001.png,s3://pershin-medailab/Pathomorphology/CAMELYON/mil/vlm_patches/c17_abmil_vlm_patches_1d5657e342c149ef8305d568410dbc96.tar.gz!/vlm_patches/patient_122_node_2/standard/oracle_tumor/patient_122_node_2_standard_oracle_tumor_001.png,patient_122_node_2_standard_oracle_tumor_001,A,B
c17_native,patient_122,patient_122_node_2,70e72cd7419fff6d,139264,10240,256,20,0.5224761962890625,1,1.0,1,1,oracle_tumor,3,1d5657e342c149ef8305d568410dbc96,1d5657e342c149ef8305d568410dbc96,standard,0,0,vlm_patches/patient_122_node_2/standard/oracle_tumor/patient_122_node_2_standard_oracle_tumor_002.png,s3://pershin-medailab/Pathomorphology/CAMELYON/mil/vlm_patches/c17_abmil_vlm_patches_1d5657e342c149ef8305d568410dbc96.tar.gz!/vlm_patches/patient_122_node_2/standard/oracle_tumor/patient_122_node_2_standard_oracle_tumor_002.png,patient_122_node_2_standard_oracle_tumor_002,A,B
c17_native,patient_149,patient_149_node_2,50db8a0e14ab97c8,46848,94976,256,20,0.5719146728515625,1,0.625,1,1,oracle_tumor,1,1d5657e342c149ef8305d568410dbc96,1d5657e342c149ef8305d568410dbc96,standard,0,0,vlm_patches/patient_149_node_2/standard/oracle_tumor/patient_149_node_2_standard_oracle_tumor_000.png,s3://pershin-medailab/Pathomorphology/CAMELYON/mil/vlm_patches/c17_abmil_vlm_patches_1d5657e342c149ef8305d568410dbc96.tar.gz!/vlm_patches/patient_149_node_2/standard/oracle_tumor/patient_149_node_2_standard_oracle_tumor_000.png,patient_149_node_2_standard_oracle_tumor_000,A,B
c17_native,patient_149,patient_149_node_2,4e5021f5d64392c7,46848,95488,256,20,0.4190826416015625,1,1.0,1,1,oracle_tumor,2,1d5657e342c149ef8305d568410dbc96,1d5657e342c149ef8305d568410dbc96,standard,0,0,vlm_patches/patient_149_node_2/standard/oracle_tumor/patient_149_node_2_standard_oracle_tumor_001.png,s3://pershin-medailab/Pathomorphology/CAMELYON/mil/vlm_patches/c17_abmil_vlm_patches_1d5657e342c149ef8305d568410dbc96.tar.gz!/vlm_patches/patient_149_node_2/standard/oracle_tumor/patient_149_node_2_standard_oracle_tumor_001.png,patient_149_node_2_standard_oracle_tumor_001,A,B
c17_native,patient_149,patient_149_node_2,fc7ba387a9720f15,46592,95488,256,20,0.492889404296875,1,0.7225,1,1,oracle_tumor,3,1d5657e342c149ef8305d568410dbc96,1d5657e342c149ef8305d568410dbc96,standard,0,0,vlm_patches/patient_149_node_2/standard/oracle_tumor/patient_149_node_2_standard_oracle_tumor_002.png,s3://pershin-medailab/Pathomorphology/CAMELYON/mil/vlm_patches/c17_abmil_vlm_patches_1d5657e342c149ef8305d568410dbc96.tar.gz!/vlm_patches/patient_149_node_2/standard/oracle_tumor/patient_149_node_2_standard_oracle_tumor_002.png,patient_149_node_2_standard_oracle_tumor_002,A,B
c17_native,patient_108,patient_108_node_2,f440638b7eab71b8,71680,69888,256,20,0.60040283203125,1,0.7375,1,1,oracle_tumor,1,1d5657e342c149ef8305d568410dbc96,1d5657e342c149ef8305d568410dbc96,standard,0,0,vlm_patches/patient_108_node_2/standard/oracle_tumor/patient_108_node_2_standard_oracle_tumor_000.png,s3://pershin-medailab/Pathomorphology/CAMELYON/mil/vlm_patches/c17_abmil_vlm_patches_1d5657e342c149ef8305d568410dbc96.tar.gz!/vlm_patches/patient_108_node_2/standard/oracle_tumor/patient_108_node_2_standard_oracle_tumor_000.png,patient_108_node_2_standard_oracle_tumor_000,A,B
c17_native,patient_108,patient_108_node_2,65a36d01891e342b,71936,69888,256,20,0.7093658447265625,1,0.945,1,1,oracle_tumor,2,1d5657e342c149ef8305d568410dbc96,1d5657e342c149ef8305d568410dbc96,standard,0,0,vlm_patches/patient_108_node_2/standard/oracle_tumor/patient_108_node_2_standard_oracle_tumor_001.png,s3://pershin-medailab/Pathomorphology/CAMELYON/mil/vlm_patches/c17_abmil_vlm_patches_1d5657e342c149ef8305d568410dbc96.tar.gz!/vlm_patches/patient_108_node_2/standard/oracle_tumor/patient_108_node_2_standard_oracle_tumor_001.png,patient_108_node_2_standard_oracle_tumor_001,A,B
c17_native,patient_108,patient_108_node_2,47bb1ac0743244e3,71680,70144,256,20,0.8392181396484375,1,1.0,1,1,oracle_tumor,4,1d5657e342c149ef8305d568410dbc96,1d5657e342c149ef8305d568410dbc96,standard,0,0,vlm_patches/patient_108_node_2/standard/oracle_tumor/patient_108_node_2_standard_oracle_tumor_003.png,s3://pershin-medailab/Pathomorphology/CAMELYON/mil/vlm_patches/c17_abmil_vlm_patches_1d5657e342c149ef8305d568410dbc96.tar.gz!/vlm_patches/patient_108_node_2/standard/oracle_tumor/patient_108_node_2_standard_oracle_tumor_003.png,patient_108_node_2_standard_oracle_tumor_003,A,B
c17_native,patient_196,patient_196_node_2,bdd11afe06cc974a,35840,183040,256,20,0.9761962890625,1,1.0,1,1,oracle_tumor,1,1d5657e342c149ef8305d568410dbc96,1d5657e342c149ef8305d568410dbc96,standard,0,0,vlm_patches/patient_196_node_2/standard/oracle_tumor/patient_196_node_2_standard_oracle_tumor_000.png,s3://pershin-medailab/Pathomorphology/CAMELYON/mil/vlm_patches/c17_abmil_vlm_patches_1d5657e342c149ef8305d568410dbc96.tar.gz!/vlm_patches/patient_196_node_2/standard/oracle_tumor/patient_196_node_2_standard_oracle_tumor_000.png,patient_196_node_2_standard_oracle_tumor_000,A,B
c17_native,patient_196,patient_196_node_2,49b5f94643a2bef5,34560,173056,256,20,0.9943695068359376,1,1.0,1,1,oracle_tumor,2,1d5657e342c149ef8305d568410dbc96,1d5657e342c149ef8305d568410dbc96,standard,0,0,vlm_patches/patient_196_node_2/standard/oracle_tumor/patient_196_node_2_standard_oracle_tumor_001.png,s3://pershin-medailab/Pathomorphology/CAMELYON/mil/vlm_patches/c17_abmil_vlm_patches_1d5657e342c149ef8305d568410dbc96.tar.gz!/vlm_patches/patient_196_node_2/standard/oracle_tumor/patient_196_node_2_standard_oracle_tumor_001.png,patient_196_node_2_standard_oracle_tumor_001,A,B
c17_native,patient_196,patient_196_node_2,339dc5ebbd48b81c,32768,173568,256,20,0.99395751953125,1,1.0,1,1,oracle_tumor,3,1d5657e342c149ef8305d568410dbc96,1d5657e342c149ef8305d568410dbc96,standard,0,0,vlm_patches/patient_196_node_2/standard/oracle_tumor/patient_196_node_2_standard_oracle_tumor_002.png,s3://pershin-medailab/Pathomorphology/CAMELYON/mil/vlm_patches/c17_abmil_vlm_patches_1d5657e342c149ef8305d568410dbc96.tar.gz!/vlm_patches/patient_196_node_2/standard/oracle_tumor/patient_196_node_2_standard_oracle_tumor_002.png,patient_196_node_2_standard_oracle_tumor_002,A,B
c17_native,patient_183,patient_183_node_0,7a9a37ec002047dd,63232,75776,256,20,0.7607269287109375,1,1.0,1,1,oracle_tumor,1,1d5657e342c149ef8305d568410dbc96,1d5657e342c149ef8305d568410dbc96,standard,0,0,vlm_patches/patient_183_node_0/standard/oracle_tumor/patient_183_node_0_standard_oracle_tumor_000.png,s3://pershin-medailab/Pathomorphology/CAMELYON/mil/vlm_patches/c17_abmil_vlm_patches_1d5657e342c149ef8305d568410dbc96.tar.gz!/vlm_patches/patient_183_node_0/standard/oracle_tumor/patient_183_node_0_standard_oracle_tumor_000.png,patient_183_node_0_standard_oracle_tumor_000,A,B
c17_native,patient_183,patient_183_node_0,698d49dff82d0105,23040,95232,256,20,0.639739990234375,1,1.0,1,1,oracle_tumor,2,1d5657e342c149ef8305d568410dbc96,1d5657e342c149ef8305d568410dbc96,standard,0,0,vlm_patches/patient_183_node_0/standard/oracle_tumor/patient_183_node_0_standard_oracle_tumor_001.png,s3://pershin-medailab/Pathomorphology/CAMELYON/mil/vlm_patches/c17_abmil_vlm_patches_1d5657e342c149ef8305d568410dbc96.tar.gz!/vlm_patches/patient_183_node_0/standard/oracle_tumor/patient_183_node_0_standard_oracle_tumor_001.png,patient_183_node_0_standard_oracle_tumor_001,A,B
c17_native,patient_183,patient_183_node_0,8a91378ccae847fc,14592,79360,256,20,0.5603485107421875,1,1.0,1,1,oracle_tumor,3,1d5657e342c149ef8305d568410dbc96,1d5657e342c149ef8305d568410dbc96,standard,0,0,vlm_patches/patient_183_node_0/standard/oracle_tumor/patient_183_node_0_standard_oracle_tumor_002.png,s3://pershin-medailab/Pathomorphology/CAMELYON/mil/vlm_patches/c17_abmil_vlm_patches_1d5657e342c149ef8305d568410dbc96.tar.gz!/vlm_patches/patient_183_node_0/standard/oracle_tumor/patient_183_node_0_standard_oracle_tumor_002.png,patient_183_node_0_standard_oracle_tumor_002,A,B
c17_native,patient_148,patient_148_node_2,a56fc70984c8002e,100864,12288,256,20,0.6943511962890625,1,1.0,1,1,oracle_tumor,1,1d5657e342c149ef8305d568410dbc96,1d5657e342c149ef8305d568410dbc96,standard,0,0,vlm_patches/patient_148_node_2/standard/oracle_tumor/patient_148_node_2_standard_oracle_tumor_000.png,s3://pershin-medailab/Pathomorphology/CAMELYON/mil/vlm_patches/c17_abmil_vlm_patches_1d5657e342c149ef8305d568410dbc96.tar.gz!/vlm_patches/patient_148_node_2/standard/oracle_tumor/patient_148_node_2_standard_oracle_tumor_000.png,patient_148_node_2_standard_oracle_tumor_000,A,B
c17_native,patient_148,patient_148_node_2,849c697c8d2ee448,100864,12544,256,20,0.703643798828125,1,1.0,1,1,oracle_tumor,2,1d5657e342c149ef8305d568410dbc96,1d5657e342c149ef8305d568410dbc96,standard,0,0,vlm_patches/patient_148_node_2/standard/oracle_tumor/patient_148_node_2_standard_oracle_tumor_001.png,s3://pershin-medailab/Pathomorphology/CAMELYON/mil/vlm_patches/c17_abmil_vlm_patches_1d5657e342c149ef8305d568410dbc96.tar.gz!/vlm_patches/patient_148_node_2/standard/oracle_tumor/patient_148_node_2_standard_oracle_tumor_001.png,patient_148_node_2_standard_oracle_tumor_001,A,B
c17_native,patient_148,patient_148_node_2,d886ac64f6eea4b4,100864,11520,256,20,0.5435638427734375,1,1.0,1,1,oracle_tumor,3,1d5657e342c149ef8305d568410dbc96,1d5657e342c149ef8305d568410dbc96,standard,0,0,vlm_patches/patient_148_node_2/standard/oracle_tumor/patient_148_node_2_standard_oracle_tumor_002.png,s3://pershin-medailab/Pathomorphology/CAMELYON/mil/vlm_patches/c17_abmil_vlm_patches_1d5657e342c149ef8305d568410dbc96.tar.gz!/vlm_patches/patient_148_node_2/standard/oracle_tumor/patient_148_node_2_standard_oracle_tumor_002.png,patient_148_node_2_standard_oracle_tumor_002,A,B
c17_native,patient_123,patient_123_node_1,e808ec711a53ef3e,23296,134400,256,20,0.90545654296875,1,1.0,1,1,oracle_tumor,1,1d5657e342c149ef8305d568410dbc96,1d5657e342c149ef8305d568410dbc96,standard,0,0,vlm_patches/patient_123_node_1/standard/oracle_tumor/patient_123_node_1_standard_oracle_tumor_000.png,s3://pershin-medailab/Pathomorphology/CAMELYON/mil/vlm_patches/c17_abmil_vlm_patches_1d5657e342c149ef8305d568410dbc96.tar.gz!/vlm_patches/patient_123_node_1/standard/oracle_tumor/patient_123_node_1_standard_oracle_tumor_000.png,patient_123_node_1_standard_oracle_tumor_000,A,B
c17_native,patient_123,patient_123_node_1,6107191dedac782e,23552,134400,256,20,0.9080047607421876,1,1.0,1,1,oracle_tumor,3,1d5657e342c149ef8305d568410dbc96,1d5657e342c149ef8305d568410dbc96,standard,0,0,vlm_patches/patient_123_node_1/standard/oracle_tumor/patient_123_node_1_standard_oracle_tumor_002.png,s3://pershin-medailab/Pathomorphology/CAMELYON/mil/vlm_patches/c17_abmil_vlm_patches_1d5657e342c149ef8305d568410dbc96.tar.gz!/vlm_patches/patient_123_node_1/standard/oracle_tumor/patient_123_node_1_standard_oracle_tumor_002.png,patient_123_node_1_standard_oracle_tumor_002,A,B
c17_native,patient_123,patient_123_node_1,209a3eb7d94d4ea1,23552,134912,256,20,0.897430419921875,1,1.0,1,1,oracle_tumor,4,1d5657e342c149ef8305d568410dbc96,1d5657e342c149ef8305d568410dbc96,standard,0,0,vlm_patches/patient_123_node_1/standard/oracle_tumor/patient_123_node_1_standard_oracle_tumor_003.png,s3://pershin-medailab/Pathomorphology/CAMELYON/mil/vlm_patches/c17_abmil_vlm_patches_1d5657e342c149ef8305d568410dbc96.tar.gz!/vlm_patches/patient_123_node_1/standard/oracle_tumor/patient_123_node_1_standard_oracle_tumor_003.png,patient_123_node_1_standard_oracle_tumor_003,A,B
c17_native,patient_195,patient_195_node_0,e68b3666e4c78139,38144,172544,256,20,0.9909210205078124,1,1.0,1,1,oracle_tumor,1,1d5657e342c149ef8305d568410dbc96,1d5657e342c149ef8305d568410dbc96,standard,0,0,vlm_patches/patient_195_node_0/standard/oracle_tumor/patient_195_node_0_standard_oracle_tumor_000.png,s3://pershin-medailab/Pathomorphology/CAMELYON/mil/vlm_patches/c17_abmil_vlm_patches_1d5657e342c149ef8305d568410dbc96.tar.gz!/vlm_patches/patient_195_node_0/standard/oracle_tumor/patient_195_node_0_standard_oracle_tumor_000.png,patient_195_node_0_standard_oracle_tumor_000,A,B
c17_native,patient_195,patient_195_node_0,ba7be4b1d8377bbe,38656,71424,256,20,0.9897003173828124,1,1.0,1,1,oracle_tumor,2,1d5657e342c149ef8305d568410dbc96,1d5657e342c149ef8305d568410dbc96,standard,0,0,vlm_patches/patient_195_node_0/standard/oracle_tumor/patient_195_node_0_standard_oracle_tumor_001.png,s3://pershin-medailab/Pathomorphology/CAMELYON/mil/vlm_patches/c17_abmil_vlm_patches_1d5657e342c149ef8305d568410dbc96.tar.gz!/vlm_patches/patient_195_node_0/standard/oracle_tumor/patient_195_node_0_standard_oracle_tumor_001.png,patient_195_node_0_standard_oracle_tumor_001,A,B
c17_native,patient_195,patient_195_node_0,7fe5c055ed078170,39680,171520,256,20,0.9461822509765624,1,1.0,1,1,oracle_tumor,3,1d5657e342c149ef8305d568410dbc96,1d5657e342c149ef8305d568410dbc96,standard,0,0,vlm_patches/patient_195_node_0/standard/oracle_tumor/patient_195_node_0_standard_oracle_tumor_002.png,s3://pershin-medailab/Pathomorphology/CAMELYON/mil/vlm_patches/c17_abmil_vlm_patches_1d5657e342c149ef8305d568410dbc96.tar.gz!/vlm_patches/patient_195_node_0/standard/oracle_tumor/patient_195_node_0_standard_oracle_tumor_002.png,patient_195_node_0_standard_oracle_tumor_002,A,B
c17_native,patient_112,patient_112_node_2,4038c2c01f18a407,19712,133632,256,20,0.725372314453125,1,1.0,1,1,oracle_tumor,1,1d5657e342c149ef8305d568410dbc96,1d5657e342c149ef8305d568410dbc96,standard,0,0,vlm_patches/patient_112_node_2/standard/oracle_tumor/patient_112_node_2_standard_oracle_tumor_000.png,s3://pershin-medailab/Pathomorphology/CAMELYON/mil/vlm_patches/c17_abmil_vlm_patches_1d5657e342c149ef8305d568410dbc96.tar.gz!/vlm_patches/patient_112_node_2/standard/oracle_tumor/patient_112_node_2_standard_oracle_tumor_000.png,patient_112_node_2_standard_oracle_tumor_000,A,B
c17_native,patient_112,patient_112_node_2,3c50402d3b64e1c7,18944,133632,256,20,0.7302703857421875,1,1.0,1,1,oracle_tumor,2,1d5657e342c149ef8305d568410dbc96,1d5657e342c149ef8305d568410dbc96,standard,0,0,vlm_patches/patient_112_node_2/standard/oracle_tumor/patient_112_node_2_standard_oracle_tumor_001.png,s3://pershin-medailab/Pathomorphology/CAMELYON/mil/vlm_patches/c17_abmil_vlm_patches_1d5657e342c149ef8305d568410dbc96.tar.gz!/vlm_patches/patient_112_node_2/standard/oracle_tumor/patient_112_node_2_standard_oracle_tumor_001.png,patient_112_node_2_standard_oracle_tumor_001,A,B
c17_native,patient_112,patient_112_node_2,099e8a4864d65726,19456,133376,256,20,0.640472412109375,1,1.0,1,1,oracle_tumor,3,1d5657e342c149ef8305d568410dbc96,1d5657e342c149ef8305d568410dbc96,standard,0,0,vlm_patches/patient_112_node_2/standard/oracle_tumor/patient_112_node_2_standard_oracle_tumor_002.png,s3://pershin-medailab/Pathomorphology/CAMELYON/mil/vlm_patches/c17_abmil_vlm_patches_1d5657e342c149ef8305d568410dbc96.tar.gz!/vlm_patches/patient_112_node_2/standard/oracle_tumor/patient_112_node_2_standard_oracle_tumor_002.png,patient_112_node_2_standard_oracle_tumor_002,A,B
c17_native,patient_127,patient_127_node_2,ff312b77819d9c00,40448,119552,256,20,0.797576904296875,1,1.0,1,1,oracle_tumor,1,1d5657e342c149ef8305d568410dbc96,1d5657e342c149ef8305d568410dbc96,standard,0,0,vlm_patches/patient_127_node_2/standard/oracle_tumor/patient_127_node_2_standard_oracle_tumor_000.png,s3://pershin-medailab/Pathomorphology/CAMELYON/mil/vlm_patches/c17_abmil_vlm_patches_1d5657e342c149ef8305d568410dbc96.tar.gz!/vlm_patches/patient_127_node_2/standard/oracle_tumor/patient_127_node_2_standard_oracle_tumor_000.png,patient_127_node_2_standard_oracle_tumor_000,A,B
c17_native,patient_127,patient_127_node_2,2255227514bdb11d,41728,132608,256,20,0.8117523193359375,1,1.0,1,1,oracle_tumor,2,1d5657e342c149ef8305d568410dbc96,1d5657e342c149ef8305d568410dbc96,standard,0,0,vlm_patches/patient_127_node_2/standard/oracle_tumor/patient_127_node_2_standard_oracle_tumor_001.png,s3://pershin-medailab/Pathomorphology/CAMELYON/mil/vlm_patches/c17_abmil_vlm_patches_1d5657e342c149ef8305d568410dbc96.tar.gz!/vlm_patches/patient_127_node_2/standard/oracle_tumor/patient_127_node_2_standard_oracle_tumor_001.png,patient_127_node_2_standard_oracle_tumor_001,A,B
c17_native,patient_127,patient_127_node_2,e56505d60b558e06,54528,123648,256,20,0.897125244140625,1,1.0,1,1,oracle_tumor,3,1d5657e342c149ef8305d568410dbc96,1d5657e342c149ef8305d568410dbc96,standard,0,0,vlm_patches/patient_127_node_2/standard/oracle_tumor/patient_127_node_2_standard_oracle_tumor_002.png,s3://pershin-medailab/Pathomorphology/CAMELYON/mil/vlm_patches/c17_abmil_vlm_patches_1d5657e342c149ef8305d568410dbc96.tar.gz!/vlm_patches/patient_127_node_2/standard/oracle_tumor/patient_127_node_2_standard_oracle_tumor_002.png,patient_127_node_2_standard_oracle_tumor_002,A,B
c17_native,patient_158,patient_158_node_2,802e73459fdc127b,60928,158720,256,20,0.9935455322265624,1,1.0,1,1,oracle_tumor,1,1d5657e342c149ef8305d568410dbc96,1d5657e342c149ef8305d568410dbc96,standard,0,0,vlm_patches/patient_158_node_2/standard/oracle_tumor/patient_158_node_2_standard_oracle_tumor_000.png,s3://pershin-medailab/Pathomorphology/CAMELYON/mil/vlm_patches/c17_abmil_vlm_patches_1d5657e342c149ef8305d568410dbc96.tar.gz!/vlm_patches/patient_158_node_2/standard/oracle_tumor/patient_158_node_2_standard_oracle_tumor_000.png,patient_158_node_2_standard_oracle_tumor_000,A,B
c17_native,patient_158,patient_158_node_2,fefaf1f205b85a0a,54272,153600,256,20,0.89788818359375,1,1.0,1,1,oracle_tumor,2,1d5657e342c149ef8305d568410dbc96,1d5657e342c149ef8305d568410dbc96,standard,0,0,vlm_patches/patient_158_node_2/standard/oracle_tumor/patient_158_node_2_standard_oracle_tumor_001.png,s3://pershin-medailab/Pathomorphology/CAMELYON/mil/vlm_patches/c17_abmil_vlm_patches_1d5657e342c149ef8305d568410dbc96.tar.gz!/vlm_patches/patient_158_node_2/standard/oracle_tumor/patient_158_node_2_standard_oracle_tumor_001.png,patient_158_node_2_standard_oracle_tumor_001,A,B
c17_native,patient_158,patient_158_node_2,7aa1a60433d596c2,53504,154880,256,20,0.9028778076171876,1,1.0,1,1,oracle_tumor,4,1d5657e342c149ef8305d568410dbc96,1d5657e342c149ef8305d568410dbc96,standard,0,0,vlm_patches/patient_158_node_2/standard/oracle_tumor/patient_158_node_2_standard_oracle_tumor_003.png,s3://pershin-medailab/Pathomorphology/CAMELYON/mil/vlm_patches/c17_abmil_vlm_patches_1d5657e342c149ef8305d568410dbc96.tar.gz!/vlm_patches/patient_158_node_2/standard/oracle_tumor/patient_158_node_2_standard_oracle_tumor_003.png,patient_158_node_2_standard_oracle_tumor_003,A,B
c17_native,patient_138,patient_138_node_4,dc5674227bf54cd5,15872,151808,256,20,0.9132843017578124,1,1.0,1,1,oracle_tumor,1,1d5657e342c149ef8305d568410dbc96,1d5657e342c149ef8305d568410dbc96,standard,0,0,vlm_patches/patient_138_node_4/standard/oracle_tumor/patient_138_node_4_standard_oracle_tumor_000.png,s3://pershin-medailab/Pathomorphology/CAMELYON/mil/vlm_patches/c17_abmil_vlm_patches_1d5657e342c149ef8305d568410dbc96.tar.gz!/vlm_patches/patient_138_node_4/standard/oracle_tumor/patient_138_node_4_standard_oracle_tumor_000.png,patient_138_node_4_standard_oracle_tumor_000,A,B
c17_native,patient_138,patient_138_node_4,f927fee0fb5261dc,16640,152320,256,20,0.97698974609375,1,1.0,1,1,oracle_tumor,2,1d5657e342c149ef8305d568410dbc96,1d5657e342c149ef8305d568410dbc96,standard,0,0,vlm_patches/patient_138_node_4/standard/oracle_tumor/patient_138_node_4_standard_oracle_tumor_001.png,s3://pershin-medailab/Pathomorphology/CAMELYON/mil/vlm_patches/c17_abmil_vlm_patches_1d5657e342c149ef8305d568410dbc96.tar.gz!/vlm_patches/patient_138_node_4/standard/oracle_tumor/patient_138_node_4_standard_oracle_tumor_001.png,patient_138_node_4_standard_oracle_tumor_001,A,B
c17_native,patient_138,patient_138_node_4,b1b8a13be12e1c14,16640,153600,256,20,0.9550323486328124,1,1.0,1,1,oracle_tumor,4,1d5657e342c149ef8305d568410dbc96,1d5657e342c149ef8305d568410dbc96,standard,0,0,vlm_patches/patient_138_node_4/standard/oracle_tumor/patient_138_node_4_standard_oracle_tumor_003.png,s3://pershin-medailab/Pathomorphology/CAMELYON/mil/vlm_patches/c17_abmil_vlm_patches_1d5657e342c149ef8305d568410dbc96.tar.gz!/vlm_patches/patient_138_node_4/standard/oracle_tumor/patient_138_node_4_standard_oracle_tumor_003.png,patient_138_node_4_standard_oracle_tumor_003,A,B
c17_native,patient_158,patient_158_node_0,a0c77be5c9871985,47616,167936,256,20,0.94378662109375,1,0.95,1,1,oracle_tumor,1,1d5657e342c149ef8305d568410dbc96,1d5657e342c149ef8305d568410dbc96,standard,0,0,vlm_patches/patient_158_node_0/standard/oracle_tumor/patient_158_node_0_standard_oracle_tumor_000.png,s3://pershin-medailab/Pathomorphology/CAMELYON/mil/vlm_patches/c17_abmil_vlm_patches_1d5657e342c149ef8305d568410dbc96.tar.gz!/vlm_patches/patient_158_node_0/standard/oracle_tumor/patient_158_node_0_standard_oracle_tumor_000.png,patient_158_node_0_standard_oracle_tumor_000,A,B
c17_native,patient_158,patient_158_node_0,580f2bb3b003d61f,46592,168704,256,20,0.98663330078125,1,0.905,1,1,oracle_tumor,2,1d5657e342c149ef8305d568410dbc96,1d5657e342c149ef8305d568410dbc96,standard,0,0,vlm_patches/patient_158_node_0/standard/oracle_tumor/patient_158_node_0_standard_oracle_tumor_001.png,s3://pershin-medailab/Pathomorphology/CAMELYON/mil/vlm_patches/c17_abmil_vlm_patches_1d5657e342c149ef8305d568410dbc96.tar.gz!/vlm_patches/patient_158_node_0/standard/oracle_tumor/patient_158_node_0_standard_oracle_tumor_001.png,patient_158_node_0_standard_oracle_tumor_001,A,B
c17_native,patient_158,patient_158_node_0,073ef5479558d781,47360,169728,256,20,0.9883270263671876,1,0.97,1,1,oracle_tumor,3,1d5657e342c149ef8305d568410dbc96,1d5657e342c149ef8305d568410dbc96,standard,0,0,vlm_patches/patient_158_node_0/standard/oracle_tumor/patient_158_node_0_standard_oracle_tumor_002.png,s3://pershin-medailab/Pathomorphology/CAMELYON/mil/vlm_patches/c17_abmil_vlm_patches_1d5657e342c149ef8305d568410dbc96.tar.gz!/vlm_patches/patient_158_node_0/standard/oracle_tumor/patient_158_node_0_standard_oracle_tumor_002.png,patient_158_node_0_standard_oracle_tumor_002,A,B
c17_native,patient_147,patient_147_node_4,9d478e9ebf4b0464,54016,18432,256,20,0.521636962890625,1,1.0,1,1,oracle_tumor,1,1d5657e342c149ef8305d568410dbc96,1d5657e342c149ef8305d568410dbc96,standard,0,0,vlm_patches/patient_147_node_4/standard/oracle_tumor/patient_147_node_4_standard_oracle_tumor_000.png,s3://pershin-medailab/Pathomorphology/CAMELYON/mil/vlm_patches/c17_abmil_vlm_patches_1d5657e342c149ef8305d568410dbc96.tar.gz!/vlm_patches/patient_147_node_4/standard/oracle_tumor/patient_147_node_4_standard_oracle_tumor_000.png,patient_147_node_4_standard_oracle_tumor_000,A,B
c17_native,patient_147,patient_147_node_4,fc042116480af809,57344,23552,256,20,0.538787841796875,1,1.0,1,1,oracle_tumor,2,1d5657e342c149ef8305d568410dbc96,1d5657e342c149ef8305d568410dbc96,standard,0,0,vlm_patches/patient_147_node_4/standard/oracle_tumor/patient_147_node_4_standard_oracle_tumor_001.png,s3://pershin-medailab/Pathomorphology/CAMELYON/mil/vlm_patches/c17_abmil_vlm_patches_1d5657e342c149ef8305d568410dbc96.tar.gz!/vlm_patches/patient_147_node_4/standard/oracle_tumor/patient_147_node_4_standard_oracle_tumor_001.png,patient_147_node_4_standard_oracle_tumor_001,A,B
c17_native,patient_147,patient_147_node_4,41e1c1f4a0590766,57600,22528,256,20,0.5843658447265625,1,1.0,1,1,oracle_tumor,3,1d5657e342c149ef8305d568410dbc96,1d5657e342c149ef8305d568410dbc96,standard,0,0,vlm_patches/patient_147_node_4/standard/oracle_tumor/patient_147_node_4_standard_oracle_tumor_002.png,s3://pershin-medailab/Pathomorphology/CAMELYON/mil/vlm_patches/c17_abmil_vlm_patches_1d5657e342c149ef8305d568410dbc96.tar.gz!/vlm_patches/patient_147_node_4/standard/oracle_tumor/patient_147_node_4_standard_oracle_tumor_002.png,patient_147_node_4_standard_oracle_tumor_002,A,B
c17_native,patient_162,patient_162_node_1,dc1441e0efd681b9,25856,18944,256,20,0.8999786376953125,1,1.0,1,1,oracle_tumor,1,1d5657e342c149ef8305d568410dbc96,1d5657e342c149ef8305d568410dbc96,standard,0,0,vlm_patches/patient_162_node_1/standard/oracle_tumor/patient_162_node_1_standard_oracle_tumor_000.png,s3://pershin-medailab/Pathomorphology/CAMELYON/mil/vlm_patches/c17_abmil_vlm_patches_1d5657e342c149ef8305d568410dbc96.tar.gz!/vlm_patches/patient_162_node_1/standard/oracle_tumor/patient_162_node_1_standard_oracle_tumor_000.png,patient_162_node_1_standard_oracle_tumor_000,A,B
c17_native,patient_162,patient_162_node_1,839c5cc8f9c9e99b,18432,16384,256,20,0.9373779296875,1,1.0,1,1,oracle_tumor,2,1d5657e342c149ef8305d568410dbc96,1d5657e342c149ef8305d568410dbc96,standard,0,0,vlm_patches/patient_162_node_1/standard/oracle_tumor/patient_162_node_1_standard_oracle_tumor_001.png,s3://pershin-medailab/Pathomorphology/CAMELYON/mil/vlm_patches/c17_abmil_vlm_patches_1d5657e342c149ef8305d568410dbc96.tar.gz!/vlm_patches/patient_162_node_1/standard/oracle_tumor/patient_162_node_1_standard_oracle_tumor_001.png,patient_162_node_1_standard_oracle_tumor_001,A,B
c17_native,patient_162,patient_162_node_1,24ebaff5db43eb18,12800,11776,256,20,0.7822723388671875,1,1.0,1,1,oracle_tumor,3,1d5657e342c149ef8305d568410dbc96,1d5657e342c149ef8305d568410dbc96,standard,0,0,vlm_patches/patient_162_node_1/standard/oracle_tumor/patient_162_node_1_standard_oracle_tumor_002.png,s3://pershin-medailab/Pathomorphology/CAMELYON/mil/vlm_patches/c17_abmil_vlm_patches_1d5657e342c149ef8305d568410dbc96.tar.gz!/vlm_patches/patient_162_node_1/standard/oracle_tumor/patient_162_node_1_standard_oracle_tumor_002.png,patient_162_node_1_standard_oracle_tumor_002,A,B
c17_native,patient_183,patient_183_node_2,5dd6bbf9b4428e89,79360,131584,256,20,0.523223876953125,1,1.0,1,1,oracle_tumor,1,1d5657e342c149ef8305d568410dbc96,1d5657e342c149ef8305d568410dbc96,standard,0,0,vlm_patches/patient_183_node_2/standard/oracle_tumor/patient_183_node_2_standard_oracle_tumor_000.png,s3://pershin-medailab/Pathomorphology/CAMELYON/mil/vlm_patches/c17_abmil_vlm_patches_1d5657e342c149ef8305d568410dbc96.tar.gz!/vlm_patches/patient_183_node_2/standard/oracle_tumor/patient_183_node_2_standard_oracle_tumor_000.png,patient_183_node_2_standard_oracle_tumor_000,A,B
c17_native,patient_183,patient_183_node_2,2932429848f36cd2,70912,87808,256,20,0.715789794921875,1,1.0,1,1,oracle_tumor,2,1d5657e342c149ef8305d568410dbc96,1d5657e342c149ef8305d568410dbc96,standard,0,0,vlm_patches/patient_183_node_2/standard/oracle_tumor/patient_183_node_2_standard_oracle_tumor_001.png,s3://pershin-medailab/Pathomorphology/CAMELYON/mil/vlm_patches/c17_abmil_vlm_patches_1d5657e342c149ef8305d568410dbc96.tar.gz!/vlm_patches/patient_183_node_2/standard/oracle_tumor/patient_183_node_2_standard_oracle_tumor_001.png,patient_183_node_2_standard_oracle_tumor_001,A,B
c17_native,patient_183,patient_183_node_2,a56f7b7ff3a469ce,43008,109824,256,20,0.54620361328125,1,1.0,1,1,oracle_tumor,4,1d5657e342c149ef8305d568410dbc96,1d5657e342c149ef8305d568410dbc96,standard,0,0,vlm_patches/patient_183_node_2/standard/oracle_tumor/patient_183_node_2_standard_oracle_tumor_003.png,s3://pershin-medailab/Pathomorphology/CAMELYON/mil/vlm_patches/c17_abmil_vlm_patches_1d5657e342c149ef8305d568410dbc96.tar.gz!/vlm_patches/patient_183_node_2/standard/oracle_tumor/patient_183_node_2_standard_oracle_tumor_003.png,patient_183_node_2_standard_oracle_tumor_003,A,B
c17_native,patient_139,patient_139_node_1,9e0a5bf5a32f2934,32768,122368,256,20,0.9901275634765624,1,1.0,1,1,oracle_tumor,1,1d5657e342c149ef8305d568410dbc96,1d5657e342c149ef8305d568410dbc96,standard,0,0,vlm_patches/patient_139_node_1/standard/oracle_tumor/patient_139_node_1_standard_oracle_tumor_000.png,s3://pershin-medailab/Pathomorphology/CAMELYON/mil/vlm_patches/c17_abmil_vlm_patches_1d5657e342c149ef8305d568410dbc96.tar.gz!/vlm_patches/patient_139_node_1/standard/oracle_tumor/patient_139_node_1_standard_oracle_tumor_000.png,patient_139_node_1_standard_oracle_tumor_000,A,B
c17_native,patient_139,patient_139_node_1,b57460356cc16eeb,52736,121856,256,20,0.9668731689453124,1,1.0,1,1,oracle_tumor,2,1d5657e342c149ef8305d568410dbc96,1d5657e342c149ef8305d568410dbc96,standard,0,0,vlm_patches/patient_139_node_1/standard/oracle_tumor/patient_139_node_1_standard_oracle_tumor_001.png,s3://pershin-medailab/Pathomorphology/CAMELYON/mil/vlm_patches/c17_abmil_vlm_patches_1d5657e342c149ef8305d568410dbc96.tar.gz!/vlm_patches/patient_139_node_1/standard/oracle_tumor/patient_139_node_1_standard_oracle_tumor_001.png,patient_139_node_1_standard_oracle_tumor_001,A,B
c17_native,patient_139,patient_139_node_1,5cd891bd6aeed19e,40704,117504,256,20,0.999237060546875,1,1.0,1,1,oracle_tumor,3,1d5657e342c149ef8305d568410dbc96,1d5657e342c149ef8305d568410dbc96,standard,0,0,vlm_patches/patient_139_node_1/standard/oracle_tumor/patient_139_node_1_standard_oracle_tumor_002.png,s3://pershin-medailab/Pathomorphology/CAMELYON/mil/vlm_patches/c17_abmil_vlm_patches_1d5657e342c149ef8305d568410dbc96.tar.gz!/vlm_patches/patient_139_node_1/standard/oracle_tumor/patient_139_node_1_standard_oracle_tumor_002.png,patient_139_node_1_standard_oracle_tumor_002,A,B
c17_native,patient_118,patient_118_node_0,bc14019151345544,78080,73728,256,20,0.490875244140625,1,1.0,1,1,oracle_tumor,1,1d5657e342c149ef8305d568410dbc96,1d5657e342c149ef8305d568410dbc96,standard,0,0,vlm_patches/patient_118_node_0/standard/oracle_tumor/patient_118_node_0_standard_oracle_tumor_000.png,s3://pershin-medailab/Pathomorphology/CAMELYON/mil/vlm_patches/c17_abmil_vlm_patches_1d5657e342c149ef8305d568410dbc96.tar.gz!/vlm_patches/patient_118_node_0/standard/oracle_tumor/patient_118_node_0_standard_oracle_tumor_000.png,patient_118_node_0_standard_oracle_tumor_000,A,B
c17_native,patient_118,patient_118_node_0,972e2e7901f600c8,46080,54016,256,20,0.4610748291015625,1,1.0,1,1,oracle_tumor,2,1d5657e342c149ef8305d568410dbc96,1d5657e342c149ef8305d568410dbc96,standard,0,0,vlm_patches/patient_118_node_0/standard/oracle_tumor/patient_118_node_0_standard_oracle_tumor_001.png,s3://pershin-medailab/Pathomorphology/CAMELYON/mil/vlm_patches/c17_abmil_vlm_patches_1d5657e342c149ef8305d568410dbc96.tar.gz!/vlm_patches/patient_118_node_0/standard/oracle_tumor/patient_118_node_0_standard_oracle_tumor_001.png,patient_118_node_0_standard_oracle_tumor_001,A,B
c17_native,patient_118,patient_118_node_0,7827581b504eb872,78336,71936,256,20,0.376190185546875,1,1.0,1,1,oracle_tumor,3,1d5657e342c149ef8305d568410dbc96,1d5657e342c149ef8305d568410dbc96,standard,0,0,vlm_patches/patient_118_node_0/standard/oracle_tumor/patient_118_node_0_standard_oracle_tumor_002.png,s3://pershin-medailab/Pathomorphology/CAMELYON/mil/vlm_patches/c17_abmil_vlm_patches_1d5657e342c149ef8305d568410dbc96.tar.gz!/vlm_patches/patient_118_node_0/standard/oracle_tumor/patient_118_node_0_standard_oracle_tumor_002.png,patient_118_node_0_standard_oracle_tumor_002,A,B
c17_native,patient_178,patient_178_node_2,410d82154f14b0d2,64256,47872,256,20,0.6550140380859375,1,0.8375,1,1,oracle_tumor,1,1d5657e342c149ef8305d568410dbc96,1d5657e342c149ef8305d568410dbc96,standard,0,0,vlm_patches/patient_178_node_2/standard/oracle_tumor/patient_178_node_2_standard_oracle_tumor_000.png,s3://pershin-medailab/Pathomorphology/CAMELYON/mil/vlm_patches/c17_abmil_vlm_patches_1d5657e342c149ef8305d568410dbc96.tar.gz!/vlm_patches/patient_178_node_2/standard/oracle_tumor/patient_178_node_2_standard_oracle_tumor_000.png,patient_178_node_2_standard_oracle_tumor_000,A,B
c17_native,patient_178,patient_178_node_2,a611ebe517416e80,63488,46592,256,20,0.834869384765625,1,0.89,1,1,oracle_tumor,2,1d5657e342c149ef8305d568410dbc96,1d5657e342c149ef8305d568410dbc96,standard,0,0,vlm_patches/patient_178_node_2/standard/oracle_tumor/patient_178_node_2_standard_oracle_tumor_001.png,s3://pershin-medailab/Pathomorphology/CAMELYON/mil/vlm_patches/c17_abmil_vlm_patches_1d5657e342c149ef8305d568410dbc96.tar.gz!/vlm_patches/patient_178_node_2/standard/oracle_tumor/patient_178_node_2_standard_oracle_tumor_001.png,patient_178_node_2_standard_oracle_tumor_001,A,B
c17_native,patient_178,patient_178_node_2,a075798781304090,63488,46848,256,20,0.7338409423828125,1,0.5025,1,1,oracle_tumor,4,1d5657e342c149ef8305d568410dbc96,1d5657e342c149ef8305d568410dbc96,standard,0,0,vlm_patches/patient_178_node_2/standard/oracle_tumor/patient_178_node_2_standard_oracle_tumor_003.png,s3://pershin-medailab/Pathomorphology/CAMELYON/mil/vlm_patches/c17_abmil_vlm_patches_1d5657e342c149ef8305d568410dbc96.tar.gz!/vlm_patches/patient_178_node_2/standard/oracle_tumor/patient_178_node_2_standard_oracle_tumor_003.png,patient_178_node_2_standard_oracle_tumor_003,A,B
c17_native,patient_104,patient_104_node_0,81f7bece2223ec8f,95488,34560,256,20,0.9147186279296876,1,1.0,1,1,oracle_tumor,1,1d5657e342c149ef8305d568410dbc96,1d5657e342c149ef8305d568410dbc96,standard,0,0,vlm_patches/patient_104_node_0/standard/oracle_tumor/patient_104_node_0_standard_oracle_tumor_000.png,s3://pershin-medailab/Pathomorphology/CAMELYON/mil/vlm_patches/c17_abmil_vlm_patches_1d5657e342c149ef8305d568410dbc96.tar.gz!/vlm_patches/patient_104_node_0/standard/oracle_tumor/patient_104_node_0_standard_oracle_tumor_000.png,patient_104_node_0_standard_oracle_tumor_000,A,B
c17_native,patient_104,patient_104_node_0,0e83c06ff3fae0f1,95232,34816,256,20,0.8947296142578125,1,1.0,1,1,oracle_tumor,2,1d5657e342c149ef8305d568410dbc96,1d5657e342c149ef8305d568410dbc96,standard,0,0,vlm_patches/patient_104_node_0/standard/oracle_tumor/patient_104_node_0_standard_oracle_tumor_001.png,s3://pershin-medailab/Pathomorphology/CAMELYON/mil/vlm_patches/c17_abmil_vlm_patches_1d5657e342c149ef8305d568410dbc96.tar.gz!/vlm_patches/patient_104_node_0/standard/oracle_tumor/patient_104_node_0_standard_oracle_tumor_001.png,patient_104_node_0_standard_oracle_tumor_001,A,B
c17_native,patient_104,patient_104_node_0,3bce48e91e46ee12,87296,45568,256,20,0.8343505859375,1,1.0,1,1,oracle_tumor,4,1d5657e342c149ef8305d568410dbc96,1d5657e342c149ef8305d568410dbc96,standard,0,0,vlm_patches/patient_104_node_0/standard/oracle_tumor/patient_104_node_0_standard_oracle_tumor_003.png,s3://pershin-medailab/Pathomorphology/CAMELYON/mil/vlm_patches/c17_abmil_vlm_patches_1d5657e342c149ef8305d568410dbc96.tar.gz!/vlm_patches/patient_104_node_0/standard/oracle_tumor/patient_104_node_0_standard_oracle_tumor_003.png,patient_104_node_0_standard_oracle_tumor_003,A,B
c17_native,patient_141,patient_141_node_3,cf2b6ecdaa6fca8d,38912,26624,256,20,0.575897216796875,1,1.0,1,1,oracle_tumor,1,1d5657e342c149ef8305d568410dbc96,1d5657e342c149ef8305d568410dbc96,standard,0,0,vlm_patches/patient_141_node_3/standard/oracle_tumor/patient_141_node_3_standard_oracle_tumor_000.png,s3://pershin-medailab/Pathomorphology/CAMELYON/mil/vlm_patches/c17_abmil_vlm_patches_1d5657e342c149ef8305d568410dbc96.tar.gz!/vlm_patches/patient_141_node_3/standard/oracle_tumor/patient_141_node_3_standard_oracle_tumor_000.png,patient_141_node_3_standard_oracle_tumor_000,A,B
c17_native,patient_141,patient_141_node_3,8e95b4d3986df4e3,79872,41216,256,20,0.603729248046875,1,1.0,1,1,oracle_tumor,2,1d5657e342c149ef8305d568410dbc96,1d5657e342c149ef8305d568410dbc96,standard,0,0,vlm_patches/patient_141_node_3/standard/oracle_tumor/patient_141_node_3_standard_oracle_tumor_001.png,s3://pershin-medailab/Pathomorphology/CAMELYON/mil/vlm_patches/c17_abmil_vlm_patches_1d5657e342c149ef8305d568410dbc96.tar.gz!/vlm_patches/patient_141_node_3/standard/oracle_tumor/patient_141_node_3_standard_oracle_tumor_001.png,patient_141_node_3_standard_oracle_tumor_001,A,B
c17_native,patient_141,patient_141_node_3,f315e7b9aeb327ea,98560,32000,256,20,0.584930419921875,1,1.0,1,1,oracle_tumor,3,1d5657e342c149ef8305d568410dbc96,1d5657e342c149ef8305d568410dbc96,standard,0,0,vlm_patches/patient_141_node_3/standard/oracle_tumor/patient_141_node_3_standard_oracle_tumor_002.png,s3://pershin-medailab/Pathomorphology/CAMELYON/mil/vlm_patches/c17_abmil_vlm_patches_1d5657e342c149ef8305d568410dbc96.tar.gz!/vlm_patches/patient_141_node_3/standard/oracle_tumor/patient_141_node_3_standard_oracle_tumor_002.png,patient_141_node_3_standard_oracle_tumor_002,A,B
c17_native,patient_157,patient_157_node_0,d162cd3f3f2c9821,48896,38912,256,20,0.937957763671875,1,1.0,1,1,oracle_tumor,1,1d5657e342c149ef8305d568410dbc96,1d5657e342c149ef8305d568410dbc96,standard,0,0,vlm_patches/patient_157_node_0/standard/oracle_tumor/patient_157_node_0_standard_oracle_tumor_000.png,s3://pershin-medailab/Pathomorphology/CAMELYON/mil/vlm_patches/c17_abmil_vlm_patches_1d5657e342c149ef8305d568410dbc96.tar.gz!/vlm_patches/patient_157_node_0/standard/oracle_tumor/patient_157_node_0_standard_oracle_tumor_000.png,patient_157_node_0_standard_oracle_tumor_000,A,B
c17_native,patient_157,patient_157_node_0,848c110d03dfd448,52736,40192,256,20,0.9468231201171876,1,1.0,1,1,oracle_tumor,2,1d5657e342c149ef8305d568410dbc96,1d5657e342c149ef8305d568410dbc96,standard,0,0,vlm_patches/patient_157_node_0/standard/oracle_tumor/patient_157_node_0_standard_oracle_tumor_001.png,s3://pershin-medailab/Pathomorphology/CAMELYON/mil/vlm_patches/c17_abmil_vlm_patches_1d5657e342c149ef8305d568410dbc96.tar.gz!/vlm_patches/patient_157_node_0/standard/oracle_tumor/patient_157_node_0_standard_oracle_tumor_001.png,patient_157_node_0_standard_oracle_tumor_001,A,B
c17_native,patient_157,patient_157_node_0,1f0c736654fd9ec1,49408,39424,256,20,0.9454803466796876,1,1.0,1,1,oracle_tumor,3,1d5657e342c149ef8305d568410dbc96,1d5657e342c149ef8305d568410dbc96,standard,0,0,vlm_patches/patient_157_node_0/standard/oracle_tumor/patient_157_node_0_standard_oracle_tumor_002.png,s3://pershin-medailab/Pathomorphology/CAMELYON/mil/vlm_patches/c17_abmil_vlm_patches_1d5657e342c149ef8305d568410dbc96.tar.gz!/vlm_patches/patient_157_node_0/standard/oracle_tumor/patient_157_node_0_standard_oracle_tumor_002.png,patient_157_node_0_standard_oracle_tumor_002,A,B
c17_native,patient_166,patient_166_node_2,553df5d2a2ac0542,47360,13568,256,20,0.5828704833984375,1,1.0,1,1,oracle_tumor,1,1d5657e342c149ef8305d568410dbc96,1d5657e342c149ef8305d568410dbc96,standard,0,0,vlm_patches/patient_166_node_2/standard/oracle_tumor/patient_166_node_2_standard_oracle_tumor_000.png,s3://pershin-medailab/Pathomorphology/CAMELYON/mil/vlm_patches/c17_abmil_vlm_patches_1d5657e342c149ef8305d568410dbc96.tar.gz!/vlm_patches/patient_166_node_2/standard/oracle_tumor/patient_166_node_2_standard_oracle_tumor_000.png,patient_166_node_2_standard_oracle_tumor_000,A,B
c17_native,patient_166,patient_166_node_2,d2c3bc1cd89bd5f1,12032,54016,256,20,0.2115936279296875,1,1.0,1,1,oracle_tumor,2,1d5657e342c149ef8305d568410dbc96,1d5657e342c149ef8305d568410dbc96,standard,0,0,vlm_patches/patient_166_node_2/standard/oracle_tumor/patient_166_node_2_standard_oracle_tumor_001.png,s3://pershin-medailab/Pathomorphology/CAMELYON/mil/vlm_patches/c17_abmil_vlm_patches_1d5657e342c149ef8305d568410dbc96.tar.gz!/vlm_patches/patient_166_node_2/standard/oracle_tumor/patient_166_node_2_standard_oracle_tumor_001.png,patient_166_node_2_standard_oracle_tumor_001,A,B
c17_native,patient_166,patient_166_node_2,84ff6b5a64e782df,59136,22016,256,20,0.535247802734375,1,1.0,1,1,oracle_tumor,3,1d5657e342c149ef8305d568410dbc96,1d5657e342c149ef8305d568410dbc96,standard,0,0,vlm_patches/patient_166_node_2/standard/oracle_tumor/patient_166_node_2_standard_oracle_tumor_002.png,s3://pershin-medailab/Pathomorphology/CAMELYON/mil/vlm_patches/c17_abmil_vlm_patches_1d5657e342c149ef8305d568410dbc96.tar.gz!/vlm_patches/patient_166_node_2/standard/oracle_tumor/patient_166_node_2_standard_oracle_tumor_002.png,patient_166_node_2_standard_oracle_tumor_002,A,B
c17_native,patient_169,patient_169_node_3,d9a79cc6b501dc95,55296,16640,256,20,0.5970611572265625,1,0.835,1,1,oracle_tumor,1,1d5657e342c149ef8305d568410dbc96,1d5657e342c149ef8305d568410dbc96,standard,0,0,vlm_patches/patient_169_node_3/standard/oracle_tumor/patient_169_node_3_standard_oracle_tumor_000.png,s3://pershin-medailab/Pathomorphology/CAMELYON/mil/vlm_patches/c17_abmil_vlm_patches_1d5657e342c149ef8305d568410dbc96.tar.gz!/vlm_patches/patient_169_node_3/standard/oracle_tumor/patient_169_node_3_standard_oracle_tumor_000.png,patient_169_node_3_standard_oracle_tumor_000,A,B
c17_native,patient_169,patient_169_node_3,4d2f47d0f8256c8b,56064,17152,256,20,0.76287841796875,1,0.4675,1,1,oracle_tumor,2,1d5657e342c149ef8305d568410dbc96,1d5657e342c149ef8305d568410dbc96,standard,0,0,vlm_patches/patient_169_node_3/standard/oracle_tumor/patient_169_node_3_standard_oracle_tumor_001.png,s3://pershin-medailab/Pathomorphology/CAMELYON/mil/vlm_patches/c17_abmil_vlm_patches_1d5657e342c149ef8305d568410dbc96.tar.gz!/vlm_patches/patient_169_node_3/standard/oracle_tumor/patient_169_node_3_standard_oracle_tumor_001.png,patient_169_node_3_standard_oracle_tumor_001,A,B
c17_native,patient_169,patient_169_node_3,830b6852339f8315,55552,16640,256,20,0.5338287353515625,1,0.4975,1,1,oracle_tumor,3,1d5657e342c149ef8305d568410dbc96,1d5657e342c149ef8305d568410dbc96,standard,0,0,vlm_patches/patient_169_node_3/standard/oracle_tumor/patient_169_node_3_standard_oracle_tumor_002.png,s3://pershin-medailab/Pathomorphology/CAMELYON/mil/vlm_patches/c17_abmil_vlm_patches_1d5657e342c149ef8305d568410dbc96.tar.gz!/vlm_patches/patient_169_node_3/standard/oracle_tumor/patient_169_node_3_standard_oracle_tumor_002.png,patient_169_node_3_standard_oracle_tumor_002,A,B
c17_native,patient_139,patient_139_node_2,cc7136652f4de2d4,67840,121344,256,20,0.9931793212890624,1,1.0,1,1,oracle_tumor,1,1d5657e342c149ef8305d568410dbc96,1d5657e342c149ef8305d568410dbc96,standard,0,0,vlm_patches/patient_139_node_2/standard/oracle_tumor/patient_139_node_2_standard_oracle_tumor_000.png,s3://pershin-medailab/Pathomorphology/CAMELYON/mil/vlm_patches/c17_abmil_vlm_patches_1d5657e342c149ef8305d568410dbc96.tar.gz!/vlm_patches/patient_139_node_2/standard/oracle_tumor/patient_139_node_2_standard_oracle_tumor_000.png,patient_139_node_2_standard_oracle_tumor_000,A,B
c17_native,patient_139,patient_139_node_2,3faafc8330d39a6e,65024,121088,256,20,0.987457275390625,1,1.0,1,1,oracle_tumor,2,1d5657e342c149ef8305d568410dbc96,1d5657e342c149ef8305d568410dbc96,standard,0,0,vlm_patches/patient_139_node_2/standard/oracle_tumor/patient_139_node_2_standard_oracle_tumor_001.png,s3://pershin-medailab/Pathomorphology/CAMELYON/mil/vlm_patches/c17_abmil_vlm_patches_1d5657e342c149ef8305d568410dbc96.tar.gz!/vlm_patches/patient_139_node_2/standard/oracle_tumor/patient_139_node_2_standard_oracle_tumor_001.png,patient_139_node_2_standard_oracle_tumor_001,A,B
c17_native,patient_139,patient_139_node_2,10a4cc543402883f,66048,121856,256,20,0.99017333984375,1,1.0,1,1,oracle_tumor,3,1d5657e342c149ef8305d568410dbc96,1d5657e342c149ef8305d568410dbc96,standard,0,0,vlm_patches/patient_139_node_2/standard/oracle_tumor/patient_139_node_2_standard_oracle_tumor_002.png,s3://pershin-medailab/Pathomorphology/CAMELYON/mil/vlm_patches/c17_abmil_vlm_patches_1d5657e342c149ef8305d568410dbc96.tar.gz!/vlm_patches/patient_139_node_2/standard/oracle_tumor/patient_139_node_2_standard_oracle_tumor_002.png,patient_139_node_2_standard_oracle_tumor_002,A,B
c17_native,patient_103,patient_103_node_0,9ea641f688ec2d1e,48384,109312,256,20,0.8842010498046875,0,0.0,0,0,oracle_non_tumor,1,1d5657e342c149ef8305d568410dbc96,1d5657e342c149ef8305d568410dbc96,standard,0,0,vlm_patches/patient_103_node_0/standard/oracle_non_tumor/patient_103_node_0_standard_oracle_non_tumor_000.png,s3://pershin-medailab/Pathomorphology/CAMELYON/mil/vlm_patches/c17_abmil_vlm_patches_1d5657e342c149ef8305d568410dbc96.tar.gz!/vlm_patches/patient_103_node_0/standard/oracle_non_tumor/patient_103_node_0_standard_oracle_non_tumor_000.png,patient_103_node_0_standard_oracle_non_tumor_000,A,B
c17_native,patient_103,patient_103_node_0,e26909d5b14e12b1,47360,113152,256,20,0.8308563232421875,0,0.0,0,0,oracle_non_tumor,2,1d5657e342c149ef8305d568410dbc96,1d5657e342c149ef8305d568410dbc96,standard,0,0,vlm_patches/patient_103_node_0/standard/oracle_non_tumor/patient_103_node_0_standard_oracle_non_tumor_001.png,s3://pershin-medailab/Pathomorphology/CAMELYON/mil/vlm_patches/c17_abmil_vlm_patches_1d5657e342c149ef8305d568410dbc96.tar.gz!/vlm_patches/patient_103_node_0/standard/oracle_non_tumor/patient_103_node_0_standard_oracle_non_tumor_001.png,patient_103_node_0_standard_oracle_non_tumor_001,A,B
c17_native,patient_103,patient_103_node_0,5dc334d19034ee34,32768,132864,256,20,0.0223846435546875,0,0.0,0,0,oracle_non_tumor,3,1d5657e342c149ef8305d568410dbc96,1d5657e342c149ef8305d568410dbc96,standard,0,0,vlm_patches/patient_103_node_0/standard/oracle_non_tumor/patient_103_node_0_standard_oracle_non_tumor_002.png,s3://pershin-medailab/Pathomorphology/CAMELYON/mil/vlm_patches/c17_abmil_vlm_patches_1d5657e342c149ef8305d568410dbc96.tar.gz!/vlm_patches/patient_103_node_0/standard/oracle_non_tumor/patient_103_node_0_standard_oracle_non_tumor_002.png,patient_103_node_0_standard_oracle_non_tumor_002,A,B
c17_native,patient_101,patient_101_node_1,750aaec2a95c15bf,64512,110336,256,20,0.991729736328125,0,0.0,0,0,oracle_non_tumor,1,1d5657e342c149ef8305d568410dbc96,1d5657e342c149ef8305d568410dbc96,standard,0,0,vlm_patches/patient_101_node_1/standard/oracle_non_tumor/patient_101_node_1_standard_oracle_non_tumor_000.png,s3://pershin-medailab/Pathomorphology/CAMELYON/mil/vlm_patches/c17_abmil_vlm_patches_1d5657e342c149ef8305d568410dbc96.tar.gz!/vlm_patches/patient_101_node_1/standard/oracle_non_tumor/patient_101_node_1_standard_oracle_non_tumor_000.png,patient_101_node_1_standard_oracle_non_tumor_000,A,B
c17_native,patient_101,patient_101_node_1,eaf6b4f8e2f9faa8,16640,110080,256,20,0.0587158203125,0,0.0,0,0,oracle_non_tumor,2,1d5657e342c149ef8305d568410dbc96,1d5657e342c149ef8305d568410dbc96,standard,0,0,vlm_patches/patient_101_node_1/standard/oracle_non_tumor/patient_101_node_1_standard_oracle_non_tumor_001.png,s3://pershin-medailab/Pathomorphology/CAMELYON/mil/vlm_patches/c17_abmil_vlm_patches_1d5657e342c149ef8305d568410dbc96.tar.gz!/vlm_patches/patient_101_node_1/standard/oracle_non_tumor/patient_101_node_1_standard_oracle_non_tumor_001.png,patient_101_node_1_standard_oracle_non_tumor_001,A,B
c17_native,patient_101,patient_101_node_1,f59816894d72a0b3,41216,137472,256,20,0.5883941650390625,0,0.0,0,0,oracle_non_tumor,3,1d5657e342c149ef8305d568410dbc96,1d5657e342c149ef8305d568410dbc96,standard,0,0,vlm_patches/patient_101_node_1/standard/oracle_non_tumor/patient_101_node_1_standard_oracle_non_tumor_002.png,s3://pershin-medailab/Pathomorphology/CAMELYON/mil/vlm_patches/c17_abmil_vlm_patches_1d5657e342c149ef8305d568410dbc96.tar.gz!/vlm_patches/patient_101_node_1/standard/oracle_non_tumor/patient_101_node_1_standard_oracle_non_tumor_002.png,patient_101_node_1_standard_oracle_non_tumor_002,A,B
c17_native,patient_175,patient_175_node_2,062c1d6081b18642,56064,105216,256,20,0.9950408935546876,0,0.0,0,0,oracle_non_tumor,1,1d5657e342c149ef8305d568410dbc96,1d5657e342c149ef8305d568410dbc96,standard,0,0,vlm_patches/patient_175_node_2/standard/oracle_non_tumor/patient_175_node_2_standard_oracle_non_tumor_000.png,s3://pershin-medailab/Pathomorphology/CAMELYON/mil/vlm_patches/c17_abmil_vlm_patches_1d5657e342c149ef8305d568410dbc96.tar.gz!/vlm_patches/patient_175_node_2/standard/oracle_non_tumor/patient_175_node_2_standard_oracle_non_tumor_000.png,patient_175_node_2_standard_oracle_non_tumor_000,A,B
c17_native,patient_175,patient_175_node_2,c372610feee3d082,27392,110336,256,20,0.475738525390625,0,0.0,0,0,oracle_non_tumor,2,1d5657e342c149ef8305d568410dbc96,1d5657e342c149ef8305d568410dbc96,standard,0,0,vlm_patches/patient_175_node_2/standard/oracle_non_tumor/patient_175_node_2_standard_oracle_non_tumor_001.png,s3://pershin-medailab/Pathomorphology/CAMELYON/mil/vlm_patches/c17_abmil_vlm_patches_1d5657e342c149ef8305d568410dbc96.tar.gz!/vlm_patches/patient_175_node_2/standard/oracle_non_tumor/patient_175_node_2_standard_oracle_non_tumor_001.png,patient_175_node_2_standard_oracle_non_tumor_001,A,B
c17_native,patient_175,patient_175_node_2,15bcb5992fcf1e83,73216,123648,256,20,0.99371337890625,0,0.0,0,0,oracle_non_tumor,3,1d5657e342c149ef8305d568410dbc96,1d5657e342c149ef8305d568410dbc96,standard,0,0,vlm_patches/patient_175_node_2/standard/oracle_non_tumor/patient_175_node_2_standard_oracle_non_tumor_002.png,s3://pershin-medailab/Pathomorphology/CAMELYON/mil/vlm_patches/c17_abmil_vlm_patches_1d5657e342c149ef8305d568410dbc96.tar.gz!/vlm_patches/patient_175_node_2/standard/oracle_non_tumor/patient_175_node_2_standard_oracle_non_tumor_002.png,patient_175_node_2_standard_oracle_non_tumor_002,A,B
c17_native,patient_120,patient_120_node_2,793e813faab02523,46592,132352,256,20,0.9993438720703124,0,0.0,0,0,oracle_non_tumor,1,1d5657e342c149ef8305d568410dbc96,1d5657e342c149ef8305d568410dbc96,standard,0,0,vlm_patches/patient_120_node_2/standard/oracle_non_tumor/patient_120_node_2_standard_oracle_non_tumor_000.png,s3://pershin-medailab/Pathomorphology/CAMELYON/mil/vlm_patches/c17_abmil_vlm_patches_1d5657e342c149ef8305d568410dbc96.tar.gz!/vlm_patches/patient_120_node_2/standard/oracle_non_tumor/patient_120_node_2_standard_oracle_non_tumor_000.png,patient_120_node_2_standard_oracle_non_tumor_000,A,B
c17_native,patient_120,patient_120_node_2,a25c80b3f0e1f9fb,36096,102400,256,20,0.9435882568359376,0,0.0,0,0,oracle_non_tumor,2,1d5657e342c149ef8305d568410dbc96,1d5657e342c149ef8305d568410dbc96,standard,0,0,vlm_patches/patient_120_node_2/standard/oracle_non_tumor/patient_120_node_2_standard_oracle_non_tumor_001.png,s3://pershin-medailab/Pathomorphology/CAMELYON/mil/vlm_patches/c17_abmil_vlm_patches_1d5657e342c149ef8305d568410dbc96.tar.gz!/vlm_patches/patient_120_node_2/standard/oracle_non_tumor/patient_120_node_2_standard_oracle_non_tumor_001.png,patient_120_node_2_standard_oracle_non_tumor_001,A,B
c17_native,patient_120,patient_120_node_2,9afa0c44794f0fc4,26880,166656,256,20,0.966827392578125,0,0.0,0,0,oracle_non_tumor,3,1d5657e342c149ef8305d568410dbc96,1d5657e342c149ef8305d568410dbc96,standard,0,0,vlm_patches/patient_120_node_2/standard/oracle_non_tumor/patient_120_node_2_standard_oracle_non_tumor_002.png,s3://pershin-medailab/Pathomorphology/CAMELYON/mil/vlm_patches/c17_abmil_vlm_patches_1d5657e342c149ef8305d568410dbc96.tar.gz!/vlm_patches/patient_120_node_2/standard/oracle_non_tumor/patient_120_node_2_standard_oracle_non_tumor_002.png,patient_120_node_2_standard_oracle_non_tumor_002,A,B
c17_native,patient_128,patient_128_node_2,dff55079b65d3249,64512,80640,256,20,0.8842010498046875,0,0.0,0,0,oracle_non_tumor,1,1d5657e342c149ef8305d568410dbc96,1d5657e342c149ef8305d568410dbc96,standard,0,0,vlm_patches/patient_128_node_2/standard/oracle_non_tumor/patient_128_node_2_standard_oracle_non_tumor_000.png,s3://pershin-medailab/Pathomorphology/CAMELYON/mil/vlm_patches/c17_abmil_vlm_patches_1d5657e342c149ef8305d568410dbc96.tar.gz!/vlm_patches/patient_128_node_2/standard/oracle_non_tumor/patient_128_node_2_standard_oracle_non_tumor_000.png,patient_128_node_2_standard_oracle_non_tumor_000,A,B
c17_native,patient_128,patient_128_node_2,29636ca793ea983f,58880,108288,256,20,0.8066558837890625,0,0.0,0,0,oracle_non_tumor,2,1d5657e342c149ef8305d568410dbc96,1d5657e342c149ef8305d568410dbc96,standard,0,0,vlm_patches/patient_128_node_2/standard/oracle_non_tumor/patient_128_node_2_standard_oracle_non_tumor_001.png,s3://pershin-medailab/Pathomorphology/CAMELYON/mil/vlm_patches/c17_abmil_vlm_patches_1d5657e342c149ef8305d568410dbc96.tar.gz!/vlm_patches/patient_128_node_2/standard/oracle_non_tumor/patient_128_node_2_standard_oracle_non_tumor_001.png,patient_128_node_2_standard_oracle_non_tumor_001,A,B
c17_native,patient_128,patient_128_node_2,c2794d597b232e25,83968,109056,256,20,0.8427581787109375,0,0.0,0,0,oracle_non_tumor,3,1d5657e342c149ef8305d568410dbc96,1d5657e342c149ef8305d568410dbc96,standard,0,0,vlm_patches/patient_128_node_2/standard/oracle_non_tumor/patient_128_node_2_standard_oracle_non_tumor_002.png,s3://pershin-medailab/Pathomorphology/CAMELYON/mil/vlm_patches/c17_abmil_vlm_patches_1d5657e342c149ef8305d568410dbc96.tar.gz!/vlm_patches/patient_128_node_2/standard/oracle_non_tumor/patient_128_node_2_standard_oracle_non_tumor_002.png,patient_128_node_2_standard_oracle_non_tumor_002,A,B
c17_native,patient_185,patient_185_node_1,8bd1e2d2dcfa88d0,40448,107776,256,20,0.9018707275390624,0,0.0,0,0,oracle_non_tumor,1,1d5657e342c149ef8305d568410dbc96,1d5657e342c149ef8305d568410dbc96,standard,0,0,vlm_patches/patient_185_node_1/standard/oracle_non_tumor/patient_185_node_1_standard_oracle_non_tumor_000.png,s3://pershin-medailab/Pathomorphology/CAMELYON/mil/vlm_patches/c17_abmil_vlm_patches_1d5657e342c149ef8305d568410dbc96.tar.gz!/vlm_patches/patient_185_node_1/standard/oracle_non_tumor/patient_185_node_1_standard_oracle_non_tumor_000.png,patient_185_node_1_standard_oracle_non_tumor_000,A,B
c17_native,patient_185,patient_185_node_1,6b67c6865432e458,17664,138752,256,20,0.30914306640625,0,0.0,0,0,oracle_non_tumor,2,1d5657e342c149ef8305d568410dbc96,1d5657e342c149ef8305d568410dbc96,standard,0,0,vlm_patches/patient_185_node_1/standard/oracle_non_tumor/patient_185_node_1_standard_oracle_non_tumor_001.png,s3://pershin-medailab/Pathomorphology/CAMELYON/mil/vlm_patches/c17_abmil_vlm_patches_1d5657e342c149ef8305d568410dbc96.tar.gz!/vlm_patches/patient_185_node_1/standard/oracle_non_tumor/patient_185_node_1_standard_oracle_non_tumor_001.png,patient_185_node_1_standard_oracle_non_tumor_001,A,B
c17_native,patient_185,patient_185_node_1,fae12df49daad550,33280,139776,256,20,0.73052978515625,0,0.0,0,0,oracle_non_tumor,3,1d5657e342c149ef8305d568410dbc96,1d5657e342c149ef8305d568410dbc96,standard,0,0,vlm_patches/patient_185_node_1/standard/oracle_non_tumor/patient_185_node_1_standard_oracle_non_tumor_002.png,s3://pershin-medailab/Pathomorphology/CAMELYON/mil/vlm_patches/c17_abmil_vlm_patches_1d5657e342c149ef8305d568410dbc96.tar.gz!/vlm_patches/patient_185_node_1/standard/oracle_non_tumor/patient_185_node_1_standard_oracle_non_tumor_002.png,patient_185_node_1_standard_oracle_non_tumor_002,A,B
c17_native,patient_109,patient_109_node_2,636d69ad838589c4,12288,71680,256,20,0.0689849853515625,0,0.0,0,0,oracle_non_tumor,1,1d5657e342c149ef8305d568410dbc96,1d5657e342c149ef8305d568410dbc96,standard,0,0,vlm_patches/patient_109_node_2/standard/oracle_non_tumor/patient_109_node_2_standard_oracle_non_tumor_000.png,s3://pershin-medailab/Pathomorphology/CAMELYON/mil/vlm_patches/c17_abmil_vlm_patches_1d5657e342c149ef8305d568410dbc96.tar.gz!/vlm_patches/patient_109_node_2/standard/oracle_non_tumor/patient_109_node_2_standard_oracle_non_tumor_000.png,patient_109_node_2_standard_oracle_non_tumor_000,A,B
c17_native,patient_109,patient_109_node_2,18638d84fd1544b8,34304,91392,256,20,0.9923858642578124,0,0.0,0,0,oracle_non_tumor,2,1d5657e342c149ef8305d568410dbc96,1d5657e342c149ef8305d568410dbc96,standard,0,0,vlm_patches/patient_109_node_2/standard/oracle_non_tumor/patient_109_node_2_standard_oracle_non_tumor_001.png,s3://pershin-medailab/Pathomorphology/CAMELYON/mil/vlm_patches/c17_abmil_vlm_patches_1d5657e342c149ef8305d568410dbc96.tar.gz!/vlm_patches/patient_109_node_2/standard/oracle_non_tumor/patient_109_node_2_standard_oracle_non_tumor_001.png,patient_109_node_2_standard_oracle_non_tumor_001,A,B
c17_native,patient_109,patient_109_node_2,e50f23a489b3a8a7,49920,112640,256,20,0.991973876953125,0,0.0,0,0,oracle_non_tumor,3,1d5657e342c149ef8305d568410dbc96,1d5657e342c149ef8305d568410dbc96,standard,0,0,vlm_patches/patient_109_node_2/standard/oracle_non_tumor/patient_109_node_2_standard_oracle_non_tumor_002.png,s3://pershin-medailab/Pathomorphology/CAMELYON/mil/vlm_patches/c17_abmil_vlm_patches_1d5657e342c149ef8305d568410dbc96.tar.gz!/vlm_patches/patient_109_node_2/standard/oracle_non_tumor/patient_109_node_2_standard_oracle_non_tumor_002.png,patient_109_node_2_standard_oracle_non_tumor_002,A,B
c17_native,patient_150,patient_150_node_4,2d547efd4c3e7e8e,26368,45824,256,20,0.8791351318359375,0,0.0,0,0,oracle_non_tumor,1,1d5657e342c149ef8305d568410dbc96,1d5657e342c149ef8305d568410dbc96,standard,0,0,vlm_patches/patient_150_node_4/standard/oracle_non_tumor/patient_150_node_4_standard_oracle_non_tumor_000.png,s3://pershin-medailab/Pathomorphology/CAMELYON/mil/vlm_patches/c17_abmil_vlm_patches_1d5657e342c149ef8305d568410dbc96.tar.gz!/vlm_patches/patient_150_node_4/standard/oracle_non_tumor/patient_150_node_4_standard_oracle_non_tumor_000.png,patient_150_node_4_standard_oracle_non_tumor_000,A,B
c17_native,patient_150,patient_150_node_4,2493e7880033f95a,67328,89344,256,20,0.9707489013671876,0,0.0,0,0,oracle_non_tumor,2,1d5657e342c149ef8305d568410dbc96,1d5657e342c149ef8305d568410dbc96,standard,0,0,vlm_patches/patient_150_node_4/standard/oracle_non_tumor/patient_150_node_4_standard_oracle_non_tumor_001.png,s3://pershin-medailab/Pathomorphology/CAMELYON/mil/vlm_patches/c17_abmil_vlm_patches_1d5657e342c149ef8305d568410dbc96.tar.gz!/vlm_patches/patient_150_node_4/standard/oracle_non_tumor/patient_150_node_4_standard_oracle_non_tumor_001.png,patient_150_node_4_standard_oracle_non_tumor_001,A,B
c17_native,patient_150,patient_150_node_4,8be1ef49ad94f7fd,62464,173568,256,20,0.9279632568359376,0,0.0,0,0,oracle_non_tumor,3,1d5657e342c149ef8305d568410dbc96,1d5657e342c149ef8305d568410dbc96,standard,0,0,vlm_patches/patient_150_node_4/standard/oracle_non_tumor/patient_150_node_4_standard_oracle_non_tumor_002.png,s3://pershin-medailab/Pathomorphology/CAMELYON/mil/vlm_patches/c17_abmil_vlm_patches_1d5657e342c149ef8305d568410dbc96.tar.gz!/vlm_patches/patient_150_node_4/standard/oracle_non_tumor/patient_150_node_4_standard_oracle_non_tumor_002.png,patient_150_node_4_standard_oracle_non_tumor_002,A,B
c17_native,patient_120,patient_120_node_3,7604649aecdda827,77824,111360,256,20,0.934661865234375,0,0.0,0,0,oracle_non_tumor,1,1d5657e342c149ef8305d568410dbc96,1d5657e342c149ef8305d568410dbc96,standard,0,0,vlm_patches/patient_120_node_3/standard/oracle_non_tumor/patient_120_node_3_standard_oracle_non_tumor_000.png,s3://pershin-medailab/Pathomorphology/CAMELYON/mil/vlm_patches/c17_abmil_vlm_patches_1d5657e342c149ef8305d568410dbc96.tar.gz!/vlm_patches/patient_120_node_3/standard/oracle_non_tumor/patient_120_node_3_standard_oracle_non_tumor_000.png,patient_120_node_3_standard_oracle_non_tumor_000,A,B
c17_native,patient_120,patient_120_node_3,d6877df5ca5585f9,55296,112640,256,20,0.9329681396484376,0,0.0,0,0,oracle_non_tumor,2,1d5657e342c149ef8305d568410dbc96,1d5657e342c149ef8305d568410dbc96,standard,0,0,vlm_patches/patient_120_node_3/standard/oracle_non_tumor/patient_120_node_3_standard_oracle_non_tumor_001.png,s3://pershin-medailab/Pathomorphology/CAMELYON/mil/vlm_patches/c17_abmil_vlm_patches_1d5657e342c149ef8305d568410dbc96.tar.gz!/vlm_patches/patient_120_node_3/standard/oracle_non_tumor/patient_120_node_3_standard_oracle_non_tumor_001.png,patient_120_node_3_standard_oracle_non_tumor_001,A,B
c17_native,patient_120,patient_120_node_3,cfe879cd6f86fb97,67840,116992,256,20,0.12322998046875,0,0.0,0,0,oracle_non_tumor,3,1d5657e342c149ef8305d568410dbc96,1d5657e342c149ef8305d568410dbc96,standard,0,0,vlm_patches/patient_120_node_3/standard/oracle_non_tumor/patient_120_node_3_standard_oracle_non_tumor_002.png,s3://pershin-medailab/Pathomorphology/CAMELYON/mil/vlm_patches/c17_abmil_vlm_patches_1d5657e342c149ef8305d568410dbc96.tar.gz!/vlm_patches/patient_120_node_3/standard/oracle_non_tumor/patient_120_node_3_standard_oracle_non_tumor_002.png,patient_120_node_3_standard_oracle_non_tumor_002,A,B
c17_native,patient_159,patient_159_node_0,4b898109ef22245f,30464,130816,256,20,0.8043212890625,0,0.0,0,0,oracle_non_tumor,1,1d5657e342c149ef8305d568410dbc96,1d5657e342c149ef8305d568410dbc96,standard,0,0,vlm_patches/patient_159_node_0/standard/oracle_non_tumor/patient_159_node_0_standard_oracle_non_tumor_000.png,s3://pershin-medailab/Pathomorphology/CAMELYON/mil/vlm_patches/c17_abmil_vlm_patches_1d5657e342c149ef8305d568410dbc96.tar.gz!/vlm_patches/patient_159_node_0/standard/oracle_non_tumor/patient_159_node_0_standard_oracle_non_tumor_000.png,patient_159_node_0_standard_oracle_non_tumor_000,A,B
c17_native,patient_159,patient_159_node_0,098a785e04b985c5,21248,156672,256,20,0.585418701171875,0,0.0,0,0,oracle_non_tumor,2,1d5657e342c149ef8305d568410dbc96,1d5657e342c149ef8305d568410dbc96,standard,0,0,vlm_patches/patient_159_node_0/standard/oracle_non_tumor/patient_159_node_0_standard_oracle_non_tumor_001.png,s3://pershin-medailab/Pathomorphology/CAMELYON/mil/vlm_patches/c17_abmil_vlm_patches_1d5657e342c149ef8305d568410dbc96.tar.gz!/vlm_patches/patient_159_node_0/standard/oracle_non_tumor/patient_159_node_0_standard_oracle_non_tumor_001.png,patient_159_node_0_standard_oracle_non_tumor_001,A,B
c17_native,patient_159,patient_159_node_0,5ac2962d75692aa7,26112,105728,256,20,0.783294677734375,0,0.0,0,0,oracle_non_tumor,3,1d5657e342c149ef8305d568410dbc96,1d5657e342c149ef8305d568410dbc96,standard,0,0,vlm_patches/patient_159_node_0/standard/oracle_non_tumor/patient_159_node_0_standard_oracle_non_tumor_002.png,s3://pershin-medailab/Pathomorphology/CAMELYON/mil/vlm_patches/c17_abmil_vlm_patches_1d5657e342c149ef8305d568410dbc96.tar.gz!/vlm_patches/patient_159_node_0/standard/oracle_non_tumor/patient_159_node_0_standard_oracle_non_tumor_002.png,patient_159_node_0_standard_oracle_non_tumor_002,A,B
c17_native,patient_189,patient_189_node_1,d83ebd3b65c6ea19,63744,125184,256,20,0.8812408447265625,0,0.0,0,0,oracle_non_tumor,1,1d5657e342c149ef8305d568410dbc96,1d5657e342c149ef8305d568410dbc96,standard,0,0,vlm_patches/patient_189_node_1/standard/oracle_non_tumor/patient_189_node_1_standard_oracle_non_tumor_000.png,s3://pershin-medailab/Pathomorphology/CAMELYON/mil/vlm_patches/c17_abmil_vlm_patches_1d5657e342c149ef8305d568410dbc96.tar.gz!/vlm_patches/patient_189_node_1/standard/oracle_non_tumor/patient_189_node_1_standard_oracle_non_tumor_000.png,patient_189_node_1_standard_oracle_non_tumor_000,A,B
c17_native,patient_189,patient_189_node_1,524e12a17ccef2c8,69376,124672,256,20,0.5839080810546875,0,0.0,0,0,oracle_non_tumor,2,1d5657e342c149ef8305d568410dbc96,1d5657e342c149ef8305d568410dbc96,standard,0,0,vlm_patches/patient_189_node_1/standard/oracle_non_tumor/patient_189_node_1_standard_oracle_non_tumor_001.png,s3://pershin-medailab/Pathomorphology/CAMELYON/mil/vlm_patches/c17_abmil_vlm_patches_1d5657e342c149ef8305d568410dbc96.tar.gz!/vlm_patches/patient_189_node_1/standard/oracle_non_tumor/patient_189_node_1_standard_oracle_non_tumor_001.png,patient_189_node_1_standard_oracle_non_tumor_001,A,B
c17_native,patient_189,patient_189_node_1,b9b9ca27a0413379,75776,155904,256,20,0.3173980712890625,0,0.0,0,0,oracle_non_tumor,3,1d5657e342c149ef8305d568410dbc96,1d5657e342c149ef8305d568410dbc96,standard,0,0,vlm_patches/patient_189_node_1/standard/oracle_non_tumor/patient_189_node_1_standard_oracle_non_tumor_002.png,s3://pershin-medailab/Pathomorphology/CAMELYON/mil/vlm_patches/c17_abmil_vlm_patches_1d5657e342c149ef8305d568410dbc96.tar.gz!/vlm_patches/patient_189_node_1/standard/oracle_non_tumor/patient_189_node_1_standard_oracle_non_tumor_002.png,patient_189_node_1_standard_oracle_non_tumor_002,A,B
c17_native,patient_135,patient_135_node_2,7e6a2e722df9069c,40960,68864,256,20,0.740966796875,0,0.0,0,0,oracle_non_tumor,1,1d5657e342c149ef8305d568410dbc96,1d5657e342c149ef8305d568410dbc96,standard,0,0,vlm_patches/patient_135_node_2/standard/oracle_non_tumor/patient_135_node_2_standard_oracle_non_tumor_000.png,s3://pershin-medailab/Pathomorphology/CAMELYON/mil/vlm_patches/c17_abmil_vlm_patches_1d5657e342c149ef8305d568410dbc96.tar.gz!/vlm_patches/patient_135_node_2/standard/oracle_non_tumor/patient_135_node_2_standard_oracle_non_tumor_000.png,patient_135_node_2_standard_oracle_non_tumor_000,A,B
c17_native,patient_135,patient_135_node_2,8214988485b48338,78592,94464,256,20,0.5838623046875,0,0.0,0,0,oracle_non_tumor,2,1d5657e342c149ef8305d568410dbc96,1d5657e342c149ef8305d568410dbc96,standard,0,0,vlm_patches/patient_135_node_2/standard/oracle_non_tumor/patient_135_node_2_standard_oracle_non_tumor_001.png,s3://pershin-medailab/Pathomorphology/CAMELYON/mil/vlm_patches/c17_abmil_vlm_patches_1d5657e342c149ef8305d568410dbc96.tar.gz!/vlm_patches/patient_135_node_2/standard/oracle_non_tumor/patient_135_node_2_standard_oracle_non_tumor_001.png,patient_135_node_2_standard_oracle_non_tumor_001,A,B
c17_native,patient_135,patient_135_node_2,96d8678f9d6ac716,66816,92416,256,20,0.4561920166015625,0,0.0,0,0,oracle_non_tumor,3,1d5657e342c149ef8305d568410dbc96,1d5657e342c149ef8305d568410dbc96,standard,0,0,vlm_patches/patient_135_node_2/standard/oracle_non_tumor/patient_135_node_2_standard_oracle_non_tumor_002.png,s3://pershin-medailab/Pathomorphology/CAMELYON/mil/vlm_patches/c17_abmil_vlm_patches_1d5657e342c149ef8305d568410dbc96.tar.gz!/vlm_patches/patient_135_node_2/standard/oracle_non_tumor/patient_135_node_2_standard_oracle_non_tumor_002.png,patient_135_node_2_standard_oracle_non_tumor_002,A,B
c17_native,patient_152,patient_152_node_0,c03925e94c82c67a,54784,132096,256,20,0.9941558837890624,0,0.0,0,0,oracle_non_tumor,1,1d5657e342c149ef8305d568410dbc96,1d5657e342c149ef8305d568410dbc96,standard,0,0,vlm_patches/patient_152_node_0/standard/oracle_non_tumor/patient_152_node_0_standard_oracle_non_tumor_000.png,s3://pershin-medailab/Pathomorphology/CAMELYON/mil/vlm_patches/c17_abmil_vlm_patches_1d5657e342c149ef8305d568410dbc96.tar.gz!/vlm_patches/patient_152_node_0/standard/oracle_non_tumor/patient_152_node_0_standard_oracle_non_tumor_000.png,patient_152_node_0_standard_oracle_non_tumor_000,A,B
c17_native,patient_152,patient_152_node_0,5ecd24cbd818f700,73472,152576,256,20,0.98638916015625,0,0.0,0,0,oracle_non_tumor,2,1d5657e342c149ef8305d568410dbc96,1d5657e342c149ef8305d568410dbc96,standard,0,0,vlm_patches/patient_152_node_0/standard/oracle_non_tumor/patient_152_node_0_standard_oracle_non_tumor_001.png,s3://pershin-medailab/Pathomorphology/CAMELYON/mil/vlm_patches/c17_abmil_vlm_patches_1d5657e342c149ef8305d568410dbc96.tar.gz!/vlm_patches/patient_152_node_0/standard/oracle_non_tumor/patient_152_node_0_standard_oracle_non_tumor_001.png,patient_152_node_0_standard_oracle_non_tumor_001,A,B
c17_native,patient_152,patient_152_node_0,1ded8cf0613aecf6,46080,122880,256,20,0.03485107421875,0,0.0,0,0,oracle_non_tumor,3,1d5657e342c149ef8305d568410dbc96,1d5657e342c149ef8305d568410dbc96,standard,0,0,vlm_patches/patient_152_node_0/standard/oracle_non_tumor/patient_152_node_0_standard_oracle_non_tumor_002.png,s3://pershin-medailab/Pathomorphology/CAMELYON/mil/vlm_patches/c17_abmil_vlm_patches_1d5657e342c149ef8305d568410dbc96.tar.gz!/vlm_patches/patient_152_node_0/standard/oracle_non_tumor/patient_152_node_0_standard_oracle_non_tumor_002.png,patient_152_node_0_standard_oracle_non_tumor_002,A,B
c17_native,patient_190,patient_190_node_3,e5affc3bbef1f3b6,145920,66048,256,20,0.855194091796875,0,0.0,0,0,oracle_non_tumor,1,1d5657e342c149ef8305d568410dbc96,1d5657e342c149ef8305d568410dbc96,standard,0,0,vlm_patches/patient_190_node_3/standard/oracle_non_tumor/patient_190_node_3_standard_oracle_non_tumor_000.png,s3://pershin-medailab/Pathomorphology/CAMELYON/mil/vlm_patches/c17_abmil_vlm_patches_1d5657e342c149ef8305d568410dbc96.tar.gz!/vlm_patches/patient_190_node_3/standard/oracle_non_tumor/patient_190_node_3_standard_oracle_non_tumor_000.png,patient_190_node_3_standard_oracle_non_tumor_000,A,B
c17_native,patient_190,patient_190_node_3,94360d0ddf0715aa,128512,79360,256,20,0.0,0,0.0,0,0,oracle_non_tumor,2,1d5657e342c149ef8305d568410dbc96,1d5657e342c149ef8305d568410dbc96,standard,0,0,vlm_patches/patient_190_node_3/standard/oracle_non_tumor/patient_190_node_3_standard_oracle_non_tumor_001.png,s3://pershin-medailab/Pathomorphology/CAMELYON/mil/vlm_patches/c17_abmil_vlm_patches_1d5657e342c149ef8305d568410dbc96.tar.gz!/vlm_patches/patient_190_node_3/standard/oracle_non_tumor/patient_190_node_3_standard_oracle_non_tumor_001.png,patient_190_node_3_standard_oracle_non_tumor_001,A,B
c17_native,patient_190,patient_190_node_3,509b177f4769aa68,82432,37376,256,20,0.7121429443359375,0,0.0,0,0,oracle_non_tumor,3,1d5657e342c149ef8305d568410dbc96,1d5657e342c149ef8305d568410dbc96,standard,0,0,vlm_patches/patient_190_node_3/standard/oracle_non_tumor/patient_190_node_3_standard_oracle_non_tumor_002.png,s3://pershin-medailab/Pathomorphology/CAMELYON/mil/vlm_patches/c17_abmil_vlm_patches_1d5657e342c149ef8305d568410dbc96.tar.gz!/vlm_patches/patient_190_node_3/standard/oracle_non_tumor/patient_190_node_3_standard_oracle_non_tumor_002.png,patient_190_node_3_standard_oracle_non_tumor_002,A,B
c17_native,patient_125,patient_125_node_0,d0cc3551bd90e9b3,111616,86016,256,20,0.9549407958984376,0,0.0,0,0,oracle_non_tumor,1,1d5657e342c149ef8305d568410dbc96,1d5657e342c149ef8305d568410dbc96,standard,0,0,vlm_patches/patient_125_node_0/standard/oracle_non_tumor/patient_125_node_0_standard_oracle_non_tumor_000.png,s3://pershin-medailab/Pathomorphology/CAMELYON/mil/vlm_patches/c17_abmil_vlm_patches_1d5657e342c149ef8305d568410dbc96.tar.gz!/vlm_patches/patient_125_node_0/standard/oracle_non_tumor/patient_125_node_0_standard_oracle_non_tumor_000.png,patient_125_node_0_standard_oracle_non_tumor_000,A,B
c17_native,patient_125,patient_125_node_0,e5699c9e00f0103e,114944,55040,256,20,0.242828369140625,0,0.0,0,0,oracle_non_tumor,2,1d5657e342c149ef8305d568410dbc96,1d5657e342c149ef8305d568410dbc96,standard,0,0,vlm_patches/patient_125_node_0/standard/oracle_non_tumor/patient_125_node_0_standard_oracle_non_tumor_001.png,s3://pershin-medailab/Pathomorphology/CAMELYON/mil/vlm_patches/c17_abmil_vlm_patches_1d5657e342c149ef8305d568410dbc96.tar.gz!/vlm_patches/patient_125_node_0/standard/oracle_non_tumor/patient_125_node_0_standard_oracle_non_tumor_001.png,patient_125_node_0_standard_oracle_non_tumor_001,A,B
c17_native,patient_125,patient_125_node_0,9f66f119b46277d6,18944,44032,256,20,0.991607666015625,0,0.0,0,0,oracle_non_tumor,3,1d5657e342c149ef8305d568410dbc96,1d5657e342c149ef8305d568410dbc96,standard,0,0,vlm_patches/patient_125_node_0/standard/oracle_non_tumor/patient_125_node_0_standard_oracle_non_tumor_002.png,s3://pershin-medailab/Pathomorphology/CAMELYON/mil/vlm_patches/c17_abmil_vlm_patches_1d5657e342c149ef8305d568410dbc96.tar.gz!/vlm_patches/patient_125_node_0/standard/oracle_non_tumor/patient_125_node_0_standard_oracle_non_tumor_002.png,patient_125_node_0_standard_oracle_non_tumor_002,A,B
c17_native,patient_126,patient_126_node_0,cc06fb690ab13fc5,9984,107776,256,20,0.8900146484375,0,0.0,0,0,oracle_non_tumor,1,1d5657e342c149ef8305d568410dbc96,1d5657e342c149ef8305d568410dbc96,standard,0,0,vlm_patches/patient_126_node_0/standard/oracle_non_tumor/patient_126_node_0_standard_oracle_non_tumor_000.png,s3://pershin-medailab/Pathomorphology/CAMELYON/mil/vlm_patches/c17_abmil_vlm_patches_1d5657e342c149ef8305d568410dbc96.tar.gz!/vlm_patches/patient_126_node_0/standard/oracle_non_tumor/patient_126_node_0_standard_oracle_non_tumor_000.png,patient_126_node_0_standard_oracle_non_tumor_000,A,B
c17_native,patient_126,patient_126_node_0,0775ab7f0d92dfe7,37632,161024,256,20,0.4628448486328125,0,0.0,0,0,oracle_non_tumor,2,1d5657e342c149ef8305d568410dbc96,1d5657e342c149ef8305d568410dbc96,standard,0,0,vlm_patches/patient_126_node_0/standard/oracle_non_tumor/patient_126_node_0_standard_oracle_non_tumor_001.png,s3://pershin-medailab/Pathomorphology/CAMELYON/mil/vlm_patches/c17_abmil_vlm_patches_1d5657e342c149ef8305d568410dbc96.tar.gz!/vlm_patches/patient_126_node_0/standard/oracle_non_tumor/patient_126_node_0_standard_oracle_non_tumor_001.png,patient_126_node_0_standard_oracle_non_tumor_001,A,B
c17_native,patient_126,patient_126_node_0,6e509650f1df1b5c,16384,92416,256,20,0.9982147216796876,0,0.0,0,0,oracle_non_tumor,3,1d5657e342c149ef8305d568410dbc96,1d5657e342c149ef8305d568410dbc96,standard,0,0,vlm_patches/patient_126_node_0/standard/oracle_non_tumor/patient_126_node_0_standard_oracle_non_tumor_002.png,s3://pershin-medailab/Pathomorphology/CAMELYON/mil/vlm_patches/c17_abmil_vlm_patches_1d5657e342c149ef8305d568410dbc96.tar.gz!/vlm_patches/patient_126_node_0/standard/oracle_non_tumor/patient_126_node_0_standard_oracle_non_tumor_002.png,patient_126_node_0_standard_oracle_non_tumor_002,A,B
c17_native,patient_107,patient_107_node_1,b4563d3c4fddf9cd,18944,155136,256,20,0.7775726318359375,0,0.0,0,0,oracle_non_tumor,1,1d5657e342c149ef8305d568410dbc96,1d5657e342c149ef8305d568410dbc96,standard,0,0,vlm_patches/patient_107_node_1/standard/oracle_non_tumor/patient_107_node_1_standard_oracle_non_tumor_000.png,s3://pershin-medailab/Pathomorphology/CAMELYON/mil/vlm_patches/c17_abmil_vlm_patches_1d5657e342c149ef8305d568410dbc96.tar.gz!/vlm_patches/patient_107_node_1/standard/oracle_non_tumor/patient_107_node_1_standard_oracle_non_tumor_000.png,patient_107_node_1_standard_oracle_non_tumor_000,A,B
c17_native,patient_107,patient_107_node_1,5d0e39a45e735147,14592,45824,256,20,0.252685546875,0,0.0,0,0,oracle_non_tumor,2,1d5657e342c149ef8305d568410dbc96,1d5657e342c149ef8305d568410dbc96,standard,0,0,vlm_patches/patient_107_node_1/standard/oracle_non_tumor/patient_107_node_1_standard_oracle_non_tumor_001.png,s3://pershin-medailab/Pathomorphology/CAMELYON/mil/vlm_patches/c17_abmil_vlm_patches_1d5657e342c149ef8305d568410dbc96.tar.gz!/vlm_patches/patient_107_node_1/standard/oracle_non_tumor/patient_107_node_1_standard_oracle_non_tumor_001.png,patient_107_node_1_standard_oracle_non_tumor_001,A,B
c17_native,patient_107,patient_107_node_1,cc4f91a2d36231cd,23296,39424,256,20,0.876373291015625,0,0.0,0,0,oracle_non_tumor,3,1d5657e342c149ef8305d568410dbc96,1d5657e342c149ef8305d568410dbc96,standard,0,0,vlm_patches/patient_107_node_1/standard/oracle_non_tumor/patient_107_node_1_standard_oracle_non_tumor_002.png,s3://pershin-medailab/Pathomorphology/CAMELYON/mil/vlm_patches/c17_abmil_vlm_patches_1d5657e342c149ef8305d568410dbc96.tar.gz!/vlm_patches/patient_107_node_1/standard/oracle_non_tumor/patient_107_node_1_standard_oracle_non_tumor_002.png,patient_107_node_1_standard_oracle_non_tumor_002,A,B
c17_native,patient_175,patient_175_node_4,e7423c20facfe592,77824,140800,256,20,0.9411773681640624,0,0.0,0,0,oracle_non_tumor,1,1d5657e342c149ef8305d568410dbc96,1d5657e342c149ef8305d568410dbc96,standard,0,0,vlm_patches/patient_175_node_4/standard/oracle_non_tumor/patient_175_node_4_standard_oracle_non_tumor_000.png,s3://pershin-medailab/Pathomorphology/CAMELYON/mil/vlm_patches/c17_abmil_vlm_patches_1d5657e342c149ef8305d568410dbc96.tar.gz!/vlm_patches/patient_175_node_4/standard/oracle_non_tumor/patient_175_node_4_standard_oracle_non_tumor_000.png,patient_175_node_4_standard_oracle_non_tumor_000,A,B
c17_native,patient_175,patient_175_node_4,875b360a0364f31a,28160,168448,256,20,0.8019866943359375,0,0.0,0,0,oracle_non_tumor,2,1d5657e342c149ef8305d568410dbc96,1d5657e342c149ef8305d568410dbc96,standard,0,0,vlm_patches/patient_175_node_4/standard/oracle_non_tumor/patient_175_node_4_standard_oracle_non_tumor_001.png,s3://pershin-medailab/Pathomorphology/CAMELYON/mil/vlm_patches/c17_abmil_vlm_patches_1d5657e342c149ef8305d568410dbc96.tar.gz!/vlm_patches/patient_175_node_4/standard/oracle_non_tumor/patient_175_node_4_standard_oracle_non_tumor_001.png,patient_175_node_4_standard_oracle_non_tumor_001,A,B
c17_native,patient_175,patient_175_node_4,3de92b41028d7f9e,43776,165120,256,20,0.958343505859375,0,0.0,0,0,oracle_non_tumor,3,1d5657e342c149ef8305d568410dbc96,1d5657e342c149ef8305d568410dbc96,standard,0,0,vlm_patches/patient_175_node_4/standard/oracle_non_tumor/patient_175_node_4_standard_oracle_non_tumor_002.png,s3://pershin-medailab/Pathomorphology/CAMELYON/mil/vlm_patches/c17_abmil_vlm_patches_1d5657e342c149ef8305d568410dbc96.tar.gz!/vlm_patches/patient_175_node_4/standard/oracle_non_tumor/patient_175_node_4_standard_oracle_non_tumor_002.png,patient_175_node_4_standard_oracle_non_tumor_002,A,B
c17_native,patient_159,patient_159_node_1,acd78edfb2faa004,25600,28672,256,20,0.7794036865234375,0,0.0,0,0,oracle_non_tumor,1,1d5657e342c149ef8305d568410dbc96,1d5657e342c149ef8305d568410dbc96,standard,0,0,vlm_patches/patient_159_node_1/standard/oracle_non_tumor/patient_159_node_1_standard_oracle_non_tumor_000.png,s3://pershin-medailab/Pathomorphology/CAMELYON/mil/vlm_patches/c17_abmil_vlm_patches_1d5657e342c149ef8305d568410dbc96.tar.gz!/vlm_patches/patient_159_node_1/standard/oracle_non_tumor/patient_159_node_1_standard_oracle_non_tumor_000.png,patient_159_node_1_standard_oracle_non_tumor_000,A,B
c17_native,patient_159,patient_159_node_1,761cc0569e8c098e,1024,43264,256,20,0.3404541015625,0,0.0,0,0,oracle_non_tumor,2,1d5657e342c149ef8305d568410dbc96,1d5657e342c149ef8305d568410dbc96,standard,0,0,vlm_patches/patient_159_node_1/standard/oracle_non_tumor/patient_159_node_1_standard_oracle_non_tumor_001.png,s3://pershin-medailab/Pathomorphology/CAMELYON/mil/vlm_patches/c17_abmil_vlm_patches_1d5657e342c149ef8305d568410dbc96.tar.gz!/vlm_patches/patient_159_node_1/standard/oracle_non_tumor/patient_159_node_1_standard_oracle_non_tumor_001.png,patient_159_node_1_standard_oracle_non_tumor_001,A,B
c17_native,patient_159,patient_159_node_1,a6cc1763bc7bf7f8,28928,38912,256,20,0.8411865234375,0,0.0,0,0,oracle_non_tumor,3,1d5657e342c149ef8305d568410dbc96,1d5657e342c149ef8305d568410dbc96,standard,0,0,vlm_patches/patient_159_node_1/standard/oracle_non_tumor/patient_159_node_1_standard_oracle_non_tumor_002.png,s3://pershin-medailab/Pathomorphology/CAMELYON/mil/vlm_patches/c17_abmil_vlm_patches_1d5657e342c149ef8305d568410dbc96.tar.gz!/vlm_patches/patient_159_node_1/standard/oracle_non_tumor/patient_159_node_1_standard_oracle_non_tumor_002.png,patient_159_node_1_standard_oracle_non_tumor_002,A,B
c17_native,patient_185,patient_185_node_3,b4c595f2c6a870be,11776,138496,256,20,0.005828857421875,0,0.0,0,0,oracle_non_tumor,1,1d5657e342c149ef8305d568410dbc96,1d5657e342c149ef8305d568410dbc96,standard,0,0,vlm_patches/patient_185_node_3/standard/oracle_non_tumor/patient_185_node_3_standard_oracle_non_tumor_000.png,s3://pershin-medailab/Pathomorphology/CAMELYON/mil/vlm_patches/c17_abmil_vlm_patches_1d5657e342c149ef8305d568410dbc96.tar.gz!/vlm_patches/patient_185_node_3/standard/oracle_non_tumor/patient_185_node_3_standard_oracle_non_tumor_000.png,patient_185_node_3_standard_oracle_non_tumor_000,A,B
c17_native,patient_185,patient_185_node_3,908bdd975f66f545,15360,124416,256,20,0.932647705078125,0,0.0,0,0,oracle_non_tumor,2,1d5657e342c149ef8305d568410dbc96,1d5657e342c149ef8305d568410dbc96,standard,0,0,vlm_patches/patient_185_node_3/standard/oracle_non_tumor/patient_185_node_3_standard_oracle_non_tumor_001.png,s3://pershin-medailab/Pathomorphology/CAMELYON/mil/vlm_patches/c17_abmil_vlm_patches_1d5657e342c149ef8305d568410dbc96.tar.gz!/vlm_patches/patient_185_node_3/standard/oracle_non_tumor/patient_185_node_3_standard_oracle_non_tumor_001.png,patient_185_node_3_standard_oracle_non_tumor_001,A,B
c17_native,patient_185,patient_185_node_3,88bca7e05766794c,24320,122368,256,20,0.1871185302734375,0,0.0,0,0,oracle_non_tumor,3,1d5657e342c149ef8305d568410dbc96,1d5657e342c149ef8305d568410dbc96,standard,0,0,vlm_patches/patient_185_node_3/standard/oracle_non_tumor/patient_185_node_3_standard_oracle_non_tumor_002.png,s3://pershin-medailab/Pathomorphology/CAMELYON/mil/vlm_patches/c17_abmil_vlm_patches_1d5657e342c149ef8305d568410dbc96.tar.gz!/vlm_patches/patient_185_node_3/standard/oracle_non_tumor/patient_185_node_3_standard_oracle_non_tumor_002.png,patient_185_node_3_standard_oracle_non_tumor_002,A,B
c17_native,patient_128,patient_128_node_0,727232dc4f193d65,57344,162816,256,20,0.9816436767578124,0,0.0,0,0,oracle_non_tumor,1,1d5657e342c149ef8305d568410dbc96,1d5657e342c149ef8305d568410dbc96,standard,0,0,vlm_patches/patient_128_node_0/standard/oracle_non_tumor/patient_128_node_0_standard_oracle_non_tumor_000.png,s3://pershin-medailab/Pathomorphology/CAMELYON/mil/vlm_patches/c17_abmil_vlm_patches_1d5657e342c149ef8305d568410dbc96.tar.gz!/vlm_patches/patient_128_node_0/standard/oracle_non_tumor/patient_128_node_0_standard_oracle_non_tumor_000.png,patient_128_node_0_standard_oracle_non_tumor_000,A,B
c17_native,patient_128,patient_128_node_0,dbd220e0d142b2db,15616,110336,256,20,0.9404296875,0,0.0,0,0,oracle_non_tumor,2,1d5657e342c149ef8305d568410dbc96,1d5657e342c149ef8305d568410dbc96,standard,0,0,vlm_patches/patient_128_node_0/standard/oracle_non_tumor/patient_128_node_0_standard_oracle_non_tumor_001.png,s3://pershin-medailab/Pathomorphology/CAMELYON/mil/vlm_patches/c17_abmil_vlm_patches_1d5657e342c149ef8305d568410dbc96.tar.gz!/vlm_patches/patient_128_node_0/standard/oracle_non_tumor/patient_128_node_0_standard_oracle_non_tumor_001.png,patient_128_node_0_standard_oracle_non_tumor_001,A,B
c17_native,patient_128,patient_128_node_0,1ed0febef417097e,62976,131328,256,20,0.663726806640625,0,0.0,0,0,oracle_non_tumor,3,1d5657e342c149ef8305d568410dbc96,1d5657e342c149ef8305d568410dbc96,standard,0,0,vlm_patches/patient_128_node_0/standard/oracle_non_tumor/patient_128_node_0_standard_oracle_non_tumor_002.png,s3://pershin-medailab/Pathomorphology/CAMELYON/mil/vlm_patches/c17_abmil_vlm_patches_1d5657e342c149ef8305d568410dbc96.tar.gz!/vlm_patches/patient_128_node_0/standard/oracle_non_tumor/patient_128_node_0_standard_oracle_non_tumor_002.png,patient_128_node_0_standard_oracle_non_tumor_002,A,B
c17_native,patient_112,patient_112_node_1,8ebdb91555999502,66560,91136,256,20,0.452301025390625,0,0.0,0,0,oracle_non_tumor,1,1d5657e342c149ef8305d568410dbc96,1d5657e342c149ef8305d568410dbc96,standard,0,0,vlm_patches/patient_112_node_1/standard/oracle_non_tumor/patient_112_node_1_standard_oracle_non_tumor_000.png,s3://pershin-medailab/Pathomorphology/CAMELYON/mil/vlm_patches/c17_abmil_vlm_patches_1d5657e342c149ef8305d568410dbc96.tar.gz!/vlm_patches/patient_112_node_1/standard/oracle_non_tumor/patient_112_node_1_standard_oracle_non_tumor_000.png,patient_112_node_1_standard_oracle_non_tumor_000,A,B
c17_native,patient_112,patient_112_node_1,d511141ba277b7e4,40192,104960,256,20,0.636932373046875,0,0.0,0,0,oracle_non_tumor,2,1d5657e342c149ef8305d568410dbc96,1d5657e342c149ef8305d568410dbc96,standard,0,0,vlm_patches/patient_112_node_1/standard/oracle_non_tumor/patient_112_node_1_standard_oracle_non_tumor_001.png,s3://pershin-medailab/Pathomorphology/CAMELYON/mil/vlm_patches/c17_abmil_vlm_patches_1d5657e342c149ef8305d568410dbc96.tar.gz!/vlm_patches/patient_112_node_1/standard/oracle_non_tumor/patient_112_node_1_standard_oracle_non_tumor_001.png,patient_112_node_1_standard_oracle_non_tumor_001,A,B
c17_native,patient_112,patient_112_node_1,3b7d4132df1f335d,36608,114944,256,20,0.533721923828125,0,0.0,0,0,oracle_non_tumor,3,1d5657e342c149ef8305d568410dbc96,1d5657e342c149ef8305d568410dbc96,standard,0,0,vlm_patches/patient_112_node_1/standard/oracle_non_tumor/patient_112_node_1_standard_oracle_non_tumor_002.png,s3://pershin-medailab/Pathomorphology/CAMELYON/mil/vlm_patches/c17_abmil_vlm_patches_1d5657e342c149ef8305d568410dbc96.tar.gz!/vlm_patches/patient_112_node_1/standard/oracle_non_tumor/patient_112_node_1_standard_oracle_non_tumor_002.png,patient_112_node_1_standard_oracle_non_tumor_002,A,B
c17_native,patient_113,patient_113_node_4,0ca27a4423ca8f72,27648,86272,256,20,0.9733123779296876,0,0.0,0,0,oracle_non_tumor,1,1d5657e342c149ef8305d568410dbc96,1d5657e342c149ef8305d568410dbc96,standard,0,0,vlm_patches/patient_113_node_4/standard/oracle_non_tumor/patient_113_node_4_standard_oracle_non_tumor_000.png,s3://pershin-medailab/Pathomorphology/CAMELYON/mil/vlm_patches/c17_abmil_vlm_patches_1d5657e342c149ef8305d568410dbc96.tar.gz!/vlm_patches/patient_113_node_4/standard/oracle_non_tumor/patient_113_node_4_standard_oracle_non_tumor_000.png,patient_113_node_4_standard_oracle_non_tumor_000,A,B
c17_native,patient_113,patient_113_node_4,e0a3ad22e7516922,38912,95232,256,20,0.9527587890625,0,0.0,0,0,oracle_non_tumor,2,1d5657e342c149ef8305d568410dbc96,1d5657e342c149ef8305d568410dbc96,standard,0,0,vlm_patches/patient_113_node_4/standard/oracle_non_tumor/patient_113_node_4_standard_oracle_non_tumor_001.png,s3://pershin-medailab/Pathomorphology/CAMELYON/mil/vlm_patches/c17_abmil_vlm_patches_1d5657e342c149ef8305d568410dbc96.tar.gz!/vlm_patches/patient_113_node_4/standard/oracle_non_tumor/patient_113_node_4_standard_oracle_non_tumor_001.png,patient_113_node_4_standard_oracle_non_tumor_001,A,B
c17_native,patient_113,patient_113_node_4,4014080604417285,58624,122880,256,20,0.9683990478515624,0,0.0,0,0,oracle_non_tumor,3,1d5657e342c149ef8305d568410dbc96,1d5657e342c149ef8305d568410dbc96,standard,0,0,vlm_patches/patient_113_node_4/standard/oracle_non_tumor/patient_113_node_4_standard_oracle_non_tumor_002.png,s3://pershin-medailab/Pathomorphology/CAMELYON/mil/vlm_patches/c17_abmil_vlm_patches_1d5657e342c149ef8305d568410dbc96.tar.gz!/vlm_patches/patient_113_node_4/standard/oracle_non_tumor/patient_113_node_4_standard_oracle_non_tumor_002.png,patient_113_node_4_standard_oracle_non_tumor_002,A,B
c17_native,patient_107,patient_107_node_3,cd37c36311948064,46592,132096,256,20,0.9742889404296876,0,0.0,0,0,oracle_non_tumor,1,1d5657e342c149ef8305d568410dbc96,1d5657e342c149ef8305d568410dbc96,standard,0,0,vlm_patches/patient_107_node_3/standard/oracle_non_tumor/patient_107_node_3_standard_oracle_non_tumor_000.png,s3://pershin-medailab/Pathomorphology/CAMELYON/mil/vlm_patches/c17_abmil_vlm_patches_1d5657e342c149ef8305d568410dbc96.tar.gz!/vlm_patches/patient_107_node_3/standard/oracle_non_tumor/patient_107_node_3_standard_oracle_non_tumor_000.png,patient_107_node_3_standard_oracle_non_tumor_000,A,B
c17_native,patient_107,patient_107_node_3,ba08630ffb3e1b24,67328,143104,256,20,0.980743408203125,0,0.0,0,0,oracle_non_tumor,2,1d5657e342c149ef8305d568410dbc96,1d5657e342c149ef8305d568410dbc96,standard,0,0,vlm_patches/patient_107_node_3/standard/oracle_non_tumor/patient_107_node_3_standard_oracle_non_tumor_001.png,s3://pershin-medailab/Pathomorphology/CAMELYON/mil/vlm_patches/c17_abmil_vlm_patches_1d5657e342c149ef8305d568410dbc96.tar.gz!/vlm_patches/patient_107_node_3/standard/oracle_non_tumor/patient_107_node_3_standard_oracle_non_tumor_001.png,patient_107_node_3_standard_oracle_non_tumor_001,A,B
c17_native,patient_107,patient_107_node_3,10ba724ea594db72,50176,170240,256,20,0.20233154296875,0,0.0,0,0,oracle_non_tumor,3,1d5657e342c149ef8305d568410dbc96,1d5657e342c149ef8305d568410dbc96,standard,0,0,vlm_patches/patient_107_node_3/standard/oracle_non_tumor/patient_107_node_3_standard_oracle_non_tumor_002.png,s3://pershin-medailab/Pathomorphology/CAMELYON/mil/vlm_patches/c17_abmil_vlm_patches_1d5657e342c149ef8305d568410dbc96.tar.gz!/vlm_patches/patient_107_node_3/standard/oracle_non_tumor/patient_107_node_3_standard_oracle_non_tumor_002.png,patient_107_node_3_standard_oracle_non_tumor_002,A,B
c17_native,patient_129,patient_129_node_1,65742f60dc2fa987,39936,85760,256,20,0.9921112060546876,0,0.0,0,0,oracle_non_tumor,1,1d5657e342c149ef8305d568410dbc96,1d5657e342c149ef8305d568410dbc96,standard,0,0,vlm_patches/patient_129_node_1/standard/oracle_non_tumor/patient_129_node_1_standard_oracle_non_tumor_000.png,s3://pershin-medailab/Pathomorphology/CAMELYON/mil/vlm_patches/c17_abmil_vlm_patches_1d5657e342c149ef8305d568410dbc96.tar.gz!/vlm_patches/patient_129_node_1/standard/oracle_non_tumor/patient_129_node_1_standard_oracle_non_tumor_000.png,patient_129_node_1_standard_oracle_non_tumor_000,A,B
c17_native,patient_129,patient_129_node_1,ab6c11e3dbbbc3df,58112,89600,256,20,0.9489288330078124,0,0.0,0,0,oracle_non_tumor,2,1d5657e342c149ef8305d568410dbc96,1d5657e342c149ef8305d568410dbc96,standard,0,0,vlm_patches/patient_129_node_1/standard/oracle_non_tumor/patient_129_node_1_standard_oracle_non_tumor_001.png,s3://pershin-medailab/Pathomorphology/CAMELYON/mil/vlm_patches/c17_abmil_vlm_patches_1d5657e342c149ef8305d568410dbc96.tar.gz!/vlm_patches/patient_129_node_1/standard/oracle_non_tumor/patient_129_node_1_standard_oracle_non_tumor_001.png,patient_129_node_1_standard_oracle_non_tumor_001,A,B
c17_native,patient_129,patient_129_node_1,5996cd12951d4421,25344,69376,256,20,0.021209716796875,0,0.0,0,0,oracle_non_tumor,3,1d5657e342c149ef8305d568410dbc96,1d5657e342c149ef8305d568410dbc96,standard,0,0,vlm_patches/patient_129_node_1/standard/oracle_non_tumor/patient_129_node_1_standard_oracle_non_tumor_002.png,s3://pershin-medailab/Pathomorphology/CAMELYON/mil/vlm_patches/c17_abmil_vlm_patches_1d5657e342c149ef8305d568410dbc96.tar.gz!/vlm_patches/patient_129_node_1/standard/oracle_non_tumor/patient_129_node_1_standard_oracle_non_tumor_002.png,patient_129_node_1_standard_oracle_non_tumor_002,A,B
c17_native,patient_109,patient_109_node_1,8378f51a600edb47,10496,91648,256,20,0.89971923828125,0,0.0,0,0,oracle_non_tumor,1,1d5657e342c149ef8305d568410dbc96,1d5657e342c149ef8305d568410dbc96,standard,0,0,vlm_patches/patient_109_node_1/standard/oracle_non_tumor/patient_109_node_1_standard_oracle_non_tumor_000.png,s3://pershin-medailab/Pathomorphology/CAMELYON/mil/vlm_patches/c17_abmil_vlm_patches_1d5657e342c149ef8305d568410dbc96.tar.gz!/vlm_patches/patient_109_node_1/standard/oracle_non_tumor/patient_109_node_1_standard_oracle_non_tumor_000.png,patient_109_node_1_standard_oracle_non_tumor_000,A,B
c17_native,patient_109,patient_109_node_1,6067f2a0470ae616,23040,69376,256,20,0.8614654541015625,0,0.0,0,0,oracle_non_tumor,2,1d5657e342c149ef8305d568410dbc96,1d5657e342c149ef8305d568410dbc96,standard,0,0,vlm_patches/patient_109_node_1/standard/oracle_non_tumor/patient_109_node_1_standard_oracle_non_tumor_001.png,s3://pershin-medailab/Pathomorphology/CAMELYON/mil/vlm_patches/c17_abmil_vlm_patches_1d5657e342c149ef8305d568410dbc96.tar.gz!/vlm_patches/patient_109_node_1/standard/oracle_non_tumor/patient_109_node_1_standard_oracle_non_tumor_001.png,patient_109_node_1_standard_oracle_non_tumor_001,A,B
c17_native,patient_109,patient_109_node_1,a7431ce8eb2324af,45568,135424,256,20,0.032318115234375,0,0.0,0,0,oracle_non_tumor,3,1d5657e342c149ef8305d568410dbc96,1d5657e342c149ef8305d568410dbc96,standard,0,0,vlm_patches/patient_109_node_1/standard/oracle_non_tumor/patient_109_node_1_standard_oracle_non_tumor_002.png,s3://pershin-medailab/Pathomorphology/CAMELYON/mil/vlm_patches/c17_abmil_vlm_patches_1d5657e342c149ef8305d568410dbc96.tar.gz!/vlm_patches/patient_109_node_1/standard/oracle_non_tumor/patient_109_node_1_standard_oracle_non_tumor_002.png,patient_109_node_1_standard_oracle_non_tumor_002,A,B
c17_native,patient_116,patient_116_node_0,88538913befe714a,97280,31744,256,20,0.930328369140625,0,0.0,0,0,oracle_non_tumor,1,1d5657e342c149ef8305d568410dbc96,1d5657e342c149ef8305d568410dbc96,standard,0,0,vlm_patches/patient_116_node_0/standard/oracle_non_tumor/patient_116_node_0_standard_oracle_non_tumor_000.png,s3://pershin-medailab/Pathomorphology/CAMELYON/mil/vlm_patches/c17_abmil_vlm_patches_1d5657e342c149ef8305d568410dbc96.tar.gz!/vlm_patches/patient_116_node_0/standard/oracle_non_tumor/patient_116_node_0_standard_oracle_non_tumor_000.png,patient_116_node_0_standard_oracle_non_tumor_000,A,B
c17_native,patient_116,patient_116_node_0,385027fd9640d465,15616,35328,256,20,0.896484375,0,0.0,0,0,oracle_non_tumor,2,1d5657e342c149ef8305d568410dbc96,1d5657e342c149ef8305d568410dbc96,standard,0,0,vlm_patches/patient_116_node_0/standard/oracle_non_tumor/patient_116_node_0_standard_oracle_non_tumor_001.png,s3://pershin-medailab/Pathomorphology/CAMELYON/mil/vlm_patches/c17_abmil_vlm_patches_1d5657e342c149ef8305d568410dbc96.tar.gz!/vlm_patches/patient_116_node_0/standard/oracle_non_tumor/patient_116_node_0_standard_oracle_non_tumor_001.png,patient_116_node_0_standard_oracle_non_tumor_001,A,B
c17_native,patient_116,patient_116_node_0,dfed1ca08dbf2b9c,21760,55552,256,20,0.99420166015625,0,0.0,0,0,oracle_non_tumor,3,1d5657e342c149ef8305d568410dbc96,1d5657e342c149ef8305d568410dbc96,standard,0,0,vlm_patches/patient_116_node_0/standard/oracle_non_tumor/patient_116_node_0_standard_oracle_non_tumor_002.png,s3://pershin-medailab/Pathomorphology/CAMELYON/mil/vlm_patches/c17_abmil_vlm_patches_1d5657e342c149ef8305d568410dbc96.tar.gz!/vlm_patches/patient_116_node_0/standard/oracle_non_tumor/patient_116_node_0_standard_oracle_non_tumor_002.png,patient_116_node_0_standard_oracle_non_tumor_002,A,B
c17_native,patient_172,patient_172_node_4,52edefe3eca16957,81920,79360,256,20,0.53607177734375,0,0.0,0,0,oracle_non_tumor,1,1d5657e342c149ef8305d568410dbc96,1d5657e342c149ef8305d568410dbc96,standard,0,0,vlm_patches/patient_172_node_4/standard/oracle_non_tumor/patient_172_node_4_standard_oracle_non_tumor_000.png,s3://pershin-medailab/Pathomorphology/CAMELYON/mil/vlm_patches/c17_abmil_vlm_patches_1d5657e342c149ef8305d568410dbc96.tar.gz!/vlm_patches/patient_172_node_4/standard/oracle_non_tumor/patient_172_node_4_standard_oracle_non_tumor_000.png,patient_172_node_4_standard_oracle_non_tumor_000,A,B
c17_native,patient_172,patient_172_node_4,72b2329d01e5aabd,49920,17920,256,20,0.0,0,0.0,0,0,oracle_non_tumor,2,1d5657e342c149ef8305d568410dbc96,1d5657e342c149ef8305d568410dbc96,standard,0,0,vlm_patches/patient_172_node_4/standard/oracle_non_tumor/patient_172_node_4_standard_oracle_non_tumor_001.png,s3://pershin-medailab/Pathomorphology/CAMELYON/mil/vlm_patches/c17_abmil_vlm_patches_1d5657e342c149ef8305d568410dbc96.tar.gz!/vlm_patches/patient_172_node_4/standard/oracle_non_tumor/patient_172_node_4_standard_oracle_non_tumor_001.png,patient_172_node_4_standard_oracle_non_tumor_001,A,B
c17_native,patient_172,patient_172_node_4,c6e0357706ecf317,88064,59136,256,20,0.176727294921875,0,0.0,0,0,oracle_non_tumor,3,1d5657e342c149ef8305d568410dbc96,1d5657e342c149ef8305d568410dbc96,standard,0,0,vlm_patches/patient_172_node_4/standard/oracle_non_tumor/patient_172_node_4_standard_oracle_non_tumor_002.png,s3://pershin-medailab/Pathomorphology/CAMELYON/mil/vlm_patches/c17_abmil_vlm_patches_1d5657e342c149ef8305d568410dbc96.tar.gz!/vlm_patches/patient_172_node_4/standard/oracle_non_tumor/patient_172_node_4_standard_oracle_non_tumor_002.png,patient_172_node_4_standard_oracle_non_tumor_002,A,B
c17_native,patient_110,patient_110_node_2,beb4d7090f9cda9d,60672,172544,256,20,0.2779388427734375,0,0.0,0,0,oracle_non_tumor,1,1d5657e342c149ef8305d568410dbc96,1d5657e342c149ef8305d568410dbc96,standard,0,0,vlm_patches/patient_110_node_2/standard/oracle_non_tumor/patient_110_node_2_standard_oracle_non_tumor_000.png,s3://pershin-medailab/Pathomorphology/CAMELYON/mil/vlm_patches/c17_abmil_vlm_patches_1d5657e342c149ef8305d568410dbc96.tar.gz!/vlm_patches/patient_110_node_2/standard/oracle_non_tumor/patient_110_node_2_standard_oracle_non_tumor_000.png,patient_110_node_2_standard_oracle_non_tumor_000,A,B
c17_native,patient_110,patient_110_node_2,2f397fdd70d660da,21504,83200,256,20,0.910369873046875,0,0.0,0,0,oracle_non_tumor,2,1d5657e342c149ef8305d568410dbc96,1d5657e342c149ef8305d568410dbc96,standard,0,0,vlm_patches/patient_110_node_2/standard/oracle_non_tumor/patient_110_node_2_standard_oracle_non_tumor_001.png,s3://pershin-medailab/Pathomorphology/CAMELYON/mil/vlm_patches/c17_abmil_vlm_patches_1d5657e342c149ef8305d568410dbc96.tar.gz!/vlm_patches/patient_110_node_2/standard/oracle_non_tumor/patient_110_node_2_standard_oracle_non_tumor_001.png,patient_110_node_2_standard_oracle_non_tumor_001,A,B
c17_native,patient_110,patient_110_node_2,cbae1a487143751e,57344,146176,256,20,0.764007568359375,0,0.0,0,0,oracle_non_tumor,3,1d5657e342c149ef8305d568410dbc96,1d5657e342c149ef8305d568410dbc96,standard,0,0,vlm_patches/patient_110_node_2/standard/oracle_non_tumor/patient_110_node_2_standard_oracle_non_tumor_002.png,s3://pershin-medailab/Pathomorphology/CAMELYON/mil/vlm_patches/c17_abmil_vlm_patches_1d5657e342c149ef8305d568410dbc96.tar.gz!/vlm_patches/patient_110_node_2/standard/oracle_non_tumor/patient_110_node_2_standard_oracle_non_tumor_002.png,patient_110_node_2_standard_oracle_non_tumor_002,A,B
c17_native,patient_163,patient_163_node_2,1f078b40a5c2ed93,62208,110080,256,20,0.8327178955078125,0,0.0,0,0,oracle_non_tumor,1,1d5657e342c149ef8305d568410dbc96,1d5657e342c149ef8305d568410dbc96,standard,0,0,vlm_patches/patient_163_node_2/standard/oracle_non_tumor/patient_163_node_2_standard_oracle_non_tumor_000.png,s3://pershin-medailab/Pathomorphology/CAMELYON/mil/vlm_patches/c17_abmil_vlm_patches_1d5657e342c149ef8305d568410dbc96.tar.gz!/vlm_patches/patient_163_node_2/standard/oracle_non_tumor/patient_163_node_2_standard_oracle_non_tumor_000.png,patient_163_node_2_standard_oracle_non_tumor_000,A,B
c17_native,patient_163,patient_163_node_2,c4bc634a320ae96c,55552,110592,256,20,0.33111572265625,0,0.0,0,0,oracle_non_tumor,2,1d5657e342c149ef8305d568410dbc96,1d5657e342c149ef8305d568410dbc96,standard,0,0,vlm_patches/patient_163_node_2/standard/oracle_non_tumor/patient_163_node_2_standard_oracle_non_tumor_001.png,s3://pershin-medailab/Pathomorphology/CAMELYON/mil/vlm_patches/c17_abmil_vlm_patches_1d5657e342c149ef8305d568410dbc96.tar.gz!/vlm_patches/patient_163_node_2/standard/oracle_non_tumor/patient_163_node_2_standard_oracle_non_tumor_001.png,patient_163_node_2_standard_oracle_non_tumor_001,A,B
c17_native,patient_163,patient_163_node_2,c505ea9055b38ab2,64000,135680,256,20,0.616119384765625,0,0.0,0,0,oracle_non_tumor,3,1d5657e342c149ef8305d568410dbc96,1d5657e342c149ef8305d568410dbc96,standard,0,0,vlm_patches/patient_163_node_2/standard/oracle_non_tumor/patient_163_node_2_standard_oracle_non_tumor_002.png,s3://pershin-medailab/Pathomorphology/CAMELYON/mil/vlm_patches/c17_abmil_vlm_patches_1d5657e342c149ef8305d568410dbc96.tar.gz!/vlm_patches/patient_163_node_2/standard/oracle_non_tumor/patient_163_node_2_standard_oracle_non_tumor_002.png,patient_163_node_2_standard_oracle_non_tumor_002,A,B
c17_native,patient_169,patient_169_node_4,ec01a11a7c7f9058,42752,167936,256,20,0.876800537109375,0,0.0,0,0,oracle_non_tumor,1,1d5657e342c149ef8305d568410dbc96,1d5657e342c149ef8305d568410dbc96,standard,0,0,vlm_patches/patient_169_node_4/standard/oracle_non_tumor/patient_169_node_4_standard_oracle_non_tumor_000.png,s3://pershin-medailab/Pathomorphology/CAMELYON/mil/vlm_patches/c17_abmil_vlm_patches_1d5657e342c149ef8305d568410dbc96.tar.gz!/vlm_patches/patient_169_node_4/standard/oracle_non_tumor/patient_169_node_4_standard_oracle_non_tumor_000.png,patient_169_node_4_standard_oracle_non_tumor_000,A,B
c17_native,patient_169,patient_169_node_4,05022c88bea93876,40704,121856,256,20,0.871978759765625,0,0.0,0,0,oracle_non_tumor,2,1d5657e342c149ef8305d568410dbc96,1d5657e342c149ef8305d568410dbc96,standard,0,0,vlm_patches/patient_169_node_4/standard/oracle_non_tumor/patient_169_node_4_standard_oracle_non_tumor_001.png,s3://pershin-medailab/Pathomorphology/CAMELYON/mil/vlm_patches/c17_abmil_vlm_patches_1d5657e342c149ef8305d568410dbc96.tar.gz!/vlm_patches/patient_169_node_4/standard/oracle_non_tumor/patient_169_node_4_standard_oracle_non_tumor_001.png,patient_169_node_4_standard_oracle_non_tumor_001,A,B
c17_native,patient_169,patient_169_node_4,df4a358bda87cae0,40448,167168,256,20,0.7533111572265625,0,0.0,0,0,oracle_non_tumor,3,1d5657e342c149ef8305d568410dbc96,1d5657e342c149ef8305d568410dbc96,standard,0,0,vlm_patches/patient_169_node_4/standard/oracle_non_tumor/patient_169_node_4_standard_oracle_non_tumor_002.png,s3://pershin-medailab/Pathomorphology/CAMELYON/mil/vlm_patches/c17_abmil_vlm_patches_1d5657e342c149ef8305d568410dbc96.tar.gz!/vlm_patches/patient_169_node_4/standard/oracle_non_tumor/patient_169_node_4_standard_oracle_non_tumor_002.png,patient_169_node_4_standard_oracle_non_tumor_002,A,B
c17_native,patient_128,patient_128_node_1,987ceb8a585fd99a,22784,153856,256,20,0.1911468505859375,0,0.0,0,0,oracle_non_tumor,1,1d5657e342c149ef8305d568410dbc96,1d5657e342c149ef8305d568410dbc96,standard,0,0,vlm_patches/patient_128_node_1/standard/oracle_non_tumor/patient_128_node_1_standard_oracle_non_tumor_000.png,s3://pershin-medailab/Pathomorphology/CAMELYON/mil/vlm_patches/c17_abmil_vlm_patches_1d5657e342c149ef8305d568410dbc96.tar.gz!/vlm_patches/patient_128_node_1/standard/oracle_non_tumor/patient_128_node_1_standard_oracle_non_tumor_000.png,patient_128_node_1_standard_oracle_non_tumor_000,A,B
c17_native,patient_128,patient_128_node_1,ef2e4d07680a4254,27904,134912,256,20,0.971405029296875,0,0.0,0,0,oracle_non_tumor,2,1d5657e342c149ef8305d568410dbc96,1d5657e342c149ef8305d568410dbc96,standard,0,0,vlm_patches/patient_128_node_1/standard/oracle_non_tumor/patient_128_node_1_standard_oracle_non_tumor_001.png,s3://pershin-medailab/Pathomorphology/CAMELYON/mil/vlm_patches/c17_abmil_vlm_patches_1d5657e342c149ef8305d568410dbc96.tar.gz!/vlm_patches/patient_128_node_1/standard/oracle_non_tumor/patient_128_node_1_standard_oracle_non_tumor_001.png,patient_128_node_1_standard_oracle_non_tumor_001,A,B
c17_native,patient_128,patient_128_node_1,59126b3d8d7e765b,49408,113408,256,20,0.9965362548828124,0,0.0,0,0,oracle_non_tumor,3,1d5657e342c149ef8305d568410dbc96,1d5657e342c149ef8305d568410dbc96,standard,0,0,vlm_patches/patient_128_node_1/standard/oracle_non_tumor/patient_128_node_1_standard_oracle_non_tumor_002.png,s3://pershin-medailab/Pathomorphology/CAMELYON/mil/vlm_patches/c17_abmil_vlm_patches_1d5657e342c149ef8305d568410dbc96.tar.gz!/vlm_patches/patient_128_node_1/standard/oracle_non_tumor/patient_128_node_1_standard_oracle_non_tumor_002.png,patient_128_node_1_standard_oracle_non_tumor_002,A,B
c17_native,patient_157,patient_157_node_0,fcbd87d7c7d59631,43520,63488,256,20,0.1164703369140625,0,0.0,0,0,oracle_non_tumor,1,1d5657e342c149ef8305d568410dbc96,1d5657e342c149ef8305d568410dbc96,standard,0,0,vlm_patches/patient_157_node_0/standard/oracle_non_tumor/patient_157_node_0_standard_oracle_non_tumor_000.png,s3://pershin-medailab/Pathomorphology/CAMELYON/mil/vlm_patches/c17_abmil_vlm_patches_1d5657e342c149ef8305d568410dbc96.tar.gz!/vlm_patches/patient_157_node_0/standard/oracle_non_tumor/patient_157_node_0_standard_oracle_non_tumor_000.png,patient_157_node_0_standard_oracle_non_tumor_000,A,B
c17_native,patient_157,patient_157_node_0,8b166574b785badb,54784,143872,256,20,0.877838134765625,0,0.0,0,0,oracle_non_tumor,2,1d5657e342c149ef8305d568410dbc96,1d5657e342c149ef8305d568410dbc96,standard,0,0,vlm_patches/patient_157_node_0/standard/oracle_non_tumor/patient_157_node_0_standard_oracle_non_tumor_001.png,s3://pershin-medailab/Pathomorphology/CAMELYON/mil/vlm_patches/c17_abmil_vlm_patches_1d5657e342c149ef8305d568410dbc96.tar.gz!/vlm_patches/patient_157_node_0/standard/oracle_non_tumor/patient_157_node_0_standard_oracle_non_tumor_001.png,patient_157_node_0_standard_oracle_non_tumor_001,A,B
c17_native,patient_157,patient_157_node_0,15e5826e0532edfd,61440,50944,256,20,0.9673919677734376,0,0.0,0,0,oracle_non_tumor,3,1d5657e342c149ef8305d568410dbc96,1d5657e342c149ef8305d568410dbc96,standard,0,0,vlm_patches/patient_157_node_0/standard/oracle_non_tumor/patient_157_node_0_standard_oracle_non_tumor_002.png,s3://pershin-medailab/Pathomorphology/CAMELYON/mil/vlm_patches/c17_abmil_vlm_patches_1d5657e342c149ef8305d568410dbc96.tar.gz!/vlm_patches/patient_157_node_0/standard/oracle_non_tumor/patient_157_node_0_standard_oracle_non_tumor_002.png,patient_157_node_0_standard_oracle_non_tumor_002,A,B
c17_native,patient_127,patient_127_node_0,1bfa4c733ef44b3b,56832,72960,256,20,0.99969482421875,0,0.0,0,0,oracle_non_tumor,1,1d5657e342c149ef8305d568410dbc96,1d5657e342c149ef8305d568410dbc96,standard,0,0,vlm_patches/patient_127_node_0/standard/oracle_non_tumor/patient_127_node_0_standard_oracle_non_tumor_000.png,s3://pershin-medailab/Pathomorphology/CAMELYON/mil/vlm_patches/c17_abmil_vlm_patches_1d5657e342c149ef8305d568410dbc96.tar.gz!/vlm_patches/patient_127_node_0/standard/oracle_non_tumor/patient_127_node_0_standard_oracle_non_tumor_000.png,patient_127_node_0_standard_oracle_non_tumor_000,A,B
c17_native,patient_127,patient_127_node_0,13b89563a3de75e7,24320,134144,256,20,0.9828643798828124,0,0.0,0,0,oracle_non_tumor,2,1d5657e342c149ef8305d568410dbc96,1d5657e342c149ef8305d568410dbc96,standard,0,0,vlm_patches/patient_127_node_0/standard/oracle_non_tumor/patient_127_node_0_standard_oracle_non_tumor_001.png,s3://pershin-medailab/Pathomorphology/CAMELYON/mil/vlm_patches/c17_abmil_vlm_patches_1d5657e342c149ef8305d568410dbc96.tar.gz!/vlm_patches/patient_127_node_0/standard/oracle_non_tumor/patient_127_node_0_standard_oracle_non_tumor_001.png,patient_127_node_0_standard_oracle_non_tumor_001,A,B
c17_native,patient_127,patient_127_node_0,2febc37d572b2c60,36096,160768,256,20,0.4802398681640625,0,0.0,0,0,oracle_non_tumor,3,1d5657e342c149ef8305d568410dbc96,1d5657e342c149ef8305d568410dbc96,standard,0,0,vlm_patches/patient_127_node_0/standard/oracle_non_tumor/patient_127_node_0_standard_oracle_non_tumor_002.png,s3://pershin-medailab/Pathomorphology/CAMELYON/mil/vlm_patches/c17_abmil_vlm_patches_1d5657e342c149ef8305d568410dbc96.tar.gz!/vlm_patches/patient_127_node_0/standard/oracle_non_tumor/patient_127_node_0_standard_oracle_non_tumor_002.png,patient_127_node_0_standard_oracle_non_tumor_002,A,B
c17_native,patient_134,patient_134_node_0,348e902749c25174,14080,146176,256,20,0.0129547119140625,0,0.0,0,0,oracle_non_tumor,1,1d5657e342c149ef8305d568410dbc96,1d5657e342c149ef8305d568410dbc96,standard,0,0,vlm_patches/patient_134_node_0/standard/oracle_non_tumor/patient_134_node_0_standard_oracle_non_tumor_000.png,s3://pershin-medailab/Pathomorphology/CAMELYON/mil/vlm_patches/c17_abmil_vlm_patches_1d5657e342c149ef8305d568410dbc96.tar.gz!/vlm_patches/patient_134_node_0/standard/oracle_non_tumor/patient_134_node_0_standard_oracle_non_tumor_000.png,patient_134_node_0_standard_oracle_non_tumor_000,A,B
c17_native,patient_134,patient_134_node_0,22aa997d475fa6b4,78336,170240,256,20,0.9814453125,0,0.0,0,0,oracle_non_tumor,2,1d5657e342c149ef8305d568410dbc96,1d5657e342c149ef8305d568410dbc96,standard,0,0,vlm_patches/patient_134_node_0/standard/oracle_non_tumor/patient_134_node_0_standard_oracle_non_tumor_001.png,s3://pershin-medailab/Pathomorphology/CAMELYON/mil/vlm_patches/c17_abmil_vlm_patches_1d5657e342c149ef8305d568410dbc96.tar.gz!/vlm_patches/patient_134_node_0/standard/oracle_non_tumor/patient_134_node_0_standard_oracle_non_tumor_001.png,patient_134_node_0_standard_oracle_non_tumor_001,A,B
c17_native,patient_134,patient_134_node_0,8e42c05001c45e1b,37120,80640,256,20,0.88995361328125,0,0.0,0,0,oracle_non_tumor,3,1d5657e342c149ef8305d568410dbc96,1d5657e342c149ef8305d568410dbc96,standard,0,0,vlm_patches/patient_134_node_0/standard/oracle_non_tumor/patient_134_node_0_standard_oracle_non_tumor_002.png,s3://pershin-medailab/Pathomorphology/CAMELYON/mil/vlm_patches/c17_abmil_vlm_patches_1d5657e342c149ef8305d568410dbc96.tar.gz!/vlm_patches/patient_134_node_0/standard/oracle_non_tumor/patient_134_node_0_standard_oracle_non_tumor_002.png,patient_134_node_0_standard_oracle_non_tumor_002,A,B
c17_native,patient_158,patient_158_node_3,7564943f996f4588,48896,149248,256,20,0.962249755859375,0,0.0,0,0,oracle_non_tumor,1,1d5657e342c149ef8305d568410dbc96,1d5657e342c149ef8305d568410dbc96,standard,0,0,vlm_patches/patient_158_node_3/standard/oracle_non_tumor/patient_158_node_3_standard_oracle_non_tumor_000.png,s3://pershin-medailab/Pathomorphology/CAMELYON/mil/vlm_patches/c17_abmil_vlm_patches_1d5657e342c149ef8305d568410dbc96.tar.gz!/vlm_patches/patient_158_node_3/standard/oracle_non_tumor/patient_158_node_3_standard_oracle_non_tumor_000.png,patient_158_node_3_standard_oracle_non_tumor_000,A,B
c17_native,patient_158,patient_158_node_3,2fce369bc258df4a,44288,124928,256,20,0.9615325927734376,0,0.0,0,0,oracle_non_tumor,2,1d5657e342c149ef8305d568410dbc96,1d5657e342c149ef8305d568410dbc96,standard,0,0,vlm_patches/patient_158_node_3/standard/oracle_non_tumor/patient_158_node_3_standard_oracle_non_tumor_001.png,s3://pershin-medailab/Pathomorphology/CAMELYON/mil/vlm_patches/c17_abmil_vlm_patches_1d5657e342c149ef8305d568410dbc96.tar.gz!/vlm_patches/patient_158_node_3/standard/oracle_non_tumor/patient_158_node_3_standard_oracle_non_tumor_001.png,patient_158_node_3_standard_oracle_non_tumor_001,A,B
c17_native,patient_158,patient_158_node_3,8475929c12804823,57344,155392,256,20,0.9545745849609376,0,0.0,0,0,oracle_non_tumor,3,1d5657e342c149ef8305d568410dbc96,1d5657e342c149ef8305d568410dbc96,standard,0,0,vlm_patches/patient_158_node_3/standard/oracle_non_tumor/patient_158_node_3_standard_oracle_non_tumor_002.png,s3://pershin-medailab/Pathomorphology/CAMELYON/mil/vlm_patches/c17_abmil_vlm_patches_1d5657e342c149ef8305d568410dbc96.tar.gz!/vlm_patches/patient_158_node_3/standard/oracle_non_tumor/patient_158_node_3_standard_oracle_non_tumor_002.png,patient_158_node_3_standard_oracle_non_tumor_002,A,B
c17_native,patient_138,patient_138_node_3,7d22d4ec2fe095d6,22784,91648,256,20,0.083587646484375,0,0.0,0,0,oracle_non_tumor,1,1d5657e342c149ef8305d568410dbc96,1d5657e342c149ef8305d568410dbc96,standard,0,0,vlm_patches/patient_138_node_3/standard/oracle_non_tumor/patient_138_node_3_standard_oracle_non_tumor_000.png,s3://pershin-medailab/Pathomorphology/CAMELYON/mil/vlm_patches/c17_abmil_vlm_patches_1d5657e342c149ef8305d568410dbc96.tar.gz!/vlm_patches/patient_138_node_3/standard/oracle_non_tumor/patient_138_node_3_standard_oracle_non_tumor_000.png,patient_138_node_3_standard_oracle_non_tumor_000,A,B
c17_native,patient_138,patient_138_node_3,8986fd944fd6bcae,79104,100096,256,20,0.9066619873046876,0,0.0,0,0,oracle_non_tumor,2,1d5657e342c149ef8305d568410dbc96,1d5657e342c149ef8305d568410dbc96,standard,0,0,vlm_patches/patient_138_node_3/standard/oracle_non_tumor/patient_138_node_3_standard_oracle_non_tumor_001.png,s3://pershin-medailab/Pathomorphology/CAMELYON/mil/vlm_patches/c17_abmil_vlm_patches_1d5657e342c149ef8305d568410dbc96.tar.gz!/vlm_patches/patient_138_node_3/standard/oracle_non_tumor/patient_138_node_3_standard_oracle_non_tumor_001.png,patient_138_node_3_standard_oracle_non_tumor_001,A,B
c17_native,patient_138,patient_138_node_3,3b42d1cf95cf4e40,58112,187648,256,20,0.9805755615234376,0,0.0,0,0,oracle_non_tumor,3,1d5657e342c149ef8305d568410dbc96,1d5657e342c149ef8305d568410dbc96,standard,0,0,vlm_patches/patient_138_node_3/standard/oracle_non_tumor/patient_138_node_3_standard_oracle_non_tumor_002.png,s3://pershin-medailab/Pathomorphology/CAMELYON/mil/vlm_patches/c17_abmil_vlm_patches_1d5657e342c149ef8305d568410dbc96.tar.gz!/vlm_patches/patient_138_node_3/standard/oracle_non_tumor/patient_138_node_3_standard_oracle_non_tumor_002.png,patient_138_node_3_standard_oracle_non_tumor_002,A,B
c17_native,patient_147,patient_147_node_1,5f8b1bc730ab3b7e,24576,128256,256,20,0.4496917724609375,0,0.0,0,0,oracle_non_tumor,1,1d5657e342c149ef8305d568410dbc96,1d5657e342c149ef8305d568410dbc96,standard,0,0,vlm_patches/patient_147_node_1/standard/oracle_non_tumor/patient_147_node_1_standard_oracle_non_tumor_000.png,s3://pershin-medailab/Pathomorphology/CAMELYON/mil/vlm_patches/c17_abmil_vlm_patches_1d5657e342c149ef8305d568410dbc96.tar.gz!/vlm_patches/patient_147_node_1/standard/oracle_non_tumor/patient_147_node_1_standard_oracle_non_tumor_000.png,patient_147_node_1_standard_oracle_non_tumor_000,A,B
c17_native,patient_147,patient_147_node_1,70211923353475f6,24576,125696,256,20,0.6993255615234375,0,0.0,0,0,oracle_non_tumor,2,1d5657e342c149ef8305d568410dbc96,1d5657e342c149ef8305d568410dbc96,standard,0,0,vlm_patches/patient_147_node_1/standard/oracle_non_tumor/patient_147_node_1_standard_oracle_non_tumor_001.png,s3://pershin-medailab/Pathomorphology/CAMELYON/mil/vlm_patches/c17_abmil_vlm_patches_1d5657e342c149ef8305d568410dbc96.tar.gz!/vlm_patches/patient_147_node_1/standard/oracle_non_tumor/patient_147_node_1_standard_oracle_non_tumor_001.png,patient_147_node_1_standard_oracle_non_tumor_001,A,B
c17_native,patient_147,patient_147_node_1,f5ba57fca57e01cb,55296,95744,256,20,0.75,0,0.0,0,0,oracle_non_tumor,3,1d5657e342c149ef8305d568410dbc96,1d5657e342c149ef8305d568410dbc96,standard,0,0,vlm_patches/patient_147_node_1/standard/oracle_non_tumor/patient_147_node_1_standard_oracle_non_tumor_002.png,s3://pershin-medailab/Pathomorphology/CAMELYON/mil/vlm_patches/c17_abmil_vlm_patches_1d5657e342c149ef8305d568410dbc96.tar.gz!/vlm_patches/patient_147_node_1/standard/oracle_non_tumor/patient_147_node_1_standard_oracle_non_tumor_002.png,patient_147_node_1_standard_oracle_non_tumor_002,A,B
c17_native,patient_191,patient_191_node_0,18677e4892752209,34304,81152,256,20,0.0800323486328125,0,0.0,0,0,oracle_non_tumor,1,1d5657e342c149ef8305d568410dbc96,1d5657e342c149ef8305d568410dbc96,standard,0,0,vlm_patches/patient_191_node_0/standard/oracle_non_tumor/patient_191_node_0_standard_oracle_non_tumor_000.png,s3://pershin-medailab/Pathomorphology/CAMELYON/mil/vlm_patches/c17_abmil_vlm_patches_1d5657e342c149ef8305d568410dbc96.tar.gz!/vlm_patches/patient_191_node_0/standard/oracle_non_tumor/patient_191_node_0_standard_oracle_non_tumor_000.png,patient_191_node_0_standard_oracle_non_tumor_000,A,B
c17_native,patient_191,patient_191_node_0,81312c0ea83e2172,19712,146432,256,20,0.928497314453125,0,0.0,0,0,oracle_non_tumor,2,1d5657e342c149ef8305d568410dbc96,1d5657e342c149ef8305d568410dbc96,standard,0,0,vlm_patches/patient_191_node_0/standard/oracle_non_tumor/patient_191_node_0_standard_oracle_non_tumor_001.png,s3://pershin-medailab/Pathomorphology/CAMELYON/mil/vlm_patches/c17_abmil_vlm_patches_1d5657e342c149ef8305d568410dbc96.tar.gz!/vlm_patches/patient_191_node_0/standard/oracle_non_tumor/patient_191_node_0_standard_oracle_non_tumor_001.png,patient_191_node_0_standard_oracle_non_tumor_001,A,B
c17_native,patient_191,patient_191_node_0,fab1a7680c2544a3,22016,137472,256,20,0.9170989990234376,0,0.0,0,0,oracle_non_tumor,3,1d5657e342c149ef8305d568410dbc96,1d5657e342c149ef8305d568410dbc96,standard,0,0,vlm_patches/patient_191_node_0/standard/oracle_non_tumor/patient_191_node_0_standard_oracle_non_tumor_002.png,s3://pershin-medailab/Pathomorphology/CAMELYON/mil/vlm_patches/c17_abmil_vlm_patches_1d5657e342c149ef8305d568410dbc96.tar.gz!/vlm_patches/patient_191_node_0/standard/oracle_non_tumor/patient_191_node_0_standard_oracle_non_tumor_002.png,patient_191_node_0_standard_oracle_non_tumor_002,A,B
c17_native,patient_192,patient_192_node_0,aa7bceb5f07f67a0,71168,69376,256,20,0.9801177978515624,0,0.0,0,0,oracle_non_tumor,1,1d5657e342c149ef8305d568410dbc96,1d5657e342c149ef8305d568410dbc96,standard,0,0,vlm_patches/patient_192_node_0/standard/oracle_non_tumor/patient_192_node_0_standard_oracle_non_tumor_000.png,s3://pershin-medailab/Pathomorphology/CAMELYON/mil/vlm_patches/c17_abmil_vlm_patches_1d5657e342c149ef8305d568410dbc96.tar.gz!/vlm_patches/patient_192_node_0/standard/oracle_non_tumor/patient_192_node_0_standard_oracle_non_tumor_000.png,patient_192_node_0_standard_oracle_non_tumor_000,A,B
c17_native,patient_192,patient_192_node_0,969677c4d5247b72,59648,44288,256,20,0.972991943359375,0,0.0,0,0,oracle_non_tumor,2,1d5657e342c149ef8305d568410dbc96,1d5657e342c149ef8305d568410dbc96,standard,0,0,vlm_patches/patient_192_node_0/standard/oracle_non_tumor/patient_192_node_0_standard_oracle_non_tumor_001.png,s3://pershin-medailab/Pathomorphology/CAMELYON/mil/vlm_patches/c17_abmil_vlm_patches_1d5657e342c149ef8305d568410dbc96.tar.gz!/vlm_patches/patient_192_node_0/standard/oracle_non_tumor/patient_192_node_0_standard_oracle_non_tumor_001.png,patient_192_node_0_standard_oracle_non_tumor_001,A,B
c17_native,patient_192,patient_192_node_0,0eb89b76575b19e0,66816,24320,256,20,0.8103485107421875,0,0.0,0,0,oracle_non_tumor,3,1d5657e342c149ef8305d568410dbc96,1d5657e342c149ef8305d568410dbc96,standard,0,0,vlm_patches/patient_192_node_0/standard/oracle_non_tumor/patient_192_node_0_standard_oracle_non_tumor_002.png,s3://pershin-medailab/Pathomorphology/CAMELYON/mil/vlm_patches/c17_abmil_vlm_patches_1d5657e342c149ef8305d568410dbc96.tar.gz!/vlm_patches/patient_192_node_0/standard/oracle_non_tumor/patient_192_node_0_standard_oracle_non_tumor_002.png,patient_192_node_0_standard_oracle_non_tumor_002,A,B
c17_native,patient_127,patient_127_node_3,6be997d3f32772e7,53248,132608,256,20,0.9441070556640624,0,0.0,0,0,oracle_non_tumor,1,1d5657e342c149ef8305d568410dbc96,1d5657e342c149ef8305d568410dbc96,standard,0,0,vlm_patches/patient_127_node_3/standard/oracle_non_tumor/patient_127_node_3_standard_oracle_non_tumor_000.png,s3://pershin-medailab/Pathomorphology/CAMELYON/mil/vlm_patches/c17_abmil_vlm_patches_1d5657e342c149ef8305d568410dbc96.tar.gz!/vlm_patches/patient_127_node_3/standard/oracle_non_tumor/patient_127_node_3_standard_oracle_non_tumor_000.png,patient_127_node_3_standard_oracle_non_tumor_000,C,A
c17_native,patient_127,patient_127_node_3,62e8e73a508b2df5,30208,142080,256,20,0.0380401611328125,0,0.0,0,0,oracle_non_tumor,2,1d5657e342c149ef8305d568410dbc96,1d5657e342c149ef8305d568410dbc96,standard,0,0,vlm_patches/patient_127_node_3/standard/oracle_non_tumor/patient_127_node_3_standard_oracle_non_tumor_001.png,s3://pershin-medailab/Pathomorphology/CAMELYON/mil/vlm_patches/c17_abmil_vlm_patches_1d5657e342c149ef8305d568410dbc96.tar.gz!/vlm_patches/patient_127_node_3/standard/oracle_non_tumor/patient_127_node_3_standard_oracle_non_tumor_001.png,patient_127_node_3_standard_oracle_non_tumor_001,C,A
c17_native,patient_127,patient_127_node_3,f5af6ce3df999503,76800,197120,256,20,0.2432861328125,0,0.0,0,0,oracle_non_tumor,3,1d5657e342c149ef8305d568410dbc96,1d5657e342c149ef8305d568410dbc96,standard,0,0,vlm_patches/patient_127_node_3/standard/oracle_non_tumor/patient_127_node_3_standard_oracle_non_tumor_002.png,s3://pershin-medailab/Pathomorphology/CAMELYON/mil/vlm_patches/c17_abmil_vlm_patches_1d5657e342c149ef8305d568410dbc96.tar.gz!/vlm_patches/patient_127_node_3/standard/oracle_non_tumor/patient_127_node_3_standard_oracle_non_tumor_002.png,patient_127_node_3_standard_oracle_non_tumor_002,C,A
c17_native,patient_163,patient_163_node_1,49ea720a36762f30,18432,83712,256,20,0.2114105224609375,0,0.0,0,0,oracle_non_tumor,1,1d5657e342c149ef8305d568410dbc96,1d5657e342c149ef8305d568410dbc96,standard,0,0,vlm_patches/patient_163_node_1/standard/oracle_non_tumor/patient_163_node_1_standard_oracle_non_tumor_000.png,s3://pershin-medailab/Pathomorphology/CAMELYON/mil/vlm_patches/c17_abmil_vlm_patches_1d5657e342c149ef8305d568410dbc96.tar.gz!/vlm_patches/patient_163_node_1/standard/oracle_non_tumor/patient_163_node_1_standard_oracle_non_tumor_000.png,patient_163_node_1_standard_oracle_non_tumor_000,C,A
c17_native,patient_163,patient_163_node_1,e11e6f26b9769431,40960,36608,256,20,0.759063720703125,0,0.0,0,0,oracle_non_tumor,2,1d5657e342c149ef8305d568410dbc96,1d5657e342c149ef8305d568410dbc96,standard,0,0,vlm_patches/patient_163_node_1/standard/oracle_non_tumor/patient_163_node_1_standard_oracle_non_tumor_001.png,s3://pershin-medailab/Pathomorphology/CAMELYON/mil/vlm_patches/c17_abmil_vlm_patches_1d5657e342c149ef8305d568410dbc96.tar.gz!/vlm_patches/patient_163_node_1/standard/oracle_non_tumor/patient_163_node_1_standard_oracle_non_tumor_001.png,patient_163_node_1_standard_oracle_non_tumor_001,C,A
c17_native,patient_163,patient_163_node_1,cf7eeaadb72d5ef6,67328,82432,256,20,0.7414398193359375,0,0.0,0,0,oracle_non_tumor,3,1d5657e342c149ef8305d568410dbc96,1d5657e342c149ef8305d568410dbc96,standard,0,0,vlm_patches/patient_163_node_1/standard/oracle_non_tumor/patient_163_node_1_standard_oracle_non_tumor_002.png,s3://pershin-medailab/Pathomorphology/CAMELYON/mil/vlm_patches/c17_abmil_vlm_patches_1d5657e342c149ef8305d568410dbc96.tar.gz!/vlm_patches/patient_163_node_1/standard/oracle_non_tumor/patient_163_node_1_standard_oracle_non_tumor_002.png,patient_163_node_1_standard_oracle_non_tumor_002,C,A
c17_native,patient_168,patient_168_node_0,127ae1e470c73962,78080,100608,256,20,0.339385986328125,0,0.0,0,0,oracle_non_tumor,1,1d5657e342c149ef8305d568410dbc96,1d5657e342c149ef8305d568410dbc96,standard,0,0,vlm_patches/patient_168_node_0/standard/oracle_non_tumor/patient_168_node_0_standard_oracle_non_tumor_000.png,s3://pershin-medailab/Pathomorphology/CAMELYON/mil/vlm_patches/c17_abmil_vlm_patches_1d5657e342c149ef8305d568410dbc96.tar.gz!/vlm_patches/patient_168_node_0/standard/oracle_non_tumor/patient_168_node_0_standard_oracle_non_tumor_000.png,patient_168_node_0_standard_oracle_non_tumor_000,C,A
c17_native,patient_168,patient_168_node_0,537447fc1a4be91d,70656,94464,256,20,0.0308990478515625,0,0.0,0,0,oracle_non_tumor,2,1d5657e342c149ef8305d568410dbc96,1d5657e342c149ef8305d568410dbc96,standard,0,0,vlm_patches/patient_168_node_0/standard/oracle_non_tumor/patient_168_node_0_standard_oracle_non_tumor_001.png,s3://pershin-medailab/Pathomorphology/CAMELYON/mil/vlm_patches/c17_abmil_vlm_patches_1d5657e342c149ef8305d568410dbc96.tar.gz!/vlm_patches/patient_168_node_0/standard/oracle_non_tumor/patient_168_node_0_standard_oracle_non_tumor_001.png,patient_168_node_0_standard_oracle_non_tumor_001,C,A
c17_native,patient_168,patient_168_node_0,179b61c97b2c9bec,61952,109824,256,20,0.3369293212890625,0,0.0,0,0,oracle_non_tumor,3,1d5657e342c149ef8305d568410dbc96,1d5657e342c149ef8305d568410dbc96,standard,0,0,vlm_patches/patient_168_node_0/standard/oracle_non_tumor/patient_168_node_0_standard_oracle_non_tumor_002.png,s3://pershin-medailab/Pathomorphology/CAMELYON/mil/vlm_patches/c17_abmil_vlm_patches_1d5657e342c149ef8305d568410dbc96.tar.gz!/vlm_patches/patient_168_node_0/standard/oracle_non_tumor/patient_168_node_0_standard_oracle_non_tumor_002.png,patient_168_node_0_standard_oracle_non_tumor_002,C,A
c17_native,patient_141,patient_141_node_4,5434c161f1b61c64,121088,68608,256,20,0.8542938232421875,0,0.0,0,0,oracle_non_tumor,1,1d5657e342c149ef8305d568410dbc96,1d5657e342c149ef8305d568410dbc96,standard,0,0,vlm_patches/patient_141_node_4/standard/oracle_non_tumor/patient_141_node_4_standard_oracle_non_tumor_000.png,s3://pershin-medailab/Pathomorphology/CAMELYON/mil/vlm_patches/c17_abmil_vlm_patches_1d5657e342c149ef8305d568410dbc96.tar.gz!/vlm_patches/patient_141_node_4/standard/oracle_non_tumor/patient_141_node_4_standard_oracle_non_tumor_000.png,patient_141_node_4_standard_oracle_non_tumor_000,C,A
c17_native,patient_141,patient_141_node_4,7bb58b5aedc662e6,95488,53504,256,20,0.0294952392578125,0,0.0,0,0,oracle_non_tumor,2,1d5657e342c149ef8305d568410dbc96,1d5657e342c149ef8305d568410dbc96,standard,0,0,vlm_patches/patient_141_node_4/standard/oracle_non_tumor/patient_141_node_4_standard_oracle_non_tumor_001.png,s3://pershin-medailab/Pathomorphology/CAMELYON/mil/vlm_patches/c17_abmil_vlm_patches_1d5657e342c149ef8305d568410dbc96.tar.gz!/vlm_patches/patient_141_node_4/standard/oracle_non_tumor/patient_141_node_4_standard_oracle_non_tumor_001.png,patient_141_node_4_standard_oracle_non_tumor_001,C,A
c17_native,patient_141,patient_141_node_4,eaccf2b5b17a99fb,116224,38912,256,20,0.1810760498046875,0,0.0,0,0,oracle_non_tumor,3,1d5657e342c149ef8305d568410dbc96,1d5657e342c149ef8305d568410dbc96,standard,0,0,vlm_patches/patient_141_node_4/standard/oracle_non_tumor/patient_141_node_4_standard_oracle_non_tumor_002.png,s3://pershin-medailab/Pathomorphology/CAMELYON/mil/vlm_patches/c17_abmil_vlm_patches_1d5657e342c149ef8305d568410dbc96.tar.gz!/vlm_patches/patient_141_node_4/standard/oracle_non_tumor/patient_141_node_4_standard_oracle_non_tumor_002.png,patient_141_node_4_standard_oracle_non_tumor_002,C,A
c17_native,patient_156,patient_156_node_1,7453868bc14dcfc9,69376,187392,256,20,0.2741546630859375,0,0.0,0,0,oracle_non_tumor,1,1d5657e342c149ef8305d568410dbc96,1d5657e342c149ef8305d568410dbc96,standard,0,0,vlm_patches/patient_156_node_1/standard/oracle_non_tumor/patient_156_node_1_standard_oracle_non_tumor_000.png,s3://pershin-medailab/Pathomorphology/CAMELYON/mil/vlm_patches/c17_abmil_vlm_patches_1d5657e342c149ef8305d568410dbc96.tar.gz!/vlm_patches/patient_156_node_1/standard/oracle_non_tumor/patient_156_node_1_standard_oracle_non_tumor_000.png,patient_156_node_1_standard_oracle_non_tumor_000,C,A
c17_native,patient_156,patient_156_node_1,14d6cc651dbe3093,31488,182272,256,20,0.985443115234375,0,0.0,0,0,oracle_non_tumor,2,1d5657e342c149ef8305d568410dbc96,1d5657e342c149ef8305d568410dbc96,standard,0,0,vlm_patches/patient_156_node_1/standard/oracle_non_tumor/patient_156_node_1_standard_oracle_non_tumor_001.png,s3://pershin-medailab/Pathomorphology/CAMELYON/mil/vlm_patches/c17_abmil_vlm_patches_1d5657e342c149ef8305d568410dbc96.tar.gz!/vlm_patches/patient_156_node_1/standard/oracle_non_tumor/patient_156_node_1_standard_oracle_non_tumor_001.png,patient_156_node_1_standard_oracle_non_tumor_001,C,A
c17_native,patient_156,patient_156_node_1,4e20e1bed459e6e1,56576,152320,256,20,0.763763427734375,0,0.0,0,0,oracle_non_tumor,3,1d5657e342c149ef8305d568410dbc96,1d5657e342c149ef8305d568410dbc96,standard,0,0,vlm_patches/patient_156_node_1/standard/oracle_non_tumor/patient_156_node_1_standard_oracle_non_tumor_002.png,s3://pershin-medailab/Pathomorphology/CAMELYON/mil/vlm_patches/c17_abmil_vlm_patches_1d5657e342c149ef8305d568410dbc96.tar.gz!/vlm_patches/patient_156_node_1/standard/oracle_non_tumor/patient_156_node_1_standard_oracle_non_tumor_002.png,patient_156_node_1_standard_oracle_non_tumor_002,C,A
c17_native,patient_112,patient_112_node_2,fd2af2e7e4957bff,76800,121856,256,20,0.3406829833984375,0,0.0,0,0,oracle_non_tumor,1,1d5657e342c149ef8305d568410dbc96,1d5657e342c149ef8305d568410dbc96,standard,0,0,vlm_patches/patient_112_node_2/standard/oracle_non_tumor/patient_112_node_2_standard_oracle_non_tumor_000.png,s3://pershin-medailab/Pathomorphology/CAMELYON/mil/vlm_patches/c17_abmil_vlm_patches_1d5657e342c149ef8305d568410dbc96.tar.gz!/vlm_patches/patient_112_node_2/standard/oracle_non_tumor/patient_112_node_2_standard_oracle_non_tumor_000.png,patient_112_node_2_standard_oracle_non_tumor_000,C,A
c17_native,patient_112,patient_112_node_2,5e4cb2593aa810f4,51712,71168,256,20,0.8506622314453125,0,0.0,0,0,oracle_non_tumor,2,1d5657e342c149ef8305d568410dbc96,1d5657e342c149ef8305d568410dbc96,standard,0,0,vlm_patches/patient_112_node_2/standard/oracle_non_tumor/patient_112_node_2_standard_oracle_non_tumor_001.png,s3://pershin-medailab/Pathomorphology/CAMELYON/mil/vlm_patches/c17_abmil_vlm_patches_1d5657e342c149ef8305d568410dbc96.tar.gz!/vlm_patches/patient_112_node_2/standard/oracle_non_tumor/patient_112_node_2_standard_oracle_non_tumor_001.png,patient_112_node_2_standard_oracle_non_tumor_001,C,A
c17_native,patient_112,patient_112_node_2,8c7a530e1c0941ee,14848,153600,256,20,0.1658935546875,0,0.0,0,0,oracle_non_tumor,3,1d5657e342c149ef8305d568410dbc96,1d5657e342c149ef8305d568410dbc96,standard,0,0,vlm_patches/patient_112_node_2/standard/oracle_non_tumor/patient_112_node_2_standard_oracle_non_tumor_002.png,s3://pershin-medailab/Pathomorphology/CAMELYON/mil/vlm_patches/c17_abmil_vlm_patches_1d5657e342c149ef8305d568410dbc96.tar.gz!/vlm_patches/patient_112_node_2/standard/oracle_non_tumor/patient_112_node_2_standard_oracle_non_tumor_002.png,patient_112_node_2_standard_oracle_non_tumor_002,C,A
c17_native,patient_142,patient_142_node_1,9a1f486a632d1b05,111616,14336,256,20,0.0,0,0.0,0,0,oracle_non_tumor,1,1d5657e342c149ef8305d568410dbc96,1d5657e342c149ef8305d568410dbc96,standard,0,0,vlm_patches/patient_142_node_1/standard/oracle_non_tumor/patient_142_node_1_standard_oracle_non_tumor_000.png,s3://pershin-medailab/Pathomorphology/CAMELYON/mil/vlm_patches/c17_abmil_vlm_patches_1d5657e342c149ef8305d568410dbc96.tar.gz!/vlm_patches/patient_142_node_1/standard/oracle_non_tumor/patient_142_node_1_standard_oracle_non_tumor_000.png,patient_142_node_1_standard_oracle_non_tumor_000,C,A
c17_native,patient_142,patient_142_node_1,78d64b5b044b8762,33024,38912,256,20,0.7220916748046875,0,0.0,0,0,oracle_non_tumor,2,1d5657e342c149ef8305d568410dbc96,1d5657e342c149ef8305d568410dbc96,standard,0,0,vlm_patches/patient_142_node_1/standard/oracle_non_tumor/patient_142_node_1_standard_oracle_non_tumor_001.png,s3://pershin-medailab/Pathomorphology/CAMELYON/mil/vlm_patches/c17_abmil_vlm_patches_1d5657e342c149ef8305d568410dbc96.tar.gz!/vlm_patches/patient_142_node_1/standard/oracle_non_tumor/patient_142_node_1_standard_oracle_non_tumor_001.png,patient_142_node_1_standard_oracle_non_tumor_001,C,A
c17_native,patient_142,patient_142_node_1,12361e5fd95617ae,90880,76544,256,20,0.0,0,0.0,0,0,oracle_non_tumor,3,1d5657e342c149ef8305d568410dbc96,1d5657e342c149ef8305d568410dbc96,standard,0,0,vlm_patches/patient_142_node_1/standard/oracle_non_tumor/patient_142_node_1_standard_oracle_non_tumor_002.png,s3://pershin-medailab/Pathomorphology/CAMELYON/mil/vlm_patches/c17_abmil_vlm_patches_1d5657e342c149ef8305d568410dbc96.tar.gz!/vlm_patches/patient_142_node_1/standard/oracle_non_tumor/patient_142_node_1_standard_oracle_non_tumor_002.png,patient_142_node_1_standard_oracle_non_tumor_002,C,A
c17_native,patient_138,patient_138_node_2,bd1ffeb70d99294f,39168,76544,256,20,0.1867828369140625,0,0.0,0,0,oracle_non_tumor,1,1d5657e342c149ef8305d568410dbc96,1d5657e342c149ef8305d568410dbc96,standard,0,0,vlm_patches/patient_138_node_2/standard/oracle_non_tumor/patient_138_node_2_standard_oracle_non_tumor_000.png,s3://pershin-medailab/Pathomorphology/CAMELYON/mil/vlm_patches/c17_abmil_vlm_patches_1d5657e342c149ef8305d568410dbc96.tar.gz!/vlm_patches/patient_138_node_2/standard/oracle_non_tumor/patient_138_node_2_standard_oracle_non_tumor_000.png,patient_138_node_2_standard_oracle_non_tumor_000,C,A
c17_native,patient_138,patient_138_node_2,980c96e4c25fa8e0,81920,104704,256,20,0.2857666015625,0,0.0,0,0,oracle_non_tumor,2,1d5657e342c149ef8305d568410dbc96,1d5657e342c149ef8305d568410dbc96,standard,0,0,vlm_patches/patient_138_node_2/standard/oracle_non_tumor/patient_138_node_2_standard_oracle_non_tumor_001.png,s3://pershin-medailab/Pathomorphology/CAMELYON/mil/vlm_patches/c17_abmil_vlm_patches_1d5657e342c149ef8305d568410dbc96.tar.gz!/vlm_patches/patient_138_node_2/standard/oracle_non_tumor/patient_138_node_2_standard_oracle_non_tumor_001.png,patient_138_node_2_standard_oracle_non_tumor_001,C,A
c17_native,patient_138,patient_138_node_2,79640babea333cda,12032,157184,256,20,0.03009033203125,0,0.0,0,0,oracle_non_tumor,3,1d5657e342c149ef8305d568410dbc96,1d5657e342c149ef8305d568410dbc96,standard,0,0,vlm_patches/patient_138_node_2/standard/oracle_non_tumor/patient_138_node_2_standard_oracle_non_tumor_002.png,s3://pershin-medailab/Pathomorphology/CAMELYON/mil/vlm_patches/c17_abmil_vlm_patches_1d5657e342c149ef8305d568410dbc96.tar.gz!/vlm_patches/patient_138_node_2/standard/oracle_non_tumor/patient_138_node_2_standard_oracle_non_tumor_002.png,patient_138_node_2_standard_oracle_non_tumor_002,C,A
c17_native,patient_119,patient_119_node_1,f4075a499b4da3f9,34560,78336,256,20,0.99969482421875,0,0.0,0,0,oracle_non_tumor,1,1d5657e342c149ef8305d568410dbc96,1d5657e342c149ef8305d568410dbc96,standard,0,0,vlm_patches/patient_119_node_1/standard/oracle_non_tumor/patient_119_node_1_standard_oracle_non_tumor_000.png,s3://pershin-medailab/Pathomorphology/CAMELYON/mil/vlm_patches/c17_abmil_vlm_patches_1d5657e342c149ef8305d568410dbc96.tar.gz!/vlm_patches/patient_119_node_1/standard/oracle_non_tumor/patient_119_node_1_standard_oracle_non_tumor_000.png,patient_119_node_1_standard_oracle_non_tumor_000,C,A
c17_native,patient_119,patient_119_node_1,e697cae19a9eeab2,71168,152576,256,20,0.8130035400390625,0,0.0,0,0,oracle_non_tumor,2,1d5657e342c149ef8305d568410dbc96,1d5657e342c149ef8305d568410dbc96,standard,0,0,vlm_patches/patient_119_node_1/standard/oracle_non_tumor/patient_119_node_1_standard_oracle_non_tumor_001.png,s3://pershin-medailab/Pathomorphology/CAMELYON/mil/vlm_patches/c17_abmil_vlm_patches_1d5657e342c149ef8305d568410dbc96.tar.gz!/vlm_patches/patient_119_node_1/standard/oracle_non_tumor/patient_119_node_1_standard_oracle_non_tumor_001.png,patient_119_node_1_standard_oracle_non_tumor_001,C,A
c17_native,patient_119,patient_119_node_1,5b667b1fc0235e5a,15616,109824,256,20,0.127960205078125,0,0.0,0,0,oracle_non_tumor,3,1d5657e342c149ef8305d568410dbc96,1d5657e342c149ef8305d568410dbc96,standard,0,0,vlm_patches/patient_119_node_1/standard/oracle_non_tumor/patient_119_node_1_standard_oracle_non_tumor_002.png,s3://pershin-medailab/Pathomorphology/CAMELYON/mil/vlm_patches/c17_abmil_vlm_patches_1d5657e342c149ef8305d568410dbc96.tar.gz!/vlm_patches/patient_119_node_1/standard/oracle_non_tumor/patient_119_node_1_standard_oracle_non_tumor_002.png,patient_119_node_1_standard_oracle_non_tumor_002,C,A
c17_native,patient_186,patient_186_node_3,f3d5f2777531d107,43264,175104,256,20,0.97991943359375,0,0.0,0,0,oracle_non_tumor,1,1d5657e342c149ef8305d568410dbc96,1d5657e342c149ef8305d568410dbc96,standard,0,0,vlm_patches/patient_186_node_3/standard/oracle_non_tumor/patient_186_node_3_standard_oracle_non_tumor_000.png,s3://pershin-medailab/Pathomorphology/CAMELYON/mil/vlm_patches/c17_abmil_vlm_patches_1d5657e342c149ef8305d568410dbc96.tar.gz!/vlm_patches/patient_186_node_3/standard/oracle_non_tumor/patient_186_node_3_standard_oracle_non_tumor_000.png,patient_186_node_3_standard_oracle_non_tumor_000,C,A
c17_native,patient_186,patient_186_node_3,123ad500f2a6a1df,36096,157696,256,20,0.9336700439453124,0,0.0,0,0,oracle_non_tumor,2,1d5657e342c149ef8305d568410dbc96,1d5657e342c149ef8305d568410dbc96,standard,0,0,vlm_patches/patient_186_node_3/standard/oracle_non_tumor/patient_186_node_3_standard_oracle_non_tumor_001.png,s3://pershin-medailab/Pathomorphology/CAMELYON/mil/vlm_patches/c17_abmil_vlm_patches_1d5657e342c149ef8305d568410dbc96.tar.gz!/vlm_patches/patient_186_node_3/standard/oracle_non_tumor/patient_186_node_3_standard_oracle_non_tumor_001.png,patient_186_node_3_standard_oracle_non_tumor_001,C,A
c17_native,patient_186,patient_186_node_3,292c2a8a1734d61b,16640,160000,256,20,0.672882080078125,0,0.0,0,0,oracle_non_tumor,3,1d5657e342c149ef8305d568410dbc96,1d5657e342c149ef8305d568410dbc96,standard,0,0,vlm_patches/patient_186_node_3/standard/oracle_non_tumor/patient_186_node_3_standard_oracle_non_tumor_002.png,s3://pershin-medailab/Pathomorphology/CAMELYON/mil/vlm_patches/c17_abmil_vlm_patches_1d5657e342c149ef8305d568410dbc96.tar.gz!/vlm_patches/patient_186_node_3/standard/oracle_non_tumor/patient_186_node_3_standard_oracle_non_tumor_002.png,patient_186_node_3_standard_oracle_non_tumor_002,C,A
c17_native,patient_140,patient_140_node_3,79462f294aa87ae5,24320,43264,256,20,0.8076324462890625,0,0.0,0,0,oracle_non_tumor,1,1d5657e342c149ef8305d568410dbc96,1d5657e342c149ef8305d568410dbc96,standard,0,0,vlm_patches/patient_140_node_3/standard/oracle_non_tumor/patient_140_node_3_standard_oracle_non_tumor_000.png,s3://pershin-medailab/Pathomorphology/CAMELYON/mil/vlm_patches/c17_abmil_vlm_patches_1d5657e342c149ef8305d568410dbc96.tar.gz!/vlm_patches/patient_140_node_3/standard/oracle_non_tumor/patient_140_node_3_standard_oracle_non_tumor_000.png,patient_140_node_3_standard_oracle_non_tumor_000,C,A
c17_native,patient_140,patient_140_node_3,7b08ffb6703971e4,85760,43264,256,20,0.0081787109375,0,0.0,0,0,oracle_non_tumor,2,1d5657e342c149ef8305d568410dbc96,1d5657e342c149ef8305d568410dbc96,standard,0,0,vlm_patches/patient_140_node_3/standard/oracle_non_tumor/patient_140_node_3_standard_oracle_non_tumor_001.png,s3://pershin-medailab/Pathomorphology/CAMELYON/mil/vlm_patches/c17_abmil_vlm_patches_1d5657e342c149ef8305d568410dbc96.tar.gz!/vlm_patches/patient_140_node_3/standard/oracle_non_tumor/patient_140_node_3_standard_oracle_non_tumor_001.png,patient_140_node_3_standard_oracle_non_tumor_001,C,A
c17_native,patient_140,patient_140_node_3,9a0621fc567dcf9e,95488,63232,256,20,0.0,0,0.0,0,0,oracle_non_tumor,3,1d5657e342c149ef8305d568410dbc96,1d5657e342c149ef8305d568410dbc96,standard,0,0,vlm_patches/patient_140_node_3/standard/oracle_non_tumor/patient_140_node_3_standard_oracle_non_tumor_002.png,s3://pershin-medailab/Pathomorphology/CAMELYON/mil/vlm_patches/c17_abmil_vlm_patches_1d5657e342c149ef8305d568410dbc96.tar.gz!/vlm_patches/patient_140_node_3/standard/oracle_non_tumor/patient_140_node_3_standard_oracle_non_tumor_002.png,patient_140_node_3_standard_oracle_non_tumor_002,C,A
c17_native,patient_195,patient_195_node_0,16fab09e45f14284,47616,155904,256,20,0.494140625,0,0.0,0,0,oracle_non_tumor,1,1d5657e342c149ef8305d568410dbc96,1d5657e342c149ef8305d568410dbc96,standard,0,0,vlm_patches/patient_195_node_0/standard/oracle_non_tumor/patient_195_node_0_standard_oracle_non_tumor_000.png,s3://pershin-medailab/Pathomorphology/CAMELYON/mil/vlm_patches/c17_abmil_vlm_patches_1d5657e342c149ef8305d568410dbc96.tar.gz!/vlm_patches/patient_195_node_0/standard/oracle_non_tumor/patient_195_node_0_standard_oracle_non_tumor_000.png,patient_195_node_0_standard_oracle_non_tumor_000,C,A
c17_native,patient_195,patient_195_node_0,bbc92f78bd441698,58368,163584,256,20,0.8762359619140625,0,0.0,0,0,oracle_non_tumor,2,1d5657e342c149ef8305d568410dbc96,1d5657e342c149ef8305d568410dbc96,standard,0,0,vlm_patches/patient_195_node_0/standard/oracle_non_tumor/patient_195_node_0_standard_oracle_non_tumor_001.png,s3://pershin-medailab/Pathomorphology/CAMELYON/mil/vlm_patches/c17_abmil_vlm_patches_1d5657e342c149ef8305d568410dbc96.tar.gz!/vlm_patches/patient_195_node_0/standard/oracle_non_tumor/patient_195_node_0_standard_oracle_non_tumor_001.png,patient_195_node_0_standard_oracle_non_tumor_001,C,A
c17_native,patient_195,patient_195_node_0,069a62430259f0ce,48128,34048,256,20,0.089752197265625,0,0.0,0,0,oracle_non_tumor,3,1d5657e342c149ef8305d568410dbc96,1d5657e342c149ef8305d568410dbc96,standard,0,0,vlm_patches/patient_195_node_0/standard/oracle_non_tumor/patient_195_node_0_standard_oracle_non_tumor_002.png,s3://pershin-medailab/Pathomorphology/CAMELYON/mil/vlm_patches/c17_abmil_vlm_patches_1d5657e342c149ef8305d568410dbc96.tar.gz!/vlm_patches/patient_195_node_0/standard/oracle_non_tumor/patient_195_node_0_standard_oracle_non_tumor_002.png,patient_195_node_0_standard_oracle_non_tumor_002,C,A
c17_native,patient_117,patient_117_node_1,4df3c80721813309,15104,54784,256,20,0.9878997802734376,0,0.0,0,0,oracle_non_tumor,1,1d5657e342c149ef8305d568410dbc96,1d5657e342c149ef8305d568410dbc96,standard,0,0,vlm_patches/patient_117_node_1/standard/oracle_non_tumor/patient_117_node_1_standard_oracle_non_tumor_000.png,s3://pershin-medailab/Pathomorphology/CAMELYON/mil/vlm_patches/c17_abmil_vlm_patches_1d5657e342c149ef8305d568410dbc96.tar.gz!/vlm_patches/patient_117_node_1/standard/oracle_non_tumor/patient_117_node_1_standard_oracle_non_tumor_000.png,patient_117_node_1_standard_oracle_non_tumor_000,C,A
c17_native,patient_117,patient_117_node_1,19b959bad6ab9d69,68096,86016,256,20,0.260406494140625,0,0.0,0,0,oracle_non_tumor,2,1d5657e342c149ef8305d568410dbc96,1d5657e342c149ef8305d568410dbc96,standard,0,0,vlm_patches/patient_117_node_1/standard/oracle_non_tumor/patient_117_node_1_standard_oracle_non_tumor_001.png,s3://pershin-medailab/Pathomorphology/CAMELYON/mil/vlm_patches/c17_abmil_vlm_patches_1d5657e342c149ef8305d568410dbc96.tar.gz!/vlm_patches/patient_117_node_1/standard/oracle_non_tumor/patient_117_node_1_standard_oracle_non_tumor_001.png,patient_117_node_1_standard_oracle_non_tumor_001,C,A
c17_native,patient_117,patient_117_node_1,730a5734d6096254,60160,64512,256,20,0.122589111328125,0,0.0,0,0,oracle_non_tumor,3,1d5657e342c149ef8305d568410dbc96,1d5657e342c149ef8305d568410dbc96,standard,0,0,vlm_patches/patient_117_node_1/standard/oracle_non_tumor/patient_117_node_1_standard_oracle_non_tumor_002.png,s3://pershin-medailab/Pathomorphology/CAMELYON/mil/vlm_patches/c17_abmil_vlm_patches_1d5657e342c149ef8305d568410dbc96.tar.gz!/vlm_patches/patient_117_node_1/standard/oracle_non_tumor/patient_117_node_1_standard_oracle_non_tumor_002.png,patient_117_node_1_standard_oracle_non_tumor_002,C,A
c17_native,patient_168,patient_168_node_3,f3557a7399ccfa9e,25856,160256,256,20,0.2106475830078125,0,0.0,0,0,oracle_non_tumor,1,1d5657e342c149ef8305d568410dbc96,1d5657e342c149ef8305d568410dbc96,standard,0,0,vlm_patches/patient_168_node_3/standard/oracle_non_tumor/patient_168_node_3_standard_oracle_non_tumor_000.png,s3://pershin-medailab/Pathomorphology/CAMELYON/mil/vlm_patches/c17_abmil_vlm_patches_1d5657e342c149ef8305d568410dbc96.tar.gz!/vlm_patches/patient_168_node_3/standard/oracle_non_tumor/patient_168_node_3_standard_oracle_non_tumor_000.png,patient_168_node_3_standard_oracle_non_tumor_000,C,A
c17_native,patient_168,patient_168_node_3,a5b3ecd75892e2eb,51968,133120,256,20,0.2137908935546875,0,0.0,0,0,oracle_non_tumor,2,1d5657e342c149ef8305d568410dbc96,1d5657e342c149ef8305d568410dbc96,standard,0,0,vlm_patches/patient_168_node_3/standard/oracle_non_tumor/patient_168_node_3_standard_oracle_non_tumor_001.png,s3://pershin-medailab/Pathomorphology/CAMELYON/mil/vlm_patches/c17_abmil_vlm_patches_1d5657e342c149ef8305d568410dbc96.tar.gz!/vlm_patches/patient_168_node_3/standard/oracle_non_tumor/patient_168_node_3_standard_oracle_non_tumor_001.png,patient_168_node_3_standard_oracle_non_tumor_001,C,A
c17_native,patient_168,patient_168_node_3,c1c65612b4f09c3e,63488,84224,256,20,0.6632843017578125,0,0.0,0,0,oracle_non_tumor,3,1d5657e342c149ef8305d568410dbc96,1d5657e342c149ef8305d568410dbc96,standard,0,0,vlm_patches/patient_168_node_3/standard/oracle_non_tumor/patient_168_node_3_standard_oracle_non_tumor_002.png,s3://pershin-medailab/Pathomorphology/CAMELYON/mil/vlm_patches/c17_abmil_vlm_patches_1d5657e342c149ef8305d568410dbc96.tar.gz!/vlm_patches/patient_168_node_3/standard/oracle_non_tumor/patient_168_node_3_standard_oracle_non_tumor_002.png,patient_168_node_3_standard_oracle_non_tumor_002,C,A
c17_native,patient_186,patient_186_node_1,2db5ac2463e77e81,70656,172544,256,20,0.3731842041015625,0,0.0,0,0,oracle_non_tumor,1,1d5657e342c149ef8305d568410dbc96,1d5657e342c149ef8305d568410dbc96,standard,0,0,vlm_patches/patient_186_node_1/standard/oracle_non_tumor/patient_186_node_1_standard_oracle_non_tumor_000.png,s3://pershin-medailab/Pathomorphology/CAMELYON/mil/vlm_patches/c17_abmil_vlm_patches_1d5657e342c149ef8305d568410dbc96.tar.gz!/vlm_patches/patient_186_node_1/standard/oracle_non_tumor/patient_186_node_1_standard_oracle_non_tumor_000.png,patient_186_node_1_standard_oracle_non_tumor_000,C,A
c17_native,patient_186,patient_186_node_1,56c3f8a3f417f746,74496,166656,256,20,0.6012115478515625,0,0.0,0,0,oracle_non_tumor,2,1d5657e342c149ef8305d568410dbc96,1d5657e342c149ef8305d568410dbc96,standard,0,0,vlm_patches/patient_186_node_1/standard/oracle_non_tumor/patient_186_node_1_standard_oracle_non_tumor_001.png,s3://pershin-medailab/Pathomorphology/CAMELYON/mil/vlm_patches/c17_abmil_vlm_patches_1d5657e342c149ef8305d568410dbc96.tar.gz!/vlm_patches/patient_186_node_1/standard/oracle_non_tumor/patient_186_node_1_standard_oracle_non_tumor_001.png,patient_186_node_1_standard_oracle_non_tumor_001,C,A
c17_native,patient_186,patient_186_node_1,a17b339fe87e34dc,66560,130048,256,20,0.463653564453125,0,0.0,0,0,oracle_non_tumor,3,1d5657e342c149ef8305d568410dbc96,1d5657e342c149ef8305d568410dbc96,standard,0,0,vlm_patches/patient_186_node_1/standard/oracle_non_tumor/patient_186_node_1_standard_oracle_non_tumor_002.png,s3://pershin-medailab/Pathomorphology/CAMELYON/mil/vlm_patches/c17_abmil_vlm_patches_1d5657e342c149ef8305d568410dbc96.tar.gz!/vlm_patches/patient_186_node_1/standard/oracle_non_tumor/patient_186_node_1_standard_oracle_non_tumor_002.png,patient_186_node_1_standard_oracle_non_tumor_002,C,A
c17_native,patient_158,patient_158_node_1,ca377273b19fa34a,70400,114944,256,20,0.9764862060546876,0,0.0,0,0,oracle_non_tumor,1,1d5657e342c149ef8305d568410dbc96,1d5657e342c149ef8305d568410dbc96,standard,0,0,vlm_patches/patient_158_node_1/standard/oracle_non_tumor/patient_158_node_1_standard_oracle_non_tumor_000.png,s3://pershin-medailab/Pathomorphology/CAMELYON/mil/vlm_patches/c17_abmil_vlm_patches_1d5657e342c149ef8305d568410dbc96.tar.gz!/vlm_patches/patient_158_node_1/standard/oracle_non_tumor/patient_158_node_1_standard_oracle_non_tumor_000.png,patient_158_node_1_standard_oracle_non_tumor_000,C,A
c17_native,patient_158,patient_158_node_1,acbac451d6047ebd,47104,110592,256,20,0.9456329345703124,0,0.0,0,0,oracle_non_tumor,2,1d5657e342c149ef8305d568410dbc96,1d5657e342c149ef8305d568410dbc96,standard,0,0,vlm_patches/patient_158_node_1/standard/oracle_non_tumor/patient_158_node_1_standard_oracle_non_tumor_001.png,s3://pershin-medailab/Pathomorphology/CAMELYON/mil/vlm_patches/c17_abmil_vlm_patches_1d5657e342c149ef8305d568410dbc96.tar.gz!/vlm_patches/patient_158_node_1/standard/oracle_non_tumor/patient_158_node_1_standard_oracle_non_tumor_001.png,patient_158_node_1_standard_oracle_non_tumor_001,C,A
c17_native,patient_158,patient_158_node_1,f7a101bf8a75db2e,44800,170240,256,20,0.04705810546875,0,0.0,0,0,oracle_non_tumor,3,1d5657e342c149ef8305d568410dbc96,1d5657e342c149ef8305d568410dbc96,standard,0,0,vlm_patches/patient_158_node_1/standard/oracle_non_tumor/patient_158_node_1_standard_oracle_non_tumor_002.png,s3://pershin-medailab/Pathomorphology/CAMELYON/mil/vlm_patches/c17_abmil_vlm_patches_1d5657e342c149ef8305d568410dbc96.tar.gz!/vlm_patches/patient_158_node_1/standard/oracle_non_tumor/patient_158_node_1_standard_oracle_non_tumor_002.png,patient_158_node_1_standard_oracle_non_tumor_002,C,A
c17_native,patient_156,patient_156_node_0,0681f78186cc3f9b,22784,180480,256,20,0.86114501953125,0,0.0,0,0,oracle_non_tumor,1,1d5657e342c149ef8305d568410dbc96,1d5657e342c149ef8305d568410dbc96,standard,0,0,vlm_patches/patient_156_node_0/standard/oracle_non_tumor/patient_156_node_0_standard_oracle_non_tumor_000.png,s3://pershin-medailab/Pathomorphology/CAMELYON/mil/vlm_patches/c17_abmil_vlm_patches_1d5657e342c149ef8305d568410dbc96.tar.gz!/vlm_patches/patient_156_node_0/standard/oracle_non_tumor/patient_156_node_0_standard_oracle_non_tumor_000.png,patient_156_node_0_standard_oracle_non_tumor_000,C,A
c17_native,patient_156,patient_156_node_0,878026884e6814f8,56576,172288,256,20,0.905120849609375,0,0.0,0,0,oracle_non_tumor,2,1d5657e342c149ef8305d568410dbc96,1d5657e342c149ef8305d568410dbc96,standard,0,0,vlm_patches/patient_156_node_0/standard/oracle_non_tumor/patient_156_node_0_standard_oracle_non_tumor_001.png,s3://pershin-medailab/Pathomorphology/CAMELYON/mil/vlm_patches/c17_abmil_vlm_patches_1d5657e342c149ef8305d568410dbc96.tar.gz!/vlm_patches/patient_156_node_0/standard/oracle_non_tumor/patient_156_node_0_standard_oracle_non_tumor_001.png,patient_156_node_0_standard_oracle_non_tumor_001,C,A
c17_native,patient_156,patient_156_node_0,de242669ea6e1bb3,49664,163072,256,20,0.4104156494140625,0,0.0,0,0,oracle_non_tumor,3,1d5657e342c149ef8305d568410dbc96,1d5657e342c149ef8305d568410dbc96,standard,0,0,vlm_patches/patient_156_node_0/standard/oracle_non_tumor/patient_156_node_0_standard_oracle_non_tumor_002.png,s3://pershin-medailab/Pathomorphology/CAMELYON/mil/vlm_patches/c17_abmil_vlm_patches_1d5657e342c149ef8305d568410dbc96.tar.gz!/vlm_patches/patient_156_node_0/standard/oracle_non_tumor/patient_156_node_0_standard_oracle_non_tumor_002.png,patient_156_node_0_standard_oracle_non_tumor_002,C,A
c17_native,patient_196,patient_196_node_1,2098f5bc933d71cb,27904,145152,256,20,0.019989013671875,0,0.0,0,0,oracle_non_tumor,1,1d5657e342c149ef8305d568410dbc96,1d5657e342c149ef8305d568410dbc96,standard,0,0,vlm_patches/patient_196_node_1/standard/oracle_non_tumor/patient_196_node_1_standard_oracle_non_tumor_000.png,s3://pershin-medailab/Pathomorphology/CAMELYON/mil/vlm_patches/c17_abmil_vlm_patches_1d5657e342c149ef8305d568410dbc96.tar.gz!/vlm_patches/patient_196_node_1/standard/oracle_non_tumor/patient_196_node_1_standard_oracle_non_tumor_000.png,patient_196_node_1_standard_oracle_non_tumor_000,C,A
c17_native,patient_196,patient_196_node_1,83826fd033dd7099,74240,170752,256,20,0.4203948974609375,0,0.0,0,0,oracle_non_tumor,2,1d5657e342c149ef8305d568410dbc96,1d5657e342c149ef8305d568410dbc96,standard,0,0,vlm_patches/patient_196_node_1/standard/oracle_non_tumor/patient_196_node_1_standard_oracle_non_tumor_001.png,s3://pershin-medailab/Pathomorphology/CAMELYON/mil/vlm_patches/c17_abmil_vlm_patches_1d5657e342c149ef8305d568410dbc96.tar.gz!/vlm_patches/patient_196_node_1/standard/oracle_non_tumor/patient_196_node_1_standard_oracle_non_tumor_001.png,patient_196_node_1_standard_oracle_non_tumor_001,C,A
c17_native,patient_196,patient_196_node_1,21907975c800454e,28416,151552,256,20,0.4862060546875,0,0.0,0,0,oracle_non_tumor,3,1d5657e342c149ef8305d568410dbc96,1d5657e342c149ef8305d568410dbc96,standard,0,0,vlm_patches/patient_196_node_1/standard/oracle_non_tumor/patient_196_node_1_standard_oracle_non_tumor_002.png,s3://pershin-medailab/Pathomorphology/CAMELYON/mil/vlm_patches/c17_abmil_vlm_patches_1d5657e342c149ef8305d568410dbc96.tar.gz!/vlm_patches/patient_196_node_1/standard/oracle_non_tumor/patient_196_node_1_standard_oracle_non_tumor_002.png,patient_196_node_1_standard_oracle_non_tumor_002,C,A
c17_native,patient_193,patient_193_node_2,959ec700f69f94f1,35072,71936,256,20,0.638336181640625,0,0.0,0,0,oracle_non_tumor,1,1d5657e342c149ef8305d568410dbc96,1d5657e342c149ef8305d568410dbc96,standard,0,0,vlm_patches/patient_193_node_2/standard/oracle_non_tumor/patient_193_node_2_standard_oracle_non_tumor_000.png,s3://pershin-medailab/Pathomorphology/CAMELYON/mil/vlm_patches/c17_abmil_vlm_patches_1d5657e342c149ef8305d568410dbc96.tar.gz!/vlm_patches/patient_193_node_2/standard/oracle_non_tumor/patient_193_node_2_standard_oracle_non_tumor_000.png,patient_193_node_2_standard_oracle_non_tumor_000,C,A
c17_native,patient_193,patient_193_node_2,b5b15fa7169276c6,88064,26624,256,20,0.9709320068359376,0,0.0,0,0,oracle_non_tumor,2,1d5657e342c149ef8305d568410dbc96,1d5657e342c149ef8305d568410dbc96,standard,0,0,vlm_patches/patient_193_node_2/standard/oracle_non_tumor/patient_193_node_2_standard_oracle_non_tumor_001.png,s3://pershin-medailab/Pathomorphology/CAMELYON/mil/vlm_patches/c17_abmil_vlm_patches_1d5657e342c149ef8305d568410dbc96.tar.gz!/vlm_patches/patient_193_node_2/standard/oracle_non_tumor/patient_193_node_2_standard_oracle_non_tumor_001.png,patient_193_node_2_standard_oracle_non_tumor_001,C,A
c17_native,patient_193,patient_193_node_2,1cc9e64cd661c7a4,81408,13568,256,20,0.3255767822265625,0,0.0,0,0,oracle_non_tumor,3,1d5657e342c149ef8305d568410dbc96,1d5657e342c149ef8305d568410dbc96,standard,0,0,vlm_patches/patient_193_node_2/standard/oracle_non_tumor/patient_193_node_2_standard_oracle_non_tumor_002.png,s3://pershin-medailab/Pathomorphology/CAMELYON/mil/vlm_patches/c17_abmil_vlm_patches_1d5657e342c149ef8305d568410dbc96.tar.gz!/vlm_patches/patient_193_node_2/standard/oracle_non_tumor/patient_193_node_2_standard_oracle_non_tumor_002.png,patient_193_node_2_standard_oracle_non_tumor_002,C,A
c17_native,patient_168,patient_168_node_4,311e7db30aeb9000,62208,112640,256,20,0.9935760498046876,0,0.0,0,0,oracle_non_tumor,1,1d5657e342c149ef8305d568410dbc96,1d5657e342c149ef8305d568410dbc96,standard,0,0,vlm_patches/patient_168_node_4/standard/oracle_non_tumor/patient_168_node_4_standard_oracle_non_tumor_000.png,s3://pershin-medailab/Pathomorphology/CAMELYON/mil/vlm_patches/c17_abmil_vlm_patches_1d5657e342c149ef8305d568410dbc96.tar.gz!/vlm_patches/patient_168_node_4/standard/oracle_non_tumor/patient_168_node_4_standard_oracle_non_tumor_000.png,patient_168_node_4_standard_oracle_non_tumor_000,C,A
c17_native,patient_168,patient_168_node_4,e65fe8878949ffdd,22016,165120,256,20,0.9610443115234376,0,0.0,0,0,oracle_non_tumor,2,1d5657e342c149ef8305d568410dbc96,1d5657e342c149ef8305d568410dbc96,standard,0,0,vlm_patches/patient_168_node_4/standard/oracle_non_tumor/patient_168_node_4_standard_oracle_non_tumor_001.png,s3://pershin-medailab/Pathomorphology/CAMELYON/mil/vlm_patches/c17_abmil_vlm_patches_1d5657e342c149ef8305d568410dbc96.tar.gz!/vlm_patches/patient_168_node_4/standard/oracle_non_tumor/patient_168_node_4_standard_oracle_non_tumor_001.png,patient_168_node_4_standard_oracle_non_tumor_001,C,A
c17_native,patient_168,patient_168_node_4,4f42597fb5768edd,29184,147456,256,20,0.0157928466796875,0,0.0,0,0,oracle_non_tumor,3,1d5657e342c149ef8305d568410dbc96,1d5657e342c149ef8305d568410dbc96,standard,0,0,vlm_patches/patient_168_node_4/standard/oracle_non_tumor/patient_168_node_4_standard_oracle_non_tumor_002.png,s3://pershin-medailab/Pathomorphology/CAMELYON/mil/vlm_patches/c17_abmil_vlm_patches_1d5657e342c149ef8305d568410dbc96.tar.gz!/vlm_patches/patient_168_node_4/standard/oracle_non_tumor/patient_168_node_4_standard_oracle_non_tumor_002.png,patient_168_node_4_standard_oracle_non_tumor_002,C,A
c17_native,patient_147,patient_147_node_4,ac00a8a184d5095e,49408,33536,256,20,0.371978759765625,0,0.0,0,0,oracle_non_tumor,1,1d5657e342c149ef8305d568410dbc96,1d5657e342c149ef8305d568410dbc96,standard,0,0,vlm_patches/patient_147_node_4/standard/oracle_non_tumor/patient_147_node_4_standard_oracle_non_tumor_000.png,s3://pershin-medailab/Pathomorphology/CAMELYON/mil/vlm_patches/c17_abmil_vlm_patches_1d5657e342c149ef8305d568410dbc96.tar.gz!/vlm_patches/patient_147_node_4/standard/oracle_non_tumor/patient_147_node_4_standard_oracle_non_tumor_000.png,patient_147_node_4_standard_oracle_non_tumor_000,C,A
c17_native,patient_147,patient_147_node_4,b5a2b626c9667988,57088,113664,256,20,0.324310302734375,0,0.0,0,0,oracle_non_tumor,2,1d5657e342c149ef8305d568410dbc96,1d5657e342c149ef8305d568410dbc96,standard,0,0,vlm_patches/patient_147_node_4/standard/oracle_non_tumor/patient_147_node_4_standard_oracle_non_tumor_001.png,s3://pershin-medailab/Pathomorphology/CAMELYON/mil/vlm_patches/c17_abmil_vlm_patches_1d5657e342c149ef8305d568410dbc96.tar.gz!/vlm_patches/patient_147_node_4/standard/oracle_non_tumor/patient_147_node_4_standard_oracle_non_tumor_001.png,patient_147_node_4_standard_oracle_non_tumor_001,C,A
c17_native,patient_147,patient_147_node_4,f89164ffba756567,41984,28672,256,20,0.216583251953125,0,0.0,0,0,oracle_non_tumor,3,1d5657e342c149ef8305d568410dbc96,1d5657e342c149ef8305d568410dbc96,standard,0,0,vlm_patches/patient_147_node_4/standard/oracle_non_tumor/patient_147_node_4_standard_oracle_non_tumor_002.png,s3://pershin-medailab/Pathomorphology/CAMELYON/mil/vlm_patches/c17_abmil_vlm_patches_1d5657e342c149ef8305d568410dbc96.tar.gz!/vlm_patches/patient_147_node_4/standard/oracle_non_tumor/patient_147_node_4_standard_oracle_non_tumor_002.png,patient_147_node_4_standard_oracle_non_tumor_002,C,A
c17_native,patient_112,patient_112_node_4,73e7bcf57fdc253d,81664,64512,256,20,0.830047607421875,0,0.0,0,0,oracle_non_tumor,1,1d5657e342c149ef8305d568410dbc96,1d5657e342c149ef8305d568410dbc96,standard,0,0,vlm_patches/patient_112_node_4/standard/oracle_non_tumor/patient_112_node_4_standard_oracle_non_tumor_000.png,s3://pershin-medailab/Pathomorphology/CAMELYON/mil/vlm_patches/c17_abmil_vlm_patches_1d5657e342c149ef8305d568410dbc96.tar.gz!/vlm_patches/patient_112_node_4/standard/oracle_non_tumor/patient_112_node_4_standard_oracle_non_tumor_000.png,patient_112_node_4_standard_oracle_non_tumor_000,C,A
c17_native,patient_112,patient_112_node_4,8641707086fc58e7,51200,99328,256,20,0.0867462158203125,0,0.0,0,0,oracle_non_tumor,2,1d5657e342c149ef8305d568410dbc96,1d5657e342c149ef8305d568410dbc96,standard,0,0,vlm_patches/patient_112_node_4/standard/oracle_non_tumor/patient_112_node_4_standard_oracle_non_tumor_001.png,s3://pershin-medailab/Pathomorphology/CAMELYON/mil/vlm_patches/c17_abmil_vlm_patches_1d5657e342c149ef8305d568410dbc96.tar.gz!/vlm_patches/patient_112_node_4/standard/oracle_non_tumor/patient_112_node_4_standard_oracle_non_tumor_001.png,patient_112_node_4_standard_oracle_non_tumor_001,C,A
c17_native,patient_112,patient_112_node_4,049ffa898fd19f8c,47360,65280,256,20,0.650238037109375,0,0.0,0,0,oracle_non_tumor,3,1d5657e342c149ef8305d568410dbc96,1d5657e342c149ef8305d568410dbc96,standard,0,0,vlm_patches/patient_112_node_4/standard/oracle_non_tumor/patient_112_node_4_standard_oracle_non_tumor_002.png,s3://pershin-medailab/Pathomorphology/CAMELYON/mil/vlm_patches/c17_abmil_vlm_patches_1d5657e342c149ef8305d568410dbc96.tar.gz!/vlm_patches/patient_112_node_4/standard/oracle_non_tumor/patient_112_node_4_standard_oracle_non_tumor_002.png,patient_112_node_4_standard_oracle_non_tumor_002,C,A
c17_native,patient_115,patient_115_node_1,16afba1d7471116f,1280,52736,256,20,0.0,0,0.0,0,0,oracle_non_tumor,1,1d5657e342c149ef8305d568410dbc96,1d5657e342c149ef8305d568410dbc96,standard,0,0,vlm_patches/patient_115_node_1/standard/oracle_non_tumor/patient_115_node_1_standard_oracle_non_tumor_000.png,s3://pershin-medailab/Pathomorphology/CAMELYON/mil/vlm_patches/c17_abmil_vlm_patches_1d5657e342c149ef8305d568410dbc96.tar.gz!/vlm_patches/patient_115_node_1/standard/oracle_non_tumor/patient_115_node_1_standard_oracle_non_tumor_000.png,patient_115_node_1_standard_oracle_non_tumor_000,C,A
c17_native,patient_115,patient_115_node_1,6951f3100d2596a5,23040,62464,256,20,0.75579833984375,0,0.0,0,0,oracle_non_tumor,2,1d5657e342c149ef8305d568410dbc96,1d5657e342c149ef8305d568410dbc96,standard,0,0,vlm_patches/patient_115_node_1/standard/oracle_non_tumor/patient_115_node_1_standard_oracle_non_tumor_001.png,s3://pershin-medailab/Pathomorphology/CAMELYON/mil/vlm_patches/c17_abmil_vlm_patches_1d5657e342c149ef8305d568410dbc96.tar.gz!/vlm_patches/patient_115_node_1/standard/oracle_non_tumor/patient_115_node_1_standard_oracle_non_tumor_001.png,patient_115_node_1_standard_oracle_non_tumor_001,C,A
c17_native,patient_115,patient_115_node_1,24112b6c29bd4548,124672,46592,256,20,0.1251068115234375,0,0.0,0,0,oracle_non_tumor,3,1d5657e342c149ef8305d568410dbc96,1d5657e342c149ef8305d568410dbc96,standard,0,0,vlm_patches/patient_115_node_1/standard/oracle_non_tumor/patient_115_node_1_standard_oracle_non_tumor_002.png,s3://pershin-medailab/Pathomorphology/CAMELYON/mil/vlm_patches/c17_abmil_vlm_patches_1d5657e342c149ef8305d568410dbc96.tar.gz!/vlm_patches/patient_115_node_1/standard/oracle_non_tumor/patient_115_node_1_standard_oracle_non_tumor_002.png,patient_115_node_1_standard_oracle_non_tumor_002,C,A
c17_native,patient_173,patient_173_node_2,c2c0565be6d6bee4,64768,155648,256,20,0.586700439453125,0,0.0,0,0,oracle_non_tumor,1,1d5657e342c149ef8305d568410dbc96,1d5657e342c149ef8305d568410dbc96,standard,0,0,vlm_patches/patient_173_node_2/standard/oracle_non_tumor/patient_173_node_2_standard_oracle_non_tumor_000.png,s3://pershin-medailab/Pathomorphology/CAMELYON/mil/vlm_patches/c17_abmil_vlm_patches_1d5657e342c149ef8305d568410dbc96.tar.gz!/vlm_patches/patient_173_node_2/standard/oracle_non_tumor/patient_173_node_2_standard_oracle_non_tumor_000.png,patient_173_node_2_standard_oracle_non_tumor_000,C,A
c17_native,patient_173,patient_173_node_2,0888c039dca9c45f,18944,154624,256,20,0.606689453125,0,0.0,0,0,oracle_non_tumor,2,1d5657e342c149ef8305d568410dbc96,1d5657e342c149ef8305d568410dbc96,standard,0,0,vlm_patches/patient_173_node_2/standard/oracle_non_tumor/patient_173_node_2_standard_oracle_non_tumor_001.png,s3://pershin-medailab/Pathomorphology/CAMELYON/mil/vlm_patches/c17_abmil_vlm_patches_1d5657e342c149ef8305d568410dbc96.tar.gz!/vlm_patches/patient_173_node_2/standard/oracle_non_tumor/patient_173_node_2_standard_oracle_non_tumor_001.png,patient_173_node_2_standard_oracle_non_tumor_001,C,A
c17_native,patient_173,patient_173_node_2,b7e49be7a0edca4d,23296,100352,256,20,0.251678466796875,0,0.0,0,0,oracle_non_tumor,3,1d5657e342c149ef8305d568410dbc96,1d5657e342c149ef8305d568410dbc96,standard,0,0,vlm_patches/patient_173_node_2/standard/oracle_non_tumor/patient_173_node_2_standard_oracle_non_tumor_002.png,s3://pershin-medailab/Pathomorphology/CAMELYON/mil/vlm_patches/c17_abmil_vlm_patches_1d5657e342c149ef8305d568410dbc96.tar.gz!/vlm_patches/patient_173_node_2/standard/oracle_non_tumor/patient_173_node_2_standard_oracle_non_tumor_002.png,patient_173_node_2_standard_oracle_non_tumor_002,C,A
c17_native,patient_106,patient_106_node_1,01f143e813a7bd90,56064,111104,256,20,0.5833892822265625,0,0.0,0,0,oracle_non_tumor,1,1d5657e342c149ef8305d568410dbc96,1d5657e342c149ef8305d568410dbc96,standard,0,0,vlm_patches/patient_106_node_1/standard/oracle_non_tumor/patient_106_node_1_standard_oracle_non_tumor_000.png,s3://pershin-medailab/Pathomorphology/CAMELYON/mil/vlm_patches/c17_abmil_vlm_patches_1d5657e342c149ef8305d568410dbc96.tar.gz!/vlm_patches/patient_106_node_1/standard/oracle_non_tumor/patient_106_node_1_standard_oracle_non_tumor_000.png,patient_106_node_1_standard_oracle_non_tumor_000,C,A
c17_native,patient_106,patient_106_node_1,e38753f79d684365,65536,97280,256,20,0.9801025390625,0,0.0,0,0,oracle_non_tumor,2,1d5657e342c149ef8305d568410dbc96,1d5657e342c149ef8305d568410dbc96,standard,0,0,vlm_patches/patient_106_node_1/standard/oracle_non_tumor/patient_106_node_1_standard_oracle_non_tumor_001.png,s3://pershin-medailab/Pathomorphology/CAMELYON/mil/vlm_patches/c17_abmil_vlm_patches_1d5657e342c149ef8305d568410dbc96.tar.gz!/vlm_patches/patient_106_node_1/standard/oracle_non_tumor/patient_106_node_1_standard_oracle_non_tumor_001.png,patient_106_node_1_standard_oracle_non_tumor_001,C,A
c17_native,patient_106,patient_106_node_1,d52bf3c97ccbe015,45312,105984,256,20,0.031463623046875,0,0.0,0,0,oracle_non_tumor,3,1d5657e342c149ef8305d568410dbc96,1d5657e342c149ef8305d568410dbc96,standard,0,0,vlm_patches/patient_106_node_1/standard/oracle_non_tumor/patient_106_node_1_standard_oracle_non_tumor_002.png,s3://pershin-medailab/Pathomorphology/CAMELYON/mil/vlm_patches/c17_abmil_vlm_patches_1d5657e342c149ef8305d568410dbc96.tar.gz!/vlm_patches/patient_106_node_1/standard/oracle_non_tumor/patient_106_node_1_standard_oracle_non_tumor_002.png,patient_106_node_1_standard_oracle_non_tumor_002,C,A
c17_native,patient_151,patient_151_node_0,f35e3279c55a557c,45312,45824,256,20,0.9818878173828124,0,0.0,0,0,oracle_non_tumor,1,1d5657e342c149ef8305d568410dbc96,1d5657e342c149ef8305d568410dbc96,standard,0,0,vlm_patches/patient_151_node_0/standard/oracle_non_tumor/patient_151_node_0_standard_oracle_non_tumor_000.png,s3://pershin-medailab/Pathomorphology/CAMELYON/mil/vlm_patches/c17_abmil_vlm_patches_1d5657e342c149ef8305d568410dbc96.tar.gz!/vlm_patches/patient_151_node_0/standard/oracle_non_tumor/patient_151_node_0_standard_oracle_non_tumor_000.png,patient_151_node_0_standard_oracle_non_tumor_000,C,A
c17_native,patient_151,patient_151_node_0,9f7d1d5acd7b0485,105728,11008,256,20,0.0619354248046875,0,0.0,0,0,oracle_non_tumor,2,1d5657e342c149ef8305d568410dbc96,1d5657e342c149ef8305d568410dbc96,standard,0,0,vlm_patches/patient_151_node_0/standard/oracle_non_tumor/patient_151_node_0_standard_oracle_non_tumor_001.png,s3://pershin-medailab/Pathomorphology/CAMELYON/mil/vlm_patches/c17_abmil_vlm_patches_1d5657e342c149ef8305d568410dbc96.tar.gz!/vlm_patches/patient_151_node_0/standard/oracle_non_tumor/patient_151_node_0_standard_oracle_non_tumor_001.png,patient_151_node_0_standard_oracle_non_tumor_001,C,A
c17_native,patient_151,patient_151_node_0,42b174e07e9a5c8b,78592,13568,256,20,0.9365997314453124,0,0.0,0,0,oracle_non_tumor,3,1d5657e342c149ef8305d568410dbc96,1d5657e342c149ef8305d568410dbc96,standard,0,0,vlm_patches/patient_151_node_0/standard/oracle_non_tumor/patient_151_node_0_standard_oracle_non_tumor_002.png,s3://pershin-medailab/Pathomorphology/CAMELYON/mil/vlm_patches/c17_abmil_vlm_patches_1d5657e342c149ef8305d568410dbc96.tar.gz!/vlm_patches/patient_151_node_0/standard/oracle_non_tumor/patient_151_node_0_standard_oracle_non_tumor_002.png,patient_151_node_0_standard_oracle_non_tumor_002,C,A
c17_native,patient_139,patient_139_node_4,1e9fc6cf69a9daea,33024,134400,256,20,0.117462158203125,0,0.0,0,0,oracle_non_tumor,1,1d5657e342c149ef8305d568410dbc96,1d5657e342c149ef8305d568410dbc96,standard,0,0,vlm_patches/patient_139_node_4/standard/oracle_non_tumor/patient_139_node_4_standard_oracle_non_tumor_000.png,s3://pershin-medailab/Pathomorphology/CAMELYON/mil/vlm_patches/c17_abmil_vlm_patches_1d5657e342c149ef8305d568410dbc96.tar.gz!/vlm_patches/patient_139_node_4/standard/oracle_non_tumor/patient_139_node_4_standard_oracle_non_tumor_000.png,patient_139_node_4_standard_oracle_non_tumor_000,C,A
c17_native,patient_139,patient_139_node_4,35248fc075504b30,31488,107264,256,20,0.0321502685546875,0,0.0,0,0,oracle_non_tumor,2,1d5657e342c149ef8305d568410dbc96,1d5657e342c149ef8305d568410dbc96,standard,0,0,vlm_patches/patient_139_node_4/standard/oracle_non_tumor/patient_139_node_4_standard_oracle_non_tumor_001.png,s3://pershin-medailab/Pathomorphology/CAMELYON/mil/vlm_patches/c17_abmil_vlm_patches_1d5657e342c149ef8305d568410dbc96.tar.gz!/vlm_patches/patient_139_node_4/standard/oracle_non_tumor/patient_139_node_4_standard_oracle_non_tumor_001.png,patient_139_node_4_standard_oracle_non_tumor_001,C,A
c17_native,patient_139,patient_139_node_4,be4dc348f28187a2,33280,193792,256,20,0.9417572021484376,0,0.0,0,0,oracle_non_tumor,3,1d5657e342c149ef8305d568410dbc96,1d5657e342c149ef8305d568410dbc96,standard,0,0,vlm_patches/patient_139_node_4/standard/oracle_non_tumor/patient_139_node_4_standard_oracle_non_tumor_002.png,s3://pershin-medailab/Pathomorphology/CAMELYON/mil/vlm_patches/c17_abmil_vlm_patches_1d5657e342c149ef8305d568410dbc96.tar.gz!/vlm_patches/patient_139_node_4/standard/oracle_non_tumor/patient_139_node_4_standard_oracle_non_tumor_002.png,patient_139_node_4_standard_oracle_non_tumor_002,C,A
c17_native,patient_182,patient_182_node_4,cf0afb514ed3b9af,44288,29696,256,20,0.8870086669921875,0,0.0,0,0,oracle_non_tumor,1,1d5657e342c149ef8305d568410dbc96,1d5657e342c149ef8305d568410dbc96,standard,0,0,vlm_patches/patient_182_node_4/standard/oracle_non_tumor/patient_182_node_4_standard_oracle_non_tumor_000.png,s3://pershin-medailab/Pathomorphology/CAMELYON/mil/vlm_patches/c17_abmil_vlm_patches_1d5657e342c149ef8305d568410dbc96.tar.gz!/vlm_patches/patient_182_node_4/standard/oracle_non_tumor/patient_182_node_4_standard_oracle_non_tumor_000.png,patient_182_node_4_standard_oracle_non_tumor_000,C,A
c17_native,patient_182,patient_182_node_4,b8d1327cf42c5d41,88064,27904,256,20,0.0,0,0.0,0,0,oracle_non_tumor,2,1d5657e342c149ef8305d568410dbc96,1d5657e342c149ef8305d568410dbc96,standard,0,0,vlm_patches/patient_182_node_4/standard/oracle_non_tumor/patient_182_node_4_standard_oracle_non_tumor_001.png,s3://pershin-medailab/Pathomorphology/CAMELYON/mil/vlm_patches/c17_abmil_vlm_patches_1d5657e342c149ef8305d568410dbc96.tar.gz!/vlm_patches/patient_182_node_4/standard/oracle_non_tumor/patient_182_node_4_standard_oracle_non_tumor_001.png,patient_182_node_4_standard_oracle_non_tumor_001,C,A
c17_native,patient_182,patient_182_node_4,16a8e26676a4d026,70144,26624,256,20,0.2290496826171875,0,0.0,0,0,oracle_non_tumor,3,1d5657e342c149ef8305d568410dbc96,1d5657e342c149ef8305d568410dbc96,standard,0,0,vlm_patches/patient_182_node_4/standard/oracle_non_tumor/patient_182_node_4_standard_oracle_non_tumor_002.png,s3://pershin-medailab/Pathomorphology/CAMELYON/mil/vlm_patches/c17_abmil_vlm_patches_1d5657e342c149ef8305d568410dbc96.tar.gz!/vlm_patches/patient_182_node_4/standard/oracle_non_tumor/patient_182_node_4_standard_oracle_non_tumor_002.png,patient_182_node_4_standard_oracle_non_tumor_002,C,A
c17_native,patient_152,patient_152_node_2,675f078d76a32586,74496,103168,256,20,0.0440673828125,0,0.0,0,0,oracle_non_tumor,1,1d5657e342c149ef8305d568410dbc96,1d5657e342c149ef8305d568410dbc96,standard,0,0,vlm_patches/patient_152_node_2/standard/oracle_non_tumor/patient_152_node_2_standard_oracle_non_tumor_000.png,s3://pershin-medailab/Pathomorphology/CAMELYON/mil/vlm_patches/c17_abmil_vlm_patches_1d5657e342c149ef8305d568410dbc96.tar.gz!/vlm_patches/patient_152_node_2/standard/oracle_non_tumor/patient_152_node_2_standard_oracle_non_tumor_000.png,patient_152_node_2_standard_oracle_non_tumor_000,C,A
c17_native,patient_152,patient_152_node_2,389ddeb73fb1d623,35584,131328,256,20,0.9814300537109376,0,0.0,0,0,oracle_non_tumor,2,1d5657e342c149ef8305d568410dbc96,1d5657e342c149ef8305d568410dbc96,standard,0,0,vlm_patches/patient_152_node_2/standard/oracle_non_tumor/patient_152_node_2_standard_oracle_non_tumor_001.png,s3://pershin-medailab/Pathomorphology/CAMELYON/mil/vlm_patches/c17_abmil_vlm_patches_1d5657e342c149ef8305d568410dbc96.tar.gz!/vlm_patches/patient_152_node_2/standard/oracle_non_tumor/patient_152_node_2_standard_oracle_non_tumor_001.png,patient_152_node_2_standard_oracle_non_tumor_001,C,A
c17_native,patient_152,patient_152_node_2,27d9af29f55cfb6a,71936,124672,256,20,0.9286041259765624,0,0.0,0,0,oracle_non_tumor,3,1d5657e342c149ef8305d568410dbc96,1d5657e342c149ef8305d568410dbc96,standard,0,0,vlm_patches/patient_152_node_2/standard/oracle_non_tumor/patient_152_node_2_standard_oracle_non_tumor_002.png,s3://pershin-medailab/Pathomorphology/CAMELYON/mil/vlm_patches/c17_abmil_vlm_patches_1d5657e342c149ef8305d568410dbc96.tar.gz!/vlm_patches/patient_152_node_2/standard/oracle_non_tumor/patient_152_node_2_standard_oracle_non_tumor_002.png,patient_152_node_2_standard_oracle_non_tumor_002,C,A
c17_native,patient_180,patient_180_node_4,b87ef35e08fe212c,41216,83456,256,20,0.7572784423828125,0,0.0,0,0,oracle_non_tumor,1,1d5657e342c149ef8305d568410dbc96,1d5657e342c149ef8305d568410dbc96,standard,0,0,vlm_patches/patient_180_node_4/standard/oracle_non_tumor/patient_180_node_4_standard_oracle_non_tumor_000.png,s3://pershin-medailab/Pathomorphology/CAMELYON/mil/vlm_patches/c17_abmil_vlm_patches_1d5657e342c149ef8305d568410dbc96.tar.gz!/vlm_patches/patient_180_node_4/standard/oracle_non_tumor/patient_180_node_4_standard_oracle_non_tumor_000.png,patient_180_node_4_standard_oracle_non_tumor_000,C,A
c17_native,patient_180,patient_180_node_4,702586a326f593f0,121088,4352,256,20,0.0,0,0.0,0,0,oracle_non_tumor,2,1d5657e342c149ef8305d568410dbc96,1d5657e342c149ef8305d568410dbc96,standard,0,0,vlm_patches/patient_180_node_4/standard/oracle_non_tumor/patient_180_node_4_standard_oracle_non_tumor_001.png,s3://pershin-medailab/Pathomorphology/CAMELYON/mil/vlm_patches/c17_abmil_vlm_patches_1d5657e342c149ef8305d568410dbc96.tar.gz!/vlm_patches/patient_180_node_4/standard/oracle_non_tumor/patient_180_node_4_standard_oracle_non_tumor_001.png,patient_180_node_4_standard_oracle_non_tumor_001,C,A
c17_native,patient_180,patient_180_node_4,e77b7d77b44e15ac,28416,15104,256,20,0.0,0,0.0,0,0,oracle_non_tumor,3,1d5657e342c149ef8305d568410dbc96,1d5657e342c149ef8305d568410dbc96,standard,0,0,vlm_patches/patient_180_node_4/standard/oracle_non_tumor/patient_180_node_4_standard_oracle_non_tumor_002.png,s3://pershin-medailab/Pathomorphology/CAMELYON/mil/vlm_patches/c17_abmil_vlm_patches_1d5657e342c149ef8305d568410dbc96.tar.gz!/vlm_patches/patient_180_node_4/standard/oracle_non_tumor/patient_180_node_4_standard_oracle_non_tumor_002.png,patient_180_node_4_standard_oracle_non_tumor_002,C,A
c17_native,patient_136,patient_136_node_0,62810565cdc61584,15104,89344,256,20,0.4943084716796875,0,0.0,0,0,oracle_non_tumor,1,1d5657e342c149ef8305d568410dbc96,1d5657e342c149ef8305d568410dbc96,standard,0,0,vlm_patches/patient_136_node_0/standard/oracle_non_tumor/patient_136_node_0_standard_oracle_non_tumor_000.png,s3://pershin-medailab/Pathomorphology/CAMELYON/mil/vlm_patches/c17_abmil_vlm_patches_1d5657e342c149ef8305d568410dbc96.tar.gz!/vlm_patches/patient_136_node_0/standard/oracle_non_tumor/patient_136_node_0_standard_oracle_non_tumor_000.png,patient_136_node_0_standard_oracle_non_tumor_000,C,A
c17_native,patient_136,patient_136_node_0,2aadc05974d2a8b8,74752,58880,256,20,0.5931243896484375,0,0.0,0,0,oracle_non_tumor,2,1d5657e342c149ef8305d568410dbc96,1d5657e342c149ef8305d568410dbc96,standard,0,0,vlm_patches/patient_136_node_0/standard/oracle_non_tumor/patient_136_node_0_standard_oracle_non_tumor_001.png,s3://pershin-medailab/Pathomorphology/CAMELYON/mil/vlm_patches/c17_abmil_vlm_patches_1d5657e342c149ef8305d568410dbc96.tar.gz!/vlm_patches/patient_136_node_0/standard/oracle_non_tumor/patient_136_node_0_standard_oracle_non_tumor_001.png,patient_136_node_0_standard_oracle_non_tumor_001,C,A
c17_native,patient_136,patient_136_node_0,a89294423aaf3ffb,81920,61440,256,20,0.6187591552734375,0,0.0,0,0,oracle_non_tumor,3,1d5657e342c149ef8305d568410dbc96,1d5657e342c149ef8305d568410dbc96,standard,0,0,vlm_patches/patient_136_node_0/standard/oracle_non_tumor/patient_136_node_0_standard_oracle_non_tumor_002.png,s3://pershin-medailab/Pathomorphology/CAMELYON/mil/vlm_patches/c17_abmil_vlm_patches_1d5657e342c149ef8305d568410dbc96.tar.gz!/vlm_patches/patient_136_node_0/standard/oracle_non_tumor/patient_136_node_0_standard_oracle_non_tumor_002.png,patient_136_node_0_standard_oracle_non_tumor_002,C,A
c17_native,patient_120,patient_120_node_0,93420f5319926a80,43008,147456,256,20,0.8228607177734375,0,0.0,0,0,oracle_non_tumor,1,1d5657e342c149ef8305d568410dbc96,1d5657e342c149ef8305d568410dbc96,standard,0,0,vlm_patches/patient_120_node_0/standard/oracle_non_tumor/patient_120_node_0_standard_oracle_non_tumor_000.png,s3://pershin-medailab/Pathomorphology/CAMELYON/mil/vlm_patches/c17_abmil_vlm_patches_1d5657e342c149ef8305d568410dbc96.tar.gz!/vlm_patches/patient_120_node_0/standard/oracle_non_tumor/patient_120_node_0_standard_oracle_non_tumor_000.png,patient_120_node_0_standard_oracle_non_tumor_000,C,A
c17_native,patient_120,patient_120_node_0,2ecc20f285e58947,53760,147456,256,20,0.8303375244140625,0,0.0,0,0,oracle_non_tumor,2,1d5657e342c149ef8305d568410dbc96,1d5657e342c149ef8305d568410dbc96,standard,0,0,vlm_patches/patient_120_node_0/standard/oracle_non_tumor/patient_120_node_0_standard_oracle_non_tumor_001.png,s3://pershin-medailab/Pathomorphology/CAMELYON/mil/vlm_patches/c17_abmil_vlm_patches_1d5657e342c149ef8305d568410dbc96.tar.gz!/vlm_patches/patient_120_node_0/standard/oracle_non_tumor/patient_120_node_0_standard_oracle_non_tumor_001.png,patient_120_node_0_standard_oracle_non_tumor_001,C,A
c17_native,patient_120,patient_120_node_0,b89d9f7813a6166b,39424,159744,256,20,0.4855194091796875,0,0.0,0,0,oracle_non_tumor,3,1d5657e342c149ef8305d568410dbc96,1d5657e342c149ef8305d568410dbc96,standard,0,0,vlm_patches/patient_120_node_0/standard/oracle_non_tumor/patient_120_node_0_standard_oracle_non_tumor_002.png,s3://pershin-medailab/Pathomorphology/CAMELYON/mil/vlm_patches/c17_abmil_vlm_patches_1d5657e342c149ef8305d568410dbc96.tar.gz!/vlm_patches/patient_120_node_0/standard/oracle_non_tumor/patient_120_node_0_standard_oracle_non_tumor_002.png,patient_120_node_0_standard_oracle_non_tumor_002,C,A
c17_native,patient_187,patient_187_node_0,e986d4ef6627d494,176640,48640,256,20,0.0475921630859375,0,0.0,0,0,oracle_non_tumor,1,1d5657e342c149ef8305d568410dbc96,1d5657e342c149ef8305d568410dbc96,standard,0,0,vlm_patches/patient_187_node_0/standard/oracle_non_tumor/patient_187_node_0_standard_oracle_non_tumor_000.png,s3://pershin-medailab/Pathomorphology/CAMELYON/mil/vlm_patches/c17_abmil_vlm_patches_1d5657e342c149ef8305d568410dbc96.tar.gz!/vlm_patches/patient_187_node_0/standard/oracle_non_tumor/patient_187_node_0_standard_oracle_non_tumor_000.png,patient_187_node_0_standard_oracle_non_tumor_000,C,A
c17_native,patient_187,patient_187_node_0,696c5dbb8cd5a0ee,94720,50432,256,20,0.0,0,0.0,0,0,oracle_non_tumor,2,1d5657e342c149ef8305d568410dbc96,1d5657e342c149ef8305d568410dbc96,standard,0,0,vlm_patches/patient_187_node_0/standard/oracle_non_tumor/patient_187_node_0_standard_oracle_non_tumor_001.png,s3://pershin-medailab/Pathomorphology/CAMELYON/mil/vlm_patches/c17_abmil_vlm_patches_1d5657e342c149ef8305d568410dbc96.tar.gz!/vlm_patches/patient_187_node_0/standard/oracle_non_tumor/patient_187_node_0_standard_oracle_non_tumor_001.png,patient_187_node_0_standard_oracle_non_tumor_001,C,A
c17_native,patient_187,patient_187_node_0,04a93b5501cea6b8,69632,52480,256,20,0.340911865234375,0,0.0,0,0,oracle_non_tumor,3,1d5657e342c149ef8305d568410dbc96,1d5657e342c149ef8305d568410dbc96,standard,0,0,vlm_patches/patient_187_node_0/standard/oracle_non_tumor/patient_187_node_0_standard_oracle_non_tumor_002.png,s3://pershin-medailab/Pathomorphology/CAMELYON/mil/vlm_patches/c17_abmil_vlm_patches_1d5657e342c149ef8305d568410dbc96.tar.gz!/vlm_patches/patient_187_node_0/standard/oracle_non_tumor/patient_187_node_0_standard_oracle_non_tumor_002.png,patient_187_node_0_standard_oracle_non_tumor_002,C,A
c17_native,patient_166,patient_166_node_2,57390268eeca9c12,94464,57856,256,20,0.037933349609375,0,0.0,0,0,oracle_non_tumor,1,1d5657e342c149ef8305d568410dbc96,1d5657e342c149ef8305d568410dbc96,standard,0,0,vlm_patches/patient_166_node_2/standard/oracle_non_tumor/patient_166_node_2_standard_oracle_non_tumor_000.png,s3://pershin-medailab/Pathomorphology/CAMELYON/mil/vlm_patches/c17_abmil_vlm_patches_1d5657e342c149ef8305d568410dbc96.tar.gz!/vlm_patches/patient_166_node_2/standard/oracle_non_tumor/patient_166_node_2_standard_oracle_non_tumor_000.png,patient_166_node_2_standard_oracle_non_tumor_000,C,A
c17_native,patient_166,patient_166_node_2,423c29cc73cfca8d,75008,18944,256,20,0.0075225830078125,0,0.0,0,0,oracle_non_tumor,2,1d5657e342c149ef8305d568410dbc96,1d5657e342c149ef8305d568410dbc96,standard,0,0,vlm_patches/patient_166_node_2/standard/oracle_non_tumor/patient_166_node_2_standard_oracle_non_tumor_001.png,s3://pershin-medailab/Pathomorphology/CAMELYON/mil/vlm_patches/c17_abmil_vlm_patches_1d5657e342c149ef8305d568410dbc96.tar.gz!/vlm_patches/patient_166_node_2/standard/oracle_non_tumor/patient_166_node_2_standard_oracle_non_tumor_001.png,patient_166_node_2_standard_oracle_non_tumor_001,C,A
c17_native,patient_166,patient_166_node_2,446889a462269091,12288,48896,256,20,0.026214599609375,0,0.0,0,0,oracle_non_tumor,3,1d5657e342c149ef8305d568410dbc96,1d5657e342c149ef8305d568410dbc96,standard,0,0,vlm_patches/patient_166_node_2/standard/oracle_non_tumor/patient_166_node_2_standard_oracle_non_tumor_002.png,s3://pershin-medailab/Pathomorphology/CAMELYON/mil/vlm_patches/c17_abmil_vlm_patches_1d5657e342c149ef8305d568410dbc96.tar.gz!/vlm_patches/patient_166_node_2/standard/oracle_non_tumor/patient_166_node_2_standard_oracle_non_tumor_002.png,patient_166_node_2_standard_oracle_non_tumor_002,C,A
c17_native,patient_106,patient_106_node_3,059c110e8d613460,40960,67584,256,20,0.58282470703125,0,0.0,0,0,oracle_non_tumor,1,1d5657e342c149ef8305d568410dbc96,1d5657e342c149ef8305d568410dbc96,standard,0,0,vlm_patches/patient_106_node_3/standard/oracle_non_tumor/patient_106_node_3_standard_oracle_non_tumor_000.png,s3://pershin-medailab/Pathomorphology/CAMELYON/mil/vlm_patches/c17_abmil_vlm_patches_1d5657e342c149ef8305d568410dbc96.tar.gz!/vlm_patches/patient_106_node_3/standard/oracle_non_tumor/patient_106_node_3_standard_oracle_non_tumor_000.png,patient_106_node_3_standard_oracle_non_tumor_000,C,A
c17_native,patient_106,patient_106_node_3,1aa115a15161e1e8,52224,65792,256,20,0.8245391845703125,0,0.0,0,0,oracle_non_tumor,2,1d5657e342c149ef8305d568410dbc96,1d5657e342c149ef8305d568410dbc96,standard,0,0,vlm_patches/patient_106_node_3/standard/oracle_non_tumor/patient_106_node_3_standard_oracle_non_tumor_001.png,s3://pershin-medailab/Pathomorphology/CAMELYON/mil/vlm_patches/c17_abmil_vlm_patches_1d5657e342c149ef8305d568410dbc96.tar.gz!/vlm_patches/patient_106_node_3/standard/oracle_non_tumor/patient_106_node_3_standard_oracle_non_tumor_001.png,patient_106_node_3_standard_oracle_non_tumor_001,C,A
c17_native,patient_106,patient_106_node_3,8c3fac014f622c1c,49664,83712,256,20,0.0847320556640625,0,0.0,0,0,oracle_non_tumor,3,1d5657e342c149ef8305d568410dbc96,1d5657e342c149ef8305d568410dbc96,standard,0,0,vlm_patches/patient_106_node_3/standard/oracle_non_tumor/patient_106_node_3_standard_oracle_non_tumor_002.png,s3://pershin-medailab/Pathomorphology/CAMELYON/mil/vlm_patches/c17_abmil_vlm_patches_1d5657e342c149ef8305d568410dbc96.tar.gz!/vlm_patches/patient_106_node_3/standard/oracle_non_tumor/patient_106_node_3_standard_oracle_non_tumor_002.png,patient_106_node_3_standard_oracle_non_tumor_002,C,A
c17_native,patient_164,patient_164_node_3,7cd9d60bb4d56793,39168,76288,256,20,0.9261322021484376,0,0.0,0,0,oracle_non_tumor,1,1d5657e342c149ef8305d568410dbc96,1d5657e342c149ef8305d568410dbc96,standard,0,0,vlm_patches/patient_164_node_3/standard/oracle_non_tumor/patient_164_node_3_standard_oracle_non_tumor_000.png,s3://pershin-medailab/Pathomorphology/CAMELYON/mil/vlm_patches/c17_abmil_vlm_patches_1d5657e342c149ef8305d568410dbc96.tar.gz!/vlm_patches/patient_164_node_3/standard/oracle_non_tumor/patient_164_node_3_standard_oracle_non_tumor_000.png,patient_164_node_3_standard_oracle_non_tumor_000,C,A
c17_native,patient_164,patient_164_node_3,15a35af83683cb0c,78336,39424,256,20,0.0184173583984375,0,0.0,0,0,oracle_non_tumor,2,1d5657e342c149ef8305d568410dbc96,1d5657e342c149ef8305d568410dbc96,standard,0,0,vlm_patches/patient_164_node_3/standard/oracle_non_tumor/patient_164_node_3_standard_oracle_non_tumor_001.png,s3://pershin-medailab/Pathomorphology/CAMELYON/mil/vlm_patches/c17_abmil_vlm_patches_1d5657e342c149ef8305d568410dbc96.tar.gz!/vlm_patches/patient_164_node_3/standard/oracle_non_tumor/patient_164_node_3_standard_oracle_non_tumor_001.png,patient_164_node_3_standard_oracle_non_tumor_001,C,A
c17_native,patient_164,patient_164_node_3,c3e20307c53fa2b4,27904,33792,256,20,3.0517578125e-05,0,0.0,0,0,oracle_non_tumor,3,1d5657e342c149ef8305d568410dbc96,1d5657e342c149ef8305d568410dbc96,standard,0,0,vlm_patches/patient_164_node_3/standard/oracle_non_tumor/patient_164_node_3_standard_oracle_non_tumor_002.png,s3://pershin-medailab/Pathomorphology/CAMELYON/mil/vlm_patches/c17_abmil_vlm_patches_1d5657e342c149ef8305d568410dbc96.tar.gz!/vlm_patches/patient_164_node_3/standard/oracle_non_tumor/patient_164_node_3_standard_oracle_non_tumor_002.png,patient_164_node_3_standard_oracle_non_tumor_002,C,A
c17_native,patient_149,patient_149_node_4,e9bd0efb67fbee0c,46848,45824,256,20,0.735687255859375,0,0.0,0,0,oracle_non_tumor,1,1d5657e342c149ef8305d568410dbc96,1d5657e342c149ef8305d568410dbc96,standard,0,0,vlm_patches/patient_149_node_4/standard/oracle_non_tumor/patient_149_node_4_standard_oracle_non_tumor_000.png,s3://pershin-medailab/Pathomorphology/CAMELYON/mil/vlm_patches/c17_abmil_vlm_patches_1d5657e342c149ef8305d568410dbc96.tar.gz!/vlm_patches/patient_149_node_4/standard/oracle_non_tumor/patient_149_node_4_standard_oracle_non_tumor_000.png,patient_149_node_4_standard_oracle_non_tumor_000,C,A
c17_native,patient_149,patient_149_node_4,3d400ed7f799bc6d,56320,44032,256,20,0.0900726318359375,0,0.0,0,0,oracle_non_tumor,2,1d5657e342c149ef8305d568410dbc96,1d5657e342c149ef8305d568410dbc96,standard,0,0,vlm_patches/patient_149_node_4/standard/oracle_non_tumor/patient_149_node_4_standard_oracle_non_tumor_001.png,s3://pershin-medailab/Pathomorphology/CAMELYON/mil/vlm_patches/c17_abmil_vlm_patches_1d5657e342c149ef8305d568410dbc96.tar.gz!/vlm_patches/patient_149_node_4/standard/oracle_non_tumor/patient_149_node_4_standard_oracle_non_tumor_001.png,patient_149_node_4_standard_oracle_non_tumor_001,C,A
c17_native,patient_149,patient_149_node_4,3a9c982dca99ac91,42496,50688,256,20,0.812408447265625,0,0.0,0,0,oracle_non_tumor,3,1d5657e342c149ef8305d568410dbc96,1d5657e342c149ef8305d568410dbc96,standard,0,0,vlm_patches/patient_149_node_4/standard/oracle_non_tumor/patient_149_node_4_standard_oracle_non_tumor_002.png,s3://pershin-medailab/Pathomorphology/CAMELYON/mil/vlm_patches/c17_abmil_vlm_patches_1d5657e342c149ef8305d568410dbc96.tar.gz!/vlm_patches/patient_149_node_4/standard/oracle_non_tumor/patient_149_node_4_standard_oracle_non_tumor_002.png,patient_149_node_4_standard_oracle_non_tumor_002,C,A
c17_native,patient_138,patient_138_node_1,6f1b04d5dee73f00,47616,169984,256,20,0.156036376953125,0,0.0,0,0,oracle_non_tumor,1,1d5657e342c149ef8305d568410dbc96,1d5657e342c149ef8305d568410dbc96,standard,0,0,vlm_patches/patient_138_node_1/standard/oracle_non_tumor/patient_138_node_1_standard_oracle_non_tumor_000.png,s3://pershin-medailab/Pathomorphology/CAMELYON/mil/vlm_patches/c17_abmil_vlm_patches_1d5657e342c149ef8305d568410dbc96.tar.gz!/vlm_patches/patient_138_node_1/standard/oracle_non_tumor/patient_138_node_1_standard_oracle_non_tumor_000.png,patient_138_node_1_standard_oracle_non_tumor_000,C,A
c17_native,patient_138,patient_138_node_1,fccec411f1341117,49152,136448,256,20,0.7843475341796875,0,0.0,0,0,oracle_non_tumor,2,1d5657e342c149ef8305d568410dbc96,1d5657e342c149ef8305d568410dbc96,standard,0,0,vlm_patches/patient_138_node_1/standard/oracle_non_tumor/patient_138_node_1_standard_oracle_non_tumor_001.png,s3://pershin-medailab/Pathomorphology/CAMELYON/mil/vlm_patches/c17_abmil_vlm_patches_1d5657e342c149ef8305d568410dbc96.tar.gz!/vlm_patches/patient_138_node_1/standard/oracle_non_tumor/patient_138_node_1_standard_oracle_non_tumor_001.png,patient_138_node_1_standard_oracle_non_tumor_001,C,A
c17_native,patient_138,patient_138_node_1,9b3a98ab9c9cc256,56576,123904,256,20,0.7346038818359375,0,0.0,0,0,oracle_non_tumor,3,1d5657e342c149ef8305d568410dbc96,1d5657e342c149ef8305d568410dbc96,standard,0,0,vlm_patches/patient_138_node_1/standard/oracle_non_tumor/patient_138_node_1_standard_oracle_non_tumor_002.png,s3://pershin-medailab/Pathomorphology/CAMELYON/mil/vlm_patches/c17_abmil_vlm_patches_1d5657e342c149ef8305d568410dbc96.tar.gz!/vlm_patches/patient_138_node_1/standard/oracle_non_tumor/patient_138_node_1_standard_oracle_non_tumor_002.png,patient_138_node_1_standard_oracle_non_tumor_002,C,A
c17_native,patient_144,patient_144_node_1,8c2493132a9485e4,56576,97024,256,20,0.8203277587890625,0,0.0,0,0,oracle_non_tumor,1,1d5657e342c149ef8305d568410dbc96,1d5657e342c149ef8305d568410dbc96,standard,0,0,vlm_patches/patient_144_node_1/standard/oracle_non_tumor/patient_144_node_1_standard_oracle_non_tumor_000.png,s3://pershin-medailab/Pathomorphology/CAMELYON/mil/vlm_patches/c17_abmil_vlm_patches_1d5657e342c149ef8305d568410dbc96.tar.gz!/vlm_patches/patient_144_node_1/standard/oracle_non_tumor/patient_144_node_1_standard_oracle_non_tumor_000.png,patient_144_node_1_standard_oracle_non_tumor_000,C,A
c17_native,patient_144,patient_144_node_1,a4f174329037c1ea,42240,78336,256,20,0.909393310546875,0,0.0,0,0,oracle_non_tumor,2,1d5657e342c149ef8305d568410dbc96,1d5657e342c149ef8305d568410dbc96,standard,0,0,vlm_patches/patient_144_node_1/standard/oracle_non_tumor/patient_144_node_1_standard_oracle_non_tumor_001.png,s3://pershin-medailab/Pathomorphology/CAMELYON/mil/vlm_patches/c17_abmil_vlm_patches_1d5657e342c149ef8305d568410dbc96.tar.gz!/vlm_patches/patient_144_node_1/standard/oracle_non_tumor/patient_144_node_1_standard_oracle_non_tumor_001.png,patient_144_node_1_standard_oracle_non_tumor_001,C,A
c17_native,patient_144,patient_144_node_1,40ca96bb73eedff4,57088,94976,256,20,0.8035736083984375,0,0.0,0,0,oracle_non_tumor,3,1d5657e342c149ef8305d568410dbc96,1d5657e342c149ef8305d568410dbc96,standard,0,0,vlm_patches/patient_144_node_1/standard/oracle_non_tumor/patient_144_node_1_standard_oracle_non_tumor_002.png,s3://pershin-medailab/Pathomorphology/CAMELYON/mil/vlm_patches/c17_abmil_vlm_patches_1d5657e342c149ef8305d568410dbc96.tar.gz!/vlm_patches/patient_144_node_1/standard/oracle_non_tumor/patient_144_node_1_standard_oracle_non_tumor_002.png,patient_144_node_1_standard_oracle_non_tumor_002,C,A
c17_native,patient_163,patient_163_node_4,ccfc70208410adb6,30720,97536,256,20,0.83282470703125,0,0.0,0,0,oracle_non_tumor,1,1d5657e342c149ef8305d568410dbc96,1d5657e342c149ef8305d568410dbc96,standard,0,0,vlm_patches/patient_163_node_4/standard/oracle_non_tumor/patient_163_node_4_standard_oracle_non_tumor_000.png,s3://pershin-medailab/Pathomorphology/CAMELYON/mil/vlm_patches/c17_abmil_vlm_patches_1d5657e342c149ef8305d568410dbc96.tar.gz!/vlm_patches/patient_163_node_4/standard/oracle_non_tumor/patient_163_node_4_standard_oracle_non_tumor_000.png,patient_163_node_4_standard_oracle_non_tumor_000,C,A
c17_native,patient_163,patient_163_node_4,fccec522ea5ad733,45568,92416,256,20,0.738128662109375,0,0.0,0,0,oracle_non_tumor,2,1d5657e342c149ef8305d568410dbc96,1d5657e342c149ef8305d568410dbc96,standard,0,0,vlm_patches/patient_163_node_4/standard/oracle_non_tumor/patient_163_node_4_standard_oracle_non_tumor_001.png,s3://pershin-medailab/Pathomorphology/CAMELYON/mil/vlm_patches/c17_abmil_vlm_patches_1d5657e342c149ef8305d568410dbc96.tar.gz!/vlm_patches/patient_163_node_4/standard/oracle_non_tumor/patient_163_node_4_standard_oracle_non_tumor_001.png,patient_163_node_4_standard_oracle_non_tumor_001,C,A
c17_native,patient_163,patient_163_node_4,18fbb42920fe2208,40448,82176,256,20,0.0750732421875,0,0.0,0,0,oracle_non_tumor,3,1d5657e342c149ef8305d568410dbc96,1d5657e342c149ef8305d568410dbc96,standard,0,0,vlm_patches/patient_163_node_4/standard/oracle_non_tumor/patient_163_node_4_standard_oracle_non_tumor_002.png,s3://pershin-medailab/Pathomorphology/CAMELYON/mil/vlm_patches/c17_abmil_vlm_patches_1d5657e342c149ef8305d568410dbc96.tar.gz!/vlm_patches/patient_163_node_4/standard/oracle_non_tumor/patient_163_node_4_standard_oracle_non_tumor_002.png,patient_163_node_4_standard_oracle_non_tumor_002,C,A
c17_native,patient_133,patient_133_node_3,0325a731b4e24b6d,25856,131584,256,20,0.715545654296875,0,0.0,0,0,top_k,1,1d5657e342c149ef8305d568410dbc96,1d5657e342c149ef8305d568410dbc96,standard,0,0,vlm_patches/patient_133_node_3/standard/top_k/patient_133_node_3_standard_top_k_000.png,s3://pershin-medailab/Pathomorphology/CAMELYON/mil/vlm_patches/c17_abmil_vlm_patches_1d5657e342c149ef8305d568410dbc96.tar.gz!/vlm_patches/patient_133_node_3/standard/top_k/patient_133_node_3_standard_top_k_000.png,patient_133_node_3_standard_top_k_000,A,B
c17_native,patient_133,patient_133_node_3,575e72614bd3d320,58112,113920,256,20,0.8364105224609375,0,0.0,0,0,top_k,2,1d5657e342c149ef8305d568410dbc96,1d5657e342c149ef8305d568410dbc96,standard,0,0,vlm_patches/patient_133_node_3/standard/top_k/patient_133_node_3_standard_top_k_001.png,s3://pershin-medailab/Pathomorphology/CAMELYON/mil/vlm_patches/c17_abmil_vlm_patches_1d5657e342c149ef8305d568410dbc96.tar.gz!/vlm_patches/patient_133_node_3/standard/top_k/patient_133_node_3_standard_top_k_001.png,patient_133_node_3_standard_top_k_001,A,B
c17_native,patient_133,patient_133_node_3,52a47ccf5b4879c1,46336,104192,256,20,0.816131591796875,0,0.0,0,0,top_k,3,1d5657e342c149ef8305d568410dbc96,1d5657e342c149ef8305d568410dbc96,standard,0,0,vlm_patches/patient_133_node_3/standard/top_k/patient_133_node_3_standard_top_k_002.png,s3://pershin-medailab/Pathomorphology/CAMELYON/mil/vlm_patches/c17_abmil_vlm_patches_1d5657e342c149ef8305d568410dbc96.tar.gz!/vlm_patches/patient_133_node_3/standard/top_k/patient_133_node_3_standard_top_k_002.png,patient_133_node_3_standard_top_k_002,A,B
c17_native,patient_174,patient_174_node_0,c2be8425e9874221,20992,8448,256,20,0.8349151611328125,0,0.0,0,0,top_k,1,1d5657e342c149ef8305d568410dbc96,1d5657e342c149ef8305d568410dbc96,standard,0,0,vlm_patches/patient_174_node_0/standard/top_k/patient_174_node_0_standard_top_k_000.png,s3://pershin-medailab/Pathomorphology/CAMELYON/mil/vlm_patches/c17_abmil_vlm_patches_1d5657e342c149ef8305d568410dbc96.tar.gz!/vlm_patches/patient_174_node_0/standard/top_k/patient_174_node_0_standard_top_k_000.png,patient_174_node_0_standard_top_k_000,A,B
c17_native,patient_174,patient_174_node_0,f89dbd071c80a2b5,22272,8192,256,20,0.6918182373046875,0,0.0,0,0,top_k,2,1d5657e342c149ef8305d568410dbc96,1d5657e342c149ef8305d568410dbc96,standard,0,0,vlm_patches/patient_174_node_0/standard/top_k/patient_174_node_0_standard_top_k_001.png,s3://pershin-medailab/Pathomorphology/CAMELYON/mil/vlm_patches/c17_abmil_vlm_patches_1d5657e342c149ef8305d568410dbc96.tar.gz!/vlm_patches/patient_174_node_0/standard/top_k/patient_174_node_0_standard_top_k_001.png,patient_174_node_0_standard_top_k_001,A,B
c17_native,patient_174,patient_174_node_0,271d258476a5ee7f,21248,8448,256,20,0.74957275390625,0,0.0,0,0,top_k,3,1d5657e342c149ef8305d568410dbc96,1d5657e342c149ef8305d568410dbc96,standard,0,0,vlm_patches/patient_174_node_0/standard/top_k/patient_174_node_0_standard_top_k_002.png,s3://pershin-medailab/Pathomorphology/CAMELYON/mil/vlm_patches/c17_abmil_vlm_patches_1d5657e342c149ef8305d568410dbc96.tar.gz!/vlm_patches/patient_174_node_0/standard/top_k/patient_174_node_0_standard_top_k_002.png,patient_174_node_0_standard_top_k_002,A,B
c17_native,patient_121,patient_121_node_3,2f447d7faf2024ce,23808,173568,256,20,0.9118804931640624,1,0.93,1,1,top_k,1,1d5657e342c149ef8305d568410dbc96,1d5657e342c149ef8305d568410dbc96,standard,0,0,vlm_patches/patient_121_node_3/standard/top_k/patient_121_node_3_standard_top_k_000.png,s3://pershin-medailab/Pathomorphology/CAMELYON/mil/vlm_patches/c17_abmil_vlm_patches_1d5657e342c149ef8305d568410dbc96.tar.gz!/vlm_patches/patient_121_node_3/standard/top_k/patient_121_node_3_standard_top_k_000.png,patient_121_node_3_standard_top_k_000,A,B
c17_native,patient_121,patient_121_node_3,73c7d1bad2a609f1,23296,173568,256,20,0.9247283935546876,1,0.835,1,1,top_k,2,1d5657e342c149ef8305d568410dbc96,1d5657e342c149ef8305d568410dbc96,standard,0,0,vlm_patches/patient_121_node_3/standard/top_k/patient_121_node_3_standard_top_k_001.png,s3://pershin-medailab/Pathomorphology/CAMELYON/mil/vlm_patches/c17_abmil_vlm_patches_1d5657e342c149ef8305d568410dbc96.tar.gz!/vlm_patches/patient_121_node_3/standard/top_k/patient_121_node_3_standard_top_k_001.png,patient_121_node_3_standard_top_k_001,A,B
c17_native,patient_121,patient_121_node_3,7768852e8b397733,22016,172544,256,20,0.913360595703125,1,0.9225,1,1,top_k,4,1d5657e342c149ef8305d568410dbc96,1d5657e342c149ef8305d568410dbc96,standard,0,0,vlm_patches/patient_121_node_3/standard/top_k/patient_121_node_3_standard_top_k_003.png,s3://pershin-medailab/Pathomorphology/CAMELYON/mil/vlm_patches/c17_abmil_vlm_patches_1d5657e342c149ef8305d568410dbc96.tar.gz!/vlm_patches/patient_121_node_3/standard/top_k/patient_121_node_3_standard_top_k_003.png,patient_121_node_3_standard_top_k_003,A,B
c17_native,patient_118,patient_118_node_1,c4d691a5c012307e,115456,55040,256,20,0.8892669677734375,0,0.0,0,0,top_k,1,1d5657e342c149ef8305d568410dbc96,1d5657e342c149ef8305d568410dbc96,standard,0,0,vlm_patches/patient_118_node_1/standard/top_k/patient_118_node_1_standard_top_k_000.png,s3://pershin-medailab/Pathomorphology/CAMELYON/mil/vlm_patches/c17_abmil_vlm_patches_1d5657e342c149ef8305d568410dbc96.tar.gz!/vlm_patches/patient_118_node_1/standard/top_k/patient_118_node_1_standard_top_k_000.png,patient_118_node_1_standard_top_k_000,A,B
c17_native,patient_118,patient_118_node_1,5eeceded5a36ab02,117760,45824,256,20,0.7055511474609375,0,0.0,0,0,top_k,2,1d5657e342c149ef8305d568410dbc96,1d5657e342c149ef8305d568410dbc96,standard,0,0,vlm_patches/patient_118_node_1/standard/top_k/patient_118_node_1_standard_top_k_001.png,s3://pershin-medailab/Pathomorphology/CAMELYON/mil/vlm_patches/c17_abmil_vlm_patches_1d5657e342c149ef8305d568410dbc96.tar.gz!/vlm_patches/patient_118_node_1/standard/top_k/patient_118_node_1_standard_top_k_001.png,patient_118_node_1_standard_top_k_001,A,B
c17_native,patient_118,patient_118_node_1,1819a6f1ddbc459a,115200,55040,256,20,0.8900604248046875,0,0.0,0,0,top_k,3,1d5657e342c149ef8305d568410dbc96,1d5657e342c149ef8305d568410dbc96,standard,0,0,vlm_patches/patient_118_node_1/standard/top_k/patient_118_node_1_standard_top_k_002.png,s3://pershin-medailab/Pathomorphology/CAMELYON/mil/vlm_patches/c17_abmil_vlm_patches_1d5657e342c149ef8305d568410dbc96.tar.gz!/vlm_patches/patient_118_node_1/standard/top_k/patient_118_node_1_standard_top_k_002.png,patient_118_node_1_standard_top_k_002,A,B
c17_native,patient_188,patient_188_node_2,66512fe7ed22cc48,46336,93440,256,20,0.98291015625,0,0.0,0,0,top_k,1,1d5657e342c149ef8305d568410dbc96,1d5657e342c149ef8305d568410dbc96,standard,0,0,vlm_patches/patient_188_node_2/standard/top_k/patient_188_node_2_standard_top_k_000.png,s3://pershin-medailab/Pathomorphology/CAMELYON/mil/vlm_patches/c17_abmil_vlm_patches_1d5657e342c149ef8305d568410dbc96.tar.gz!/vlm_patches/patient_188_node_2/standard/top_k/patient_188_node_2_standard_top_k_000.png,patient_188_node_2_standard_top_k_000,A,B
c17_native,patient_188,patient_188_node_2,326e13366b0f388b,44288,91904,256,20,0.9593963623046876,0,0.0,0,0,top_k,2,1d5657e342c149ef8305d568410dbc96,1d5657e342c149ef8305d568410dbc96,standard,0,0,vlm_patches/patient_188_node_2/standard/top_k/patient_188_node_2_standard_top_k_001.png,s3://pershin-medailab/Pathomorphology/CAMELYON/mil/vlm_patches/c17_abmil_vlm_patches_1d5657e342c149ef8305d568410dbc96.tar.gz!/vlm_patches/patient_188_node_2/standard/top_k/patient_188_node_2_standard_top_k_001.png,patient_188_node_2_standard_top_k_001,A,B
c17_native,patient_188,patient_188_node_2,e05d404c00ea3c91,44800,92928,256,20,0.9350433349609376,0,0.0,0,0,top_k,4,1d5657e342c149ef8305d568410dbc96,1d5657e342c149ef8305d568410dbc96,standard,0,0,vlm_patches/patient_188_node_2/standard/top_k/patient_188_node_2_standard_top_k_003.png,s3://pershin-medailab/Pathomorphology/CAMELYON/mil/vlm_patches/c17_abmil_vlm_patches_1d5657e342c149ef8305d568410dbc96.tar.gz!/vlm_patches/patient_188_node_2/standard/top_k/patient_188_node_2_standard_top_k_003.png,patient_188_node_2_standard_top_k_003,A,B
c17_native,patient_193,patient_193_node_1,144a9fa65aab024e,55808,26624,256,20,0.9641876220703124,0,0.0,0,0,top_k,1,1d5657e342c149ef8305d568410dbc96,1d5657e342c149ef8305d568410dbc96,standard,0,0,vlm_patches/patient_193_node_1/standard/top_k/patient_193_node_1_standard_top_k_000.png,s3://pershin-medailab/Pathomorphology/CAMELYON/mil/vlm_patches/c17_abmil_vlm_patches_1d5657e342c149ef8305d568410dbc96.tar.gz!/vlm_patches/patient_193_node_1/standard/top_k/patient_193_node_1_standard_top_k_000.png,patient_193_node_1_standard_top_k_000,A,B
c17_native,patient_193,patient_193_node_1,a2ddb5b2c36caf42,66304,22528,256,20,0.841094970703125,0,0.0,0,0,top_k,2,1d5657e342c149ef8305d568410dbc96,1d5657e342c149ef8305d568410dbc96,standard,0,0,vlm_patches/patient_193_node_1/standard/top_k/patient_193_node_1_standard_top_k_001.png,s3://pershin-medailab/Pathomorphology/CAMELYON/mil/vlm_patches/c17_abmil_vlm_patches_1d5657e342c149ef8305d568410dbc96.tar.gz!/vlm_patches/patient_193_node_1/standard/top_k/patient_193_node_1_standard_top_k_001.png,patient_193_node_1_standard_top_k_001,A,B
c17_native,patient_193,patient_193_node_1,7963311ffba6a981,79872,61440,256,20,0.952117919921875,0,0.0,0,0,top_k,3,1d5657e342c149ef8305d568410dbc96,1d5657e342c149ef8305d568410dbc96,standard,0,0,vlm_patches/patient_193_node_1/standard/top_k/patient_193_node_1_standard_top_k_002.png,s3://pershin-medailab/Pathomorphology/CAMELYON/mil/vlm_patches/c17_abmil_vlm_patches_1d5657e342c149ef8305d568410dbc96.tar.gz!/vlm_patches/patient_193_node_1/standard/top_k/patient_193_node_1_standard_top_k_002.png,patient_193_node_1_standard_top_k_002,A,B
c17_native,patient_139,patient_139_node_4,6c063444a6b2a978,43008,140032,256,20,0.9987030029296876,0,0.0,0,0,top_k,1,1d5657e342c149ef8305d568410dbc96,1d5657e342c149ef8305d568410dbc96,standard,0,0,vlm_patches/patient_139_node_4/standard/top_k/patient_139_node_4_standard_top_k_000.png,s3://pershin-medailab/Pathomorphology/CAMELYON/mil/vlm_patches/c17_abmil_vlm_patches_1d5657e342c149ef8305d568410dbc96.tar.gz!/vlm_patches/patient_139_node_4/standard/top_k/patient_139_node_4_standard_top_k_000.png,patient_139_node_4_standard_top_k_000,A,B
c17_native,patient_139,patient_139_node_4,e7433f63a812f436,44032,140544,256,20,0.9972076416015624,0,0.0,0,0,top_k,2,1d5657e342c149ef8305d568410dbc96,1d5657e342c149ef8305d568410dbc96,standard,0,0,vlm_patches/patient_139_node_4/standard/top_k/patient_139_node_4_standard_top_k_001.png,s3://pershin-medailab/Pathomorphology/CAMELYON/mil/vlm_patches/c17_abmil_vlm_patches_1d5657e342c149ef8305d568410dbc96.tar.gz!/vlm_patches/patient_139_node_4/standard/top_k/patient_139_node_4_standard_top_k_001.png,patient_139_node_4_standard_top_k_001,A,B
c17_native,patient_139,patient_139_node_4,84010e8a8d4c0cca,46592,142592,256,20,0.9930572509765624,0,0.0,0,0,top_k,3,1d5657e342c149ef8305d568410dbc96,1d5657e342c149ef8305d568410dbc96,standard,0,0,vlm_patches/patient_139_node_4/standard/top_k/patient_139_node_4_standard_top_k_002.png,s3://pershin-medailab/Pathomorphology/CAMELYON/mil/vlm_patches/c17_abmil_vlm_patches_1d5657e342c149ef8305d568410dbc96.tar.gz!/vlm_patches/patient_139_node_4/standard/top_k/patient_139_node_4_standard_top_k_002.png,patient_139_node_4_standard_top_k_002,A,B
c17_native,patient_158,patient_158_node_2,802e73459fdc127b,60928,158720,256,20,0.9935455322265624,1,1.0,1,1,top_k,1,1d5657e342c149ef8305d568410dbc96,1d5657e342c149ef8305d568410dbc96,standard,0,0,vlm_patches/patient_158_node_2/standard/top_k/patient_158_node_2_standard_top_k_000.png,s3://pershin-medailab/Pathomorphology/CAMELYON/mil/vlm_patches/c17_abmil_vlm_patches_1d5657e342c149ef8305d568410dbc96.tar.gz!/vlm_patches/patient_158_node_2/standard/top_k/patient_158_node_2_standard_top_k_000.png,patient_158_node_2_standard_top_k_000,A,B
c17_native,patient_158,patient_158_node_2,fefaf1f205b85a0a,54272,153600,256,20,0.89788818359375,1,1.0,1,1,top_k,2,1d5657e342c149ef8305d568410dbc96,1d5657e342c149ef8305d568410dbc96,standard,0,0,vlm_patches/patient_158_node_2/standard/top_k/patient_158_node_2_standard_top_k_001.png,s3://pershin-medailab/Pathomorphology/CAMELYON/mil/vlm_patches/c17_abmil_vlm_patches_1d5657e342c149ef8305d568410dbc96.tar.gz!/vlm_patches/patient_158_node_2/standard/top_k/patient_158_node_2_standard_top_k_001.png,patient_158_node_2_standard_top_k_001,A,B
c17_native,patient_158,patient_158_node_2,7aa1a60433d596c2,53504,154880,256,20,0.9028778076171876,1,1.0,1,1,top_k,4,1d5657e342c149ef8305d568410dbc96,1d5657e342c149ef8305d568410dbc96,standard,0,0,vlm_patches/patient_158_node_2/standard/top_k/patient_158_node_2_standard_top_k_003.png,s3://pershin-medailab/Pathomorphology/CAMELYON/mil/vlm_patches/c17_abmil_vlm_patches_1d5657e342c149ef8305d568410dbc96.tar.gz!/vlm_patches/patient_158_node_2/standard/top_k/patient_158_node_2_standard_top_k_003.png,patient_158_node_2_standard_top_k_003,A,B
c17_native,patient_106,patient_106_node_2,13de0abb74cf73da,51712,82688,256,20,0.4014892578125,1,1.0,1,1,top_k,1,1d5657e342c149ef8305d568410dbc96,1d5657e342c149ef8305d568410dbc96,standard,0,0,vlm_patches/patient_106_node_2/standard/top_k/patient_106_node_2_standard_top_k_000.png,s3://pershin-medailab/Pathomorphology/CAMELYON/mil/vlm_patches/c17_abmil_vlm_patches_1d5657e342c149ef8305d568410dbc96.tar.gz!/vlm_patches/patient_106_node_2/standard/top_k/patient_106_node_2_standard_top_k_000.png,patient_106_node_2_standard_top_k_000,A,B
c17_native,patient_106,patient_106_node_2,e5e1e05ac93ee7af,57344,82432,256,20,0.2954559326171875,1,1.0,1,1,top_k,2,1d5657e342c149ef8305d568410dbc96,1d5657e342c149ef8305d568410dbc96,standard,0,0,vlm_patches/patient_106_node_2/standard/top_k/patient_106_node_2_standard_top_k_001.png,s3://pershin-medailab/Pathomorphology/CAMELYON/mil/vlm_patches/c17_abmil_vlm_patches_1d5657e342c149ef8305d568410dbc96.tar.gz!/vlm_patches/patient_106_node_2/standard/top_k/patient_106_node_2_standard_top_k_001.png,patient_106_node_2_standard_top_k_001,A,B
c17_native,patient_106,patient_106_node_2,0fd0c11f4494a465,52736,82176,256,20,0.436981201171875,1,1.0,1,1,top_k,3,1d5657e342c149ef8305d568410dbc96,1d5657e342c149ef8305d568410dbc96,standard,0,0,vlm_patches/patient_106_node_2/standard/top_k/patient_106_node_2_standard_top_k_002.png,s3://pershin-medailab/Pathomorphology/CAMELYON/mil/vlm_patches/c17_abmil_vlm_patches_1d5657e342c149ef8305d568410dbc96.tar.gz!/vlm_patches/patient_106_node_2/standard/top_k/patient_106_node_2_standard_top_k_002.png,patient_106_node_2_standard_top_k_002,A,B
c17_native,patient_123,patient_123_node_0,5d93fda230ff50ea,49408,189952,256,20,0.9317779541015624,0,0.0,0,0,top_k,1,1d5657e342c149ef8305d568410dbc96,1d5657e342c149ef8305d568410dbc96,standard,0,0,vlm_patches/patient_123_node_0/standard/top_k/patient_123_node_0_standard_top_k_000.png,s3://pershin-medailab/Pathomorphology/CAMELYON/mil/vlm_patches/c17_abmil_vlm_patches_1d5657e342c149ef8305d568410dbc96.tar.gz!/vlm_patches/patient_123_node_0/standard/top_k/patient_123_node_0_standard_top_k_000.png,patient_123_node_0_standard_top_k_000,A,B
c17_native,patient_123,patient_123_node_0,69d4547a8a0f053d,42752,134912,256,20,0.993865966796875,0,0.0,0,0,top_k,2,1d5657e342c149ef8305d568410dbc96,1d5657e342c149ef8305d568410dbc96,standard,0,0,vlm_patches/patient_123_node_0/standard/top_k/patient_123_node_0_standard_top_k_001.png,s3://pershin-medailab/Pathomorphology/CAMELYON/mil/vlm_patches/c17_abmil_vlm_patches_1d5657e342c149ef8305d568410dbc96.tar.gz!/vlm_patches/patient_123_node_0/standard/top_k/patient_123_node_0_standard_top_k_001.png,patient_123_node_0_standard_top_k_001,A,B
c17_native,patient_123,patient_123_node_0,c6238b50fbd43715,51968,134656,256,20,0.9973297119140624,0,0.0,0,0,top_k,3,1d5657e342c149ef8305d568410dbc96,1d5657e342c149ef8305d568410dbc96,standard,0,0,vlm_patches/patient_123_node_0/standard/top_k/patient_123_node_0_standard_top_k_002.png,s3://pershin-medailab/Pathomorphology/CAMELYON/mil/vlm_patches/c17_abmil_vlm_patches_1d5657e342c149ef8305d568410dbc96.tar.gz!/vlm_patches/patient_123_node_0/standard/top_k/patient_123_node_0_standard_top_k_002.png,patient_123_node_0_standard_top_k_002,A,B
c17_native,patient_191,patient_191_node_0,b226ab91492e76b0,38912,77312,256,20,0.9540557861328124,0,0.0,0,0,top_k,1,1d5657e342c149ef8305d568410dbc96,1d5657e342c149ef8305d568410dbc96,standard,0,0,vlm_patches/patient_191_node_0/standard/top_k/patient_191_node_0_standard_top_k_000.png,s3://pershin-medailab/Pathomorphology/CAMELYON/mil/vlm_patches/c17_abmil_vlm_patches_1d5657e342c149ef8305d568410dbc96.tar.gz!/vlm_patches/patient_191_node_0/standard/top_k/patient_191_node_0_standard_top_k_000.png,patient_191_node_0_standard_top_k_000,A,B
c17_native,patient_191,patient_191_node_0,63d8ef3a0aced3c7,45056,81664,256,20,0.944580078125,0,0.0,0,0,top_k,3,1d5657e342c149ef8305d568410dbc96,1d5657e342c149ef8305d568410dbc96,standard,0,0,vlm_patches/patient_191_node_0/standard/top_k/patient_191_node_0_standard_top_k_002.png,s3://pershin-medailab/Pathomorphology/CAMELYON/mil/vlm_patches/c17_abmil_vlm_patches_1d5657e342c149ef8305d568410dbc96.tar.gz!/vlm_patches/patient_191_node_0/standard/top_k/patient_191_node_0_standard_top_k_002.png,patient_191_node_0_standard_top_k_002,A,B
c17_native,patient_191,patient_191_node_0,0cc6b5bd310a87d9,17152,87296,256,20,0.9945068359375,0,0.0,0,0,top_k,4,1d5657e342c149ef8305d568410dbc96,1d5657e342c149ef8305d568410dbc96,standard,0,0,vlm_patches/patient_191_node_0/standard/top_k/patient_191_node_0_standard_top_k_003.png,s3://pershin-medailab/Pathomorphology/CAMELYON/mil/vlm_patches/c17_abmil_vlm_patches_1d5657e342c149ef8305d568410dbc96.tar.gz!/vlm_patches/patient_191_node_0/standard/top_k/patient_191_node_0_standard_top_k_003.png,patient_191_node_0_standard_top_k_003,A,B
c17_native,patient_109,patient_109_node_1,b4b2f1c3e403068b,27136,63744,256,20,0.9079437255859376,0,0.0,0,0,top_k,1,1d5657e342c149ef8305d568410dbc96,1d5657e342c149ef8305d568410dbc96,standard,0,0,vlm_patches/patient_109_node_1/standard/top_k/patient_109_node_1_standard_top_k_000.png,s3://pershin-medailab/Pathomorphology/CAMELYON/mil/vlm_patches/c17_abmil_vlm_patches_1d5657e342c149ef8305d568410dbc96.tar.gz!/vlm_patches/patient_109_node_1/standard/top_k/patient_109_node_1_standard_top_k_000.png,patient_109_node_1_standard_top_k_000,A,B
c17_native,patient_109,patient_109_node_1,da11ea0cb9b9eafb,8704,88064,256,20,0.785614013671875,0,0.0,0,0,top_k,2,1d5657e342c149ef8305d568410dbc96,1d5657e342c149ef8305d568410dbc96,standard,0,0,vlm_patches/patient_109_node_1/standard/top_k/patient_109_node_1_standard_top_k_001.png,s3://pershin-medailab/Pathomorphology/CAMELYON/mil/vlm_patches/c17_abmil_vlm_patches_1d5657e342c149ef8305d568410dbc96.tar.gz!/vlm_patches/patient_109_node_1/standard/top_k/patient_109_node_1_standard_top_k_001.png,patient_109_node_1_standard_top_k_001,A,B
c17_native,patient_109,patient_109_node_1,ef1c372653451799,15616,75520,256,20,0.960845947265625,0,0.0,0,0,top_k,3,1d5657e342c149ef8305d568410dbc96,1d5657e342c149ef8305d568410dbc96,standard,0,0,vlm_patches/patient_109_node_1/standard/top_k/patient_109_node_1_standard_top_k_002.png,s3://pershin-medailab/Pathomorphology/CAMELYON/mil/vlm_patches/c17_abmil_vlm_patches_1d5657e342c149ef8305d568410dbc96.tar.gz!/vlm_patches/patient_109_node_1/standard/top_k/patient_109_node_1_standard_top_k_002.png,patient_109_node_1_standard_top_k_002,A,B
c17_native,patient_172,patient_172_node_3,61cb6e21abfca739,12288,31232,256,20,0.7096710205078125,0,0.0,0,0,top_k,1,1d5657e342c149ef8305d568410dbc96,1d5657e342c149ef8305d568410dbc96,standard,0,0,vlm_patches/patient_172_node_3/standard/top_k/patient_172_node_3_standard_top_k_000.png,s3://pershin-medailab/Pathomorphology/CAMELYON/mil/vlm_patches/c17_abmil_vlm_patches_1d5657e342c149ef8305d568410dbc96.tar.gz!/vlm_patches/patient_172_node_3/standard/top_k/patient_172_node_3_standard_top_k_000.png,patient_172_node_3_standard_top_k_000,A,B
c17_native,patient_172,patient_172_node_3,d53ce2fbfcc5e364,14848,34304,256,20,0.9950714111328124,0,0.0,0,0,top_k,2,1d5657e342c149ef8305d568410dbc96,1d5657e342c149ef8305d568410dbc96,standard,0,0,vlm_patches/patient_172_node_3/standard/top_k/patient_172_node_3_standard_top_k_001.png,s3://pershin-medailab/Pathomorphology/CAMELYON/mil/vlm_patches/c17_abmil_vlm_patches_1d5657e342c149ef8305d568410dbc96.tar.gz!/vlm_patches/patient_172_node_3/standard/top_k/patient_172_node_3_standard_top_k_001.png,patient_172_node_3_standard_top_k_001,A,B
c17_native,patient_172,patient_172_node_3,448c719b1457500f,12032,31232,256,20,0.680816650390625,0,0.0,0,0,top_k,3,1d5657e342c149ef8305d568410dbc96,1d5657e342c149ef8305d568410dbc96,standard,0,0,vlm_patches/patient_172_node_3/standard/top_k/patient_172_node_3_standard_top_k_002.png,s3://pershin-medailab/Pathomorphology/CAMELYON/mil/vlm_patches/c17_abmil_vlm_patches_1d5657e342c149ef8305d568410dbc96.tar.gz!/vlm_patches/patient_172_node_3/standard/top_k/patient_172_node_3_standard_top_k_002.png,patient_172_node_3_standard_top_k_002,A,B
c17_native,patient_111,patient_111_node_1,e2c1c1265f670fc6,28416,84224,256,20,0.3163299560546875,0,0.0,0,0,top_k,1,1d5657e342c149ef8305d568410dbc96,1d5657e342c149ef8305d568410dbc96,standard,0,0,vlm_patches/patient_111_node_1/standard/top_k/patient_111_node_1_standard_top_k_000.png,s3://pershin-medailab/Pathomorphology/CAMELYON/mil/vlm_patches/c17_abmil_vlm_patches_1d5657e342c149ef8305d568410dbc96.tar.gz!/vlm_patches/patient_111_node_1/standard/top_k/patient_111_node_1_standard_top_k_000.png,patient_111_node_1_standard_top_k_000,A,B
c17_native,patient_111,patient_111_node_1,dd8ea60d40a54d6d,37376,99584,256,20,0.5078277587890625,0,0.0,0,0,top_k,2,1d5657e342c149ef8305d568410dbc96,1d5657e342c149ef8305d568410dbc96,standard,0,0,vlm_patches/patient_111_node_1/standard/top_k/patient_111_node_1_standard_top_k_001.png,s3://pershin-medailab/Pathomorphology/CAMELYON/mil/vlm_patches/c17_abmil_vlm_patches_1d5657e342c149ef8305d568410dbc96.tar.gz!/vlm_patches/patient_111_node_1/standard/top_k/patient_111_node_1_standard_top_k_001.png,patient_111_node_1_standard_top_k_001,A,B
c17_native,patient_111,patient_111_node_1,460e25680e97a64f,27904,92672,256,20,0.674774169921875,0,0.0,0,0,top_k,3,1d5657e342c149ef8305d568410dbc96,1d5657e342c149ef8305d568410dbc96,standard,0,0,vlm_patches/patient_111_node_1/standard/top_k/patient_111_node_1_standard_top_k_002.png,s3://pershin-medailab/Pathomorphology/CAMELYON/mil/vlm_patches/c17_abmil_vlm_patches_1d5657e342c149ef8305d568410dbc96.tar.gz!/vlm_patches/patient_111_node_1/standard/top_k/patient_111_node_1_standard_top_k_002.png,patient_111_node_1_standard_top_k_002,A,B
c17_native,patient_121,patient_121_node_2,ba51cd64aac6f95c,6912,129536,256,20,0.833099365234375,1,1.0,1,1,top_k,1,1d5657e342c149ef8305d568410dbc96,1d5657e342c149ef8305d568410dbc96,standard,0,0,vlm_patches/patient_121_node_2/standard/top_k/patient_121_node_2_standard_top_k_000.png,s3://pershin-medailab/Pathomorphology/CAMELYON/mil/vlm_patches/c17_abmil_vlm_patches_1d5657e342c149ef8305d568410dbc96.tar.gz!/vlm_patches/patient_121_node_2/standard/top_k/patient_121_node_2_standard_top_k_000.png,patient_121_node_2_standard_top_k_000,A,B
c17_native,patient_121,patient_121_node_2,e2d237fa23b8511d,6144,129280,256,20,0.75640869140625,1,1.0,1,1,top_k,2,1d5657e342c149ef8305d568410dbc96,1d5657e342c149ef8305d568410dbc96,standard,0,0,vlm_patches/patient_121_node_2/standard/top_k/patient_121_node_2_standard_top_k_001.png,s3://pershin-medailab/Pathomorphology/CAMELYON/mil/vlm_patches/c17_abmil_vlm_patches_1d5657e342c149ef8305d568410dbc96.tar.gz!/vlm_patches/patient_121_node_2/standard/top_k/patient_121_node_2_standard_top_k_001.png,patient_121_node_2_standard_top_k_001,A,B
c17_native,patient_121,patient_121_node_2,66ce06a4e87aaef2,5888,131328,256,20,0.7408447265625,1,1.0,1,1,top_k,4,1d5657e342c149ef8305d568410dbc96,1d5657e342c149ef8305d568410dbc96,standard,0,0,vlm_patches/patient_121_node_2/standard/top_k/patient_121_node_2_standard_top_k_003.png,s3://pershin-medailab/Pathomorphology/CAMELYON/mil/vlm_patches/c17_abmil_vlm_patches_1d5657e342c149ef8305d568410dbc96.tar.gz!/vlm_patches/patient_121_node_2/standard/top_k/patient_121_node_2_standard_top_k_003.png,patient_121_node_2_standard_top_k_003,A,B
c17_native,patient_158,patient_158_node_0,a0c77be5c9871985,47616,167936,256,20,0.94378662109375,1,0.95,1,1,top_k,1,1d5657e342c149ef8305d568410dbc96,1d5657e342c149ef8305d568410dbc96,standard,0,0,vlm_patches/patient_158_node_0/standard/top_k/patient_158_node_0_standard_top_k_000.png,s3://pershin-medailab/Pathomorphology/CAMELYON/mil/vlm_patches/c17_abmil_vlm_patches_1d5657e342c149ef8305d568410dbc96.tar.gz!/vlm_patches/patient_158_node_0/standard/top_k/patient_158_node_0_standard_top_k_000.png,patient_158_node_0_standard_top_k_000,A,B
c17_native,patient_158,patient_158_node_0,580f2bb3b003d61f,46592,168704,256,20,0.98663330078125,1,0.905,1,1,top_k,2,1d5657e342c149ef8305d568410dbc96,1d5657e342c149ef8305d568410dbc96,standard,0,0,vlm_patches/patient_158_node_0/standard/top_k/patient_158_node_0_standard_top_k_001.png,s3://pershin-medailab/Pathomorphology/CAMELYON/mil/vlm_patches/c17_abmil_vlm_patches_1d5657e342c149ef8305d568410dbc96.tar.gz!/vlm_patches/patient_158_node_0/standard/top_k/patient_158_node_0_standard_top_k_001.png,patient_158_node_0_standard_top_k_001,A,B
c17_native,patient_158,patient_158_node_0,073ef5479558d781,47360,169728,256,20,0.9883270263671876,1,0.97,1,1,top_k,3,1d5657e342c149ef8305d568410dbc96,1d5657e342c149ef8305d568410dbc96,standard,0,0,vlm_patches/patient_158_node_0/standard/top_k/patient_158_node_0_standard_top_k_002.png,s3://pershin-medailab/Pathomorphology/CAMELYON/mil/vlm_patches/c17_abmil_vlm_patches_1d5657e342c149ef8305d568410dbc96.tar.gz!/vlm_patches/patient_158_node_0/standard/top_k/patient_158_node_0_standard_top_k_002.png,patient_158_node_0_standard_top_k_002,A,B
c17_native,patient_149,patient_149_node_2,851d9a375aeaff43,66816,60416,256,20,0.5145111083984375,0,0.0,0,0,top_k,1,1d5657e342c149ef8305d568410dbc96,1d5657e342c149ef8305d568410dbc96,standard,0,0,vlm_patches/patient_149_node_2/standard/top_k/patient_149_node_2_standard_top_k_000.png,s3://pershin-medailab/Pathomorphology/CAMELYON/mil/vlm_patches/c17_abmil_vlm_patches_1d5657e342c149ef8305d568410dbc96.tar.gz!/vlm_patches/patient_149_node_2/standard/top_k/patient_149_node_2_standard_top_k_000.png,patient_149_node_2_standard_top_k_000,A,B
c17_native,patient_149,patient_149_node_2,3703c4fe8716848b,36096,96256,256,20,0.80926513671875,0,0.0,0,0,top_k,3,1d5657e342c149ef8305d568410dbc96,1d5657e342c149ef8305d568410dbc96,standard,0,0,vlm_patches/patient_149_node_2/standard/top_k/patient_149_node_2_standard_top_k_002.png,s3://pershin-medailab/Pathomorphology/CAMELYON/mil/vlm_patches/c17_abmil_vlm_patches_1d5657e342c149ef8305d568410dbc96.tar.gz!/vlm_patches/patient_149_node_2/standard/top_k/patient_149_node_2_standard_top_k_002.png,patient_149_node_2_standard_top_k_002,A,B
c17_native,patient_149,patient_149_node_2,450f76815dec845f,4352,95488,256,20,0.6156463623046875,0,0.0,0,0,top_k,5,1d5657e342c149ef8305d568410dbc96,1d5657e342c149ef8305d568410dbc96,standard,0,0,vlm_patches/patient_149_node_2/standard/top_k/patient_149_node_2_standard_top_k_004.png,s3://pershin-medailab/Pathomorphology/CAMELYON/mil/vlm_patches/c17_abmil_vlm_patches_1d5657e342c149ef8305d568410dbc96.tar.gz!/vlm_patches/patient_149_node_2/standard/top_k/patient_149_node_2_standard_top_k_004.png,patient_149_node_2_standard_top_k_004,A,B
c17_native,patient_176,patient_176_node_0,a812720aec6c31ef,33024,62208,256,20,0.968475341796875,0,0.0,0,0,top_k,1,1d5657e342c149ef8305d568410dbc96,1d5657e342c149ef8305d568410dbc96,standard,0,0,vlm_patches/patient_176_node_0/standard/top_k/patient_176_node_0_standard_top_k_000.png,s3://pershin-medailab/Pathomorphology/CAMELYON/mil/vlm_patches/c17_abmil_vlm_patches_1d5657e342c149ef8305d568410dbc96.tar.gz!/vlm_patches/patient_176_node_0/standard/top_k/patient_176_node_0_standard_top_k_000.png,patient_176_node_0_standard_top_k_000,A,B
c17_native,patient_176,patient_176_node_0,5fe698199a11340e,59904,80896,256,20,0.98974609375,0,0.0,0,0,top_k,2,1d5657e342c149ef8305d568410dbc96,1d5657e342c149ef8305d568410dbc96,standard,0,0,vlm_patches/patient_176_node_0/standard/top_k/patient_176_node_0_standard_top_k_001.png,s3://pershin-medailab/Pathomorphology/CAMELYON/mil/vlm_patches/c17_abmil_vlm_patches_1d5657e342c149ef8305d568410dbc96.tar.gz!/vlm_patches/patient_176_node_0/standard/top_k/patient_176_node_0_standard_top_k_001.png,patient_176_node_0_standard_top_k_001,A,B
c17_native,patient_176,patient_176_node_0,f088f9c678c5dd08,49920,52736,256,20,0.8957977294921875,0,0.0,0,0,top_k,3,1d5657e342c149ef8305d568410dbc96,1d5657e342c149ef8305d568410dbc96,standard,0,0,vlm_patches/patient_176_node_0/standard/top_k/patient_176_node_0_standard_top_k_002.png,s3://pershin-medailab/Pathomorphology/CAMELYON/mil/vlm_patches/c17_abmil_vlm_patches_1d5657e342c149ef8305d568410dbc96.tar.gz!/vlm_patches/patient_176_node_0/standard/top_k/patient_176_node_0_standard_top_k_002.png,patient_176_node_0_standard_top_k_002,A,B
c17_native,patient_104,patient_104_node_4,13d6fff2187bd842,109056,59136,256,20,0.969573974609375,0,0.0,0,0,top_k,1,1d5657e342c149ef8305d568410dbc96,1d5657e342c149ef8305d568410dbc96,standard,0,0,vlm_patches/patient_104_node_4/standard/top_k/patient_104_node_4_standard_top_k_000.png,s3://pershin-medailab/Pathomorphology/CAMELYON/mil/vlm_patches/c17_abmil_vlm_patches_1d5657e342c149ef8305d568410dbc96.tar.gz!/vlm_patches/patient_104_node_4/standard/top_k/patient_104_node_4_standard_top_k_000.png,patient_104_node_4_standard_top_k_000,A,B
c17_native,patient_104,patient_104_node_4,850ba3b1bcbc0f7e,85760,65536,256,20,0.997711181640625,0,0.0,0,0,top_k,2,1d5657e342c149ef8305d568410dbc96,1d5657e342c149ef8305d568410dbc96,standard,0,0,vlm_patches/patient_104_node_4/standard/top_k/patient_104_node_4_standard_top_k_001.png,s3://pershin-medailab/Pathomorphology/CAMELYON/mil/vlm_patches/c17_abmil_vlm_patches_1d5657e342c149ef8305d568410dbc96.tar.gz!/vlm_patches/patient_104_node_4/standard/top_k/patient_104_node_4_standard_top_k_001.png,patient_104_node_4_standard_top_k_001,A,B
c17_native,patient_104,patient_104_node_4,8cde98d63114d217,88320,65536,256,20,0.9974822998046876,0,0.0,0,0,top_k,3,1d5657e342c149ef8305d568410dbc96,1d5657e342c149ef8305d568410dbc96,standard,0,0,vlm_patches/patient_104_node_4/standard/top_k/patient_104_node_4_standard_top_k_002.png,s3://pershin-medailab/Pathomorphology/CAMELYON/mil/vlm_patches/c17_abmil_vlm_patches_1d5657e342c149ef8305d568410dbc96.tar.gz!/vlm_patches/patient_104_node_4/standard/top_k/patient_104_node_4_standard_top_k_002.png,patient_104_node_4_standard_top_k_002,A,B
c17_native,patient_133,patient_133_node_0,e8e3a65fb358e3c0,31744,102144,256,20,0.8872222900390625,0,0.0,0,0,top_k,1,1d5657e342c149ef8305d568410dbc96,1d5657e342c149ef8305d568410dbc96,standard,0,0,vlm_patches/patient_133_node_0/standard/top_k/patient_133_node_0_standard_top_k_000.png,s3://pershin-medailab/Pathomorphology/CAMELYON/mil/vlm_patches/c17_abmil_vlm_patches_1d5657e342c149ef8305d568410dbc96.tar.gz!/vlm_patches/patient_133_node_0/standard/top_k/patient_133_node_0_standard_top_k_000.png,patient_133_node_0_standard_top_k_000,A,B
c17_native,patient_133,patient_133_node_0,69b3c654baddc299,51200,69376,256,20,0.8182220458984375,0,0.0,0,0,top_k,2,1d5657e342c149ef8305d568410dbc96,1d5657e342c149ef8305d568410dbc96,standard,0,0,vlm_patches/patient_133_node_0/standard/top_k/patient_133_node_0_standard_top_k_001.png,s3://pershin-medailab/Pathomorphology/CAMELYON/mil/vlm_patches/c17_abmil_vlm_patches_1d5657e342c149ef8305d568410dbc96.tar.gz!/vlm_patches/patient_133_node_0/standard/top_k/patient_133_node_0_standard_top_k_001.png,patient_133_node_0_standard_top_k_001,A,B
c17_native,patient_133,patient_133_node_0,6c05f5a1950f9719,39168,98304,256,20,0.908782958984375,0,0.0,0,0,top_k,3,1d5657e342c149ef8305d568410dbc96,1d5657e342c149ef8305d568410dbc96,standard,0,0,vlm_patches/patient_133_node_0/standard/top_k/patient_133_node_0_standard_top_k_002.png,s3://pershin-medailab/Pathomorphology/CAMELYON/mil/vlm_patches/c17_abmil_vlm_patches_1d5657e342c149ef8305d568410dbc96.tar.gz!/vlm_patches/patient_133_node_0/standard/top_k/patient_133_node_0_standard_top_k_002.png,patient_133_node_0_standard_top_k_002,A,B
c17_native,patient_111,patient_111_node_2,99ccd81cfa2788c6,70400,118528,256,20,0.8664398193359375,1,1.0,1,1,top_k,1,1d5657e342c149ef8305d568410dbc96,1d5657e342c149ef8305d568410dbc96,standard,0,0,vlm_patches/patient_111_node_2/standard/top_k/patient_111_node_2_standard_top_k_000.png,s3://pershin-medailab/Pathomorphology/CAMELYON/mil/vlm_patches/c17_abmil_vlm_patches_1d5657e342c149ef8305d568410dbc96.tar.gz!/vlm_patches/patient_111_node_2/standard/top_k/patient_111_node_2_standard_top_k_000.png,patient_111_node_2_standard_top_k_000,A,B
c17_native,patient_111,patient_111_node_2,2d79a94777db98ae,62464,119808,256,20,0.9420318603515624,1,1.0,1,1,top_k,2,1d5657e342c149ef8305d568410dbc96,1d5657e342c149ef8305d568410dbc96,standard,0,0,vlm_patches/patient_111_node_2/standard/top_k/patient_111_node_2_standard_top_k_001.png,s3://pershin-medailab/Pathomorphology/CAMELYON/mil/vlm_patches/c17_abmil_vlm_patches_1d5657e342c149ef8305d568410dbc96.tar.gz!/vlm_patches/patient_111_node_2/standard/top_k/patient_111_node_2_standard_top_k_001.png,patient_111_node_2_standard_top_k_001,A,B
c17_native,patient_111,patient_111_node_2,7917bcebd3019266,62976,122368,256,20,0.875335693359375,1,1.0,1,1,top_k,3,1d5657e342c149ef8305d568410dbc96,1d5657e342c149ef8305d568410dbc96,standard,0,0,vlm_patches/patient_111_node_2/standard/top_k/patient_111_node_2_standard_top_k_002.png,s3://pershin-medailab/Pathomorphology/CAMELYON/mil/vlm_patches/c17_abmil_vlm_patches_1d5657e342c149ef8305d568410dbc96.tar.gz!/vlm_patches/patient_111_node_2/standard/top_k/patient_111_node_2_standard_top_k_002.png,patient_111_node_2_standard_top_k_002,A,B
c17_native,patient_173,patient_173_node_0,e31e00b633de2941,12288,87296,256,20,0.707916259765625,0,0.0,0,0,top_k,1,1d5657e342c149ef8305d568410dbc96,1d5657e342c149ef8305d568410dbc96,standard,0,0,vlm_patches/patient_173_node_0/standard/top_k/patient_173_node_0_standard_top_k_000.png,s3://pershin-medailab/Pathomorphology/CAMELYON/mil/vlm_patches/c17_abmil_vlm_patches_1d5657e342c149ef8305d568410dbc96.tar.gz!/vlm_patches/patient_173_node_0/standard/top_k/patient_173_node_0_standard_top_k_000.png,patient_173_node_0_standard_top_k_000,A,B
c17_native,patient_173,patient_173_node_0,9f9d99763f64e308,68608,95744,256,20,0.805877685546875,0,0.0,0,0,top_k,2,1d5657e342c149ef8305d568410dbc96,1d5657e342c149ef8305d568410dbc96,standard,0,0,vlm_patches/patient_173_node_0/standard/top_k/patient_173_node_0_standard_top_k_001.png,s3://pershin-medailab/Pathomorphology/CAMELYON/mil/vlm_patches/c17_abmil_vlm_patches_1d5657e342c149ef8305d568410dbc96.tar.gz!/vlm_patches/patient_173_node_0/standard/top_k/patient_173_node_0_standard_top_k_001.png,patient_173_node_0_standard_top_k_001,A,B
c17_native,patient_173,patient_173_node_0,fa682a0abbd4d785,20992,84992,256,20,0.7735137939453125,0,0.0,0,0,top_k,3,1d5657e342c149ef8305d568410dbc96,1d5657e342c149ef8305d568410dbc96,standard,0,0,vlm_patches/patient_173_node_0/standard/top_k/patient_173_node_0_standard_top_k_002.png,s3://pershin-medailab/Pathomorphology/CAMELYON/mil/vlm_patches/c17_abmil_vlm_patches_1d5657e342c149ef8305d568410dbc96.tar.gz!/vlm_patches/patient_173_node_0/standard/top_k/patient_173_node_0_standard_top_k_002.png,patient_173_node_0_standard_top_k_002,A,B
c17_native,patient_196,patient_196_node_2,bdd11afe06cc974a,35840,183040,256,20,0.9761962890625,1,1.0,1,1,top_k,1,1d5657e342c149ef8305d568410dbc96,1d5657e342c149ef8305d568410dbc96,standard,0,0,vlm_patches/patient_196_node_2/standard/top_k/patient_196_node_2_standard_top_k_000.png,s3://pershin-medailab/Pathomorphology/CAMELYON/mil/vlm_patches/c17_abmil_vlm_patches_1d5657e342c149ef8305d568410dbc96.tar.gz!/vlm_patches/patient_196_node_2/standard/top_k/patient_196_node_2_standard_top_k_000.png,patient_196_node_2_standard_top_k_000,A,B
c17_native,patient_196,patient_196_node_2,49b5f94643a2bef5,34560,173056,256,20,0.9943695068359376,1,1.0,1,1,top_k,2,1d5657e342c149ef8305d568410dbc96,1d5657e342c149ef8305d568410dbc96,standard,0,0,vlm_patches/patient_196_node_2/standard/top_k/patient_196_node_2_standard_top_k_001.png,s3://pershin-medailab/Pathomorphology/CAMELYON/mil/vlm_patches/c17_abmil_vlm_patches_1d5657e342c149ef8305d568410dbc96.tar.gz!/vlm_patches/patient_196_node_2/standard/top_k/patient_196_node_2_standard_top_k_001.png,patient_196_node_2_standard_top_k_001,A,B
c17_native,patient_196,patient_196_node_2,339dc5ebbd48b81c,32768,173568,256,20,0.99395751953125,1,1.0,1,1,top_k,3,1d5657e342c149ef8305d568410dbc96,1d5657e342c149ef8305d568410dbc96,standard,0,0,vlm_patches/patient_196_node_2/standard/top_k/patient_196_node_2_standard_top_k_002.png,s3://pershin-medailab/Pathomorphology/CAMELYON/mil/vlm_patches/c17_abmil_vlm_patches_1d5657e342c149ef8305d568410dbc96.tar.gz!/vlm_patches/patient_196_node_2/standard/top_k/patient_196_node_2_standard_top_k_002.png,patient_196_node_2_standard_top_k_002,A,B
c17_native,patient_146,patient_146_node_4,f44e19e34ca0f53e,37632,50176,256,20,0.99542236328125,0,0.0,0,0,top_k,1,1d5657e342c149ef8305d568410dbc96,1d5657e342c149ef8305d568410dbc96,standard,0,0,vlm_patches/patient_146_node_4/standard/top_k/patient_146_node_4_standard_top_k_000.png,s3://pershin-medailab/Pathomorphology/CAMELYON/mil/vlm_patches/c17_abmil_vlm_patches_1d5657e342c149ef8305d568410dbc96.tar.gz!/vlm_patches/patient_146_node_4/standard/top_k/patient_146_node_4_standard_top_k_000.png,patient_146_node_4_standard_top_k_000,A,B
c17_native,patient_146,patient_146_node_4,59e8da39cee0bfd1,37120,51712,256,20,0.9944915771484376,0,0.0,0,0,top_k,2,1d5657e342c149ef8305d568410dbc96,1d5657e342c149ef8305d568410dbc96,standard,0,0,vlm_patches/patient_146_node_4/standard/top_k/patient_146_node_4_standard_top_k_001.png,s3://pershin-medailab/Pathomorphology/CAMELYON/mil/vlm_patches/c17_abmil_vlm_patches_1d5657e342c149ef8305d568410dbc96.tar.gz!/vlm_patches/patient_146_node_4/standard/top_k/patient_146_node_4_standard_top_k_001.png,patient_146_node_4_standard_top_k_001,A,B
c17_native,patient_146,patient_146_node_4,26f0956a185b2a24,40192,44800,256,20,0.996612548828125,0,0.0,0,0,top_k,3,1d5657e342c149ef8305d568410dbc96,1d5657e342c149ef8305d568410dbc96,standard,0,0,vlm_patches/patient_146_node_4/standard/top_k/patient_146_node_4_standard_top_k_002.png,s3://pershin-medailab/Pathomorphology/CAMELYON/mil/vlm_patches/c17_abmil_vlm_patches_1d5657e342c149ef8305d568410dbc96.tar.gz!/vlm_patches/patient_146_node_4/standard/top_k/patient_146_node_4_standard_top_k_002.png,patient_146_node_4_standard_top_k_002,A,B
c17_native,patient_119,patient_119_node_4,4ba44d2b0cc5329f,31744,114176,256,20,0.9481658935546876,0,0.0,0,0,top_k,1,1d5657e342c149ef8305d568410dbc96,1d5657e342c149ef8305d568410dbc96,standard,0,0,vlm_patches/patient_119_node_4/standard/top_k/patient_119_node_4_standard_top_k_000.png,s3://pershin-medailab/Pathomorphology/CAMELYON/mil/vlm_patches/c17_abmil_vlm_patches_1d5657e342c149ef8305d568410dbc96.tar.gz!/vlm_patches/patient_119_node_4/standard/top_k/patient_119_node_4_standard_top_k_000.png,patient_119_node_4_standard_top_k_000,A,B
c17_native,patient_119,patient_119_node_4,b8cd24a8c578f6f9,31744,113920,256,20,0.9963836669921876,0,0.0,0,0,top_k,3,1d5657e342c149ef8305d568410dbc96,1d5657e342c149ef8305d568410dbc96,standard,0,0,vlm_patches/patient_119_node_4/standard/top_k/patient_119_node_4_standard_top_k_002.png,s3://pershin-medailab/Pathomorphology/CAMELYON/mil/vlm_patches/c17_abmil_vlm_patches_1d5657e342c149ef8305d568410dbc96.tar.gz!/vlm_patches/patient_119_node_4/standard/top_k/patient_119_node_4_standard_top_k_002.png,patient_119_node_4_standard_top_k_002,A,B
c17_native,patient_119,patient_119_node_4,4dfcecd24df22d56,28928,111872,256,20,0.9827117919921876,0,0.0,0,0,top_k,5,1d5657e342c149ef8305d568410dbc96,1d5657e342c149ef8305d568410dbc96,standard,0,0,vlm_patches/patient_119_node_4/standard/top_k/patient_119_node_4_standard_top_k_004.png,s3://pershin-medailab/Pathomorphology/CAMELYON/mil/vlm_patches/c17_abmil_vlm_patches_1d5657e342c149ef8305d568410dbc96.tar.gz!/vlm_patches/patient_119_node_4/standard/top_k/patient_119_node_4_standard_top_k_004.png,patient_119_node_4_standard_top_k_004,A,B
c17_native,patient_188,patient_188_node_0,b748ecd219255558,73728,139776,256,20,0.98748779296875,1,1.0,1,1,top_k,1,1d5657e342c149ef8305d568410dbc96,1d5657e342c149ef8305d568410dbc96,standard,0,0,vlm_patches/patient_188_node_0/standard/top_k/patient_188_node_0_standard_top_k_000.png,s3://pershin-medailab/Pathomorphology/CAMELYON/mil/vlm_patches/c17_abmil_vlm_patches_1d5657e342c149ef8305d568410dbc96.tar.gz!/vlm_patches/patient_188_node_0/standard/top_k/patient_188_node_0_standard_top_k_000.png,patient_188_node_0_standard_top_k_000,A,B
c17_native,patient_188,patient_188_node_0,3f4425fc97b205f2,62976,145152,256,20,0.9961700439453124,1,1.0,1,1,top_k,2,1d5657e342c149ef8305d568410dbc96,1d5657e342c149ef8305d568410dbc96,standard,0,0,vlm_patches/patient_188_node_0/standard/top_k/patient_188_node_0_standard_top_k_001.png,s3://pershin-medailab/Pathomorphology/CAMELYON/mil/vlm_patches/c17_abmil_vlm_patches_1d5657e342c149ef8305d568410dbc96.tar.gz!/vlm_patches/patient_188_node_0/standard/top_k/patient_188_node_0_standard_top_k_001.png,patient_188_node_0_standard_top_k_001,A,B
c17_native,patient_188,patient_188_node_0,9b33842d0b76fc3d,65280,133120,256,20,0.9896697998046876,1,1.0,1,1,top_k,3,1d5657e342c149ef8305d568410dbc96,1d5657e342c149ef8305d568410dbc96,standard,0,0,vlm_patches/patient_188_node_0/standard/top_k/patient_188_node_0_standard_top_k_002.png,s3://pershin-medailab/Pathomorphology/CAMELYON/mil/vlm_patches/c17_abmil_vlm_patches_1d5657e342c149ef8305d568410dbc96.tar.gz!/vlm_patches/patient_188_node_0/standard/top_k/patient_188_node_0_standard_top_k_002.png,patient_188_node_0_standard_top_k_002,A,B
c17_native,patient_169,patient_169_node_0,14c6bdbb506d4f80,45312,133376,256,20,0.673553466796875,0,0.0,0,0,top_k,1,1d5657e342c149ef8305d568410dbc96,1d5657e342c149ef8305d568410dbc96,standard,0,0,vlm_patches/patient_169_node_0/standard/top_k/patient_169_node_0_standard_top_k_000.png,s3://pershin-medailab/Pathomorphology/CAMELYON/mil/vlm_patches/c17_abmil_vlm_patches_1d5657e342c149ef8305d568410dbc96.tar.gz!/vlm_patches/patient_169_node_0/standard/top_k/patient_169_node_0_standard_top_k_000.png,patient_169_node_0_standard_top_k_000,A,B
c17_native,patient_169,patient_169_node_0,874da7e4f766fb54,47104,137216,256,20,0.677459716796875,0,0.0,0,0,top_k,2,1d5657e342c149ef8305d568410dbc96,1d5657e342c149ef8305d568410dbc96,standard,0,0,vlm_patches/patient_169_node_0/standard/top_k/patient_169_node_0_standard_top_k_001.png,s3://pershin-medailab/Pathomorphology/CAMELYON/mil/vlm_patches/c17_abmil_vlm_patches_1d5657e342c149ef8305d568410dbc96.tar.gz!/vlm_patches/patient_169_node_0/standard/top_k/patient_169_node_0_standard_top_k_001.png,patient_169_node_0_standard_top_k_001,A,B
c17_native,patient_169,patient_169_node_0,0a7750330cd963e9,33536,118784,256,20,0.7894134521484375,0,0.0,0,0,top_k,3,1d5657e342c149ef8305d568410dbc96,1d5657e342c149ef8305d568410dbc96,standard,0,0,vlm_patches/patient_169_node_0/standard/top_k/patient_169_node_0_standard_top_k_002.png,s3://pershin-medailab/Pathomorphology/CAMELYON/mil/vlm_patches/c17_abmil_vlm_patches_1d5657e342c149ef8305d568410dbc96.tar.gz!/vlm_patches/patient_169_node_0/standard/top_k/patient_169_node_0_standard_top_k_002.png,patient_169_node_0_standard_top_k_002,A,B
c17_native,patient_165,patient_165_node_3,b2ef5f2bce20b24c,77056,163072,256,20,0.957489013671875,0,0.0,0,0,top_k,1,1d5657e342c149ef8305d568410dbc96,1d5657e342c149ef8305d568410dbc96,standard,0,0,vlm_patches/patient_165_node_3/standard/top_k/patient_165_node_3_standard_top_k_000.png,s3://pershin-medailab/Pathomorphology/CAMELYON/mil/vlm_patches/c17_abmil_vlm_patches_1d5657e342c149ef8305d568410dbc96.tar.gz!/vlm_patches/patient_165_node_3/standard/top_k/patient_165_node_3_standard_top_k_000.png,patient_165_node_3_standard_top_k_000,A,B
c17_native,patient_165,patient_165_node_3,2998a0271e979019,73216,79872,256,20,0.97222900390625,0,0.0,0,0,top_k,3,1d5657e342c149ef8305d568410dbc96,1d5657e342c149ef8305d568410dbc96,standard,0,0,vlm_patches/patient_165_node_3/standard/top_k/patient_165_node_3_standard_top_k_002.png,s3://pershin-medailab/Pathomorphology/CAMELYON/mil/vlm_patches/c17_abmil_vlm_patches_1d5657e342c149ef8305d568410dbc96.tar.gz!/vlm_patches/patient_165_node_3/standard/top_k/patient_165_node_3_standard_top_k_002.png,patient_165_node_3_standard_top_k_002,A,B
c17_native,patient_165,patient_165_node_3,2a4d40c836aef29f,72960,79616,256,20,0.9935150146484376,0,0.0,0,0,top_k,5,1d5657e342c149ef8305d568410dbc96,1d5657e342c149ef8305d568410dbc96,standard,0,0,vlm_patches/patient_165_node_3/standard/top_k/patient_165_node_3_standard_top_k_004.png,s3://pershin-medailab/Pathomorphology/CAMELYON/mil/vlm_patches/c17_abmil_vlm_patches_1d5657e342c149ef8305d568410dbc96.tar.gz!/vlm_patches/patient_165_node_3/standard/top_k/patient_165_node_3_standard_top_k_004.png,patient_165_node_3_standard_top_k_004,A,B
c17_native,patient_124,patient_124_node_1,bc996028fab77b89,43776,114432,256,20,0.92095947265625,0,0.0,0,0,top_k,1,1d5657e342c149ef8305d568410dbc96,1d5657e342c149ef8305d568410dbc96,standard,0,0,vlm_patches/patient_124_node_1/standard/top_k/patient_124_node_1_standard_top_k_000.png,s3://pershin-medailab/Pathomorphology/CAMELYON/mil/vlm_patches/c17_abmil_vlm_patches_1d5657e342c149ef8305d568410dbc96.tar.gz!/vlm_patches/patient_124_node_1/standard/top_k/patient_124_node_1_standard_top_k_000.png,patient_124_node_1_standard_top_k_000,A,B
c17_native,patient_124,patient_124_node_1,5317c049e5b3f7af,12544,82176,256,20,0.8785552978515625,0,0.0,0,0,top_k,2,1d5657e342c149ef8305d568410dbc96,1d5657e342c149ef8305d568410dbc96,standard,0,0,vlm_patches/patient_124_node_1/standard/top_k/patient_124_node_1_standard_top_k_001.png,s3://pershin-medailab/Pathomorphology/CAMELYON/mil/vlm_patches/c17_abmil_vlm_patches_1d5657e342c149ef8305d568410dbc96.tar.gz!/vlm_patches/patient_124_node_1/standard/top_k/patient_124_node_1_standard_top_k_001.png,patient_124_node_1_standard_top_k_001,A,B
c17_native,patient_124,patient_124_node_1,87ee24c5c52c3b9c,21248,82176,256,20,0.8932952880859375,0,0.0,0,0,top_k,3,1d5657e342c149ef8305d568410dbc96,1d5657e342c149ef8305d568410dbc96,standard,0,0,vlm_patches/patient_124_node_1/standard/top_k/patient_124_node_1_standard_top_k_002.png,s3://pershin-medailab/Pathomorphology/CAMELYON/mil/vlm_patches/c17_abmil_vlm_patches_1d5657e342c149ef8305d568410dbc96.tar.gz!/vlm_patches/patient_124_node_1/standard/top_k/patient_124_node_1_standard_top_k_002.png,patient_124_node_1_standard_top_k_002,A,B
c17_native,patient_171,patient_171_node_2,b2f18495ebba79d8,125184,60160,256,20,0.9083709716796876,1,1.0,1,1,top_k,1,1d5657e342c149ef8305d568410dbc96,1d5657e342c149ef8305d568410dbc96,standard,0,0,vlm_patches/patient_171_node_2/standard/top_k/patient_171_node_2_standard_top_k_000.png,s3://pershin-medailab/Pathomorphology/CAMELYON/mil/vlm_patches/c17_abmil_vlm_patches_1d5657e342c149ef8305d568410dbc96.tar.gz!/vlm_patches/patient_171_node_2/standard/top_k/patient_171_node_2_standard_top_k_000.png,patient_171_node_2_standard_top_k_000,A,B
c17_native,patient_171,patient_171_node_2,0df7842beca051ea,136704,58880,256,20,0.9633331298828124,1,1.0,1,1,top_k,2,1d5657e342c149ef8305d568410dbc96,1d5657e342c149ef8305d568410dbc96,standard,0,0,vlm_patches/patient_171_node_2/standard/top_k/patient_171_node_2_standard_top_k_001.png,s3://pershin-medailab/Pathomorphology/CAMELYON/mil/vlm_patches/c17_abmil_vlm_patches_1d5657e342c149ef8305d568410dbc96.tar.gz!/vlm_patches/patient_171_node_2/standard/top_k/patient_171_node_2_standard_top_k_001.png,patient_171_node_2_standard_top_k_001,A,B
c17_native,patient_171,patient_171_node_2,12356e2cde3668d4,128768,66560,256,20,0.9085235595703124,1,1.0,1,1,top_k,3,1d5657e342c149ef8305d568410dbc96,1d5657e342c149ef8305d568410dbc96,standard,0,0,vlm_patches/patient_171_node_2/standard/top_k/patient_171_node_2_standard_top_k_002.png,s3://pershin-medailab/Pathomorphology/CAMELYON/mil/vlm_patches/c17_abmil_vlm_patches_1d5657e342c149ef8305d568410dbc96.tar.gz!/vlm_patches/patient_171_node_2/standard/top_k/patient_171_node_2_standard_top_k_002.png,patient_171_node_2_standard_top_k_002,A,B
c17_native,patient_192,patient_192_node_2,e62a0b009ace312e,27136,51456,256,20,0.8580169677734375,1,1.0,1,1,top_k,1,1d5657e342c149ef8305d568410dbc96,1d5657e342c149ef8305d568410dbc96,standard,0,0,vlm_patches/patient_192_node_2/standard/top_k/patient_192_node_2_standard_top_k_000.png,s3://pershin-medailab/Pathomorphology/CAMELYON/mil/vlm_patches/c17_abmil_vlm_patches_1d5657e342c149ef8305d568410dbc96.tar.gz!/vlm_patches/patient_192_node_2/standard/top_k/patient_192_node_2_standard_top_k_000.png,patient_192_node_2_standard_top_k_000,A,B
c17_native,patient_192,patient_192_node_2,11f9d4664dab6be3,26880,51456,256,20,0.878662109375,1,1.0,1,1,top_k,3,1d5657e342c149ef8305d568410dbc96,1d5657e342c149ef8305d568410dbc96,standard,0,0,vlm_patches/patient_192_node_2/standard/top_k/patient_192_node_2_standard_top_k_002.png,s3://pershin-medailab/Pathomorphology/CAMELYON/mil/vlm_patches/c17_abmil_vlm_patches_1d5657e342c149ef8305d568410dbc96.tar.gz!/vlm_patches/patient_192_node_2/standard/top_k/patient_192_node_2_standard_top_k_002.png,patient_192_node_2_standard_top_k_002,A,B
c17_native,patient_192,patient_192_node_2,edeebdd6eedad5ca,28672,51968,256,20,0.79827880859375,1,1.0,1,1,top_k,4,1d5657e342c149ef8305d568410dbc96,1d5657e342c149ef8305d568410dbc96,standard,0,0,vlm_patches/patient_192_node_2/standard/top_k/patient_192_node_2_standard_top_k_003.png,s3://pershin-medailab/Pathomorphology/CAMELYON/mil/vlm_patches/c17_abmil_vlm_patches_1d5657e342c149ef8305d568410dbc96.tar.gz!/vlm_patches/patient_192_node_2/standard/top_k/patient_192_node_2_standard_top_k_003.png,patient_192_node_2_standard_top_k_003,A,B
c17_native,patient_108,patient_108_node_4,f5acb6f75c5f2cb0,26880,98560,256,20,0.93463134765625,0,0.0,0,0,top_k,1,1d5657e342c149ef8305d568410dbc96,1d5657e342c149ef8305d568410dbc96,standard,0,0,vlm_patches/patient_108_node_4/standard/top_k/patient_108_node_4_standard_top_k_000.png,s3://pershin-medailab/Pathomorphology/CAMELYON/mil/vlm_patches/c17_abmil_vlm_patches_1d5657e342c149ef8305d568410dbc96.tar.gz!/vlm_patches/patient_108_node_4/standard/top_k/patient_108_node_4_standard_top_k_000.png,patient_108_node_4_standard_top_k_000,A,B
c17_native,patient_108,patient_108_node_4,2c8bd487e4b2ac5a,28416,101120,256,20,0.9956207275390624,0,0.0,0,0,top_k,2,1d5657e342c149ef8305d568410dbc96,1d5657e342c149ef8305d568410dbc96,standard,0,0,vlm_patches/patient_108_node_4/standard/top_k/patient_108_node_4_standard_top_k_001.png,s3://pershin-medailab/Pathomorphology/CAMELYON/mil/vlm_patches/c17_abmil_vlm_patches_1d5657e342c149ef8305d568410dbc96.tar.gz!/vlm_patches/patient_108_node_4/standard/top_k/patient_108_node_4_standard_top_k_001.png,patient_108_node_4_standard_top_k_001,A,B
c17_native,patient_108,patient_108_node_4,a70a2eb023163b30,27648,100096,256,20,0.951385498046875,0,0.0,0,0,top_k,3,1d5657e342c149ef8305d568410dbc96,1d5657e342c149ef8305d568410dbc96,standard,0,0,vlm_patches/patient_108_node_4/standard/top_k/patient_108_node_4_standard_top_k_002.png,s3://pershin-medailab/Pathomorphology/CAMELYON/mil/vlm_patches/c17_abmil_vlm_patches_1d5657e342c149ef8305d568410dbc96.tar.gz!/vlm_patches/patient_108_node_4/standard/top_k/patient_108_node_4_standard_top_k_002.png,patient_108_node_4_standard_top_k_002,A,B
c17_native,patient_184,patient_184_node_0,ff4dbf551617a2c6,44800,127232,256,20,0.9498748779296876,0,0.0,0,0,top_k,1,1d5657e342c149ef8305d568410dbc96,1d5657e342c149ef8305d568410dbc96,standard,0,0,vlm_patches/patient_184_node_0/standard/top_k/patient_184_node_0_standard_top_k_000.png,s3://pershin-medailab/Pathomorphology/CAMELYON/mil/vlm_patches/c17_abmil_vlm_patches_1d5657e342c149ef8305d568410dbc96.tar.gz!/vlm_patches/patient_184_node_0/standard/top_k/patient_184_node_0_standard_top_k_000.png,patient_184_node_0_standard_top_k_000,A,B
c17_native,patient_184,patient_184_node_0,3d5103d5f86316a1,53760,135168,256,20,0.79229736328125,0,0.0,0,0,top_k,2,1d5657e342c149ef8305d568410dbc96,1d5657e342c149ef8305d568410dbc96,standard,0,0,vlm_patches/patient_184_node_0/standard/top_k/patient_184_node_0_standard_top_k_001.png,s3://pershin-medailab/Pathomorphology/CAMELYON/mil/vlm_patches/c17_abmil_vlm_patches_1d5657e342c149ef8305d568410dbc96.tar.gz!/vlm_patches/patient_184_node_0/standard/top_k/patient_184_node_0_standard_top_k_001.png,patient_184_node_0_standard_top_k_001,A,B
c17_native,patient_184,patient_184_node_0,100125998eccc4b2,47104,129024,256,20,0.94342041015625,0,0.0,0,0,top_k,3,1d5657e342c149ef8305d568410dbc96,1d5657e342c149ef8305d568410dbc96,standard,0,0,vlm_patches/patient_184_node_0/standard/top_k/patient_184_node_0_standard_top_k_002.png,s3://pershin-medailab/Pathomorphology/CAMELYON/mil/vlm_patches/c17_abmil_vlm_patches_1d5657e342c149ef8305d568410dbc96.tar.gz!/vlm_patches/patient_184_node_0/standard/top_k/patient_184_node_0_standard_top_k_002.png,patient_184_node_0_standard_top_k_002,A,B
c17_native,patient_124,patient_124_node_4,323064911cc279ce,25344,74752,256,20,0.911865234375,0,0.0,0,0,top_k,1,1d5657e342c149ef8305d568410dbc96,1d5657e342c149ef8305d568410dbc96,standard,0,0,vlm_patches/patient_124_node_4/standard/top_k/patient_124_node_4_standard_top_k_000.png,s3://pershin-medailab/Pathomorphology/CAMELYON/mil/vlm_patches/c17_abmil_vlm_patches_1d5657e342c149ef8305d568410dbc96.tar.gz!/vlm_patches/patient_124_node_4/standard/top_k/patient_124_node_4_standard_top_k_000.png,patient_124_node_4_standard_top_k_000,A,B
c17_native,patient_124,patient_124_node_4,b0ba3cbffadf9bbe,26624,63232,256,20,0.8892822265625,0,0.0,0,0,top_k,2,1d5657e342c149ef8305d568410dbc96,1d5657e342c149ef8305d568410dbc96,standard,0,0,vlm_patches/patient_124_node_4/standard/top_k/patient_124_node_4_standard_top_k_001.png,s3://pershin-medailab/Pathomorphology/CAMELYON/mil/vlm_patches/c17_abmil_vlm_patches_1d5657e342c149ef8305d568410dbc96.tar.gz!/vlm_patches/patient_124_node_4/standard/top_k/patient_124_node_4_standard_top_k_001.png,patient_124_node_4_standard_top_k_001,A,B
c17_native,patient_124,patient_124_node_4,35439cda57bccc97,26624,76288,256,20,0.9034271240234376,0,0.0,0,0,top_k,3,1d5657e342c149ef8305d568410dbc96,1d5657e342c149ef8305d568410dbc96,standard,0,0,vlm_patches/patient_124_node_4/standard/top_k/patient_124_node_4_standard_top_k_002.png,s3://pershin-medailab/Pathomorphology/CAMELYON/mil/vlm_patches/c17_abmil_vlm_patches_1d5657e342c149ef8305d568410dbc96.tar.gz!/vlm_patches/patient_124_node_4/standard/top_k/patient_124_node_4_standard_top_k_002.png,patient_124_node_4_standard_top_k_002,A,B
c17_native,patient_147,patient_147_node_2,6de40783740f5833,56832,87040,256,20,0.71343994140625,1,1.0,1,1,top_k,1,1d5657e342c149ef8305d568410dbc96,1d5657e342c149ef8305d568410dbc96,standard,0,0,vlm_patches/patient_147_node_2/standard/top_k/patient_147_node_2_standard_top_k_000.png,s3://pershin-medailab/Pathomorphology/CAMELYON/mil/vlm_patches/c17_abmil_vlm_patches_1d5657e342c149ef8305d568410dbc96.tar.gz!/vlm_patches/patient_147_node_2/standard/top_k/patient_147_node_2_standard_top_k_000.png,patient_147_node_2_standard_top_k_000,A,B
c17_native,patient_147,patient_147_node_2,5d59a15424198187,21248,99840,256,20,0.62286376953125,1,1.0,1,1,top_k,2,1d5657e342c149ef8305d568410dbc96,1d5657e342c149ef8305d568410dbc96,standard,0,0,vlm_patches/patient_147_node_2/standard/top_k/patient_147_node_2_standard_top_k_001.png,s3://pershin-medailab/Pathomorphology/CAMELYON/mil/vlm_patches/c17_abmil_vlm_patches_1d5657e342c149ef8305d568410dbc96.tar.gz!/vlm_patches/patient_147_node_2/standard/top_k/patient_147_node_2_standard_top_k_001.png,patient_147_node_2_standard_top_k_001,A,B
c17_native,patient_147,patient_147_node_2,5b5ed71e647d6bcf,22784,100864,256,20,0.69317626953125,1,1.0,1,1,top_k,3,1d5657e342c149ef8305d568410dbc96,1d5657e342c149ef8305d568410dbc96,standard,0,0,vlm_patches/patient_147_node_2/standard/top_k/patient_147_node_2_standard_top_k_002.png,s3://pershin-medailab/Pathomorphology/CAMELYON/mil/vlm_patches/c17_abmil_vlm_patches_1d5657e342c149ef8305d568410dbc96.tar.gz!/vlm_patches/patient_147_node_2/standard/top_k/patient_147_node_2_standard_top_k_002.png,patient_147_node_2_standard_top_k_002,A,B
c17_native,patient_178,patient_178_node_4,23ecb42234af592d,6912,48128,256,20,0.518341064453125,0,0.0,0,0,top_k,1,1d5657e342c149ef8305d568410dbc96,1d5657e342c149ef8305d568410dbc96,standard,0,0,vlm_patches/patient_178_node_4/standard/top_k/patient_178_node_4_standard_top_k_000.png,s3://pershin-medailab/Pathomorphology/CAMELYON/mil/vlm_patches/c17_abmil_vlm_patches_1d5657e342c149ef8305d568410dbc96.tar.gz!/vlm_patches/patient_178_node_4/standard/top_k/patient_178_node_4_standard_top_k_000.png,patient_178_node_4_standard_top_k_000,A,B
c17_native,patient_178,patient_178_node_4,c59a244a6aa087d1,8448,44544,256,20,0.65570068359375,0,0.0,0,0,top_k,2,1d5657e342c149ef8305d568410dbc96,1d5657e342c149ef8305d568410dbc96,standard,0,0,vlm_patches/patient_178_node_4/standard/top_k/patient_178_node_4_standard_top_k_001.png,s3://pershin-medailab/Pathomorphology/CAMELYON/mil/vlm_patches/c17_abmil_vlm_patches_1d5657e342c149ef8305d568410dbc96.tar.gz!/vlm_patches/patient_178_node_4/standard/top_k/patient_178_node_4_standard_top_k_001.png,patient_178_node_4_standard_top_k_001,A,B
c17_native,patient_178,patient_178_node_4,280dd09027ff1148,7424,46592,256,20,0.4733428955078125,0,0.0,0,0,top_k,3,1d5657e342c149ef8305d568410dbc96,1d5657e342c149ef8305d568410dbc96,standard,0,0,vlm_patches/patient_178_node_4/standard/top_k/patient_178_node_4_standard_top_k_002.png,s3://pershin-medailab/Pathomorphology/CAMELYON/mil/vlm_patches/c17_abmil_vlm_patches_1d5657e342c149ef8305d568410dbc96.tar.gz!/vlm_patches/patient_178_node_4/standard/top_k/patient_178_node_4_standard_top_k_002.png,patient_178_node_4_standard_top_k_002,A,B
c17_native,patient_187,patient_187_node_2,96bb0b12dbbca41e,62464,17152,256,20,0.355682373046875,1,1.0,1,1,top_k,1,1d5657e342c149ef8305d568410dbc96,1d5657e342c149ef8305d568410dbc96,standard,0,0,vlm_patches/patient_187_node_2/standard/top_k/patient_187_node_2_standard_top_k_000.png,s3://pershin-medailab/Pathomorphology/CAMELYON/mil/vlm_patches/c17_abmil_vlm_patches_1d5657e342c149ef8305d568410dbc96.tar.gz!/vlm_patches/patient_187_node_2/standard/top_k/patient_187_node_2_standard_top_k_000.png,patient_187_node_2_standard_top_k_000,A,B
c17_native,patient_187,patient_187_node_2,70106a83868a4705,69376,14336,256,20,0.6252593994140625,1,1.0,1,1,top_k,2,1d5657e342c149ef8305d568410dbc96,1d5657e342c149ef8305d568410dbc96,standard,0,0,vlm_patches/patient_187_node_2/standard/top_k/patient_187_node_2_standard_top_k_001.png,s3://pershin-medailab/Pathomorphology/CAMELYON/mil/vlm_patches/c17_abmil_vlm_patches_1d5657e342c149ef8305d568410dbc96.tar.gz!/vlm_patches/patient_187_node_2/standard/top_k/patient_187_node_2_standard_top_k_001.png,patient_187_node_2_standard_top_k_001,A,B
c17_native,patient_187,patient_187_node_2,3ca9912217b8ed24,67072,15872,256,20,0.59356689453125,1,1.0,1,1,top_k,3,1d5657e342c149ef8305d568410dbc96,1d5657e342c149ef8305d568410dbc96,standard,0,0,vlm_patches/patient_187_node_2/standard/top_k/patient_187_node_2_standard_top_k_002.png,s3://pershin-medailab/Pathomorphology/CAMELYON/mil/vlm_patches/c17_abmil_vlm_patches_1d5657e342c149ef8305d568410dbc96.tar.gz!/vlm_patches/patient_187_node_2/standard/top_k/patient_187_node_2_standard_top_k_002.png,patient_187_node_2_standard_top_k_002,A,B
c17_native,patient_154,patient_154_node_4,c7e4ac88c63db8ec,86016,53248,256,20,0.7367706298828125,0,0.0,0,0,top_k,1,1d5657e342c149ef8305d568410dbc96,1d5657e342c149ef8305d568410dbc96,standard,0,0,vlm_patches/patient_154_node_4/standard/top_k/patient_154_node_4_standard_top_k_000.png,s3://pershin-medailab/Pathomorphology/CAMELYON/mil/vlm_patches/c17_abmil_vlm_patches_1d5657e342c149ef8305d568410dbc96.tar.gz!/vlm_patches/patient_154_node_4/standard/top_k/patient_154_node_4_standard_top_k_000.png,patient_154_node_4_standard_top_k_000,A,B
c17_native,patient_154,patient_154_node_4,4a23e5738b5b405c,86272,52992,256,20,0.78216552734375,0,0.0,0,0,top_k,2,1d5657e342c149ef8305d568410dbc96,1d5657e342c149ef8305d568410dbc96,standard,0,0,vlm_patches/patient_154_node_4/standard/top_k/patient_154_node_4_standard_top_k_001.png,s3://pershin-medailab/Pathomorphology/CAMELYON/mil/vlm_patches/c17_abmil_vlm_patches_1d5657e342c149ef8305d568410dbc96.tar.gz!/vlm_patches/patient_154_node_4/standard/top_k/patient_154_node_4_standard_top_k_001.png,patient_154_node_4_standard_top_k_001,A,B
c17_native,patient_154,patient_154_node_4,9a790d4f7834937b,85760,52480,256,20,0.841766357421875,0,0.0,0,0,top_k,3,1d5657e342c149ef8305d568410dbc96,1d5657e342c149ef8305d568410dbc96,standard,0,0,vlm_patches/patient_154_node_4/standard/top_k/patient_154_node_4_standard_top_k_002.png,s3://pershin-medailab/Pathomorphology/CAMELYON/mil/vlm_patches/c17_abmil_vlm_patches_1d5657e342c149ef8305d568410dbc96.tar.gz!/vlm_patches/patient_154_node_4/standard/top_k/patient_154_node_4_standard_top_k_002.png,patient_154_node_4_standard_top_k_002,A,B
c17_native,patient_158,patient_158_node_4,5109678cc6956825,52992,131328,256,20,0.9274444580078124,0,0.0,0,0,top_k,1,1d5657e342c149ef8305d568410dbc96,1d5657e342c149ef8305d568410dbc96,standard,0,0,vlm_patches/patient_158_node_4/standard/top_k/patient_158_node_4_standard_top_k_000.png,s3://pershin-medailab/Pathomorphology/CAMELYON/mil/vlm_patches/c17_abmil_vlm_patches_1d5657e342c149ef8305d568410dbc96.tar.gz!/vlm_patches/patient_158_node_4/standard/top_k/patient_158_node_4_standard_top_k_000.png,patient_158_node_4_standard_top_k_000,A,B
c17_native,patient_158,patient_158_node_4,9aea3b6f45f858d7,45568,123392,256,20,0.9689483642578124,0,0.0,0,0,top_k,2,1d5657e342c149ef8305d568410dbc96,1d5657e342c149ef8305d568410dbc96,standard,0,0,vlm_patches/patient_158_node_4/standard/top_k/patient_158_node_4_standard_top_k_001.png,s3://pershin-medailab/Pathomorphology/CAMELYON/mil/vlm_patches/c17_abmil_vlm_patches_1d5657e342c149ef8305d568410dbc96.tar.gz!/vlm_patches/patient_158_node_4/standard/top_k/patient_158_node_4_standard_top_k_001.png,patient_158_node_4_standard_top_k_001,A,B
c17_native,patient_158,patient_158_node_4,92c9975b335d2fd4,51968,133888,256,20,0.974090576171875,0,0.0,0,0,top_k,3,1d5657e342c149ef8305d568410dbc96,1d5657e342c149ef8305d568410dbc96,standard,0,0,vlm_patches/patient_158_node_4/standard/top_k/patient_158_node_4_standard_top_k_002.png,s3://pershin-medailab/Pathomorphology/CAMELYON/mil/vlm_patches/c17_abmil_vlm_patches_1d5657e342c149ef8305d568410dbc96.tar.gz!/vlm_patches/patient_158_node_4/standard/top_k/patient_158_node_4_standard_top_k_002.png,patient_158_node_4_standard_top_k_002,A,B
c17_native,patient_143,patient_143_node_2,2f63d24e010a9688,110080,12544,256,20,0.947357177734375,0,0.0,0,0,top_k,1,1d5657e342c149ef8305d568410dbc96,1d5657e342c149ef8305d568410dbc96,standard,0,0,vlm_patches/patient_143_node_2/standard/top_k/patient_143_node_2_standard_top_k_000.png,s3://pershin-medailab/Pathomorphology/CAMELYON/mil/vlm_patches/c17_abmil_vlm_patches_1d5657e342c149ef8305d568410dbc96.tar.gz!/vlm_patches/patient_143_node_2/standard/top_k/patient_143_node_2_standard_top_k_000.png,patient_143_node_2_standard_top_k_000,A,B
c17_native,patient_143,patient_143_node_2,8f08390415328ad5,106496,7936,256,20,0.9395751953125,0,0.0,0,0,top_k,2,1d5657e342c149ef8305d568410dbc96,1d5657e342c149ef8305d568410dbc96,standard,0,0,vlm_patches/patient_143_node_2/standard/top_k/patient_143_node_2_standard_top_k_001.png,s3://pershin-medailab/Pathomorphology/CAMELYON/mil/vlm_patches/c17_abmil_vlm_patches_1d5657e342c149ef8305d568410dbc96.tar.gz!/vlm_patches/patient_143_node_2/standard/top_k/patient_143_node_2_standard_top_k_001.png,patient_143_node_2_standard_top_k_001,A,B
c17_native,patient_143,patient_143_node_2,77eb23624043db9b,106240,7936,256,20,0.9451446533203124,0,0.0,0,0,top_k,3,1d5657e342c149ef8305d568410dbc96,1d5657e342c149ef8305d568410dbc96,standard,0,0,vlm_patches/patient_143_node_2/standard/top_k/patient_143_node_2_standard_top_k_002.png,s3://pershin-medailab/Pathomorphology/CAMELYON/mil/vlm_patches/c17_abmil_vlm_patches_1d5657e342c149ef8305d568410dbc96.tar.gz!/vlm_patches/patient_143_node_2/standard/top_k/patient_143_node_2_standard_top_k_002.png,patient_143_node_2_standard_top_k_002,A,B
