dataset,patient_id,slide_id,region_uid,x,y,tile_size,mag,tissue_fraction,tumor_mask_overlap,tumor_overlap_fraction,tumor_mask_overlap_center,tumor_mask_overlap_area20,selection_source,rank,task_id,model_hash,context_set,is_diverse,random_seed,relative_path,minio_path,patch_uid
c17_native,patient_195,patient_195_node_0,e68b3666e4c78139,38144,172544,256,20,0.9909210205078124,1,1.0,1,1,top_k,1,1d5657e342c149ef8305d568410dbc96,1d5657e342c149ef8305d568410dbc96,standard,0,0,vlm_patches/patient_195_node_0/standard/top_k/patient_195_node_0_standard_top_k_000.png,s3://pershin-medailab/Pathomorphology/CAMELYON/mil/vlm_patches/c17_abmil_vlm_patches_1d5657e342c149ef8305d568410dbc96.tar.gz!/vlm_patches/patient_195_node_0/standard/top_k/patient_195_node_0_standard_top_k_000.png,patient_195_node_0_standard_top_k_000
c17_native,patient_195,patient_195_node_0,ba7be4b1d8377bbe,38656,71424,256,20,0.9897003173828124,1,1.0,1,1,top_k,2,1d5657e342c149ef8305d568410dbc96,1d5657e342c149ef8305d568410dbc96,standard,0,0,vlm_patches/patient_195_node_0/standard/top_k/patient_195_node_0_standard_top_k_001.png,s3://pershin-medailab/Pathomorphology/CAMELYON/mil/vlm_patches/c17_abmil_vlm_patches_1d5657e342c149ef8305d568410dbc96.tar.gz!/vlm_patches/patient_195_node_0/standard/top_k/patient_195_node_0_standard_top_k_001.png,patient_195_node_0_standard_top_k_001
c17_native,patient_195,patient_195_node_0,7fe5c055ed078170,39680,171520,256,20,0.9461822509765624,1,1.0,1,1,top_k,3,1d5657e342c149ef8305d568410dbc96,1d5657e342c149ef8305d568410dbc96,standard,0,0,vlm_patches/patient_195_node_0/standard/top_k/patient_195_node_0_standard_top_k_002.png,s3://pershin-medailab/Pathomorphology/CAMELYON/mil/vlm_patches/c17_abmil_vlm_patches_1d5657e342c149ef8305d568410dbc96.tar.gz!/vlm_patches/patient_195_node_0/standard/top_k/patient_195_node_0_standard_top_k_002.png,patient_195_node_0_standard_top_k_002
c17_native,patient_162,patient_162_node_4,c58fcd01350294cc,15872,45824,256,20,0.9615325927734376,0,0.0,0,0,top_k,1,1d5657e342c149ef8305d568410dbc96,1d5657e342c149ef8305d568410dbc96,standard,0,0,vlm_patches/patient_162_node_4/standard/top_k/patient_162_node_4_standard_top_k_000.png,s3://pershin-medailab/Pathomorphology/CAMELYON/mil/vlm_patches/c17_abmil_vlm_patches_1d5657e342c149ef8305d568410dbc96.tar.gz!/vlm_patches/patient_162_node_4/standard/top_k/patient_162_node_4_standard_top_k_000.png,patient_162_node_4_standard_top_k_000
c17_native,patient_162,patient_162_node_4,e40e072b0c2616bb,7680,36608,256,20,0.1716156005859375,0,0.0,0,0,top_k,2,1d5657e342c149ef8305d568410dbc96,1d5657e342c149ef8305d568410dbc96,standard,0,0,vlm_patches/patient_162_node_4/standard/top_k/patient_162_node_4_standard_top_k_001.png,s3://pershin-medailab/Pathomorphology/CAMELYON/mil/vlm_patches/c17_abmil_vlm_patches_1d5657e342c149ef8305d568410dbc96.tar.gz!/vlm_patches/patient_162_node_4/standard/top_k/patient_162_node_4_standard_top_k_001.png,patient_162_node_4_standard_top_k_001
c17_native,patient_162,patient_162_node_4,cc96165ef430cdc3,102656,43008,256,20,0.966522216796875,0,0.0,0,0,top_k,3,1d5657e342c149ef8305d568410dbc96,1d5657e342c149ef8305d568410dbc96,standard,0,0,vlm_patches/patient_162_node_4/standard/top_k/patient_162_node_4_standard_top_k_002.png,s3://pershin-medailab/Pathomorphology/CAMELYON/mil/vlm_patches/c17_abmil_vlm_patches_1d5657e342c149ef8305d568410dbc96.tar.gz!/vlm_patches/patient_162_node_4/standard/top_k/patient_162_node_4_standard_top_k_002.png,patient_162_node_4_standard_top_k_002
c17_native,patient_114,patient_114_node_4,fabfd38377d927f5,36608,105984,256,20,0.673248291015625,0,0.0,0,0,top_k,1,1d5657e342c149ef8305d568410dbc96,1d5657e342c149ef8305d568410dbc96,standard,0,0,vlm_patches/patient_114_node_4/standard/top_k/patient_114_node_4_standard_top_k_000.png,s3://pershin-medailab/Pathomorphology/CAMELYON/mil/vlm_patches/c17_abmil_vlm_patches_1d5657e342c149ef8305d568410dbc96.tar.gz!/vlm_patches/patient_114_node_4/standard/top_k/patient_114_node_4_standard_top_k_000.png,patient_114_node_4_standard_top_k_000
c17_native,patient_114,patient_114_node_4,ca912f59c66330c2,36096,106496,256,20,0.5460357666015625,0,0.0,0,0,top_k,2,1d5657e342c149ef8305d568410dbc96,1d5657e342c149ef8305d568410dbc96,standard,0,0,vlm_patches/patient_114_node_4/standard/top_k/patient_114_node_4_standard_top_k_001.png,s3://pershin-medailab/Pathomorphology/CAMELYON/mil/vlm_patches/c17_abmil_vlm_patches_1d5657e342c149ef8305d568410dbc96.tar.gz!/vlm_patches/patient_114_node_4/standard/top_k/patient_114_node_4_standard_top_k_001.png,patient_114_node_4_standard_top_k_001
c17_native,patient_114,patient_114_node_4,18754c5a7d9dcd38,39168,172800,256,20,0.3863067626953125,0,0.0,0,0,top_k,3,1d5657e342c149ef8305d568410dbc96,1d5657e342c149ef8305d568410dbc96,standard,0,0,vlm_patches/patient_114_node_4/standard/top_k/patient_114_node_4_standard_top_k_002.png,s3://pershin-medailab/Pathomorphology/CAMELYON/mil/vlm_patches/c17_abmil_vlm_patches_1d5657e342c149ef8305d568410dbc96.tar.gz!/vlm_patches/patient_114_node_4/standard/top_k/patient_114_node_4_standard_top_k_002.png,patient_114_node_4_standard_top_k_002
c17_native,patient_104,patient_104_node_4,13d6fff2187bd842,109056,59136,256,20,0.969573974609375,0,0.0,0,0,top_k,1,1d5657e342c149ef8305d568410dbc96,1d5657e342c149ef8305d568410dbc96,standard,0,0,vlm_patches/patient_104_node_4/standard/top_k/patient_104_node_4_standard_top_k_000.png,s3://pershin-medailab/Pathomorphology/CAMELYON/mil/vlm_patches/c17_abmil_vlm_patches_1d5657e342c149ef8305d568410dbc96.tar.gz!/vlm_patches/patient_104_node_4/standard/top_k/patient_104_node_4_standard_top_k_000.png,patient_104_node_4_standard_top_k_000
c17_native,patient_104,patient_104_node_4,850ba3b1bcbc0f7e,85760,65536,256,20,0.997711181640625,0,0.0,0,0,top_k,2,1d5657e342c149ef8305d568410dbc96,1d5657e342c149ef8305d568410dbc96,standard,0,0,vlm_patches/patient_104_node_4/standard/top_k/patient_104_node_4_standard_top_k_001.png,s3://pershin-medailab/Pathomorphology/CAMELYON/mil/vlm_patches/c17_abmil_vlm_patches_1d5657e342c149ef8305d568410dbc96.tar.gz!/vlm_patches/patient_104_node_4/standard/top_k/patient_104_node_4_standard_top_k_001.png,patient_104_node_4_standard_top_k_001
c17_native,patient_104,patient_104_node_4,8cde98d63114d217,88320,65536,256,20,0.9974822998046876,0,0.0,0,0,top_k,3,1d5657e342c149ef8305d568410dbc96,1d5657e342c149ef8305d568410dbc96,standard,0,0,vlm_patches/patient_104_node_4/standard/top_k/patient_104_node_4_standard_top_k_002.png,s3://pershin-medailab/Pathomorphology/CAMELYON/mil/vlm_patches/c17_abmil_vlm_patches_1d5657e342c149ef8305d568410dbc96.tar.gz!/vlm_patches/patient_104_node_4/standard/top_k/patient_104_node_4_standard_top_k_002.png,patient_104_node_4_standard_top_k_002
c17_native,patient_152,patient_152_node_4,934e70299ceeb46a,57600,175616,256,20,0.7698822021484375,0,0.0,0,0,top_k,1,1d5657e342c149ef8305d568410dbc96,1d5657e342c149ef8305d568410dbc96,standard,0,0,vlm_patches/patient_152_node_4/standard/top_k/patient_152_node_4_standard_top_k_000.png,s3://pershin-medailab/Pathomorphology/CAMELYON/mil/vlm_patches/c17_abmil_vlm_patches_1d5657e342c149ef8305d568410dbc96.tar.gz!/vlm_patches/patient_152_node_4/standard/top_k/patient_152_node_4_standard_top_k_000.png,patient_152_node_4_standard_top_k_000
c17_native,patient_152,patient_152_node_4,be2ba823c67068f8,25600,118272,256,20,0.9084014892578124,0,0.0,0,0,top_k,2,1d5657e342c149ef8305d568410dbc96,1d5657e342c149ef8305d568410dbc96,standard,0,0,vlm_patches/patient_152_node_4/standard/top_k/patient_152_node_4_standard_top_k_001.png,s3://pershin-medailab/Pathomorphology/CAMELYON/mil/vlm_patches/c17_abmil_vlm_patches_1d5657e342c149ef8305d568410dbc96.tar.gz!/vlm_patches/patient_152_node_4/standard/top_k/patient_152_node_4_standard_top_k_001.png,patient_152_node_4_standard_top_k_001
c17_native,patient_152,patient_152_node_4,a5d5d55be73f77fd,57600,177408,256,20,0.9296417236328124,0,0.0,0,0,top_k,3,1d5657e342c149ef8305d568410dbc96,1d5657e342c149ef8305d568410dbc96,standard,0,0,vlm_patches/patient_152_node_4/standard/top_k/patient_152_node_4_standard_top_k_002.png,s3://pershin-medailab/Pathomorphology/CAMELYON/mil/vlm_patches/c17_abmil_vlm_patches_1d5657e342c149ef8305d568410dbc96.tar.gz!/vlm_patches/patient_152_node_4/standard/top_k/patient_152_node_4_standard_top_k_002.png,patient_152_node_4_standard_top_k_002
c17_native,patient_113,patient_113_node_4,3f0848b98ce67ae6,16896,163840,256,20,0.7103729248046875,0,0.0,0,0,top_k,1,1d5657e342c149ef8305d568410dbc96,1d5657e342c149ef8305d568410dbc96,standard,0,0,vlm_patches/patient_113_node_4/standard/top_k/patient_113_node_4_standard_top_k_000.png,s3://pershin-medailab/Pathomorphology/CAMELYON/mil/vlm_patches/c17_abmil_vlm_patches_1d5657e342c149ef8305d568410dbc96.tar.gz!/vlm_patches/patient_113_node_4/standard/top_k/patient_113_node_4_standard_top_k_000.png,patient_113_node_4_standard_top_k_000
c17_native,patient_113,patient_113_node_4,52ac48bdcbb742c8,17152,164352,256,20,0.6082305908203125,0,0.0,0,0,top_k,2,1d5657e342c149ef8305d568410dbc96,1d5657e342c149ef8305d568410dbc96,standard,0,0,vlm_patches/patient_113_node_4/standard/top_k/patient_113_node_4_standard_top_k_001.png,s3://pershin-medailab/Pathomorphology/CAMELYON/mil/vlm_patches/c17_abmil_vlm_patches_1d5657e342c149ef8305d568410dbc96.tar.gz!/vlm_patches/patient_113_node_4/standard/top_k/patient_113_node_4_standard_top_k_001.png,patient_113_node_4_standard_top_k_001
c17_native,patient_113,patient_113_node_4,7a5ffd88a043fb6e,45056,104960,256,20,0.9814300537109376,0,0.0,0,0,top_k,3,1d5657e342c149ef8305d568410dbc96,1d5657e342c149ef8305d568410dbc96,standard,0,0,vlm_patches/patient_113_node_4/standard/top_k/patient_113_node_4_standard_top_k_002.png,s3://pershin-medailab/Pathomorphology/CAMELYON/mil/vlm_patches/c17_abmil_vlm_patches_1d5657e342c149ef8305d568410dbc96.tar.gz!/vlm_patches/patient_113_node_4/standard/top_k/patient_113_node_4_standard_top_k_002.png,patient_113_node_4_standard_top_k_002
c17_native,patient_103,patient_103_node_4,d90dac9cd3f17c39,46592,99584,256,20,0.903839111328125,0,0.0,0,0,top_k,1,1d5657e342c149ef8305d568410dbc96,1d5657e342c149ef8305d568410dbc96,standard,0,0,vlm_patches/patient_103_node_4/standard/top_k/patient_103_node_4_standard_top_k_000.png,s3://pershin-medailab/Pathomorphology/CAMELYON/mil/vlm_patches/c17_abmil_vlm_patches_1d5657e342c149ef8305d568410dbc96.tar.gz!/vlm_patches/patient_103_node_4/standard/top_k/patient_103_node_4_standard_top_k_000.png,patient_103_node_4_standard_top_k_000
c17_native,patient_103,patient_103_node_4,c042a2fa17a417a4,36608,70400,256,20,0.76605224609375,0,0.0,0,0,top_k,3,1d5657e342c149ef8305d568410dbc96,1d5657e342c149ef8305d568410dbc96,standard,0,0,vlm_patches/patient_103_node_4/standard/top_k/patient_103_node_4_standard_top_k_002.png,s3://pershin-medailab/Pathomorphology/CAMELYON/mil/vlm_patches/c17_abmil_vlm_patches_1d5657e342c149ef8305d568410dbc96.tar.gz!/vlm_patches/patient_103_node_4/standard/top_k/patient_103_node_4_standard_top_k_002.png,patient_103_node_4_standard_top_k_002
c17_native,patient_103,patient_103_node_4,27d621d3db2fe485,52224,88576,256,20,0.82904052734375,0,0.0,0,0,top_k,4,1d5657e342c149ef8305d568410dbc96,1d5657e342c149ef8305d568410dbc96,standard,0,0,vlm_patches/patient_103_node_4/standard/top_k/patient_103_node_4_standard_top_k_003.png,s3://pershin-medailab/Pathomorphology/CAMELYON/mil/vlm_patches/c17_abmil_vlm_patches_1d5657e342c149ef8305d568410dbc96.tar.gz!/vlm_patches/patient_103_node_4/standard/top_k/patient_103_node_4_standard_top_k_003.png,patient_103_node_4_standard_top_k_003
c17_native,patient_150,patient_150_node_4,c73cd74a4f0969a1,59648,45312,256,20,0.9864654541015624,0,0.0,0,0,top_k,1,1d5657e342c149ef8305d568410dbc96,1d5657e342c149ef8305d568410dbc96,standard,0,0,vlm_patches/patient_150_node_4/standard/top_k/patient_150_node_4_standard_top_k_000.png,s3://pershin-medailab/Pathomorphology/CAMELYON/mil/vlm_patches/c17_abmil_vlm_patches_1d5657e342c149ef8305d568410dbc96.tar.gz!/vlm_patches/patient_150_node_4/standard/top_k/patient_150_node_4_standard_top_k_000.png,patient_150_node_4_standard_top_k_000
c17_native,patient_150,patient_150_node_4,49c58274e67f1dc5,59904,45824,256,20,0.9923095703125,0,0.0,0,0,top_k,2,1d5657e342c149ef8305d568410dbc96,1d5657e342c149ef8305d568410dbc96,standard,0,0,vlm_patches/patient_150_node_4/standard/top_k/patient_150_node_4_standard_top_k_001.png,s3://pershin-medailab/Pathomorphology/CAMELYON/mil/vlm_patches/c17_abmil_vlm_patches_1d5657e342c149ef8305d568410dbc96.tar.gz!/vlm_patches/patient_150_node_4/standard/top_k/patient_150_node_4_standard_top_k_001.png,patient_150_node_4_standard_top_k_001
c17_native,patient_150,patient_150_node_4,4134e1db1cfd0cba,60160,183808,256,20,0.9962005615234376,0,0.0,0,0,top_k,3,1d5657e342c149ef8305d568410dbc96,1d5657e342c149ef8305d568410dbc96,standard,0,0,vlm_patches/patient_150_node_4/standard/top_k/patient_150_node_4_standard_top_k_002.png,s3://pershin-medailab/Pathomorphology/CAMELYON/mil/vlm_patches/c17_abmil_vlm_patches_1d5657e342c149ef8305d568410dbc96.tar.gz!/vlm_patches/patient_150_node_4/standard/top_k/patient_150_node_4_standard_top_k_002.png,patient_150_node_4_standard_top_k_002
c17_native,patient_129,patient_129_node_0,20733f805b4ff432,24832,192512,256,20,0.9683837890625,1,1.0,1,1,top_k,1,1d5657e342c149ef8305d568410dbc96,1d5657e342c149ef8305d568410dbc96,standard,0,0,vlm_patches/patient_129_node_0/standard/top_k/patient_129_node_0_standard_top_k_000.png,s3://pershin-medailab/Pathomorphology/CAMELYON/mil/vlm_patches/c17_abmil_vlm_patches_1d5657e342c149ef8305d568410dbc96.tar.gz!/vlm_patches/patient_129_node_0/standard/top_k/patient_129_node_0_standard_top_k_000.png,patient_129_node_0_standard_top_k_000
c17_native,patient_129,patient_129_node_0,200eab9e7d564599,22016,173312,256,20,0.988037109375,1,1.0,1,1,top_k,2,1d5657e342c149ef8305d568410dbc96,1d5657e342c149ef8305d568410dbc96,standard,0,0,vlm_patches/patient_129_node_0/standard/top_k/patient_129_node_0_standard_top_k_001.png,s3://pershin-medailab/Pathomorphology/CAMELYON/mil/vlm_patches/c17_abmil_vlm_patches_1d5657e342c149ef8305d568410dbc96.tar.gz!/vlm_patches/patient_129_node_0/standard/top_k/patient_129_node_0_standard_top_k_001.png,patient_129_node_0_standard_top_k_001
c17_native,patient_129,patient_129_node_0,fdf2a96f71715eb4,33792,193792,256,20,0.9715423583984376,1,1.0,1,1,top_k,3,1d5657e342c149ef8305d568410dbc96,1d5657e342c149ef8305d568410dbc96,standard,0,0,vlm_patches/patient_129_node_0/standard/top_k/patient_129_node_0_standard_top_k_002.png,s3://pershin-medailab/Pathomorphology/CAMELYON/mil/vlm_patches/c17_abmil_vlm_patches_1d5657e342c149ef8305d568410dbc96.tar.gz!/vlm_patches/patient_129_node_0/standard/top_k/patient_129_node_0_standard_top_k_002.png,patient_129_node_0_standard_top_k_002
c17_native,patient_136,patient_136_node_1,5d7a239cd3b3ee2f,43008,87552,256,20,0.5697784423828125,1,0.985,1,1,top_k,1,1d5657e342c149ef8305d568410dbc96,1d5657e342c149ef8305d568410dbc96,standard,0,0,vlm_patches/patient_136_node_1/standard/top_k/patient_136_node_1_standard_top_k_000.png,s3://pershin-medailab/Pathomorphology/CAMELYON/mil/vlm_patches/c17_abmil_vlm_patches_1d5657e342c149ef8305d568410dbc96.tar.gz!/vlm_patches/patient_136_node_1/standard/top_k/patient_136_node_1_standard_top_k_000.png,patient_136_node_1_standard_top_k_000
c17_native,patient_136,patient_136_node_1,7a5d9701fadb0f74,14336,131072,256,20,0.6390380859375,0,0.0,0,0,top_k,2,1d5657e342c149ef8305d568410dbc96,1d5657e342c149ef8305d568410dbc96,standard,0,0,vlm_patches/patient_136_node_1/standard/top_k/patient_136_node_1_standard_top_k_001.png,s3://pershin-medailab/Pathomorphology/CAMELYON/mil/vlm_patches/c17_abmil_vlm_patches_1d5657e342c149ef8305d568410dbc96.tar.gz!/vlm_patches/patient_136_node_1/standard/top_k/patient_136_node_1_standard_top_k_001.png,patient_136_node_1_standard_top_k_001
c17_native,patient_136,patient_136_node_1,e63d654b08c67ab4,43776,87296,256,20,0.7271728515625,1,1.0,1,1,top_k,4,1d5657e342c149ef8305d568410dbc96,1d5657e342c149ef8305d568410dbc96,standard,0,0,vlm_patches/patient_136_node_1/standard/top_k/patient_136_node_1_standard_top_k_003.png,s3://pershin-medailab/Pathomorphology/CAMELYON/mil/vlm_patches/c17_abmil_vlm_patches_1d5657e342c149ef8305d568410dbc96.tar.gz!/vlm_patches/patient_136_node_1/standard/top_k/patient_136_node_1_standard_top_k_003.png,patient_136_node_1_standard_top_k_003
c17_native,patient_133,patient_133_node_3,0325a731b4e24b6d,25856,131584,256,20,0.715545654296875,0,0.0,0,0,top_k,1,1d5657e342c149ef8305d568410dbc96,1d5657e342c149ef8305d568410dbc96,standard,0,0,vlm_patches/patient_133_node_3/standard/top_k/patient_133_node_3_standard_top_k_000.png,s3://pershin-medailab/Pathomorphology/CAMELYON/mil/vlm_patches/c17_abmil_vlm_patches_1d5657e342c149ef8305d568410dbc96.tar.gz!/vlm_patches/patient_133_node_3/standard/top_k/patient_133_node_3_standard_top_k_000.png,patient_133_node_3_standard_top_k_000
c17_native,patient_133,patient_133_node_3,575e72614bd3d320,58112,113920,256,20,0.8364105224609375,0,0.0,0,0,top_k,2,1d5657e342c149ef8305d568410dbc96,1d5657e342c149ef8305d568410dbc96,standard,0,0,vlm_patches/patient_133_node_3/standard/top_k/patient_133_node_3_standard_top_k_001.png,s3://pershin-medailab/Pathomorphology/CAMELYON/mil/vlm_patches/c17_abmil_vlm_patches_1d5657e342c149ef8305d568410dbc96.tar.gz!/vlm_patches/patient_133_node_3/standard/top_k/patient_133_node_3_standard_top_k_001.png,patient_133_node_3_standard_top_k_001
c17_native,patient_133,patient_133_node_3,52a47ccf5b4879c1,46336,104192,256,20,0.816131591796875,0,0.0,0,0,top_k,3,1d5657e342c149ef8305d568410dbc96,1d5657e342c149ef8305d568410dbc96,standard,0,0,vlm_patches/patient_133_node_3/standard/top_k/patient_133_node_3_standard_top_k_002.png,s3://pershin-medailab/Pathomorphology/CAMELYON/mil/vlm_patches/c17_abmil_vlm_patches_1d5657e342c149ef8305d568410dbc96.tar.gz!/vlm_patches/patient_133_node_3/standard/top_k/patient_133_node_3_standard_top_k_002.png,patient_133_node_3_standard_top_k_002
c17_native,patient_149,patient_149_node_2,851d9a375aeaff43,66816,60416,256,20,0.5145111083984375,0,0.0,0,0,top_k,1,1d5657e342c149ef8305d568410dbc96,1d5657e342c149ef8305d568410dbc96,standard,0,0,vlm_patches/patient_149_node_2/standard/top_k/patient_149_node_2_standard_top_k_000.png,s3://pershin-medailab/Pathomorphology/CAMELYON/mil/vlm_patches/c17_abmil_vlm_patches_1d5657e342c149ef8305d568410dbc96.tar.gz!/vlm_patches/patient_149_node_2/standard/top_k/patient_149_node_2_standard_top_k_000.png,patient_149_node_2_standard_top_k_000
c17_native,patient_149,patient_149_node_2,3703c4fe8716848b,36096,96256,256,20,0.80926513671875,0,0.0,0,0,top_k,3,1d5657e342c149ef8305d568410dbc96,1d5657e342c149ef8305d568410dbc96,standard,0,0,vlm_patches/patient_149_node_2/standard/top_k/patient_149_node_2_standard_top_k_002.png,s3://pershin-medailab/Pathomorphology/CAMELYON/mil/vlm_patches/c17_abmil_vlm_patches_1d5657e342c149ef8305d568410dbc96.tar.gz!/vlm_patches/patient_149_node_2/standard/top_k/patient_149_node_2_standard_top_k_002.png,patient_149_node_2_standard_top_k_002
c17_native,patient_149,patient_149_node_2,450f76815dec845f,4352,95488,256,20,0.6156463623046875,0,0.0,0,0,top_k,5,1d5657e342c149ef8305d568410dbc96,1d5657e342c149ef8305d568410dbc96,standard,0,0,vlm_patches/patient_149_node_2/standard/top_k/patient_149_node_2_standard_top_k_004.png,s3://pershin-medailab/Pathomorphology/CAMELYON/mil/vlm_patches/c17_abmil_vlm_patches_1d5657e342c149ef8305d568410dbc96.tar.gz!/vlm_patches/patient_149_node_2/standard/top_k/patient_149_node_2_standard_top_k_004.png,patient_149_node_2_standard_top_k_004
c17_native,patient_176,patient_176_node_0,a812720aec6c31ef,33024,62208,256,20,0.968475341796875,0,0.0,0,0,top_k,1,1d5657e342c149ef8305d568410dbc96,1d5657e342c149ef8305d568410dbc96,standard,0,0,vlm_patches/patient_176_node_0/standard/top_k/patient_176_node_0_standard_top_k_000.png,s3://pershin-medailab/Pathomorphology/CAMELYON/mil/vlm_patches/c17_abmil_vlm_patches_1d5657e342c149ef8305d568410dbc96.tar.gz!/vlm_patches/patient_176_node_0/standard/top_k/patient_176_node_0_standard_top_k_000.png,patient_176_node_0_standard_top_k_000
c17_native,patient_176,patient_176_node_0,5fe698199a11340e,59904,80896,256,20,0.98974609375,0,0.0,0,0,top_k,2,1d5657e342c149ef8305d568410dbc96,1d5657e342c149ef8305d568410dbc96,standard,0,0,vlm_patches/patient_176_node_0/standard/top_k/patient_176_node_0_standard_top_k_001.png,s3://pershin-medailab/Pathomorphology/CAMELYON/mil/vlm_patches/c17_abmil_vlm_patches_1d5657e342c149ef8305d568410dbc96.tar.gz!/vlm_patches/patient_176_node_0/standard/top_k/patient_176_node_0_standard_top_k_001.png,patient_176_node_0_standard_top_k_001
c17_native,patient_176,patient_176_node_0,f088f9c678c5dd08,49920,52736,256,20,0.8957977294921875,0,0.0,0,0,top_k,3,1d5657e342c149ef8305d568410dbc96,1d5657e342c149ef8305d568410dbc96,standard,0,0,vlm_patches/patient_176_node_0/standard/top_k/patient_176_node_0_standard_top_k_002.png,s3://pershin-medailab/Pathomorphology/CAMELYON/mil/vlm_patches/c17_abmil_vlm_patches_1d5657e342c149ef8305d568410dbc96.tar.gz!/vlm_patches/patient_176_node_0/standard/top_k/patient_176_node_0_standard_top_k_002.png,patient_176_node_0_standard_top_k_002
c17_native,patient_173,patient_173_node_0,e31e00b633de2941,12288,87296,256,20,0.707916259765625,0,0.0,0,0,top_k,1,1d5657e342c149ef8305d568410dbc96,1d5657e342c149ef8305d568410dbc96,standard,0,0,vlm_patches/patient_173_node_0/standard/top_k/patient_173_node_0_standard_top_k_000.png,s3://pershin-medailab/Pathomorphology/CAMELYON/mil/vlm_patches/c17_abmil_vlm_patches_1d5657e342c149ef8305d568410dbc96.tar.gz!/vlm_patches/patient_173_node_0/standard/top_k/patient_173_node_0_standard_top_k_000.png,patient_173_node_0_standard_top_k_000
c17_native,patient_173,patient_173_node_0,9f9d99763f64e308,68608,95744,256,20,0.805877685546875,0,0.0,0,0,top_k,2,1d5657e342c149ef8305d568410dbc96,1d5657e342c149ef8305d568410dbc96,standard,0,0,vlm_patches/patient_173_node_0/standard/top_k/patient_173_node_0_standard_top_k_001.png,s3://pershin-medailab/Pathomorphology/CAMELYON/mil/vlm_patches/c17_abmil_vlm_patches_1d5657e342c149ef8305d568410dbc96.tar.gz!/vlm_patches/patient_173_node_0/standard/top_k/patient_173_node_0_standard_top_k_001.png,patient_173_node_0_standard_top_k_001
c17_native,patient_173,patient_173_node_0,fa682a0abbd4d785,20992,84992,256,20,0.7735137939453125,0,0.0,0,0,top_k,3,1d5657e342c149ef8305d568410dbc96,1d5657e342c149ef8305d568410dbc96,standard,0,0,vlm_patches/patient_173_node_0/standard/top_k/patient_173_node_0_standard_top_k_002.png,s3://pershin-medailab/Pathomorphology/CAMELYON/mil/vlm_patches/c17_abmil_vlm_patches_1d5657e342c149ef8305d568410dbc96.tar.gz!/vlm_patches/patient_173_node_0/standard/top_k/patient_173_node_0_standard_top_k_002.png,patient_173_node_0_standard_top_k_002
c17_native,patient_169,patient_169_node_0,14c6bdbb506d4f80,45312,133376,256,20,0.673553466796875,0,0.0,0,0,top_k,1,1d5657e342c149ef8305d568410dbc96,1d5657e342c149ef8305d568410dbc96,standard,0,0,vlm_patches/patient_169_node_0/standard/top_k/patient_169_node_0_standard_top_k_000.png,s3://pershin-medailab/Pathomorphology/CAMELYON/mil/vlm_patches/c17_abmil_vlm_patches_1d5657e342c149ef8305d568410dbc96.tar.gz!/vlm_patches/patient_169_node_0/standard/top_k/patient_169_node_0_standard_top_k_000.png,patient_169_node_0_standard_top_k_000
c17_native,patient_169,patient_169_node_0,874da7e4f766fb54,47104,137216,256,20,0.677459716796875,0,0.0,0,0,top_k,2,1d5657e342c149ef8305d568410dbc96,1d5657e342c149ef8305d568410dbc96,standard,0,0,vlm_patches/patient_169_node_0/standard/top_k/patient_169_node_0_standard_top_k_001.png,s3://pershin-medailab/Pathomorphology/CAMELYON/mil/vlm_patches/c17_abmil_vlm_patches_1d5657e342c149ef8305d568410dbc96.tar.gz!/vlm_patches/patient_169_node_0/standard/top_k/patient_169_node_0_standard_top_k_001.png,patient_169_node_0_standard_top_k_001
c17_native,patient_169,patient_169_node_0,0a7750330cd963e9,33536,118784,256,20,0.7894134521484375,0,0.0,0,0,top_k,3,1d5657e342c149ef8305d568410dbc96,1d5657e342c149ef8305d568410dbc96,standard,0,0,vlm_patches/patient_169_node_0/standard/top_k/patient_169_node_0_standard_top_k_002.png,s3://pershin-medailab/Pathomorphology/CAMELYON/mil/vlm_patches/c17_abmil_vlm_patches_1d5657e342c149ef8305d568410dbc96.tar.gz!/vlm_patches/patient_169_node_0/standard/top_k/patient_169_node_0_standard_top_k_002.png,patient_169_node_0_standard_top_k_002
c17_native,patient_153,patient_153_node_2,c4af6e4387ef6224,10240,115968,256,20,0.6320037841796875,0,0.0,0,0,hard_negative,1,1d5657e342c149ef8305d568410dbc96,1d5657e342c149ef8305d568410dbc96,standard,0,0,vlm_patches/patient_153_node_2/standard/hard_negative/patient_153_node_2_standard_hard_negative_000.png,s3://pershin-medailab/Pathomorphology/CAMELYON/mil/vlm_patches/c17_abmil_vlm_patches_1d5657e342c149ef8305d568410dbc96.tar.gz!/vlm_patches/patient_153_node_2/standard/hard_negative/patient_153_node_2_standard_hard_negative_000.png,patient_153_node_2_standard_hard_negative_000
c17_native,patient_153,patient_153_node_2,ee08db09d8d3ba08,28928,142848,256,20,0.5691070556640625,0,0.48,0,1,hard_negative,2,1d5657e342c149ef8305d568410dbc96,1d5657e342c149ef8305d568410dbc96,standard,0,0,vlm_patches/patient_153_node_2/standard/hard_negative/patient_153_node_2_standard_hard_negative_001.png,s3://pershin-medailab/Pathomorphology/CAMELYON/mil/vlm_patches/c17_abmil_vlm_patches_1d5657e342c149ef8305d568410dbc96.tar.gz!/vlm_patches/patient_153_node_2/standard/hard_negative/patient_153_node_2_standard_hard_negative_001.png,patient_153_node_2_standard_hard_negative_001
c17_native,patient_153,patient_153_node_2,4ffc3079e3be504b,10240,115712,256,20,0.6726531982421875,0,0.0,0,0,hard_negative,3,1d5657e342c149ef8305d568410dbc96,1d5657e342c149ef8305d568410dbc96,standard,0,0,vlm_patches/patient_153_node_2/standard/hard_negative/patient_153_node_2_standard_hard_negative_002.png,s3://pershin-medailab/Pathomorphology/CAMELYON/mil/vlm_patches/c17_abmil_vlm_patches_1d5657e342c149ef8305d568410dbc96.tar.gz!/vlm_patches/patient_153_node_2/standard/hard_negative/patient_153_node_2_standard_hard_negative_002.png,patient_153_node_2_standard_hard_negative_002
c17_native,patient_131,patient_131_node_3,a092d4e76af3b277,27648,15872,256,20,0.972198486328125,0,0.0,0,0,hard_negative,1,1d5657e342c149ef8305d568410dbc96,1d5657e342c149ef8305d568410dbc96,standard,0,0,vlm_patches/patient_131_node_3/standard/hard_negative/patient_131_node_3_standard_hard_negative_000.png,s3://pershin-medailab/Pathomorphology/CAMELYON/mil/vlm_patches/c17_abmil_vlm_patches_1d5657e342c149ef8305d568410dbc96.tar.gz!/vlm_patches/patient_131_node_3/standard/hard_negative/patient_131_node_3_standard_hard_negative_000.png,patient_131_node_3_standard_hard_negative_000
c17_native,patient_131,patient_131_node_3,a8345459d3bc67cb,24832,15360,256,20,0.962646484375,0,0.0,0,0,hard_negative,2,1d5657e342c149ef8305d568410dbc96,1d5657e342c149ef8305d568410dbc96,standard,0,0,vlm_patches/patient_131_node_3/standard/hard_negative/patient_131_node_3_standard_hard_negative_001.png,s3://pershin-medailab/Pathomorphology/CAMELYON/mil/vlm_patches/c17_abmil_vlm_patches_1d5657e342c149ef8305d568410dbc96.tar.gz!/vlm_patches/patient_131_node_3/standard/hard_negative/patient_131_node_3_standard_hard_negative_001.png,patient_131_node_3_standard_hard_negative_001
c17_native,patient_131,patient_131_node_3,6ef082cb4166c958,25600,16128,256,20,0.9754486083984376,0,0.0,0,0,hard_negative,3,1d5657e342c149ef8305d568410dbc96,1d5657e342c149ef8305d568410dbc96,standard,0,0,vlm_patches/patient_131_node_3/standard/hard_negative/patient_131_node_3_standard_hard_negative_002.png,s3://pershin-medailab/Pathomorphology/CAMELYON/mil/vlm_patches/c17_abmil_vlm_patches_1d5657e342c149ef8305d568410dbc96.tar.gz!/vlm_patches/patient_131_node_3/standard/hard_negative/patient_131_node_3_standard_hard_negative_002.png,patient_131_node_3_standard_hard_negative_002
c17_native,patient_165,patient_165_node_1,26478fb476d3b23a,28928,115456,256,20,0.98321533203125,0,0.0,0,0,hard_negative,1,1d5657e342c149ef8305d568410dbc96,1d5657e342c149ef8305d568410dbc96,standard,0,0,vlm_patches/patient_165_node_1/standard/hard_negative/patient_165_node_1_standard_hard_negative_000.png,s3://pershin-medailab/Pathomorphology/CAMELYON/mil/vlm_patches/c17_abmil_vlm_patches_1d5657e342c149ef8305d568410dbc96.tar.gz!/vlm_patches/patient_165_node_1/standard/hard_negative/patient_165_node_1_standard_hard_negative_000.png,patient_165_node_1_standard_hard_negative_000
c17_native,patient_165,patient_165_node_1,84f14abcfe9ac42e,25600,116480,256,20,0.999359130859375,0,0.0,0,0,hard_negative,2,1d5657e342c149ef8305d568410dbc96,1d5657e342c149ef8305d568410dbc96,standard,0,0,vlm_patches/patient_165_node_1/standard/hard_negative/patient_165_node_1_standard_hard_negative_001.png,s3://pershin-medailab/Pathomorphology/CAMELYON/mil/vlm_patches/c17_abmil_vlm_patches_1d5657e342c149ef8305d568410dbc96.tar.gz!/vlm_patches/patient_165_node_1/standard/hard_negative/patient_165_node_1_standard_hard_negative_001.png,patient_165_node_1_standard_hard_negative_001
c17_native,patient_165,patient_165_node_1,bb6ad7369efdbdee,28672,115968,256,20,0.98614501953125,0,0.0,0,0,hard_negative,3,1d5657e342c149ef8305d568410dbc96,1d5657e342c149ef8305d568410dbc96,standard,0,0,vlm_patches/patient_165_node_1/standard/hard_negative/patient_165_node_1_standard_hard_negative_002.png,s3://pershin-medailab/Pathomorphology/CAMELYON/mil/vlm_patches/c17_abmil_vlm_patches_1d5657e342c149ef8305d568410dbc96.tar.gz!/vlm_patches/patient_165_node_1/standard/hard_negative/patient_165_node_1_standard_hard_negative_002.png,patient_165_node_1_standard_hard_negative_002
c17_native,patient_164,patient_164_node_2,83cef9c36193dd52,75520,95488,256,20,0.993072509765625,0,0.0,0,0,hard_negative,1,1d5657e342c149ef8305d568410dbc96,1d5657e342c149ef8305d568410dbc96,standard,0,0,vlm_patches/patient_164_node_2/standard/hard_negative/patient_164_node_2_standard_hard_negative_000.png,s3://pershin-medailab/Pathomorphology/CAMELYON/mil/vlm_patches/c17_abmil_vlm_patches_1d5657e342c149ef8305d568410dbc96.tar.gz!/vlm_patches/patient_164_node_2/standard/hard_negative/patient_164_node_2_standard_hard_negative_000.png,patient_164_node_2_standard_hard_negative_000
c17_native,patient_164,patient_164_node_2,7136dd67d54d981d,115456,50944,256,20,1.0,0,0.0,0,0,hard_negative,2,1d5657e342c149ef8305d568410dbc96,1d5657e342c149ef8305d568410dbc96,standard,0,0,vlm_patches/patient_164_node_2/standard/hard_negative/patient_164_node_2_standard_hard_negative_001.png,s3://pershin-medailab/Pathomorphology/CAMELYON/mil/vlm_patches/c17_abmil_vlm_patches_1d5657e342c149ef8305d568410dbc96.tar.gz!/vlm_patches/patient_164_node_2/standard/hard_negative/patient_164_node_2_standard_hard_negative_001.png,patient_164_node_2_standard_hard_negative_001
c17_native,patient_164,patient_164_node_2,5ddcbeed55078efa,83200,92672,256,20,0.9851837158203124,0,0.0,0,0,hard_negative,3,1d5657e342c149ef8305d568410dbc96,1d5657e342c149ef8305d568410dbc96,standard,0,0,vlm_patches/patient_164_node_2/standard/hard_negative/patient_164_node_2_standard_hard_negative_002.png,s3://pershin-medailab/Pathomorphology/CAMELYON/mil/vlm_patches/c17_abmil_vlm_patches_1d5657e342c149ef8305d568410dbc96.tar.gz!/vlm_patches/patient_164_node_2/standard/hard_negative/patient_164_node_2_standard_hard_negative_002.png,patient_164_node_2_standard_hard_negative_002
c17_native,patient_112,patient_112_node_2,16f89995e61b662d,52992,120064,256,20,0.7570648193359375,0,0.0,0,0,hard_negative,1,1d5657e342c149ef8305d568410dbc96,1d5657e342c149ef8305d568410dbc96,standard,0,0,vlm_patches/patient_112_node_2/standard/hard_negative/patient_112_node_2_standard_hard_negative_000.png,s3://pershin-medailab/Pathomorphology/CAMELYON/mil/vlm_patches/c17_abmil_vlm_patches_1d5657e342c149ef8305d568410dbc96.tar.gz!/vlm_patches/patient_112_node_2/standard/hard_negative/patient_112_node_2_standard_hard_negative_000.png,patient_112_node_2_standard_hard_negative_000
c17_native,patient_112,patient_112_node_2,a6c9fe22d8d90c0f,57600,119552,256,20,0.7781829833984375,0,0.0,0,0,hard_negative,2,1d5657e342c149ef8305d568410dbc96,1d5657e342c149ef8305d568410dbc96,standard,0,0,vlm_patches/patient_112_node_2/standard/hard_negative/patient_112_node_2_standard_hard_negative_001.png,s3://pershin-medailab/Pathomorphology/CAMELYON/mil/vlm_patches/c17_abmil_vlm_patches_1d5657e342c149ef8305d568410dbc96.tar.gz!/vlm_patches/patient_112_node_2/standard/hard_negative/patient_112_node_2_standard_hard_negative_001.png,patient_112_node_2_standard_hard_negative_001
c17_native,patient_112,patient_112_node_2,ad5afb94e6896209,54528,119552,256,20,0.76300048828125,0,0.0,0,0,hard_negative,3,1d5657e342c149ef8305d568410dbc96,1d5657e342c149ef8305d568410dbc96,standard,0,0,vlm_patches/patient_112_node_2/standard/hard_negative/patient_112_node_2_standard_hard_negative_002.png,s3://pershin-medailab/Pathomorphology/CAMELYON/mil/vlm_patches/c17_abmil_vlm_patches_1d5657e342c149ef8305d568410dbc96.tar.gz!/vlm_patches/patient_112_node_2/standard/hard_negative/patient_112_node_2_standard_hard_negative_002.png,patient_112_node_2_standard_hard_negative_002
c17_native,patient_188,patient_188_node_3,2db7d62771b782dd,71936,71168,256,20,0.9297943115234376,0,0.0,0,0,hard_negative,1,1d5657e342c149ef8305d568410dbc96,1d5657e342c149ef8305d568410dbc96,standard,0,0,vlm_patches/patient_188_node_3/standard/hard_negative/patient_188_node_3_standard_hard_negative_000.png,s3://pershin-medailab/Pathomorphology/CAMELYON/mil/vlm_patches/c17_abmil_vlm_patches_1d5657e342c149ef8305d568410dbc96.tar.gz!/vlm_patches/patient_188_node_3/standard/hard_negative/patient_188_node_3_standard_hard_negative_000.png,patient_188_node_3_standard_hard_negative_000
c17_native,patient_188,patient_188_node_3,612c12c7c904a42b,70656,118528,256,20,0.9625244140625,0,0.0,0,0,hard_negative,2,1d5657e342c149ef8305d568410dbc96,1d5657e342c149ef8305d568410dbc96,standard,0,0,vlm_patches/patient_188_node_3/standard/hard_negative/patient_188_node_3_standard_hard_negative_001.png,s3://pershin-medailab/Pathomorphology/CAMELYON/mil/vlm_patches/c17_abmil_vlm_patches_1d5657e342c149ef8305d568410dbc96.tar.gz!/vlm_patches/patient_188_node_3/standard/hard_negative/patient_188_node_3_standard_hard_negative_001.png,patient_188_node_3_standard_hard_negative_001
c17_native,patient_188,patient_188_node_3,b04a485d3a51e42a,70400,72192,256,20,0.8832855224609375,0,0.185,0,0,hard_negative,3,1d5657e342c149ef8305d568410dbc96,1d5657e342c149ef8305d568410dbc96,standard,0,0,vlm_patches/patient_188_node_3/standard/hard_negative/patient_188_node_3_standard_hard_negative_002.png,s3://pershin-medailab/Pathomorphology/CAMELYON/mil/vlm_patches/c17_abmil_vlm_patches_1d5657e342c149ef8305d568410dbc96.tar.gz!/vlm_patches/patient_188_node_3/standard/hard_negative/patient_188_node_3_standard_hard_negative_002.png,patient_188_node_3_standard_hard_negative_002
c17_native,patient_104,patient_104_node_0,38e852fa8a7e3cdc,25600,8704,256,20,0.899505615234375,0,0.0,0,0,hard_negative,1,1d5657e342c149ef8305d568410dbc96,1d5657e342c149ef8305d568410dbc96,standard,0,0,vlm_patches/patient_104_node_0/standard/hard_negative/patient_104_node_0_standard_hard_negative_000.png,s3://pershin-medailab/Pathomorphology/CAMELYON/mil/vlm_patches/c17_abmil_vlm_patches_1d5657e342c149ef8305d568410dbc96.tar.gz!/vlm_patches/patient_104_node_0/standard/hard_negative/patient_104_node_0_standard_hard_negative_000.png,patient_104_node_0_standard_hard_negative_000
c17_native,patient_104,patient_104_node_0,3a108125fbe79172,11008,50176,256,20,0.814361572265625,0,0.0,0,0,hard_negative,2,1d5657e342c149ef8305d568410dbc96,1d5657e342c149ef8305d568410dbc96,standard,0,0,vlm_patches/patient_104_node_0/standard/hard_negative/patient_104_node_0_standard_hard_negative_001.png,s3://pershin-medailab/Pathomorphology/CAMELYON/mil/vlm_patches/c17_abmil_vlm_patches_1d5657e342c149ef8305d568410dbc96.tar.gz!/vlm_patches/patient_104_node_0/standard/hard_negative/patient_104_node_0_standard_hard_negative_001.png,patient_104_node_0_standard_hard_negative_001
c17_native,patient_104,patient_104_node_0,1dd4c4242b6b5de3,9984,50176,256,20,0.8332366943359375,0,0.0,0,0,hard_negative,3,1d5657e342c149ef8305d568410dbc96,1d5657e342c149ef8305d568410dbc96,standard,0,0,vlm_patches/patient_104_node_0/standard/hard_negative/patient_104_node_0_standard_hard_negative_002.png,s3://pershin-medailab/Pathomorphology/CAMELYON/mil/vlm_patches/c17_abmil_vlm_patches_1d5657e342c149ef8305d568410dbc96.tar.gz!/vlm_patches/patient_104_node_0/standard/hard_negative/patient_104_node_0_standard_hard_negative_002.png,patient_104_node_0_standard_hard_negative_002
c17_native,patient_127,patient_127_node_1,39de4a3cacb8bd65,34304,161536,256,20,0.9929656982421876,0,0.0,0,0,hard_negative,1,1d5657e342c149ef8305d568410dbc96,1d5657e342c149ef8305d568410dbc96,standard,0,0,vlm_patches/patient_127_node_1/standard/hard_negative/patient_127_node_1_standard_hard_negative_000.png,s3://pershin-medailab/Pathomorphology/CAMELYON/mil/vlm_patches/c17_abmil_vlm_patches_1d5657e342c149ef8305d568410dbc96.tar.gz!/vlm_patches/patient_127_node_1/standard/hard_negative/patient_127_node_1_standard_hard_negative_000.png,patient_127_node_1_standard_hard_negative_000
c17_native,patient_127,patient_127_node_1,b668d9b7bbfcce52,34560,161280,256,20,0.887176513671875,0,0.0,0,0,hard_negative,2,1d5657e342c149ef8305d568410dbc96,1d5657e342c149ef8305d568410dbc96,standard,0,0,vlm_patches/patient_127_node_1/standard/hard_negative/patient_127_node_1_standard_hard_negative_001.png,s3://pershin-medailab/Pathomorphology/CAMELYON/mil/vlm_patches/c17_abmil_vlm_patches_1d5657e342c149ef8305d568410dbc96.tar.gz!/vlm_patches/patient_127_node_1/standard/hard_negative/patient_127_node_1_standard_hard_negative_001.png,patient_127_node_1_standard_hard_negative_001
c17_native,patient_127,patient_127_node_1,69f0e49174fbc650,57856,65024,256,20,0.707489013671875,0,0.3125,0,1,hard_negative,3,1d5657e342c149ef8305d568410dbc96,1d5657e342c149ef8305d568410dbc96,standard,0,0,vlm_patches/patient_127_node_1/standard/hard_negative/patient_127_node_1_standard_hard_negative_002.png,s3://pershin-medailab/Pathomorphology/CAMELYON/mil/vlm_patches/c17_abmil_vlm_patches_1d5657e342c149ef8305d568410dbc96.tar.gz!/vlm_patches/patient_127_node_1/standard/hard_negative/patient_127_node_1_standard_hard_negative_002.png,patient_127_node_1_standard_hard_negative_002
c17_native,patient_151,patient_151_node_2,9224412b66ba6b50,72448,77568,256,20,0.9853057861328124,1,1.0,1,1,oracle_tumor,1,1d5657e342c149ef8305d568410dbc96,1d5657e342c149ef8305d568410dbc96,standard,0,0,vlm_patches/patient_151_node_2/standard/oracle_tumor/patient_151_node_2_standard_oracle_tumor_000.png,s3://pershin-medailab/Pathomorphology/CAMELYON/mil/vlm_patches/c17_abmil_vlm_patches_1d5657e342c149ef8305d568410dbc96.tar.gz!/vlm_patches/patient_151_node_2/standard/oracle_tumor/patient_151_node_2_standard_oracle_tumor_000.png,patient_151_node_2_standard_oracle_tumor_000
c17_native,patient_151,patient_151_node_2,2a3d627401738c45,73216,77568,256,20,0.962310791015625,1,1.0,1,1,oracle_tumor,2,1d5657e342c149ef8305d568410dbc96,1d5657e342c149ef8305d568410dbc96,standard,0,0,vlm_patches/patient_151_node_2/standard/oracle_tumor/patient_151_node_2_standard_oracle_tumor_001.png,s3://pershin-medailab/Pathomorphology/CAMELYON/mil/vlm_patches/c17_abmil_vlm_patches_1d5657e342c149ef8305d568410dbc96.tar.gz!/vlm_patches/patient_151_node_2/standard/oracle_tumor/patient_151_node_2_standard_oracle_tumor_001.png,patient_151_node_2_standard_oracle_tumor_001
c17_native,patient_151,patient_151_node_2,928c54775378cdb4,72704,77568,256,20,0.9907684326171876,1,1.0,1,1,oracle_tumor,3,1d5657e342c149ef8305d568410dbc96,1d5657e342c149ef8305d568410dbc96,standard,0,0,vlm_patches/patient_151_node_2/standard/oracle_tumor/patient_151_node_2_standard_oracle_tumor_002.png,s3://pershin-medailab/Pathomorphology/CAMELYON/mil/vlm_patches/c17_abmil_vlm_patches_1d5657e342c149ef8305d568410dbc96.tar.gz!/vlm_patches/patient_151_node_2/standard/oracle_tumor/patient_151_node_2_standard_oracle_tumor_002.png,patient_151_node_2_standard_oracle_tumor_002
c17_native,patient_149,patient_149_node_2,50db8a0e14ab97c8,46848,94976,256,20,0.5719146728515625,1,0.625,1,1,oracle_tumor,1,1d5657e342c149ef8305d568410dbc96,1d5657e342c149ef8305d568410dbc96,standard,0,0,vlm_patches/patient_149_node_2/standard/oracle_tumor/patient_149_node_2_standard_oracle_tumor_000.png,s3://pershin-medailab/Pathomorphology/CAMELYON/mil/vlm_patches/c17_abmil_vlm_patches_1d5657e342c149ef8305d568410dbc96.tar.gz!/vlm_patches/patient_149_node_2/standard/oracle_tumor/patient_149_node_2_standard_oracle_tumor_000.png,patient_149_node_2_standard_oracle_tumor_000
c17_native,patient_149,patient_149_node_2,4e5021f5d64392c7,46848,95488,256,20,0.4190826416015625,1,1.0,1,1,oracle_tumor,2,1d5657e342c149ef8305d568410dbc96,1d5657e342c149ef8305d568410dbc96,standard,0,0,vlm_patches/patient_149_node_2/standard/oracle_tumor/patient_149_node_2_standard_oracle_tumor_001.png,s3://pershin-medailab/Pathomorphology/CAMELYON/mil/vlm_patches/c17_abmil_vlm_patches_1d5657e342c149ef8305d568410dbc96.tar.gz!/vlm_patches/patient_149_node_2/standard/oracle_tumor/patient_149_node_2_standard_oracle_tumor_001.png,patient_149_node_2_standard_oracle_tumor_001
c17_native,patient_149,patient_149_node_2,fc7ba387a9720f15,46592,95488,256,20,0.492889404296875,1,0.7225,1,1,oracle_tumor,3,1d5657e342c149ef8305d568410dbc96,1d5657e342c149ef8305d568410dbc96,standard,0,0,vlm_patches/patient_149_node_2/standard/oracle_tumor/patient_149_node_2_standard_oracle_tumor_002.png,s3://pershin-medailab/Pathomorphology/CAMELYON/mil/vlm_patches/c17_abmil_vlm_patches_1d5657e342c149ef8305d568410dbc96.tar.gz!/vlm_patches/patient_149_node_2/standard/oracle_tumor/patient_149_node_2_standard_oracle_tumor_002.png,patient_149_node_2_standard_oracle_tumor_002
c17_native,patient_195,patient_195_node_0,e68b3666e4c78139,38144,172544,256,20,0.9909210205078124,1,1.0,1,1,oracle_tumor,1,1d5657e342c149ef8305d568410dbc96,1d5657e342c149ef8305d568410dbc96,standard,0,0,vlm_patches/patient_195_node_0/standard/oracle_tumor/patient_195_node_0_standard_oracle_tumor_000.png,s3://pershin-medailab/Pathomorphology/CAMELYON/mil/vlm_patches/c17_abmil_vlm_patches_1d5657e342c149ef8305d568410dbc96.tar.gz!/vlm_patches/patient_195_node_0/standard/oracle_tumor/patient_195_node_0_standard_oracle_tumor_000.png,patient_195_node_0_standard_oracle_tumor_000
c17_native,patient_195,patient_195_node_0,ba7be4b1d8377bbe,38656,71424,256,20,0.9897003173828124,1,1.0,1,1,oracle_tumor,2,1d5657e342c149ef8305d568410dbc96,1d5657e342c149ef8305d568410dbc96,standard,0,0,vlm_patches/patient_195_node_0/standard/oracle_tumor/patient_195_node_0_standard_oracle_tumor_001.png,s3://pershin-medailab/Pathomorphology/CAMELYON/mil/vlm_patches/c17_abmil_vlm_patches_1d5657e342c149ef8305d568410dbc96.tar.gz!/vlm_patches/patient_195_node_0/standard/oracle_tumor/patient_195_node_0_standard_oracle_tumor_001.png,patient_195_node_0_standard_oracle_tumor_001
c17_native,patient_195,patient_195_node_0,7fe5c055ed078170,39680,171520,256,20,0.9461822509765624,1,1.0,1,1,oracle_tumor,3,1d5657e342c149ef8305d568410dbc96,1d5657e342c149ef8305d568410dbc96,standard,0,0,vlm_patches/patient_195_node_0/standard/oracle_tumor/patient_195_node_0_standard_oracle_tumor_002.png,s3://pershin-medailab/Pathomorphology/CAMELYON/mil/vlm_patches/c17_abmil_vlm_patches_1d5657e342c149ef8305d568410dbc96.tar.gz!/vlm_patches/patient_195_node_0/standard/oracle_tumor/patient_195_node_0_standard_oracle_tumor_002.png,patient_195_node_0_standard_oracle_tumor_002
c17_native,patient_103,patient_103_node_0,9ea641f688ec2d1e,48384,109312,256,20,0.8842010498046875,0,0.0,0,0,oracle_non_tumor,1,1d5657e342c149ef8305d568410dbc96,1d5657e342c149ef8305d568410dbc96,standard,0,0,vlm_patches/patient_103_node_0/standard/oracle_non_tumor/patient_103_node_0_standard_oracle_non_tumor_000.png,s3://pershin-medailab/Pathomorphology/CAMELYON/mil/vlm_patches/c17_abmil_vlm_patches_1d5657e342c149ef8305d568410dbc96.tar.gz!/vlm_patches/patient_103_node_0/standard/oracle_non_tumor/patient_103_node_0_standard_oracle_non_tumor_000.png,patient_103_node_0_standard_oracle_non_tumor_000
c17_native,patient_103,patient_103_node_0,e26909d5b14e12b1,47360,113152,256,20,0.8308563232421875,0,0.0,0,0,oracle_non_tumor,2,1d5657e342c149ef8305d568410dbc96,1d5657e342c149ef8305d568410dbc96,standard,0,0,vlm_patches/patient_103_node_0/standard/oracle_non_tumor/patient_103_node_0_standard_oracle_non_tumor_001.png,s3://pershin-medailab/Pathomorphology/CAMELYON/mil/vlm_patches/c17_abmil_vlm_patches_1d5657e342c149ef8305d568410dbc96.tar.gz!/vlm_patches/patient_103_node_0/standard/oracle_non_tumor/patient_103_node_0_standard_oracle_non_tumor_001.png,patient_103_node_0_standard_oracle_non_tumor_001
c17_native,patient_103,patient_103_node_0,5dc334d19034ee34,32768,132864,256,20,0.0223846435546875,0,0.0,0,0,oracle_non_tumor,3,1d5657e342c149ef8305d568410dbc96,1d5657e342c149ef8305d568410dbc96,standard,0,0,vlm_patches/patient_103_node_0/standard/oracle_non_tumor/patient_103_node_0_standard_oracle_non_tumor_002.png,s3://pershin-medailab/Pathomorphology/CAMELYON/mil/vlm_patches/c17_abmil_vlm_patches_1d5657e342c149ef8305d568410dbc96.tar.gz!/vlm_patches/patient_103_node_0/standard/oracle_non_tumor/patient_103_node_0_standard_oracle_non_tumor_002.png,patient_103_node_0_standard_oracle_non_tumor_002
c17_native,patient_101,patient_101_node_1,750aaec2a95c15bf,64512,110336,256,20,0.991729736328125,0,0.0,0,0,oracle_non_tumor,1,1d5657e342c149ef8305d568410dbc96,1d5657e342c149ef8305d568410dbc96,standard,0,0,vlm_patches/patient_101_node_1/standard/oracle_non_tumor/patient_101_node_1_standard_oracle_non_tumor_000.png,s3://pershin-medailab/Pathomorphology/CAMELYON/mil/vlm_patches/c17_abmil_vlm_patches_1d5657e342c149ef8305d568410dbc96.tar.gz!/vlm_patches/patient_101_node_1/standard/oracle_non_tumor/patient_101_node_1_standard_oracle_non_tumor_000.png,patient_101_node_1_standard_oracle_non_tumor_000
c17_native,patient_101,patient_101_node_1,eaf6b4f8e2f9faa8,16640,110080,256,20,0.0587158203125,0,0.0,0,0,oracle_non_tumor,2,1d5657e342c149ef8305d568410dbc96,1d5657e342c149ef8305d568410dbc96,standard,0,0,vlm_patches/patient_101_node_1/standard/oracle_non_tumor/patient_101_node_1_standard_oracle_non_tumor_001.png,s3://pershin-medailab/Pathomorphology/CAMELYON/mil/vlm_patches/c17_abmil_vlm_patches_1d5657e342c149ef8305d568410dbc96.tar.gz!/vlm_patches/patient_101_node_1/standard/oracle_non_tumor/patient_101_node_1_standard_oracle_non_tumor_001.png,patient_101_node_1_standard_oracle_non_tumor_001
c17_native,patient_101,patient_101_node_1,f59816894d72a0b3,41216,137472,256,20,0.5883941650390625,0,0.0,0,0,oracle_non_tumor,3,1d5657e342c149ef8305d568410dbc96,1d5657e342c149ef8305d568410dbc96,standard,0,0,vlm_patches/patient_101_node_1/standard/oracle_non_tumor/patient_101_node_1_standard_oracle_non_tumor_002.png,s3://pershin-medailab/Pathomorphology/CAMELYON/mil/vlm_patches/c17_abmil_vlm_patches_1d5657e342c149ef8305d568410dbc96.tar.gz!/vlm_patches/patient_101_node_1/standard/oracle_non_tumor/patient_101_node_1_standard_oracle_non_tumor_002.png,patient_101_node_1_standard_oracle_non_tumor_002
c17_native,patient_185,patient_185_node_1,8bd1e2d2dcfa88d0,40448,107776,256,20,0.9018707275390624,0,0.0,0,0,oracle_non_tumor,1,1d5657e342c149ef8305d568410dbc96,1d5657e342c149ef8305d568410dbc96,standard,0,0,vlm_patches/patient_185_node_1/standard/oracle_non_tumor/patient_185_node_1_standard_oracle_non_tumor_000.png,s3://pershin-medailab/Pathomorphology/CAMELYON/mil/vlm_patches/c17_abmil_vlm_patches_1d5657e342c149ef8305d568410dbc96.tar.gz!/vlm_patches/patient_185_node_1/standard/oracle_non_tumor/patient_185_node_1_standard_oracle_non_tumor_000.png,patient_185_node_1_standard_oracle_non_tumor_000
c17_native,patient_185,patient_185_node_1,6b67c6865432e458,17664,138752,256,20,0.30914306640625,0,0.0,0,0,oracle_non_tumor,2,1d5657e342c149ef8305d568410dbc96,1d5657e342c149ef8305d568410dbc96,standard,0,0,vlm_patches/patient_185_node_1/standard/oracle_non_tumor/patient_185_node_1_standard_oracle_non_tumor_001.png,s3://pershin-medailab/Pathomorphology/CAMELYON/mil/vlm_patches/c17_abmil_vlm_patches_1d5657e342c149ef8305d568410dbc96.tar.gz!/vlm_patches/patient_185_node_1/standard/oracle_non_tumor/patient_185_node_1_standard_oracle_non_tumor_001.png,patient_185_node_1_standard_oracle_non_tumor_001
c17_native,patient_185,patient_185_node_1,fae12df49daad550,33280,139776,256,20,0.73052978515625,0,0.0,0,0,oracle_non_tumor,3,1d5657e342c149ef8305d568410dbc96,1d5657e342c149ef8305d568410dbc96,standard,0,0,vlm_patches/patient_185_node_1/standard/oracle_non_tumor/patient_185_node_1_standard_oracle_non_tumor_002.png,s3://pershin-medailab/Pathomorphology/CAMELYON/mil/vlm_patches/c17_abmil_vlm_patches_1d5657e342c149ef8305d568410dbc96.tar.gz!/vlm_patches/patient_185_node_1/standard/oracle_non_tumor/patient_185_node_1_standard_oracle_non_tumor_002.png,patient_185_node_1_standard_oracle_non_tumor_002
c17_native,patient_120,patient_120_node_3,7604649aecdda827,77824,111360,256,20,0.934661865234375,0,0.0,0,0,oracle_non_tumor,1,1d5657e342c149ef8305d568410dbc96,1d5657e342c149ef8305d568410dbc96,standard,0,0,vlm_patches/patient_120_node_3/standard/oracle_non_tumor/patient_120_node_3_standard_oracle_non_tumor_000.png,s3://pershin-medailab/Pathomorphology/CAMELYON/mil/vlm_patches/c17_abmil_vlm_patches_1d5657e342c149ef8305d568410dbc96.tar.gz!/vlm_patches/patient_120_node_3/standard/oracle_non_tumor/patient_120_node_3_standard_oracle_non_tumor_000.png,patient_120_node_3_standard_oracle_non_tumor_000
c17_native,patient_120,patient_120_node_3,d6877df5ca5585f9,55296,112640,256,20,0.9329681396484376,0,0.0,0,0,oracle_non_tumor,2,1d5657e342c149ef8305d568410dbc96,1d5657e342c149ef8305d568410dbc96,standard,0,0,vlm_patches/patient_120_node_3/standard/oracle_non_tumor/patient_120_node_3_standard_oracle_non_tumor_001.png,s3://pershin-medailab/Pathomorphology/CAMELYON/mil/vlm_patches/c17_abmil_vlm_patches_1d5657e342c149ef8305d568410dbc96.tar.gz!/vlm_patches/patient_120_node_3/standard/oracle_non_tumor/patient_120_node_3_standard_oracle_non_tumor_001.png,patient_120_node_3_standard_oracle_non_tumor_001
c17_native,patient_120,patient_120_node_3,cfe879cd6f86fb97,67840,116992,256,20,0.12322998046875,0,0.0,0,0,oracle_non_tumor,3,1d5657e342c149ef8305d568410dbc96,1d5657e342c149ef8305d568410dbc96,standard,0,0,vlm_patches/patient_120_node_3/standard/oracle_non_tumor/patient_120_node_3_standard_oracle_non_tumor_002.png,s3://pershin-medailab/Pathomorphology/CAMELYON/mil/vlm_patches/c17_abmil_vlm_patches_1d5657e342c149ef8305d568410dbc96.tar.gz!/vlm_patches/patient_120_node_3/standard/oracle_non_tumor/patient_120_node_3_standard_oracle_non_tumor_002.png,patient_120_node_3_standard_oracle_non_tumor_002
c17_native,patient_189,patient_189_node_1,d83ebd3b65c6ea19,63744,125184,256,20,0.8812408447265625,0,0.0,0,0,oracle_non_tumor,1,1d5657e342c149ef8305d568410dbc96,1d5657e342c149ef8305d568410dbc96,standard,0,0,vlm_patches/patient_189_node_1/standard/oracle_non_tumor/patient_189_node_1_standard_oracle_non_tumor_000.png,s3://pershin-medailab/Pathomorphology/CAMELYON/mil/vlm_patches/c17_abmil_vlm_patches_1d5657e342c149ef8305d568410dbc96.tar.gz!/vlm_patches/patient_189_node_1/standard/oracle_non_tumor/patient_189_node_1_standard_oracle_non_tumor_000.png,patient_189_node_1_standard_oracle_non_tumor_000
c17_native,patient_189,patient_189_node_1,524e12a17ccef2c8,69376,124672,256,20,0.5839080810546875,0,0.0,0,0,oracle_non_tumor,2,1d5657e342c149ef8305d568410dbc96,1d5657e342c149ef8305d568410dbc96,standard,0,0,vlm_patches/patient_189_node_1/standard/oracle_non_tumor/patient_189_node_1_standard_oracle_non_tumor_001.png,s3://pershin-medailab/Pathomorphology/CAMELYON/mil/vlm_patches/c17_abmil_vlm_patches_1d5657e342c149ef8305d568410dbc96.tar.gz!/vlm_patches/patient_189_node_1/standard/oracle_non_tumor/patient_189_node_1_standard_oracle_non_tumor_001.png,patient_189_node_1_standard_oracle_non_tumor_001
c17_native,patient_189,patient_189_node_1,b9b9ca27a0413379,75776,155904,256,20,0.3173980712890625,0,0.0,0,0,oracle_non_tumor,3,1d5657e342c149ef8305d568410dbc96,1d5657e342c149ef8305d568410dbc96,standard,0,0,vlm_patches/patient_189_node_1/standard/oracle_non_tumor/patient_189_node_1_standard_oracle_non_tumor_002.png,s3://pershin-medailab/Pathomorphology/CAMELYON/mil/vlm_patches/c17_abmil_vlm_patches_1d5657e342c149ef8305d568410dbc96.tar.gz!/vlm_patches/patient_189_node_1/standard/oracle_non_tumor/patient_189_node_1_standard_oracle_non_tumor_002.png,patient_189_node_1_standard_oracle_non_tumor_002
c17_native,patient_152,patient_152_node_0,c03925e94c82c67a,54784,132096,256,20,0.9941558837890624,0,0.0,0,0,oracle_non_tumor,1,1d5657e342c149ef8305d568410dbc96,1d5657e342c149ef8305d568410dbc96,standard,0,0,vlm_patches/patient_152_node_0/standard/oracle_non_tumor/patient_152_node_0_standard_oracle_non_tumor_000.png,s3://pershin-medailab/Pathomorphology/CAMELYON/mil/vlm_patches/c17_abmil_vlm_patches_1d5657e342c149ef8305d568410dbc96.tar.gz!/vlm_patches/patient_152_node_0/standard/oracle_non_tumor/patient_152_node_0_standard_oracle_non_tumor_000.png,patient_152_node_0_standard_oracle_non_tumor_000
c17_native,patient_152,patient_152_node_0,5ecd24cbd818f700,73472,152576,256,20,0.98638916015625,0,0.0,0,0,oracle_non_tumor,2,1d5657e342c149ef8305d568410dbc96,1d5657e342c149ef8305d568410dbc96,standard,0,0,vlm_patches/patient_152_node_0/standard/oracle_non_tumor/patient_152_node_0_standard_oracle_non_tumor_001.png,s3://pershin-medailab/Pathomorphology/CAMELYON/mil/vlm_patches/c17_abmil_vlm_patches_1d5657e342c149ef8305d568410dbc96.tar.gz!/vlm_patches/patient_152_node_0/standard/oracle_non_tumor/patient_152_node_0_standard_oracle_non_tumor_001.png,patient_152_node_0_standard_oracle_non_tumor_001
c17_native,patient_152,patient_152_node_0,1ded8cf0613aecf6,46080,122880,256,20,0.03485107421875,0,0.0,0,0,oracle_non_tumor,3,1d5657e342c149ef8305d568410dbc96,1d5657e342c149ef8305d568410dbc96,standard,0,0,vlm_patches/patient_152_node_0/standard/oracle_non_tumor/patient_152_node_0_standard_oracle_non_tumor_002.png,s3://pershin-medailab/Pathomorphology/CAMELYON/mil/vlm_patches/c17_abmil_vlm_patches_1d5657e342c149ef8305d568410dbc96.tar.gz!/vlm_patches/patient_152_node_0/standard/oracle_non_tumor/patient_152_node_0_standard_oracle_non_tumor_002.png,patient_152_node_0_standard_oracle_non_tumor_002
c17_native,patient_190,patient_190_node_3,e5affc3bbef1f3b6,145920,66048,256,20,0.855194091796875,0,0.0,0,0,oracle_non_tumor,1,1d5657e342c149ef8305d568410dbc96,1d5657e342c149ef8305d568410dbc96,standard,0,0,vlm_patches/patient_190_node_3/standard/oracle_non_tumor/patient_190_node_3_standard_oracle_non_tumor_000.png,s3://pershin-medailab/Pathomorphology/CAMELYON/mil/vlm_patches/c17_abmil_vlm_patches_1d5657e342c149ef8305d568410dbc96.tar.gz!/vlm_patches/patient_190_node_3/standard/oracle_non_tumor/patient_190_node_3_standard_oracle_non_tumor_000.png,patient_190_node_3_standard_oracle_non_tumor_000
c17_native,patient_190,patient_190_node_3,94360d0ddf0715aa,128512,79360,256,20,0.0,0,0.0,0,0,oracle_non_tumor,2,1d5657e342c149ef8305d568410dbc96,1d5657e342c149ef8305d568410dbc96,standard,0,0,vlm_patches/patient_190_node_3/standard/oracle_non_tumor/patient_190_node_3_standard_oracle_non_tumor_001.png,s3://pershin-medailab/Pathomorphology/CAMELYON/mil/vlm_patches/c17_abmil_vlm_patches_1d5657e342c149ef8305d568410dbc96.tar.gz!/vlm_patches/patient_190_node_3/standard/oracle_non_tumor/patient_190_node_3_standard_oracle_non_tumor_001.png,patient_190_node_3_standard_oracle_non_tumor_001
c17_native,patient_190,patient_190_node_3,509b177f4769aa68,82432,37376,256,20,0.7121429443359375,0,0.0,0,0,oracle_non_tumor,3,1d5657e342c149ef8305d568410dbc96,1d5657e342c149ef8305d568410dbc96,standard,0,0,vlm_patches/patient_190_node_3/standard/oracle_non_tumor/patient_190_node_3_standard_oracle_non_tumor_002.png,s3://pershin-medailab/Pathomorphology/CAMELYON/mil/vlm_patches/c17_abmil_vlm_patches_1d5657e342c149ef8305d568410dbc96.tar.gz!/vlm_patches/patient_190_node_3/standard/oracle_non_tumor/patient_190_node_3_standard_oracle_non_tumor_002.png,patient_190_node_3_standard_oracle_non_tumor_002
c17_native,patient_126,patient_126_node_0,cc06fb690ab13fc5,9984,107776,256,20,0.8900146484375,0,0.0,0,0,oracle_non_tumor,1,1d5657e342c149ef8305d568410dbc96,1d5657e342c149ef8305d568410dbc96,standard,0,0,vlm_patches/patient_126_node_0/standard/oracle_non_tumor/patient_126_node_0_standard_oracle_non_tumor_000.png,s3://pershin-medailab/Pathomorphology/CAMELYON/mil/vlm_patches/c17_abmil_vlm_patches_1d5657e342c149ef8305d568410dbc96.tar.gz!/vlm_patches/patient_126_node_0/standard/oracle_non_tumor/patient_126_node_0_standard_oracle_non_tumor_000.png,patient_126_node_0_standard_oracle_non_tumor_000
c17_native,patient_126,patient_126_node_0,0775ab7f0d92dfe7,37632,161024,256,20,0.4628448486328125,0,0.0,0,0,oracle_non_tumor,2,1d5657e342c149ef8305d568410dbc96,1d5657e342c149ef8305d568410dbc96,standard,0,0,vlm_patches/patient_126_node_0/standard/oracle_non_tumor/patient_126_node_0_standard_oracle_non_tumor_001.png,s3://pershin-medailab/Pathomorphology/CAMELYON/mil/vlm_patches/c17_abmil_vlm_patches_1d5657e342c149ef8305d568410dbc96.tar.gz!/vlm_patches/patient_126_node_0/standard/oracle_non_tumor/patient_126_node_0_standard_oracle_non_tumor_001.png,patient_126_node_0_standard_oracle_non_tumor_001
c17_native,patient_126,patient_126_node_0,6e509650f1df1b5c,16384,92416,256,20,0.9982147216796876,0,0.0,0,0,oracle_non_tumor,3,1d5657e342c149ef8305d568410dbc96,1d5657e342c149ef8305d568410dbc96,standard,0,0,vlm_patches/patient_126_node_0/standard/oracle_non_tumor/patient_126_node_0_standard_oracle_non_tumor_002.png,s3://pershin-medailab/Pathomorphology/CAMELYON/mil/vlm_patches/c17_abmil_vlm_patches_1d5657e342c149ef8305d568410dbc96.tar.gz!/vlm_patches/patient_126_node_0/standard/oracle_non_tumor/patient_126_node_0_standard_oracle_non_tumor_002.png,patient_126_node_0_standard_oracle_non_tumor_002
c17_native,patient_159,patient_159_node_1,acd78edfb2faa004,25600,28672,256,20,0.7794036865234375,0,0.0,0,0,oracle_non_tumor,1,1d5657e342c149ef8305d568410dbc96,1d5657e342c149ef8305d568410dbc96,standard,0,0,vlm_patches/patient_159_node_1/standard/oracle_non_tumor/patient_159_node_1_standard_oracle_non_tumor_000.png,s3://pershin-medailab/Pathomorphology/CAMELYON/mil/vlm_patches/c17_abmil_vlm_patches_1d5657e342c149ef8305d568410dbc96.tar.gz!/vlm_patches/patient_159_node_1/standard/oracle_non_tumor/patient_159_node_1_standard_oracle_non_tumor_000.png,patient_159_node_1_standard_oracle_non_tumor_000
c17_native,patient_159,patient_159_node_1,761cc0569e8c098e,1024,43264,256,20,0.3404541015625,0,0.0,0,0,oracle_non_tumor,2,1d5657e342c149ef8305d568410dbc96,1d5657e342c149ef8305d568410dbc96,standard,0,0,vlm_patches/patient_159_node_1/standard/oracle_non_tumor/patient_159_node_1_standard_oracle_non_tumor_001.png,s3://pershin-medailab/Pathomorphology/CAMELYON/mil/vlm_patches/c17_abmil_vlm_patches_1d5657e342c149ef8305d568410dbc96.tar.gz!/vlm_patches/patient_159_node_1/standard/oracle_non_tumor/patient_159_node_1_standard_oracle_non_tumor_001.png,patient_159_node_1_standard_oracle_non_tumor_001
c17_native,patient_159,patient_159_node_1,a6cc1763bc7bf7f8,28928,38912,256,20,0.8411865234375,0,0.0,0,0,oracle_non_tumor,3,1d5657e342c149ef8305d568410dbc96,1d5657e342c149ef8305d568410dbc96,standard,0,0,vlm_patches/patient_159_node_1/standard/oracle_non_tumor/patient_159_node_1_standard_oracle_non_tumor_002.png,s3://pershin-medailab/Pathomorphology/CAMELYON/mil/vlm_patches/c17_abmil_vlm_patches_1d5657e342c149ef8305d568410dbc96.tar.gz!/vlm_patches/patient_159_node_1/standard/oracle_non_tumor/patient_159_node_1_standard_oracle_non_tumor_002.png,patient_159_node_1_standard_oracle_non_tumor_002
c17_native,patient_185,patient_185_node_3,b4c595f2c6a870be,11776,138496,256,20,0.005828857421875,0,0.0,0,0,oracle_non_tumor,1,1d5657e342c149ef8305d568410dbc96,1d5657e342c149ef8305d568410dbc96,standard,0,0,vlm_patches/patient_185_node_3/standard/oracle_non_tumor/patient_185_node_3_standard_oracle_non_tumor_000.png,s3://pershin-medailab/Pathomorphology/CAMELYON/mil/vlm_patches/c17_abmil_vlm_patches_1d5657e342c149ef8305d568410dbc96.tar.gz!/vlm_patches/patient_185_node_3/standard/oracle_non_tumor/patient_185_node_3_standard_oracle_non_tumor_000.png,patient_185_node_3_standard_oracle_non_tumor_000
c17_native,patient_185,patient_185_node_3,908bdd975f66f545,15360,124416,256,20,0.932647705078125,0,0.0,0,0,oracle_non_tumor,2,1d5657e342c149ef8305d568410dbc96,1d5657e342c149ef8305d568410dbc96,standard,0,0,vlm_patches/patient_185_node_3/standard/oracle_non_tumor/patient_185_node_3_standard_oracle_non_tumor_001.png,s3://pershin-medailab/Pathomorphology/CAMELYON/mil/vlm_patches/c17_abmil_vlm_patches_1d5657e342c149ef8305d568410dbc96.tar.gz!/vlm_patches/patient_185_node_3/standard/oracle_non_tumor/patient_185_node_3_standard_oracle_non_tumor_001.png,patient_185_node_3_standard_oracle_non_tumor_001
c17_native,patient_185,patient_185_node_3,88bca7e05766794c,24320,122368,256,20,0.1871185302734375,0,0.0,0,0,oracle_non_tumor,3,1d5657e342c149ef8305d568410dbc96,1d5657e342c149ef8305d568410dbc96,standard,0,0,vlm_patches/patient_185_node_3/standard/oracle_non_tumor/patient_185_node_3_standard_oracle_non_tumor_002.png,s3://pershin-medailab/Pathomorphology/CAMELYON/mil/vlm_patches/c17_abmil_vlm_patches_1d5657e342c149ef8305d568410dbc96.tar.gz!/vlm_patches/patient_185_node_3/standard/oracle_non_tumor/patient_185_node_3_standard_oracle_non_tumor_002.png,patient_185_node_3_standard_oracle_non_tumor_002
c17_native,patient_107,patient_107_node_3,cd37c36311948064,46592,132096,256,20,0.9742889404296876,0,0.0,0,0,oracle_non_tumor,1,1d5657e342c149ef8305d568410dbc96,1d5657e342c149ef8305d568410dbc96,standard,0,0,vlm_patches/patient_107_node_3/standard/oracle_non_tumor/patient_107_node_3_standard_oracle_non_tumor_000.png,s3://pershin-medailab/Pathomorphology/CAMELYON/mil/vlm_patches/c17_abmil_vlm_patches_1d5657e342c149ef8305d568410dbc96.tar.gz!/vlm_patches/patient_107_node_3/standard/oracle_non_tumor/patient_107_node_3_standard_oracle_non_tumor_000.png,patient_107_node_3_standard_oracle_non_tumor_000
c17_native,patient_107,patient_107_node_3,ba08630ffb3e1b24,67328,143104,256,20,0.980743408203125,0,0.0,0,0,oracle_non_tumor,2,1d5657e342c149ef8305d568410dbc96,1d5657e342c149ef8305d568410dbc96,standard,0,0,vlm_patches/patient_107_node_3/standard/oracle_non_tumor/patient_107_node_3_standard_oracle_non_tumor_001.png,s3://pershin-medailab/Pathomorphology/CAMELYON/mil/vlm_patches/c17_abmil_vlm_patches_1d5657e342c149ef8305d568410dbc96.tar.gz!/vlm_patches/patient_107_node_3/standard/oracle_non_tumor/patient_107_node_3_standard_oracle_non_tumor_001.png,patient_107_node_3_standard_oracle_non_tumor_001
c17_native,patient_107,patient_107_node_3,10ba724ea594db72,50176,170240,256,20,0.20233154296875,0,0.0,0,0,oracle_non_tumor,3,1d5657e342c149ef8305d568410dbc96,1d5657e342c149ef8305d568410dbc96,standard,0,0,vlm_patches/patient_107_node_3/standard/oracle_non_tumor/patient_107_node_3_standard_oracle_non_tumor_002.png,s3://pershin-medailab/Pathomorphology/CAMELYON/mil/vlm_patches/c17_abmil_vlm_patches_1d5657e342c149ef8305d568410dbc96.tar.gz!/vlm_patches/patient_107_node_3/standard/oracle_non_tumor/patient_107_node_3_standard_oracle_non_tumor_002.png,patient_107_node_3_standard_oracle_non_tumor_002
c17_native,patient_129,patient_129_node_1,65742f60dc2fa987,39936,85760,256,20,0.9921112060546876,0,0.0,0,0,oracle_non_tumor,1,1d5657e342c149ef8305d568410dbc96,1d5657e342c149ef8305d568410dbc96,standard,0,0,vlm_patches/patient_129_node_1/standard/oracle_non_tumor/patient_129_node_1_standard_oracle_non_tumor_000.png,s3://pershin-medailab/Pathomorphology/CAMELYON/mil/vlm_patches/c17_abmil_vlm_patches_1d5657e342c149ef8305d568410dbc96.tar.gz!/vlm_patches/patient_129_node_1/standard/oracle_non_tumor/patient_129_node_1_standard_oracle_non_tumor_000.png,patient_129_node_1_standard_oracle_non_tumor_000
c17_native,patient_129,patient_129_node_1,ab6c11e3dbbbc3df,58112,89600,256,20,0.9489288330078124,0,0.0,0,0,oracle_non_tumor,2,1d5657e342c149ef8305d568410dbc96,1d5657e342c149ef8305d568410dbc96,standard,0,0,vlm_patches/patient_129_node_1/standard/oracle_non_tumor/patient_129_node_1_standard_oracle_non_tumor_001.png,s3://pershin-medailab/Pathomorphology/CAMELYON/mil/vlm_patches/c17_abmil_vlm_patches_1d5657e342c149ef8305d568410dbc96.tar.gz!/vlm_patches/patient_129_node_1/standard/oracle_non_tumor/patient_129_node_1_standard_oracle_non_tumor_001.png,patient_129_node_1_standard_oracle_non_tumor_001
c17_native,patient_129,patient_129_node_1,5996cd12951d4421,25344,69376,256,20,0.021209716796875,0,0.0,0,0,oracle_non_tumor,3,1d5657e342c149ef8305d568410dbc96,1d5657e342c149ef8305d568410dbc96,standard,0,0,vlm_patches/patient_129_node_1/standard/oracle_non_tumor/patient_129_node_1_standard_oracle_non_tumor_002.png,s3://pershin-medailab/Pathomorphology/CAMELYON/mil/vlm_patches/c17_abmil_vlm_patches_1d5657e342c149ef8305d568410dbc96.tar.gz!/vlm_patches/patient_129_node_1/standard/oracle_non_tumor/patient_129_node_1_standard_oracle_non_tumor_002.png,patient_129_node_1_standard_oracle_non_tumor_002
c17_native,patient_109,patient_109_node_1,8378f51a600edb47,10496,91648,256,20,0.89971923828125,0,0.0,0,0,oracle_non_tumor,1,1d5657e342c149ef8305d568410dbc96,1d5657e342c149ef8305d568410dbc96,standard,0,0,vlm_patches/patient_109_node_1/standard/oracle_non_tumor/patient_109_node_1_standard_oracle_non_tumor_000.png,s3://pershin-medailab/Pathomorphology/CAMELYON/mil/vlm_patches/c17_abmil_vlm_patches_1d5657e342c149ef8305d568410dbc96.tar.gz!/vlm_patches/patient_109_node_1/standard/oracle_non_tumor/patient_109_node_1_standard_oracle_non_tumor_000.png,patient_109_node_1_standard_oracle_non_tumor_000
c17_native,patient_109,patient_109_node_1,6067f2a0470ae616,23040,69376,256,20,0.8614654541015625,0,0.0,0,0,oracle_non_tumor,2,1d5657e342c149ef8305d568410dbc96,1d5657e342c149ef8305d568410dbc96,standard,0,0,vlm_patches/patient_109_node_1/standard/oracle_non_tumor/patient_109_node_1_standard_oracle_non_tumor_001.png,s3://pershin-medailab/Pathomorphology/CAMELYON/mil/vlm_patches/c17_abmil_vlm_patches_1d5657e342c149ef8305d568410dbc96.tar.gz!/vlm_patches/patient_109_node_1/standard/oracle_non_tumor/patient_109_node_1_standard_oracle_non_tumor_001.png,patient_109_node_1_standard_oracle_non_tumor_001
c17_native,patient_109,patient_109_node_1,a7431ce8eb2324af,45568,135424,256,20,0.032318115234375,0,0.0,0,0,oracle_non_tumor,3,1d5657e342c149ef8305d568410dbc96,1d5657e342c149ef8305d568410dbc96,standard,0,0,vlm_patches/patient_109_node_1/standard/oracle_non_tumor/patient_109_node_1_standard_oracle_non_tumor_002.png,s3://pershin-medailab/Pathomorphology/CAMELYON/mil/vlm_patches/c17_abmil_vlm_patches_1d5657e342c149ef8305d568410dbc96.tar.gz!/vlm_patches/patient_109_node_1/standard/oracle_non_tumor/patient_109_node_1_standard_oracle_non_tumor_002.png,patient_109_node_1_standard_oracle_non_tumor_002
c17_native,patient_172,patient_172_node_4,52edefe3eca16957,81920,79360,256,20,0.53607177734375,0,0.0,0,0,oracle_non_tumor,1,1d5657e342c149ef8305d568410dbc96,1d5657e342c149ef8305d568410dbc96,standard,0,0,vlm_patches/patient_172_node_4/standard/oracle_non_tumor/patient_172_node_4_standard_oracle_non_tumor_000.png,s3://pershin-medailab/Pathomorphology/CAMELYON/mil/vlm_patches/c17_abmil_vlm_patches_1d5657e342c149ef8305d568410dbc96.tar.gz!/vlm_patches/patient_172_node_4/standard/oracle_non_tumor/patient_172_node_4_standard_oracle_non_tumor_000.png,patient_172_node_4_standard_oracle_non_tumor_000
c17_native,patient_172,patient_172_node_4,72b2329d01e5aabd,49920,17920,256,20,0.0,0,0.0,0,0,oracle_non_tumor,2,1d5657e342c149ef8305d568410dbc96,1d5657e342c149ef8305d568410dbc96,standard,0,0,vlm_patches/patient_172_node_4/standard/oracle_non_tumor/patient_172_node_4_standard_oracle_non_tumor_001.png,s3://pershin-medailab/Pathomorphology/CAMELYON/mil/vlm_patches/c17_abmil_vlm_patches_1d5657e342c149ef8305d568410dbc96.tar.gz!/vlm_patches/patient_172_node_4/standard/oracle_non_tumor/patient_172_node_4_standard_oracle_non_tumor_001.png,patient_172_node_4_standard_oracle_non_tumor_001
c17_native,patient_172,patient_172_node_4,c6e0357706ecf317,88064,59136,256,20,0.176727294921875,0,0.0,0,0,oracle_non_tumor,3,1d5657e342c149ef8305d568410dbc96,1d5657e342c149ef8305d568410dbc96,standard,0,0,vlm_patches/patient_172_node_4/standard/oracle_non_tumor/patient_172_node_4_standard_oracle_non_tumor_002.png,s3://pershin-medailab/Pathomorphology/CAMELYON/mil/vlm_patches/c17_abmil_vlm_patches_1d5657e342c149ef8305d568410dbc96.tar.gz!/vlm_patches/patient_172_node_4/standard/oracle_non_tumor/patient_172_node_4_standard_oracle_non_tumor_002.png,patient_172_node_4_standard_oracle_non_tumor_002
c17_native,patient_110,patient_110_node_2,beb4d7090f9cda9d,60672,172544,256,20,0.2779388427734375,0,0.0,0,0,oracle_non_tumor,1,1d5657e342c149ef8305d568410dbc96,1d5657e342c149ef8305d568410dbc96,standard,0,0,vlm_patches/patient_110_node_2/standard/oracle_non_tumor/patient_110_node_2_standard_oracle_non_tumor_000.png,s3://pershin-medailab/Pathomorphology/CAMELYON/mil/vlm_patches/c17_abmil_vlm_patches_1d5657e342c149ef8305d568410dbc96.tar.gz!/vlm_patches/patient_110_node_2/standard/oracle_non_tumor/patient_110_node_2_standard_oracle_non_tumor_000.png,patient_110_node_2_standard_oracle_non_tumor_000
c17_native,patient_110,patient_110_node_2,2f397fdd70d660da,21504,83200,256,20,0.910369873046875,0,0.0,0,0,oracle_non_tumor,2,1d5657e342c149ef8305d568410dbc96,1d5657e342c149ef8305d568410dbc96,standard,0,0,vlm_patches/patient_110_node_2/standard/oracle_non_tumor/patient_110_node_2_standard_oracle_non_tumor_001.png,s3://pershin-medailab/Pathomorphology/CAMELYON/mil/vlm_patches/c17_abmil_vlm_patches_1d5657e342c149ef8305d568410dbc96.tar.gz!/vlm_patches/patient_110_node_2/standard/oracle_non_tumor/patient_110_node_2_standard_oracle_non_tumor_001.png,patient_110_node_2_standard_oracle_non_tumor_001
c17_native,patient_110,patient_110_node_2,cbae1a487143751e,57344,146176,256,20,0.764007568359375,0,0.0,0,0,oracle_non_tumor,3,1d5657e342c149ef8305d568410dbc96,1d5657e342c149ef8305d568410dbc96,standard,0,0,vlm_patches/patient_110_node_2/standard/oracle_non_tumor/patient_110_node_2_standard_oracle_non_tumor_002.png,s3://pershin-medailab/Pathomorphology/CAMELYON/mil/vlm_patches/c17_abmil_vlm_patches_1d5657e342c149ef8305d568410dbc96.tar.gz!/vlm_patches/patient_110_node_2/standard/oracle_non_tumor/patient_110_node_2_standard_oracle_non_tumor_002.png,patient_110_node_2_standard_oracle_non_tumor_002
c17_native,patient_163,patient_163_node_2,1f078b40a5c2ed93,62208,110080,256,20,0.8327178955078125,0,0.0,0,0,oracle_non_tumor,1,1d5657e342c149ef8305d568410dbc96,1d5657e342c149ef8305d568410dbc96,standard,0,0,vlm_patches/patient_163_node_2/standard/oracle_non_tumor/patient_163_node_2_standard_oracle_non_tumor_000.png,s3://pershin-medailab/Pathomorphology/CAMELYON/mil/vlm_patches/c17_abmil_vlm_patches_1d5657e342c149ef8305d568410dbc96.tar.gz!/vlm_patches/patient_163_node_2/standard/oracle_non_tumor/patient_163_node_2_standard_oracle_non_tumor_000.png,patient_163_node_2_standard_oracle_non_tumor_000
c17_native,patient_163,patient_163_node_2,c4bc634a320ae96c,55552,110592,256,20,0.33111572265625,0,0.0,0,0,oracle_non_tumor,2,1d5657e342c149ef8305d568410dbc96,1d5657e342c149ef8305d568410dbc96,standard,0,0,vlm_patches/patient_163_node_2/standard/oracle_non_tumor/patient_163_node_2_standard_oracle_non_tumor_001.png,s3://pershin-medailab/Pathomorphology/CAMELYON/mil/vlm_patches/c17_abmil_vlm_patches_1d5657e342c149ef8305d568410dbc96.tar.gz!/vlm_patches/patient_163_node_2/standard/oracle_non_tumor/patient_163_node_2_standard_oracle_non_tumor_001.png,patient_163_node_2_standard_oracle_non_tumor_001
c17_native,patient_163,patient_163_node_2,c505ea9055b38ab2,64000,135680,256,20,0.616119384765625,0,0.0,0,0,oracle_non_tumor,3,1d5657e342c149ef8305d568410dbc96,1d5657e342c149ef8305d568410dbc96,standard,0,0,vlm_patches/patient_163_node_2/standard/oracle_non_tumor/patient_163_node_2_standard_oracle_non_tumor_002.png,s3://pershin-medailab/Pathomorphology/CAMELYON/mil/vlm_patches/c17_abmil_vlm_patches_1d5657e342c149ef8305d568410dbc96.tar.gz!/vlm_patches/patient_163_node_2/standard/oracle_non_tumor/patient_163_node_2_standard_oracle_non_tumor_002.png,patient_163_node_2_standard_oracle_non_tumor_002
c17_native,patient_157,patient_157_node_0,fcbd87d7c7d59631,43520,63488,256,20,0.1164703369140625,0,0.0,0,0,oracle_non_tumor,1,1d5657e342c149ef8305d568410dbc96,1d5657e342c149ef8305d568410dbc96,standard,0,0,vlm_patches/patient_157_node_0/standard/oracle_non_tumor/patient_157_node_0_standard_oracle_non_tumor_000.png,s3://pershin-medailab/Pathomorphology/CAMELYON/mil/vlm_patches/c17_abmil_vlm_patches_1d5657e342c149ef8305d568410dbc96.tar.gz!/vlm_patches/patient_157_node_0/standard/oracle_non_tumor/patient_157_node_0_standard_oracle_non_tumor_000.png,patient_157_node_0_standard_oracle_non_tumor_000
c17_native,patient_157,patient_157_node_0,8b166574b785badb,54784,143872,256,20,0.877838134765625,0,0.0,0,0,oracle_non_tumor,2,1d5657e342c149ef8305d568410dbc96,1d5657e342c149ef8305d568410dbc96,standard,0,0,vlm_patches/patient_157_node_0/standard/oracle_non_tumor/patient_157_node_0_standard_oracle_non_tumor_001.png,s3://pershin-medailab/Pathomorphology/CAMELYON/mil/vlm_patches/c17_abmil_vlm_patches_1d5657e342c149ef8305d568410dbc96.tar.gz!/vlm_patches/patient_157_node_0/standard/oracle_non_tumor/patient_157_node_0_standard_oracle_non_tumor_001.png,patient_157_node_0_standard_oracle_non_tumor_001
c17_native,patient_157,patient_157_node_0,15e5826e0532edfd,61440,50944,256,20,0.9673919677734376,0,0.0,0,0,oracle_non_tumor,3,1d5657e342c149ef8305d568410dbc96,1d5657e342c149ef8305d568410dbc96,standard,0,0,vlm_patches/patient_157_node_0/standard/oracle_non_tumor/patient_157_node_0_standard_oracle_non_tumor_002.png,s3://pershin-medailab/Pathomorphology/CAMELYON/mil/vlm_patches/c17_abmil_vlm_patches_1d5657e342c149ef8305d568410dbc96.tar.gz!/vlm_patches/patient_157_node_0/standard/oracle_non_tumor/patient_157_node_0_standard_oracle_non_tumor_002.png,patient_157_node_0_standard_oracle_non_tumor_002
c17_native,patient_127,patient_127_node_0,1bfa4c733ef44b3b,56832,72960,256,20,0.99969482421875,0,0.0,0,0,oracle_non_tumor,1,1d5657e342c149ef8305d568410dbc96,1d5657e342c149ef8305d568410dbc96,standard,0,0,vlm_patches/patient_127_node_0/standard/oracle_non_tumor/patient_127_node_0_standard_oracle_non_tumor_000.png,s3://pershin-medailab/Pathomorphology/CAMELYON/mil/vlm_patches/c17_abmil_vlm_patches_1d5657e342c149ef8305d568410dbc96.tar.gz!/vlm_patches/patient_127_node_0/standard/oracle_non_tumor/patient_127_node_0_standard_oracle_non_tumor_000.png,patient_127_node_0_standard_oracle_non_tumor_000
c17_native,patient_127,patient_127_node_0,13b89563a3de75e7,24320,134144,256,20,0.9828643798828124,0,0.0,0,0,oracle_non_tumor,2,1d5657e342c149ef8305d568410dbc96,1d5657e342c149ef8305d568410dbc96,standard,0,0,vlm_patches/patient_127_node_0/standard/oracle_non_tumor/patient_127_node_0_standard_oracle_non_tumor_001.png,s3://pershin-medailab/Pathomorphology/CAMELYON/mil/vlm_patches/c17_abmil_vlm_patches_1d5657e342c149ef8305d568410dbc96.tar.gz!/vlm_patches/patient_127_node_0/standard/oracle_non_tumor/patient_127_node_0_standard_oracle_non_tumor_001.png,patient_127_node_0_standard_oracle_non_tumor_001
c17_native,patient_127,patient_127_node_0,2febc37d572b2c60,36096,160768,256,20,0.4802398681640625,0,0.0,0,0,oracle_non_tumor,3,1d5657e342c149ef8305d568410dbc96,1d5657e342c149ef8305d568410dbc96,standard,0,0,vlm_patches/patient_127_node_0/standard/oracle_non_tumor/patient_127_node_0_standard_oracle_non_tumor_002.png,s3://pershin-medailab/Pathomorphology/CAMELYON/mil/vlm_patches/c17_abmil_vlm_patches_1d5657e342c149ef8305d568410dbc96.tar.gz!/vlm_patches/patient_127_node_0/standard/oracle_non_tumor/patient_127_node_0_standard_oracle_non_tumor_002.png,patient_127_node_0_standard_oracle_non_tumor_002
c17_native,patient_134,patient_134_node_0,348e902749c25174,14080,146176,256,20,0.0129547119140625,0,0.0,0,0,oracle_non_tumor,1,1d5657e342c149ef8305d568410dbc96,1d5657e342c149ef8305d568410dbc96,standard,0,0,vlm_patches/patient_134_node_0/standard/oracle_non_tumor/patient_134_node_0_standard_oracle_non_tumor_000.png,s3://pershin-medailab/Pathomorphology/CAMELYON/mil/vlm_patches/c17_abmil_vlm_patches_1d5657e342c149ef8305d568410dbc96.tar.gz!/vlm_patches/patient_134_node_0/standard/oracle_non_tumor/patient_134_node_0_standard_oracle_non_tumor_000.png,patient_134_node_0_standard_oracle_non_tumor_000
c17_native,patient_134,patient_134_node_0,22aa997d475fa6b4,78336,170240,256,20,0.9814453125,0,0.0,0,0,oracle_non_tumor,2,1d5657e342c149ef8305d568410dbc96,1d5657e342c149ef8305d568410dbc96,standard,0,0,vlm_patches/patient_134_node_0/standard/oracle_non_tumor/patient_134_node_0_standard_oracle_non_tumor_001.png,s3://pershin-medailab/Pathomorphology/CAMELYON/mil/vlm_patches/c17_abmil_vlm_patches_1d5657e342c149ef8305d568410dbc96.tar.gz!/vlm_patches/patient_134_node_0/standard/oracle_non_tumor/patient_134_node_0_standard_oracle_non_tumor_001.png,patient_134_node_0_standard_oracle_non_tumor_001
c17_native,patient_134,patient_134_node_0,8e42c05001c45e1b,37120,80640,256,20,0.88995361328125,0,0.0,0,0,oracle_non_tumor,3,1d5657e342c149ef8305d568410dbc96,1d5657e342c149ef8305d568410dbc96,standard,0,0,vlm_patches/patient_134_node_0/standard/oracle_non_tumor/patient_134_node_0_standard_oracle_non_tumor_002.png,s3://pershin-medailab/Pathomorphology/CAMELYON/mil/vlm_patches/c17_abmil_vlm_patches_1d5657e342c149ef8305d568410dbc96.tar.gz!/vlm_patches/patient_134_node_0/standard/oracle_non_tumor/patient_134_node_0_standard_oracle_non_tumor_002.png,patient_134_node_0_standard_oracle_non_tumor_002
c17_native,patient_138,patient_138_node_3,7d22d4ec2fe095d6,22784,91648,256,20,0.083587646484375,0,0.0,0,0,oracle_non_tumor,1,1d5657e342c149ef8305d568410dbc96,1d5657e342c149ef8305d568410dbc96,standard,0,0,vlm_patches/patient_138_node_3/standard/oracle_non_tumor/patient_138_node_3_standard_oracle_non_tumor_000.png,s3://pershin-medailab/Pathomorphology/CAMELYON/mil/vlm_patches/c17_abmil_vlm_patches_1d5657e342c149ef8305d568410dbc96.tar.gz!/vlm_patches/patient_138_node_3/standard/oracle_non_tumor/patient_138_node_3_standard_oracle_non_tumor_000.png,patient_138_node_3_standard_oracle_non_tumor_000
c17_native,patient_138,patient_138_node_3,8986fd944fd6bcae,79104,100096,256,20,0.9066619873046876,0,0.0,0,0,oracle_non_tumor,2,1d5657e342c149ef8305d568410dbc96,1d5657e342c149ef8305d568410dbc96,standard,0,0,vlm_patches/patient_138_node_3/standard/oracle_non_tumor/patient_138_node_3_standard_oracle_non_tumor_001.png,s3://pershin-medailab/Pathomorphology/CAMELYON/mil/vlm_patches/c17_abmil_vlm_patches_1d5657e342c149ef8305d568410dbc96.tar.gz!/vlm_patches/patient_138_node_3/standard/oracle_non_tumor/patient_138_node_3_standard_oracle_non_tumor_001.png,patient_138_node_3_standard_oracle_non_tumor_001
c17_native,patient_138,patient_138_node_3,3b42d1cf95cf4e40,58112,187648,256,20,0.9805755615234376,0,0.0,0,0,oracle_non_tumor,3,1d5657e342c149ef8305d568410dbc96,1d5657e342c149ef8305d568410dbc96,standard,0,0,vlm_patches/patient_138_node_3/standard/oracle_non_tumor/patient_138_node_3_standard_oracle_non_tumor_002.png,s3://pershin-medailab/Pathomorphology/CAMELYON/mil/vlm_patches/c17_abmil_vlm_patches_1d5657e342c149ef8305d568410dbc96.tar.gz!/vlm_patches/patient_138_node_3/standard/oracle_non_tumor/patient_138_node_3_standard_oracle_non_tumor_002.png,patient_138_node_3_standard_oracle_non_tumor_002
c17_native,patient_191,patient_191_node_0,18677e4892752209,34304,81152,256,20,0.0800323486328125,0,0.0,0,0,oracle_non_tumor,1,1d5657e342c149ef8305d568410dbc96,1d5657e342c149ef8305d568410dbc96,standard,0,0,vlm_patches/patient_191_node_0/standard/oracle_non_tumor/patient_191_node_0_standard_oracle_non_tumor_000.png,s3://pershin-medailab/Pathomorphology/CAMELYON/mil/vlm_patches/c17_abmil_vlm_patches_1d5657e342c149ef8305d568410dbc96.tar.gz!/vlm_patches/patient_191_node_0/standard/oracle_non_tumor/patient_191_node_0_standard_oracle_non_tumor_000.png,patient_191_node_0_standard_oracle_non_tumor_000
c17_native,patient_191,patient_191_node_0,81312c0ea83e2172,19712,146432,256,20,0.928497314453125,0,0.0,0,0,oracle_non_tumor,2,1d5657e342c149ef8305d568410dbc96,1d5657e342c149ef8305d568410dbc96,standard,0,0,vlm_patches/patient_191_node_0/standard/oracle_non_tumor/patient_191_node_0_standard_oracle_non_tumor_001.png,s3://pershin-medailab/Pathomorphology/CAMELYON/mil/vlm_patches/c17_abmil_vlm_patches_1d5657e342c149ef8305d568410dbc96.tar.gz!/vlm_patches/patient_191_node_0/standard/oracle_non_tumor/patient_191_node_0_standard_oracle_non_tumor_001.png,patient_191_node_0_standard_oracle_non_tumor_001
c17_native,patient_191,patient_191_node_0,fab1a7680c2544a3,22016,137472,256,20,0.9170989990234376,0,0.0,0,0,oracle_non_tumor,3,1d5657e342c149ef8305d568410dbc96,1d5657e342c149ef8305d568410dbc96,standard,0,0,vlm_patches/patient_191_node_0/standard/oracle_non_tumor/patient_191_node_0_standard_oracle_non_tumor_002.png,s3://pershin-medailab/Pathomorphology/CAMELYON/mil/vlm_patches/c17_abmil_vlm_patches_1d5657e342c149ef8305d568410dbc96.tar.gz!/vlm_patches/patient_191_node_0/standard/oracle_non_tumor/patient_191_node_0_standard_oracle_non_tumor_002.png,patient_191_node_0_standard_oracle_non_tumor_002
c17_native,patient_127,patient_127_node_3,6be997d3f32772e7,53248,132608,256,20,0.9441070556640624,0,0.0,0,0,oracle_non_tumor,1,1d5657e342c149ef8305d568410dbc96,1d5657e342c149ef8305d568410dbc96,standard,0,0,vlm_patches/patient_127_node_3/standard/oracle_non_tumor/patient_127_node_3_standard_oracle_non_tumor_000.png,s3://pershin-medailab/Pathomorphology/CAMELYON/mil/vlm_patches/c17_abmil_vlm_patches_1d5657e342c149ef8305d568410dbc96.tar.gz!/vlm_patches/patient_127_node_3/standard/oracle_non_tumor/patient_127_node_3_standard_oracle_non_tumor_000.png,patient_127_node_3_standard_oracle_non_tumor_000
c17_native,patient_127,patient_127_node_3,62e8e73a508b2df5,30208,142080,256,20,0.0380401611328125,0,0.0,0,0,oracle_non_tumor,2,1d5657e342c149ef8305d568410dbc96,1d5657e342c149ef8305d568410dbc96,standard,0,0,vlm_patches/patient_127_node_3/standard/oracle_non_tumor/patient_127_node_3_standard_oracle_non_tumor_001.png,s3://pershin-medailab/Pathomorphology/CAMELYON/mil/vlm_patches/c17_abmil_vlm_patches_1d5657e342c149ef8305d568410dbc96.tar.gz!/vlm_patches/patient_127_node_3/standard/oracle_non_tumor/patient_127_node_3_standard_oracle_non_tumor_001.png,patient_127_node_3_standard_oracle_non_tumor_001
c17_native,patient_127,patient_127_node_3,f5af6ce3df999503,76800,197120,256,20,0.2432861328125,0,0.0,0,0,oracle_non_tumor,3,1d5657e342c149ef8305d568410dbc96,1d5657e342c149ef8305d568410dbc96,standard,0,0,vlm_patches/patient_127_node_3/standard/oracle_non_tumor/patient_127_node_3_standard_oracle_non_tumor_002.png,s3://pershin-medailab/Pathomorphology/CAMELYON/mil/vlm_patches/c17_abmil_vlm_patches_1d5657e342c149ef8305d568410dbc96.tar.gz!/vlm_patches/patient_127_node_3/standard/oracle_non_tumor/patient_127_node_3_standard_oracle_non_tumor_002.png,patient_127_node_3_standard_oracle_non_tumor_002
c17_native,patient_163,patient_163_node_1,49ea720a36762f30,18432,83712,256,20,0.2114105224609375,0,0.0,0,0,oracle_non_tumor,1,1d5657e342c149ef8305d568410dbc96,1d5657e342c149ef8305d568410dbc96,standard,0,0,vlm_patches/patient_163_node_1/standard/oracle_non_tumor/patient_163_node_1_standard_oracle_non_tumor_000.png,s3://pershin-medailab/Pathomorphology/CAMELYON/mil/vlm_patches/c17_abmil_vlm_patches_1d5657e342c149ef8305d568410dbc96.tar.gz!/vlm_patches/patient_163_node_1/standard/oracle_non_tumor/patient_163_node_1_standard_oracle_non_tumor_000.png,patient_163_node_1_standard_oracle_non_tumor_000
c17_native,patient_163,patient_163_node_1,e11e6f26b9769431,40960,36608,256,20,0.759063720703125,0,0.0,0,0,oracle_non_tumor,2,1d5657e342c149ef8305d568410dbc96,1d5657e342c149ef8305d568410dbc96,standard,0,0,vlm_patches/patient_163_node_1/standard/oracle_non_tumor/patient_163_node_1_standard_oracle_non_tumor_001.png,s3://pershin-medailab/Pathomorphology/CAMELYON/mil/vlm_patches/c17_abmil_vlm_patches_1d5657e342c149ef8305d568410dbc96.tar.gz!/vlm_patches/patient_163_node_1/standard/oracle_non_tumor/patient_163_node_1_standard_oracle_non_tumor_001.png,patient_163_node_1_standard_oracle_non_tumor_001
c17_native,patient_163,patient_163_node_1,cf7eeaadb72d5ef6,67328,82432,256,20,0.7414398193359375,0,0.0,0,0,oracle_non_tumor,3,1d5657e342c149ef8305d568410dbc96,1d5657e342c149ef8305d568410dbc96,standard,0,0,vlm_patches/patient_163_node_1/standard/oracle_non_tumor/patient_163_node_1_standard_oracle_non_tumor_002.png,s3://pershin-medailab/Pathomorphology/CAMELYON/mil/vlm_patches/c17_abmil_vlm_patches_1d5657e342c149ef8305d568410dbc96.tar.gz!/vlm_patches/patient_163_node_1/standard/oracle_non_tumor/patient_163_node_1_standard_oracle_non_tumor_002.png,patient_163_node_1_standard_oracle_non_tumor_002
c17_native,patient_141,patient_141_node_4,5434c161f1b61c64,121088,68608,256,20,0.8542938232421875,0,0.0,0,0,oracle_non_tumor,1,1d5657e342c149ef8305d568410dbc96,1d5657e342c149ef8305d568410dbc96,standard,0,0,vlm_patches/patient_141_node_4/standard/oracle_non_tumor/patient_141_node_4_standard_oracle_non_tumor_000.png,s3://pershin-medailab/Pathomorphology/CAMELYON/mil/vlm_patches/c17_abmil_vlm_patches_1d5657e342c149ef8305d568410dbc96.tar.gz!/vlm_patches/patient_141_node_4/standard/oracle_non_tumor/patient_141_node_4_standard_oracle_non_tumor_000.png,patient_141_node_4_standard_oracle_non_tumor_000
c17_native,patient_141,patient_141_node_4,7bb58b5aedc662e6,95488,53504,256,20,0.0294952392578125,0,0.0,0,0,oracle_non_tumor,2,1d5657e342c149ef8305d568410dbc96,1d5657e342c149ef8305d568410dbc96,standard,0,0,vlm_patches/patient_141_node_4/standard/oracle_non_tumor/patient_141_node_4_standard_oracle_non_tumor_001.png,s3://pershin-medailab/Pathomorphology/CAMELYON/mil/vlm_patches/c17_abmil_vlm_patches_1d5657e342c149ef8305d568410dbc96.tar.gz!/vlm_patches/patient_141_node_4/standard/oracle_non_tumor/patient_141_node_4_standard_oracle_non_tumor_001.png,patient_141_node_4_standard_oracle_non_tumor_001
c17_native,patient_141,patient_141_node_4,eaccf2b5b17a99fb,116224,38912,256,20,0.1810760498046875,0,0.0,0,0,oracle_non_tumor,3,1d5657e342c149ef8305d568410dbc96,1d5657e342c149ef8305d568410dbc96,standard,0,0,vlm_patches/patient_141_node_4/standard/oracle_non_tumor/patient_141_node_4_standard_oracle_non_tumor_002.png,s3://pershin-medailab/Pathomorphology/CAMELYON/mil/vlm_patches/c17_abmil_vlm_patches_1d5657e342c149ef8305d568410dbc96.tar.gz!/vlm_patches/patient_141_node_4/standard/oracle_non_tumor/patient_141_node_4_standard_oracle_non_tumor_002.png,patient_141_node_4_standard_oracle_non_tumor_002
c17_native,patient_119,patient_119_node_1,f4075a499b4da3f9,34560,78336,256,20,0.99969482421875,0,0.0,0,0,oracle_non_tumor,1,1d5657e342c149ef8305d568410dbc96,1d5657e342c149ef8305d568410dbc96,standard,0,0,vlm_patches/patient_119_node_1/standard/oracle_non_tumor/patient_119_node_1_standard_oracle_non_tumor_000.png,s3://pershin-medailab/Pathomorphology/CAMELYON/mil/vlm_patches/c17_abmil_vlm_patches_1d5657e342c149ef8305d568410dbc96.tar.gz!/vlm_patches/patient_119_node_1/standard/oracle_non_tumor/patient_119_node_1_standard_oracle_non_tumor_000.png,patient_119_node_1_standard_oracle_non_tumor_000
c17_native,patient_119,patient_119_node_1,e697cae19a9eeab2,71168,152576,256,20,0.8130035400390625,0,0.0,0,0,oracle_non_tumor,2,1d5657e342c149ef8305d568410dbc96,1d5657e342c149ef8305d568410dbc96,standard,0,0,vlm_patches/patient_119_node_1/standard/oracle_non_tumor/patient_119_node_1_standard_oracle_non_tumor_001.png,s3://pershin-medailab/Pathomorphology/CAMELYON/mil/vlm_patches/c17_abmil_vlm_patches_1d5657e342c149ef8305d568410dbc96.tar.gz!/vlm_patches/patient_119_node_1/standard/oracle_non_tumor/patient_119_node_1_standard_oracle_non_tumor_001.png,patient_119_node_1_standard_oracle_non_tumor_001
c17_native,patient_119,patient_119_node_1,5b667b1fc0235e5a,15616,109824,256,20,0.127960205078125,0,0.0,0,0,oracle_non_tumor,3,1d5657e342c149ef8305d568410dbc96,1d5657e342c149ef8305d568410dbc96,standard,0,0,vlm_patches/patient_119_node_1/standard/oracle_non_tumor/patient_119_node_1_standard_oracle_non_tumor_002.png,s3://pershin-medailab/Pathomorphology/CAMELYON/mil/vlm_patches/c17_abmil_vlm_patches_1d5657e342c149ef8305d568410dbc96.tar.gz!/vlm_patches/patient_119_node_1/standard/oracle_non_tumor/patient_119_node_1_standard_oracle_non_tumor_002.png,patient_119_node_1_standard_oracle_non_tumor_002
c17_native,patient_186,patient_186_node_3,f3d5f2777531d107,43264,175104,256,20,0.97991943359375,0,0.0,0,0,oracle_non_tumor,1,1d5657e342c149ef8305d568410dbc96,1d5657e342c149ef8305d568410dbc96,standard,0,0,vlm_patches/patient_186_node_3/standard/oracle_non_tumor/patient_186_node_3_standard_oracle_non_tumor_000.png,s3://pershin-medailab/Pathomorphology/CAMELYON/mil/vlm_patches/c17_abmil_vlm_patches_1d5657e342c149ef8305d568410dbc96.tar.gz!/vlm_patches/patient_186_node_3/standard/oracle_non_tumor/patient_186_node_3_standard_oracle_non_tumor_000.png,patient_186_node_3_standard_oracle_non_tumor_000
c17_native,patient_186,patient_186_node_3,123ad500f2a6a1df,36096,157696,256,20,0.9336700439453124,0,0.0,0,0,oracle_non_tumor,2,1d5657e342c149ef8305d568410dbc96,1d5657e342c149ef8305d568410dbc96,standard,0,0,vlm_patches/patient_186_node_3/standard/oracle_non_tumor/patient_186_node_3_standard_oracle_non_tumor_001.png,s3://pershin-medailab/Pathomorphology/CAMELYON/mil/vlm_patches/c17_abmil_vlm_patches_1d5657e342c149ef8305d568410dbc96.tar.gz!/vlm_patches/patient_186_node_3/standard/oracle_non_tumor/patient_186_node_3_standard_oracle_non_tumor_001.png,patient_186_node_3_standard_oracle_non_tumor_001
c17_native,patient_186,patient_186_node_3,292c2a8a1734d61b,16640,160000,256,20,0.672882080078125,0,0.0,0,0,oracle_non_tumor,3,1d5657e342c149ef8305d568410dbc96,1d5657e342c149ef8305d568410dbc96,standard,0,0,vlm_patches/patient_186_node_3/standard/oracle_non_tumor/patient_186_node_3_standard_oracle_non_tumor_002.png,s3://pershin-medailab/Pathomorphology/CAMELYON/mil/vlm_patches/c17_abmil_vlm_patches_1d5657e342c149ef8305d568410dbc96.tar.gz!/vlm_patches/patient_186_node_3/standard/oracle_non_tumor/patient_186_node_3_standard_oracle_non_tumor_002.png,patient_186_node_3_standard_oracle_non_tumor_002
c17_native,patient_168,patient_168_node_3,f3557a7399ccfa9e,25856,160256,256,20,0.2106475830078125,0,0.0,0,0,oracle_non_tumor,1,1d5657e342c149ef8305d568410dbc96,1d5657e342c149ef8305d568410dbc96,standard,0,0,vlm_patches/patient_168_node_3/standard/oracle_non_tumor/patient_168_node_3_standard_oracle_non_tumor_000.png,s3://pershin-medailab/Pathomorphology/CAMELYON/mil/vlm_patches/c17_abmil_vlm_patches_1d5657e342c149ef8305d568410dbc96.tar.gz!/vlm_patches/patient_168_node_3/standard/oracle_non_tumor/patient_168_node_3_standard_oracle_non_tumor_000.png,patient_168_node_3_standard_oracle_non_tumor_000
c17_native,patient_168,patient_168_node_3,a5b3ecd75892e2eb,51968,133120,256,20,0.2137908935546875,0,0.0,0,0,oracle_non_tumor,2,1d5657e342c149ef8305d568410dbc96,1d5657e342c149ef8305d568410dbc96,standard,0,0,vlm_patches/patient_168_node_3/standard/oracle_non_tumor/patient_168_node_3_standard_oracle_non_tumor_001.png,s3://pershin-medailab/Pathomorphology/CAMELYON/mil/vlm_patches/c17_abmil_vlm_patches_1d5657e342c149ef8305d568410dbc96.tar.gz!/vlm_patches/patient_168_node_3/standard/oracle_non_tumor/patient_168_node_3_standard_oracle_non_tumor_001.png,patient_168_node_3_standard_oracle_non_tumor_001
c17_native,patient_168,patient_168_node_3,c1c65612b4f09c3e,63488,84224,256,20,0.6632843017578125,0,0.0,0,0,oracle_non_tumor,3,1d5657e342c149ef8305d568410dbc96,1d5657e342c149ef8305d568410dbc96,standard,0,0,vlm_patches/patient_168_node_3/standard/oracle_non_tumor/patient_168_node_3_standard_oracle_non_tumor_002.png,s3://pershin-medailab/Pathomorphology/CAMELYON/mil/vlm_patches/c17_abmil_vlm_patches_1d5657e342c149ef8305d568410dbc96.tar.gz!/vlm_patches/patient_168_node_3/standard/oracle_non_tumor/patient_168_node_3_standard_oracle_non_tumor_002.png,patient_168_node_3_standard_oracle_non_tumor_002
c17_native,patient_158,patient_158_node_1,ca377273b19fa34a,70400,114944,256,20,0.9764862060546876,0,0.0,0,0,oracle_non_tumor,1,1d5657e342c149ef8305d568410dbc96,1d5657e342c149ef8305d568410dbc96,standard,0,0,vlm_patches/patient_158_node_1/standard/oracle_non_tumor/patient_158_node_1_standard_oracle_non_tumor_000.png,s3://pershin-medailab/Pathomorphology/CAMELYON/mil/vlm_patches/c17_abmil_vlm_patches_1d5657e342c149ef8305d568410dbc96.tar.gz!/vlm_patches/patient_158_node_1/standard/oracle_non_tumor/patient_158_node_1_standard_oracle_non_tumor_000.png,patient_158_node_1_standard_oracle_non_tumor_000
c17_native,patient_158,patient_158_node_1,acbac451d6047ebd,47104,110592,256,20,0.9456329345703124,0,0.0,0,0,oracle_non_tumor,2,1d5657e342c149ef8305d568410dbc96,1d5657e342c149ef8305d568410dbc96,standard,0,0,vlm_patches/patient_158_node_1/standard/oracle_non_tumor/patient_158_node_1_standard_oracle_non_tumor_001.png,s3://pershin-medailab/Pathomorphology/CAMELYON/mil/vlm_patches/c17_abmil_vlm_patches_1d5657e342c149ef8305d568410dbc96.tar.gz!/vlm_patches/patient_158_node_1/standard/oracle_non_tumor/patient_158_node_1_standard_oracle_non_tumor_001.png,patient_158_node_1_standard_oracle_non_tumor_001
c17_native,patient_158,patient_158_node_1,f7a101bf8a75db2e,44800,170240,256,20,0.04705810546875,0,0.0,0,0,oracle_non_tumor,3,1d5657e342c149ef8305d568410dbc96,1d5657e342c149ef8305d568410dbc96,standard,0,0,vlm_patches/patient_158_node_1/standard/oracle_non_tumor/patient_158_node_1_standard_oracle_non_tumor_002.png,s3://pershin-medailab/Pathomorphology/CAMELYON/mil/vlm_patches/c17_abmil_vlm_patches_1d5657e342c149ef8305d568410dbc96.tar.gz!/vlm_patches/patient_158_node_1/standard/oracle_non_tumor/patient_158_node_1_standard_oracle_non_tumor_002.png,patient_158_node_1_standard_oracle_non_tumor_002
c17_native,patient_156,patient_156_node_0,0681f78186cc3f9b,22784,180480,256,20,0.86114501953125,0,0.0,0,0,oracle_non_tumor,1,1d5657e342c149ef8305d568410dbc96,1d5657e342c149ef8305d568410dbc96,standard,0,0,vlm_patches/patient_156_node_0/standard/oracle_non_tumor/patient_156_node_0_standard_oracle_non_tumor_000.png,s3://pershin-medailab/Pathomorphology/CAMELYON/mil/vlm_patches/c17_abmil_vlm_patches_1d5657e342c149ef8305d568410dbc96.tar.gz!/vlm_patches/patient_156_node_0/standard/oracle_non_tumor/patient_156_node_0_standard_oracle_non_tumor_000.png,patient_156_node_0_standard_oracle_non_tumor_000
c17_native,patient_156,patient_156_node_0,878026884e6814f8,56576,172288,256,20,0.905120849609375,0,0.0,0,0,oracle_non_tumor,2,1d5657e342c149ef8305d568410dbc96,1d5657e342c149ef8305d568410dbc96,standard,0,0,vlm_patches/patient_156_node_0/standard/oracle_non_tumor/patient_156_node_0_standard_oracle_non_tumor_001.png,s3://pershin-medailab/Pathomorphology/CAMELYON/mil/vlm_patches/c17_abmil_vlm_patches_1d5657e342c149ef8305d568410dbc96.tar.gz!/vlm_patches/patient_156_node_0/standard/oracle_non_tumor/patient_156_node_0_standard_oracle_non_tumor_001.png,patient_156_node_0_standard_oracle_non_tumor_001
c17_native,patient_156,patient_156_node_0,de242669ea6e1bb3,49664,163072,256,20,0.4104156494140625,0,0.0,0,0,oracle_non_tumor,3,1d5657e342c149ef8305d568410dbc96,1d5657e342c149ef8305d568410dbc96,standard,0,0,vlm_patches/patient_156_node_0/standard/oracle_non_tumor/patient_156_node_0_standard_oracle_non_tumor_002.png,s3://pershin-medailab/Pathomorphology/CAMELYON/mil/vlm_patches/c17_abmil_vlm_patches_1d5657e342c149ef8305d568410dbc96.tar.gz!/vlm_patches/patient_156_node_0/standard/oracle_non_tumor/patient_156_node_0_standard_oracle_non_tumor_002.png,patient_156_node_0_standard_oracle_non_tumor_002
c17_native,patient_193,patient_193_node_2,959ec700f69f94f1,35072,71936,256,20,0.638336181640625,0,0.0,0,0,oracle_non_tumor,1,1d5657e342c149ef8305d568410dbc96,1d5657e342c149ef8305d568410dbc96,standard,0,0,vlm_patches/patient_193_node_2/standard/oracle_non_tumor/patient_193_node_2_standard_oracle_non_tumor_000.png,s3://pershin-medailab/Pathomorphology/CAMELYON/mil/vlm_patches/c17_abmil_vlm_patches_1d5657e342c149ef8305d568410dbc96.tar.gz!/vlm_patches/patient_193_node_2/standard/oracle_non_tumor/patient_193_node_2_standard_oracle_non_tumor_000.png,patient_193_node_2_standard_oracle_non_tumor_000
c17_native,patient_193,patient_193_node_2,b5b15fa7169276c6,88064,26624,256,20,0.9709320068359376,0,0.0,0,0,oracle_non_tumor,2,1d5657e342c149ef8305d568410dbc96,1d5657e342c149ef8305d568410dbc96,standard,0,0,vlm_patches/patient_193_node_2/standard/oracle_non_tumor/patient_193_node_2_standard_oracle_non_tumor_001.png,s3://pershin-medailab/Pathomorphology/CAMELYON/mil/vlm_patches/c17_abmil_vlm_patches_1d5657e342c149ef8305d568410dbc96.tar.gz!/vlm_patches/patient_193_node_2/standard/oracle_non_tumor/patient_193_node_2_standard_oracle_non_tumor_001.png,patient_193_node_2_standard_oracle_non_tumor_001
c17_native,patient_193,patient_193_node_2,1cc9e64cd661c7a4,81408,13568,256,20,0.3255767822265625,0,0.0,0,0,oracle_non_tumor,3,1d5657e342c149ef8305d568410dbc96,1d5657e342c149ef8305d568410dbc96,standard,0,0,vlm_patches/patient_193_node_2/standard/oracle_non_tumor/patient_193_node_2_standard_oracle_non_tumor_002.png,s3://pershin-medailab/Pathomorphology/CAMELYON/mil/vlm_patches/c17_abmil_vlm_patches_1d5657e342c149ef8305d568410dbc96.tar.gz!/vlm_patches/patient_193_node_2/standard/oracle_non_tumor/patient_193_node_2_standard_oracle_non_tumor_002.png,patient_193_node_2_standard_oracle_non_tumor_002
c17_native,patient_168,patient_168_node_4,311e7db30aeb9000,62208,112640,256,20,0.9935760498046876,0,0.0,0,0,oracle_non_tumor,1,1d5657e342c149ef8305d568410dbc96,1d5657e342c149ef8305d568410dbc96,standard,0,0,vlm_patches/patient_168_node_4/standard/oracle_non_tumor/patient_168_node_4_standard_oracle_non_tumor_000.png,s3://pershin-medailab/Pathomorphology/CAMELYON/mil/vlm_patches/c17_abmil_vlm_patches_1d5657e342c149ef8305d568410dbc96.tar.gz!/vlm_patches/patient_168_node_4/standard/oracle_non_tumor/patient_168_node_4_standard_oracle_non_tumor_000.png,patient_168_node_4_standard_oracle_non_tumor_000
c17_native,patient_168,patient_168_node_4,e65fe8878949ffdd,22016,165120,256,20,0.9610443115234376,0,0.0,0,0,oracle_non_tumor,2,1d5657e342c149ef8305d568410dbc96,1d5657e342c149ef8305d568410dbc96,standard,0,0,vlm_patches/patient_168_node_4/standard/oracle_non_tumor/patient_168_node_4_standard_oracle_non_tumor_001.png,s3://pershin-medailab/Pathomorphology/CAMELYON/mil/vlm_patches/c17_abmil_vlm_patches_1d5657e342c149ef8305d568410dbc96.tar.gz!/vlm_patches/patient_168_node_4/standard/oracle_non_tumor/patient_168_node_4_standard_oracle_non_tumor_001.png,patient_168_node_4_standard_oracle_non_tumor_001
c17_native,patient_168,patient_168_node_4,4f42597fb5768edd,29184,147456,256,20,0.0157928466796875,0,0.0,0,0,oracle_non_tumor,3,1d5657e342c149ef8305d568410dbc96,1d5657e342c149ef8305d568410dbc96,standard,0,0,vlm_patches/patient_168_node_4/standard/oracle_non_tumor/patient_168_node_4_standard_oracle_non_tumor_002.png,s3://pershin-medailab/Pathomorphology/CAMELYON/mil/vlm_patches/c17_abmil_vlm_patches_1d5657e342c149ef8305d568410dbc96.tar.gz!/vlm_patches/patient_168_node_4/standard/oracle_non_tumor/patient_168_node_4_standard_oracle_non_tumor_002.png,patient_168_node_4_standard_oracle_non_tumor_002
c17_native,patient_147,patient_147_node_4,ac00a8a184d5095e,49408,33536,256,20,0.371978759765625,0,0.0,0,0,oracle_non_tumor,1,1d5657e342c149ef8305d568410dbc96,1d5657e342c149ef8305d568410dbc96,standard,0,0,vlm_patches/patient_147_node_4/standard/oracle_non_tumor/patient_147_node_4_standard_oracle_non_tumor_000.png,s3://pershin-medailab/Pathomorphology/CAMELYON/mil/vlm_patches/c17_abmil_vlm_patches_1d5657e342c149ef8305d568410dbc96.tar.gz!/vlm_patches/patient_147_node_4/standard/oracle_non_tumor/patient_147_node_4_standard_oracle_non_tumor_000.png,patient_147_node_4_standard_oracle_non_tumor_000
c17_native,patient_147,patient_147_node_4,b5a2b626c9667988,57088,113664,256,20,0.324310302734375,0,0.0,0,0,oracle_non_tumor,2,1d5657e342c149ef8305d568410dbc96,1d5657e342c149ef8305d568410dbc96,standard,0,0,vlm_patches/patient_147_node_4/standard/oracle_non_tumor/patient_147_node_4_standard_oracle_non_tumor_001.png,s3://pershin-medailab/Pathomorphology/CAMELYON/mil/vlm_patches/c17_abmil_vlm_patches_1d5657e342c149ef8305d568410dbc96.tar.gz!/vlm_patches/patient_147_node_4/standard/oracle_non_tumor/patient_147_node_4_standard_oracle_non_tumor_001.png,patient_147_node_4_standard_oracle_non_tumor_001
c17_native,patient_147,patient_147_node_4,f89164ffba756567,41984,28672,256,20,0.216583251953125,0,0.0,0,0,oracle_non_tumor,3,1d5657e342c149ef8305d568410dbc96,1d5657e342c149ef8305d568410dbc96,standard,0,0,vlm_patches/patient_147_node_4/standard/oracle_non_tumor/patient_147_node_4_standard_oracle_non_tumor_002.png,s3://pershin-medailab/Pathomorphology/CAMELYON/mil/vlm_patches/c17_abmil_vlm_patches_1d5657e342c149ef8305d568410dbc96.tar.gz!/vlm_patches/patient_147_node_4/standard/oracle_non_tumor/patient_147_node_4_standard_oracle_non_tumor_002.png,patient_147_node_4_standard_oracle_non_tumor_002
c17_native,patient_112,patient_112_node_4,73e7bcf57fdc253d,81664,64512,256,20,0.830047607421875,0,0.0,0,0,oracle_non_tumor,1,1d5657e342c149ef8305d568410dbc96,1d5657e342c149ef8305d568410dbc96,standard,0,0,vlm_patches/patient_112_node_4/standard/oracle_non_tumor/patient_112_node_4_standard_oracle_non_tumor_000.png,s3://pershin-medailab/Pathomorphology/CAMELYON/mil/vlm_patches/c17_abmil_vlm_patches_1d5657e342c149ef8305d568410dbc96.tar.gz!/vlm_patches/patient_112_node_4/standard/oracle_non_tumor/patient_112_node_4_standard_oracle_non_tumor_000.png,patient_112_node_4_standard_oracle_non_tumor_000
c17_native,patient_112,patient_112_node_4,8641707086fc58e7,51200,99328,256,20,0.0867462158203125,0,0.0,0,0,oracle_non_tumor,2,1d5657e342c149ef8305d568410dbc96,1d5657e342c149ef8305d568410dbc96,standard,0,0,vlm_patches/patient_112_node_4/standard/oracle_non_tumor/patient_112_node_4_standard_oracle_non_tumor_001.png,s3://pershin-medailab/Pathomorphology/CAMELYON/mil/vlm_patches/c17_abmil_vlm_patches_1d5657e342c149ef8305d568410dbc96.tar.gz!/vlm_patches/patient_112_node_4/standard/oracle_non_tumor/patient_112_node_4_standard_oracle_non_tumor_001.png,patient_112_node_4_standard_oracle_non_tumor_001
c17_native,patient_112,patient_112_node_4,049ffa898fd19f8c,47360,65280,256,20,0.650238037109375,0,0.0,0,0,oracle_non_tumor,3,1d5657e342c149ef8305d568410dbc96,1d5657e342c149ef8305d568410dbc96,standard,0,0,vlm_patches/patient_112_node_4/standard/oracle_non_tumor/patient_112_node_4_standard_oracle_non_tumor_002.png,s3://pershin-medailab/Pathomorphology/CAMELYON/mil/vlm_patches/c17_abmil_vlm_patches_1d5657e342c149ef8305d568410dbc96.tar.gz!/vlm_patches/patient_112_node_4/standard/oracle_non_tumor/patient_112_node_4_standard_oracle_non_tumor_002.png,patient_112_node_4_standard_oracle_non_tumor_002
c17_native,patient_115,patient_115_node_1,16afba1d7471116f,1280,52736,256,20,0.0,0,0.0,0,0,oracle_non_tumor,1,1d5657e342c149ef8305d568410dbc96,1d5657e342c149ef8305d568410dbc96,standard,0,0,vlm_patches/patient_115_node_1/standard/oracle_non_tumor/patient_115_node_1_standard_oracle_non_tumor_000.png,s3://pershin-medailab/Pathomorphology/CAMELYON/mil/vlm_patches/c17_abmil_vlm_patches_1d5657e342c149ef8305d568410dbc96.tar.gz!/vlm_patches/patient_115_node_1/standard/oracle_non_tumor/patient_115_node_1_standard_oracle_non_tumor_000.png,patient_115_node_1_standard_oracle_non_tumor_000
c17_native,patient_115,patient_115_node_1,6951f3100d2596a5,23040,62464,256,20,0.75579833984375,0,0.0,0,0,oracle_non_tumor,2,1d5657e342c149ef8305d568410dbc96,1d5657e342c149ef8305d568410dbc96,standard,0,0,vlm_patches/patient_115_node_1/standard/oracle_non_tumor/patient_115_node_1_standard_oracle_non_tumor_001.png,s3://pershin-medailab/Pathomorphology/CAMELYON/mil/vlm_patches/c17_abmil_vlm_patches_1d5657e342c149ef8305d568410dbc96.tar.gz!/vlm_patches/patient_115_node_1/standard/oracle_non_tumor/patient_115_node_1_standard_oracle_non_tumor_001.png,patient_115_node_1_standard_oracle_non_tumor_001
c17_native,patient_115,patient_115_node_1,24112b6c29bd4548,124672,46592,256,20,0.1251068115234375,0,0.0,0,0,oracle_non_tumor,3,1d5657e342c149ef8305d568410dbc96,1d5657e342c149ef8305d568410dbc96,standard,0,0,vlm_patches/patient_115_node_1/standard/oracle_non_tumor/patient_115_node_1_standard_oracle_non_tumor_002.png,s3://pershin-medailab/Pathomorphology/CAMELYON/mil/vlm_patches/c17_abmil_vlm_patches_1d5657e342c149ef8305d568410dbc96.tar.gz!/vlm_patches/patient_115_node_1/standard/oracle_non_tumor/patient_115_node_1_standard_oracle_non_tumor_002.png,patient_115_node_1_standard_oracle_non_tumor_002
c17_native,patient_173,patient_173_node_2,c2c0565be6d6bee4,64768,155648,256,20,0.586700439453125,0,0.0,0,0,oracle_non_tumor,1,1d5657e342c149ef8305d568410dbc96,1d5657e342c149ef8305d568410dbc96,standard,0,0,vlm_patches/patient_173_node_2/standard/oracle_non_tumor/patient_173_node_2_standard_oracle_non_tumor_000.png,s3://pershin-medailab/Pathomorphology/CAMELYON/mil/vlm_patches/c17_abmil_vlm_patches_1d5657e342c149ef8305d568410dbc96.tar.gz!/vlm_patches/patient_173_node_2/standard/oracle_non_tumor/patient_173_node_2_standard_oracle_non_tumor_000.png,patient_173_node_2_standard_oracle_non_tumor_000
c17_native,patient_173,patient_173_node_2,0888c039dca9c45f,18944,154624,256,20,0.606689453125,0,0.0,0,0,oracle_non_tumor,2,1d5657e342c149ef8305d568410dbc96,1d5657e342c149ef8305d568410dbc96,standard,0,0,vlm_patches/patient_173_node_2/standard/oracle_non_tumor/patient_173_node_2_standard_oracle_non_tumor_001.png,s3://pershin-medailab/Pathomorphology/CAMELYON/mil/vlm_patches/c17_abmil_vlm_patches_1d5657e342c149ef8305d568410dbc96.tar.gz!/vlm_patches/patient_173_node_2/standard/oracle_non_tumor/patient_173_node_2_standard_oracle_non_tumor_001.png,patient_173_node_2_standard_oracle_non_tumor_001
c17_native,patient_173,patient_173_node_2,b7e49be7a0edca4d,23296,100352,256,20,0.251678466796875,0,0.0,0,0,oracle_non_tumor,3,1d5657e342c149ef8305d568410dbc96,1d5657e342c149ef8305d568410dbc96,standard,0,0,vlm_patches/patient_173_node_2/standard/oracle_non_tumor/patient_173_node_2_standard_oracle_non_tumor_002.png,s3://pershin-medailab/Pathomorphology/CAMELYON/mil/vlm_patches/c17_abmil_vlm_patches_1d5657e342c149ef8305d568410dbc96.tar.gz!/vlm_patches/patient_173_node_2/standard/oracle_non_tumor/patient_173_node_2_standard_oracle_non_tumor_002.png,patient_173_node_2_standard_oracle_non_tumor_002
c17_native,patient_106,patient_106_node_1,01f143e813a7bd90,56064,111104,256,20,0.5833892822265625,0,0.0,0,0,oracle_non_tumor,1,1d5657e342c149ef8305d568410dbc96,1d5657e342c149ef8305d568410dbc96,standard,0,0,vlm_patches/patient_106_node_1/standard/oracle_non_tumor/patient_106_node_1_standard_oracle_non_tumor_000.png,s3://pershin-medailab/Pathomorphology/CAMELYON/mil/vlm_patches/c17_abmil_vlm_patches_1d5657e342c149ef8305d568410dbc96.tar.gz!/vlm_patches/patient_106_node_1/standard/oracle_non_tumor/patient_106_node_1_standard_oracle_non_tumor_000.png,patient_106_node_1_standard_oracle_non_tumor_000
c17_native,patient_106,patient_106_node_1,e38753f79d684365,65536,97280,256,20,0.9801025390625,0,0.0,0,0,oracle_non_tumor,2,1d5657e342c149ef8305d568410dbc96,1d5657e342c149ef8305d568410dbc96,standard,0,0,vlm_patches/patient_106_node_1/standard/oracle_non_tumor/patient_106_node_1_standard_oracle_non_tumor_001.png,s3://pershin-medailab/Pathomorphology/CAMELYON/mil/vlm_patches/c17_abmil_vlm_patches_1d5657e342c149ef8305d568410dbc96.tar.gz!/vlm_patches/patient_106_node_1/standard/oracle_non_tumor/patient_106_node_1_standard_oracle_non_tumor_001.png,patient_106_node_1_standard_oracle_non_tumor_001
c17_native,patient_106,patient_106_node_1,d52bf3c97ccbe015,45312,105984,256,20,0.031463623046875,0,0.0,0,0,oracle_non_tumor,3,1d5657e342c149ef8305d568410dbc96,1d5657e342c149ef8305d568410dbc96,standard,0,0,vlm_patches/patient_106_node_1/standard/oracle_non_tumor/patient_106_node_1_standard_oracle_non_tumor_002.png,s3://pershin-medailab/Pathomorphology/CAMELYON/mil/vlm_patches/c17_abmil_vlm_patches_1d5657e342c149ef8305d568410dbc96.tar.gz!/vlm_patches/patient_106_node_1/standard/oracle_non_tumor/patient_106_node_1_standard_oracle_non_tumor_002.png,patient_106_node_1_standard_oracle_non_tumor_002
c17_native,patient_151,patient_151_node_0,f35e3279c55a557c,45312,45824,256,20,0.9818878173828124,0,0.0,0,0,oracle_non_tumor,1,1d5657e342c149ef8305d568410dbc96,1d5657e342c149ef8305d568410dbc96,standard,0,0,vlm_patches/patient_151_node_0/standard/oracle_non_tumor/patient_151_node_0_standard_oracle_non_tumor_000.png,s3://pershin-medailab/Pathomorphology/CAMELYON/mil/vlm_patches/c17_abmil_vlm_patches_1d5657e342c149ef8305d568410dbc96.tar.gz!/vlm_patches/patient_151_node_0/standard/oracle_non_tumor/patient_151_node_0_standard_oracle_non_tumor_000.png,patient_151_node_0_standard_oracle_non_tumor_000
c17_native,patient_151,patient_151_node_0,9f7d1d5acd7b0485,105728,11008,256,20,0.0619354248046875,0,0.0,0,0,oracle_non_tumor,2,1d5657e342c149ef8305d568410dbc96,1d5657e342c149ef8305d568410dbc96,standard,0,0,vlm_patches/patient_151_node_0/standard/oracle_non_tumor/patient_151_node_0_standard_oracle_non_tumor_001.png,s3://pershin-medailab/Pathomorphology/CAMELYON/mil/vlm_patches/c17_abmil_vlm_patches_1d5657e342c149ef8305d568410dbc96.tar.gz!/vlm_patches/patient_151_node_0/standard/oracle_non_tumor/patient_151_node_0_standard_oracle_non_tumor_001.png,patient_151_node_0_standard_oracle_non_tumor_001
c17_native,patient_151,patient_151_node_0,42b174e07e9a5c8b,78592,13568,256,20,0.9365997314453124,0,0.0,0,0,oracle_non_tumor,3,1d5657e342c149ef8305d568410dbc96,1d5657e342c149ef8305d568410dbc96,standard,0,0,vlm_patches/patient_151_node_0/standard/oracle_non_tumor/patient_151_node_0_standard_oracle_non_tumor_002.png,s3://pershin-medailab/Pathomorphology/CAMELYON/mil/vlm_patches/c17_abmil_vlm_patches_1d5657e342c149ef8305d568410dbc96.tar.gz!/vlm_patches/patient_151_node_0/standard/oracle_non_tumor/patient_151_node_0_standard_oracle_non_tumor_002.png,patient_151_node_0_standard_oracle_non_tumor_002
c17_native,patient_152,patient_152_node_2,675f078d76a32586,74496,103168,256,20,0.0440673828125,0,0.0,0,0,oracle_non_tumor,1,1d5657e342c149ef8305d568410dbc96,1d5657e342c149ef8305d568410dbc96,standard,0,0,vlm_patches/patient_152_node_2/standard/oracle_non_tumor/patient_152_node_2_standard_oracle_non_tumor_000.png,s3://pershin-medailab/Pathomorphology/CAMELYON/mil/vlm_patches/c17_abmil_vlm_patches_1d5657e342c149ef8305d568410dbc96.tar.gz!/vlm_patches/patient_152_node_2/standard/oracle_non_tumor/patient_152_node_2_standard_oracle_non_tumor_000.png,patient_152_node_2_standard_oracle_non_tumor_000
c17_native,patient_152,patient_152_node_2,389ddeb73fb1d623,35584,131328,256,20,0.9814300537109376,0,0.0,0,0,oracle_non_tumor,2,1d5657e342c149ef8305d568410dbc96,1d5657e342c149ef8305d568410dbc96,standard,0,0,vlm_patches/patient_152_node_2/standard/oracle_non_tumor/patient_152_node_2_standard_oracle_non_tumor_001.png,s3://pershin-medailab/Pathomorphology/CAMELYON/mil/vlm_patches/c17_abmil_vlm_patches_1d5657e342c149ef8305d568410dbc96.tar.gz!/vlm_patches/patient_152_node_2/standard/oracle_non_tumor/patient_152_node_2_standard_oracle_non_tumor_001.png,patient_152_node_2_standard_oracle_non_tumor_001
c17_native,patient_152,patient_152_node_2,27d9af29f55cfb6a,71936,124672,256,20,0.9286041259765624,0,0.0,0,0,oracle_non_tumor,3,1d5657e342c149ef8305d568410dbc96,1d5657e342c149ef8305d568410dbc96,standard,0,0,vlm_patches/patient_152_node_2/standard/oracle_non_tumor/patient_152_node_2_standard_oracle_non_tumor_002.png,s3://pershin-medailab/Pathomorphology/CAMELYON/mil/vlm_patches/c17_abmil_vlm_patches_1d5657e342c149ef8305d568410dbc96.tar.gz!/vlm_patches/patient_152_node_2/standard/oracle_non_tumor/patient_152_node_2_standard_oracle_non_tumor_002.png,patient_152_node_2_standard_oracle_non_tumor_002
c17_native,patient_120,patient_120_node_0,93420f5319926a80,43008,147456,256,20,0.8228607177734375,0,0.0,0,0,oracle_non_tumor,1,1d5657e342c149ef8305d568410dbc96,1d5657e342c149ef8305d568410dbc96,standard,0,0,vlm_patches/patient_120_node_0/standard/oracle_non_tumor/patient_120_node_0_standard_oracle_non_tumor_000.png,s3://pershin-medailab/Pathomorphology/CAMELYON/mil/vlm_patches/c17_abmil_vlm_patches_1d5657e342c149ef8305d568410dbc96.tar.gz!/vlm_patches/patient_120_node_0/standard/oracle_non_tumor/patient_120_node_0_standard_oracle_non_tumor_000.png,patient_120_node_0_standard_oracle_non_tumor_000
c17_native,patient_120,patient_120_node_0,2ecc20f285e58947,53760,147456,256,20,0.8303375244140625,0,0.0,0,0,oracle_non_tumor,2,1d5657e342c149ef8305d568410dbc96,1d5657e342c149ef8305d568410dbc96,standard,0,0,vlm_patches/patient_120_node_0/standard/oracle_non_tumor/patient_120_node_0_standard_oracle_non_tumor_001.png,s3://pershin-medailab/Pathomorphology/CAMELYON/mil/vlm_patches/c17_abmil_vlm_patches_1d5657e342c149ef8305d568410dbc96.tar.gz!/vlm_patches/patient_120_node_0/standard/oracle_non_tumor/patient_120_node_0_standard_oracle_non_tumor_001.png,patient_120_node_0_standard_oracle_non_tumor_001
c17_native,patient_120,patient_120_node_0,b89d9f7813a6166b,39424,159744,256,20,0.4855194091796875,0,0.0,0,0,oracle_non_tumor,3,1d5657e342c149ef8305d568410dbc96,1d5657e342c149ef8305d568410dbc96,standard,0,0,vlm_patches/patient_120_node_0/standard/oracle_non_tumor/patient_120_node_0_standard_oracle_non_tumor_002.png,s3://pershin-medailab/Pathomorphology/CAMELYON/mil/vlm_patches/c17_abmil_vlm_patches_1d5657e342c149ef8305d568410dbc96.tar.gz!/vlm_patches/patient_120_node_0/standard/oracle_non_tumor/patient_120_node_0_standard_oracle_non_tumor_002.png,patient_120_node_0_standard_oracle_non_tumor_002
c17_native,patient_106,patient_106_node_3,059c110e8d613460,40960,67584,256,20,0.58282470703125,0,0.0,0,0,oracle_non_tumor,1,1d5657e342c149ef8305d568410dbc96,1d5657e342c149ef8305d568410dbc96,standard,0,0,vlm_patches/patient_106_node_3/standard/oracle_non_tumor/patient_106_node_3_standard_oracle_non_tumor_000.png,s3://pershin-medailab/Pathomorphology/CAMELYON/mil/vlm_patches/c17_abmil_vlm_patches_1d5657e342c149ef8305d568410dbc96.tar.gz!/vlm_patches/patient_106_node_3/standard/oracle_non_tumor/patient_106_node_3_standard_oracle_non_tumor_000.png,patient_106_node_3_standard_oracle_non_tumor_000
c17_native,patient_106,patient_106_node_3,1aa115a15161e1e8,52224,65792,256,20,0.8245391845703125,0,0.0,0,0,oracle_non_tumor,2,1d5657e342c149ef8305d568410dbc96,1d5657e342c149ef8305d568410dbc96,standard,0,0,vlm_patches/patient_106_node_3/standard/oracle_non_tumor/patient_106_node_3_standard_oracle_non_tumor_001.png,s3://pershin-medailab/Pathomorphology/CAMELYON/mil/vlm_patches/c17_abmil_vlm_patches_1d5657e342c149ef8305d568410dbc96.tar.gz!/vlm_patches/patient_106_node_3/standard/oracle_non_tumor/patient_106_node_3_standard_oracle_non_tumor_001.png,patient_106_node_3_standard_oracle_non_tumor_001
c17_native,patient_106,patient_106_node_3,8c3fac014f622c1c,49664,83712,256,20,0.0847320556640625,0,0.0,0,0,oracle_non_tumor,3,1d5657e342c149ef8305d568410dbc96,1d5657e342c149ef8305d568410dbc96,standard,0,0,vlm_patches/patient_106_node_3/standard/oracle_non_tumor/patient_106_node_3_standard_oracle_non_tumor_002.png,s3://pershin-medailab/Pathomorphology/CAMELYON/mil/vlm_patches/c17_abmil_vlm_patches_1d5657e342c149ef8305d568410dbc96.tar.gz!/vlm_patches/patient_106_node_3/standard/oracle_non_tumor/patient_106_node_3_standard_oracle_non_tumor_002.png,patient_106_node_3_standard_oracle_non_tumor_002
c17_native,patient_149,patient_149_node_4,e9bd0efb67fbee0c,46848,45824,256,20,0.735687255859375,0,0.0,0,0,oracle_non_tumor,1,1d5657e342c149ef8305d568410dbc96,1d5657e342c149ef8305d568410dbc96,standard,0,0,vlm_patches/patient_149_node_4/standard/oracle_non_tumor/patient_149_node_4_standard_oracle_non_tumor_000.png,s3://pershin-medailab/Pathomorphology/CAMELYON/mil/vlm_patches/c17_abmil_vlm_patches_1d5657e342c149ef8305d568410dbc96.tar.gz!/vlm_patches/patient_149_node_4/standard/oracle_non_tumor/patient_149_node_4_standard_oracle_non_tumor_000.png,patient_149_node_4_standard_oracle_non_tumor_000
c17_native,patient_149,patient_149_node_4,3d400ed7f799bc6d,56320,44032,256,20,0.0900726318359375,0,0.0,0,0,oracle_non_tumor,2,1d5657e342c149ef8305d568410dbc96,1d5657e342c149ef8305d568410dbc96,standard,0,0,vlm_patches/patient_149_node_4/standard/oracle_non_tumor/patient_149_node_4_standard_oracle_non_tumor_001.png,s3://pershin-medailab/Pathomorphology/CAMELYON/mil/vlm_patches/c17_abmil_vlm_patches_1d5657e342c149ef8305d568410dbc96.tar.gz!/vlm_patches/patient_149_node_4/standard/oracle_non_tumor/patient_149_node_4_standard_oracle_non_tumor_001.png,patient_149_node_4_standard_oracle_non_tumor_001
c17_native,patient_149,patient_149_node_4,3a9c982dca99ac91,42496,50688,256,20,0.812408447265625,0,0.0,0,0,oracle_non_tumor,3,1d5657e342c149ef8305d568410dbc96,1d5657e342c149ef8305d568410dbc96,standard,0,0,vlm_patches/patient_149_node_4/standard/oracle_non_tumor/patient_149_node_4_standard_oracle_non_tumor_002.png,s3://pershin-medailab/Pathomorphology/CAMELYON/mil/vlm_patches/c17_abmil_vlm_patches_1d5657e342c149ef8305d568410dbc96.tar.gz!/vlm_patches/patient_149_node_4/standard/oracle_non_tumor/patient_149_node_4_standard_oracle_non_tumor_002.png,patient_149_node_4_standard_oracle_non_tumor_002
c17_native,patient_138,patient_138_node_1,6f1b04d5dee73f00,47616,169984,256,20,0.156036376953125,0,0.0,0,0,oracle_non_tumor,1,1d5657e342c149ef8305d568410dbc96,1d5657e342c149ef8305d568410dbc96,standard,0,0,vlm_patches/patient_138_node_1/standard/oracle_non_tumor/patient_138_node_1_standard_oracle_non_tumor_000.png,s3://pershin-medailab/Pathomorphology/CAMELYON/mil/vlm_patches/c17_abmil_vlm_patches_1d5657e342c149ef8305d568410dbc96.tar.gz!/vlm_patches/patient_138_node_1/standard/oracle_non_tumor/patient_138_node_1_standard_oracle_non_tumor_000.png,patient_138_node_1_standard_oracle_non_tumor_000
c17_native,patient_138,patient_138_node_1,fccec411f1341117,49152,136448,256,20,0.7843475341796875,0,0.0,0,0,oracle_non_tumor,2,1d5657e342c149ef8305d568410dbc96,1d5657e342c149ef8305d568410dbc96,standard,0,0,vlm_patches/patient_138_node_1/standard/oracle_non_tumor/patient_138_node_1_standard_oracle_non_tumor_001.png,s3://pershin-medailab/Pathomorphology/CAMELYON/mil/vlm_patches/c17_abmil_vlm_patches_1d5657e342c149ef8305d568410dbc96.tar.gz!/vlm_patches/patient_138_node_1/standard/oracle_non_tumor/patient_138_node_1_standard_oracle_non_tumor_001.png,patient_138_node_1_standard_oracle_non_tumor_001
c17_native,patient_138,patient_138_node_1,9b3a98ab9c9cc256,56576,123904,256,20,0.7346038818359375,0,0.0,0,0,oracle_non_tumor,3,1d5657e342c149ef8305d568410dbc96,1d5657e342c149ef8305d568410dbc96,standard,0,0,vlm_patches/patient_138_node_1/standard/oracle_non_tumor/patient_138_node_1_standard_oracle_non_tumor_002.png,s3://pershin-medailab/Pathomorphology/CAMELYON/mil/vlm_patches/c17_abmil_vlm_patches_1d5657e342c149ef8305d568410dbc96.tar.gz!/vlm_patches/patient_138_node_1/standard/oracle_non_tumor/patient_138_node_1_standard_oracle_non_tumor_002.png,patient_138_node_1_standard_oracle_non_tumor_002
c17_native,patient_144,patient_144_node_1,8c2493132a9485e4,56576,97024,256,20,0.8203277587890625,0,0.0,0,0,oracle_non_tumor,1,1d5657e342c149ef8305d568410dbc96,1d5657e342c149ef8305d568410dbc96,standard,0,0,vlm_patches/patient_144_node_1/standard/oracle_non_tumor/patient_144_node_1_standard_oracle_non_tumor_000.png,s3://pershin-medailab/Pathomorphology/CAMELYON/mil/vlm_patches/c17_abmil_vlm_patches_1d5657e342c149ef8305d568410dbc96.tar.gz!/vlm_patches/patient_144_node_1/standard/oracle_non_tumor/patient_144_node_1_standard_oracle_non_tumor_000.png,patient_144_node_1_standard_oracle_non_tumor_000
c17_native,patient_144,patient_144_node_1,a4f174329037c1ea,42240,78336,256,20,0.909393310546875,0,0.0,0,0,oracle_non_tumor,2,1d5657e342c149ef8305d568410dbc96,1d5657e342c149ef8305d568410dbc96,standard,0,0,vlm_patches/patient_144_node_1/standard/oracle_non_tumor/patient_144_node_1_standard_oracle_non_tumor_001.png,s3://pershin-medailab/Pathomorphology/CAMELYON/mil/vlm_patches/c17_abmil_vlm_patches_1d5657e342c149ef8305d568410dbc96.tar.gz!/vlm_patches/patient_144_node_1/standard/oracle_non_tumor/patient_144_node_1_standard_oracle_non_tumor_001.png,patient_144_node_1_standard_oracle_non_tumor_001
c17_native,patient_144,patient_144_node_1,40ca96bb73eedff4,57088,94976,256,20,0.8035736083984375,0,0.0,0,0,oracle_non_tumor,3,1d5657e342c149ef8305d568410dbc96,1d5657e342c149ef8305d568410dbc96,standard,0,0,vlm_patches/patient_144_node_1/standard/oracle_non_tumor/patient_144_node_1_standard_oracle_non_tumor_002.png,s3://pershin-medailab/Pathomorphology/CAMELYON/mil/vlm_patches/c17_abmil_vlm_patches_1d5657e342c149ef8305d568410dbc96.tar.gz!/vlm_patches/patient_144_node_1/standard/oracle_non_tumor/patient_144_node_1_standard_oracle_non_tumor_002.png,patient_144_node_1_standard_oracle_non_tumor_002
c17_native,patient_163,patient_163_node_4,ccfc70208410adb6,30720,97536,256,20,0.83282470703125,0,0.0,0,0,oracle_non_tumor,1,1d5657e342c149ef8305d568410dbc96,1d5657e342c149ef8305d568410dbc96,standard,0,0,vlm_patches/patient_163_node_4/standard/oracle_non_tumor/patient_163_node_4_standard_oracle_non_tumor_000.png,s3://pershin-medailab/Pathomorphology/CAMELYON/mil/vlm_patches/c17_abmil_vlm_patches_1d5657e342c149ef8305d568410dbc96.tar.gz!/vlm_patches/patient_163_node_4/standard/oracle_non_tumor/patient_163_node_4_standard_oracle_non_tumor_000.png,patient_163_node_4_standard_oracle_non_tumor_000
c17_native,patient_163,patient_163_node_4,fccec522ea5ad733,45568,92416,256,20,0.738128662109375,0,0.0,0,0,oracle_non_tumor,2,1d5657e342c149ef8305d568410dbc96,1d5657e342c149ef8305d568410dbc96,standard,0,0,vlm_patches/patient_163_node_4/standard/oracle_non_tumor/patient_163_node_4_standard_oracle_non_tumor_001.png,s3://pershin-medailab/Pathomorphology/CAMELYON/mil/vlm_patches/c17_abmil_vlm_patches_1d5657e342c149ef8305d568410dbc96.tar.gz!/vlm_patches/patient_163_node_4/standard/oracle_non_tumor/patient_163_node_4_standard_oracle_non_tumor_001.png,patient_163_node_4_standard_oracle_non_tumor_001
c17_native,patient_163,patient_163_node_4,18fbb42920fe2208,40448,82176,256,20,0.0750732421875,0,0.0,0,0,oracle_non_tumor,3,1d5657e342c149ef8305d568410dbc96,1d5657e342c149ef8305d568410dbc96,standard,0,0,vlm_patches/patient_163_node_4/standard/oracle_non_tumor/patient_163_node_4_standard_oracle_non_tumor_002.png,s3://pershin-medailab/Pathomorphology/CAMELYON/mil/vlm_patches/c17_abmil_vlm_patches_1d5657e342c149ef8305d568410dbc96.tar.gz!/vlm_patches/patient_163_node_4/standard/oracle_non_tumor/patient_163_node_4_standard_oracle_non_tumor_002.png,patient_163_node_4_standard_oracle_non_tumor_002
c17_native,patient_166,patient_166_node_2,553df5d2a2ac0542,47360,13568,256,20,0.5828704833984375,1,1.0,1,1,oracle_tumor,1,1d5657e342c149ef8305d568410dbc96,1d5657e342c149ef8305d568410dbc96,standard,0,0,vlm_patches/patient_166_node_2/standard/oracle_tumor/patient_166_node_2_standard_oracle_tumor_000.png,s3://pershin-medailab/Pathomorphology/CAMELYON/mil/vlm_patches/c17_abmil_vlm_patches_1d5657e342c149ef8305d568410dbc96.tar.gz!/vlm_patches/patient_166_node_2/standard/oracle_tumor/patient_166_node_2_standard_oracle_tumor_000.png,patient_166_node_2_standard_oracle_tumor_000
c17_native,patient_166,patient_166_node_2,d2c3bc1cd89bd5f1,12032,54016,256,20,0.2115936279296875,1,1.0,1,1,oracle_tumor,2,1d5657e342c149ef8305d568410dbc96,1d5657e342c149ef8305d568410dbc96,standard,0,0,vlm_patches/patient_166_node_2/standard/oracle_tumor/patient_166_node_2_standard_oracle_tumor_001.png,s3://pershin-medailab/Pathomorphology/CAMELYON/mil/vlm_patches/c17_abmil_vlm_patches_1d5657e342c149ef8305d568410dbc96.tar.gz!/vlm_patches/patient_166_node_2/standard/oracle_tumor/patient_166_node_2_standard_oracle_tumor_001.png,patient_166_node_2_standard_oracle_tumor_001
c17_native,patient_166,patient_166_node_2,84ff6b5a64e782df,59136,22016,256,20,0.535247802734375,1,1.0,1,1,oracle_tumor,3,1d5657e342c149ef8305d568410dbc96,1d5657e342c149ef8305d568410dbc96,standard,0,0,vlm_patches/patient_166_node_2/standard/oracle_tumor/patient_166_node_2_standard_oracle_tumor_002.png,s3://pershin-medailab/Pathomorphology/CAMELYON/mil/vlm_patches/c17_abmil_vlm_patches_1d5657e342c149ef8305d568410dbc96.tar.gz!/vlm_patches/patient_166_node_2/standard/oracle_tumor/patient_166_node_2_standard_oracle_tumor_002.png,patient_166_node_2_standard_oracle_tumor_002
c17_native,patient_165,patient_165_node_4,463fa0ae9cfd9d13,47872,178688,256,20,0.96685791015625,1,1.0,1,1,top_k,1,1d5657e342c149ef8305d568410dbc96,1d5657e342c149ef8305d568410dbc96,standard,0,0,vlm_patches/patient_165_node_4/standard/top_k/patient_165_node_4_standard_top_k_000.png,s3://pershin-medailab/Pathomorphology/CAMELYON/mil/vlm_patches/c17_abmil_vlm_patches_1d5657e342c149ef8305d568410dbc96.tar.gz!/vlm_patches/patient_165_node_4/standard/top_k/patient_165_node_4_standard_top_k_000.png,patient_165_node_4_standard_top_k_000
c17_native,patient_165,patient_165_node_4,3d501e1f0a8e0d70,36096,81920,256,20,0.9658355712890624,1,1.0,1,1,top_k,2,1d5657e342c149ef8305d568410dbc96,1d5657e342c149ef8305d568410dbc96,standard,0,0,vlm_patches/patient_165_node_4/standard/top_k/patient_165_node_4_standard_top_k_001.png,s3://pershin-medailab/Pathomorphology/CAMELYON/mil/vlm_patches/c17_abmil_vlm_patches_1d5657e342c149ef8305d568410dbc96.tar.gz!/vlm_patches/patient_165_node_4/standard/top_k/patient_165_node_4_standard_top_k_001.png,patient_165_node_4_standard_top_k_001
c17_native,patient_165,patient_165_node_4,b33bdb47800cc98a,48896,178432,256,20,0.9007415771484376,1,1.0,1,1,top_k,3,1d5657e342c149ef8305d568410dbc96,1d5657e342c149ef8305d568410dbc96,standard,0,0,vlm_patches/patient_165_node_4/standard/top_k/patient_165_node_4_standard_top_k_002.png,s3://pershin-medailab/Pathomorphology/CAMELYON/mil/vlm_patches/c17_abmil_vlm_patches_1d5657e342c149ef8305d568410dbc96.tar.gz!/vlm_patches/patient_165_node_4/standard/top_k/patient_165_node_4_standard_top_k_002.png,patient_165_node_4_standard_top_k_002
c17_native,patient_136,patient_136_node_2,73ade30460a4e4ea,41984,46592,256,20,0.5847625732421875,1,1.0,1,1,top_k,1,1d5657e342c149ef8305d568410dbc96,1d5657e342c149ef8305d568410dbc96,standard,0,0,vlm_patches/patient_136_node_2/standard/top_k/patient_136_node_2_standard_top_k_000.png,s3://pershin-medailab/Pathomorphology/CAMELYON/mil/vlm_patches/c17_abmil_vlm_patches_1d5657e342c149ef8305d568410dbc96.tar.gz!/vlm_patches/patient_136_node_2/standard/top_k/patient_136_node_2_standard_top_k_000.png,patient_136_node_2_standard_top_k_000
c17_native,patient_136,patient_136_node_2,0be592321edb2ad3,43264,43264,256,20,0.5977783203125,1,1.0,1,1,top_k,2,1d5657e342c149ef8305d568410dbc96,1d5657e342c149ef8305d568410dbc96,standard,0,0,vlm_patches/patient_136_node_2/standard/top_k/patient_136_node_2_standard_top_k_001.png,s3://pershin-medailab/Pathomorphology/CAMELYON/mil/vlm_patches/c17_abmil_vlm_patches_1d5657e342c149ef8305d568410dbc96.tar.gz!/vlm_patches/patient_136_node_2/standard/top_k/patient_136_node_2_standard_top_k_001.png,patient_136_node_2_standard_top_k_001
c17_native,patient_136,patient_136_node_2,faee2dd82a0aba53,37120,46592,256,20,0.6763763427734375,1,1.0,1,1,top_k,3,1d5657e342c149ef8305d568410dbc96,1d5657e342c149ef8305d568410dbc96,standard,0,0,vlm_patches/patient_136_node_2/standard/top_k/patient_136_node_2_standard_top_k_002.png,s3://pershin-medailab/Pathomorphology/CAMELYON/mil/vlm_patches/c17_abmil_vlm_patches_1d5657e342c149ef8305d568410dbc96.tar.gz!/vlm_patches/patient_136_node_2/standard/top_k/patient_136_node_2_standard_top_k_002.png,patient_136_node_2_standard_top_k_002
c17_native,patient_138,patient_138_node_2,bd1ffeb70d99294f,39168,76544,256,20,0.1867828369140625,0,0.0,0,0,oracle_non_tumor,1,1d5657e342c149ef8305d568410dbc96,1d5657e342c149ef8305d568410dbc96,standard,0,0,vlm_patches/patient_138_node_2/standard/oracle_non_tumor/patient_138_node_2_standard_oracle_non_tumor_000.png,s3://pershin-medailab/Pathomorphology/CAMELYON/mil/vlm_patches/c17_abmil_vlm_patches_1d5657e342c149ef8305d568410dbc96.tar.gz!/vlm_patches/patient_138_node_2/standard/oracle_non_tumor/patient_138_node_2_standard_oracle_non_tumor_000.png,patient_138_node_2_standard_oracle_non_tumor_000
c17_native,patient_138,patient_138_node_2,980c96e4c25fa8e0,81920,104704,256,20,0.2857666015625,0,0.0,0,0,oracle_non_tumor,2,1d5657e342c149ef8305d568410dbc96,1d5657e342c149ef8305d568410dbc96,standard,0,0,vlm_patches/patient_138_node_2/standard/oracle_non_tumor/patient_138_node_2_standard_oracle_non_tumor_001.png,s3://pershin-medailab/Pathomorphology/CAMELYON/mil/vlm_patches/c17_abmil_vlm_patches_1d5657e342c149ef8305d568410dbc96.tar.gz!/vlm_patches/patient_138_node_2/standard/oracle_non_tumor/patient_138_node_2_standard_oracle_non_tumor_001.png,patient_138_node_2_standard_oracle_non_tumor_001
c17_native,patient_138,patient_138_node_2,79640babea333cda,12032,157184,256,20,0.03009033203125,0,0.0,0,0,oracle_non_tumor,3,1d5657e342c149ef8305d568410dbc96,1d5657e342c149ef8305d568410dbc96,standard,0,0,vlm_patches/patient_138_node_2/standard/oracle_non_tumor/patient_138_node_2_standard_oracle_non_tumor_002.png,s3://pershin-medailab/Pathomorphology/CAMELYON/mil/vlm_patches/c17_abmil_vlm_patches_1d5657e342c149ef8305d568410dbc96.tar.gz!/vlm_patches/patient_138_node_2/standard/oracle_non_tumor/patient_138_node_2_standard_oracle_non_tumor_002.png,patient_138_node_2_standard_oracle_non_tumor_002
c17_native,patient_103,patient_103_node_3,ee22d6d466e0c78f,47360,125184,256,20,0.7461395263671875,0,0.0,0,0,top_k,1,1d5657e342c149ef8305d568410dbc96,1d5657e342c149ef8305d568410dbc96,standard,0,0,vlm_patches/patient_103_node_3/standard/top_k/patient_103_node_3_standard_top_k_000.png,s3://pershin-medailab/Pathomorphology/CAMELYON/mil/vlm_patches/c17_abmil_vlm_patches_1d5657e342c149ef8305d568410dbc96.tar.gz!/vlm_patches/patient_103_node_3/standard/top_k/patient_103_node_3_standard_top_k_000.png,patient_103_node_3_standard_top_k_000
c17_native,patient_103,patient_103_node_3,f1cf6e2add7fec4a,47104,123904,256,20,0.6468505859375,0,0.0,0,0,top_k,2,1d5657e342c149ef8305d568410dbc96,1d5657e342c149ef8305d568410dbc96,standard,0,0,vlm_patches/patient_103_node_3/standard/top_k/patient_103_node_3_standard_top_k_001.png,s3://pershin-medailab/Pathomorphology/CAMELYON/mil/vlm_patches/c17_abmil_vlm_patches_1d5657e342c149ef8305d568410dbc96.tar.gz!/vlm_patches/patient_103_node_3/standard/top_k/patient_103_node_3_standard_top_k_001.png,patient_103_node_3_standard_top_k_001
c17_native,patient_103,patient_103_node_3,0946ceb7958428b2,47616,124928,256,20,0.7510223388671875,0,0.0,0,0,top_k,3,1d5657e342c149ef8305d568410dbc96,1d5657e342c149ef8305d568410dbc96,standard,0,0,vlm_patches/patient_103_node_3/standard/top_k/patient_103_node_3_standard_top_k_002.png,s3://pershin-medailab/Pathomorphology/CAMELYON/mil/vlm_patches/c17_abmil_vlm_patches_1d5657e342c149ef8305d568410dbc96.tar.gz!/vlm_patches/patient_103_node_3/standard/top_k/patient_103_node_3_standard_top_k_002.png,patient_103_node_3_standard_top_k_002
c17_native,patient_160,patient_160_node_4,e0104a04d25ee1e1,30720,56064,256,20,0.76153564453125,0,0.0,0,0,top_k,1,1d5657e342c149ef8305d568410dbc96,1d5657e342c149ef8305d568410dbc96,standard,0,0,vlm_patches/patient_160_node_4/standard/top_k/patient_160_node_4_standard_top_k_000.png,s3://pershin-medailab/Pathomorphology/CAMELYON/mil/vlm_patches/c17_abmil_vlm_patches_1d5657e342c149ef8305d568410dbc96.tar.gz!/vlm_patches/patient_160_node_4/standard/top_k/patient_160_node_4_standard_top_k_000.png,patient_160_node_4_standard_top_k_000
c17_native,patient_160,patient_160_node_4,7f64060cad3ebb08,59904,146688,256,20,0.936767578125,0,0.0,0,0,top_k,2,1d5657e342c149ef8305d568410dbc96,1d5657e342c149ef8305d568410dbc96,standard,0,0,vlm_patches/patient_160_node_4/standard/top_k/patient_160_node_4_standard_top_k_001.png,s3://pershin-medailab/Pathomorphology/CAMELYON/mil/vlm_patches/c17_abmil_vlm_patches_1d5657e342c149ef8305d568410dbc96.tar.gz!/vlm_patches/patient_160_node_4/standard/top_k/patient_160_node_4_standard_top_k_001.png,patient_160_node_4_standard_top_k_001
c17_native,patient_160,patient_160_node_4,33882978a2d8ab3b,33280,55808,256,20,0.7058563232421875,0,0.0,0,0,top_k,3,1d5657e342c149ef8305d568410dbc96,1d5657e342c149ef8305d568410dbc96,standard,0,0,vlm_patches/patient_160_node_4/standard/top_k/patient_160_node_4_standard_top_k_002.png,s3://pershin-medailab/Pathomorphology/CAMELYON/mil/vlm_patches/c17_abmil_vlm_patches_1d5657e342c149ef8305d568410dbc96.tar.gz!/vlm_patches/patient_160_node_4/standard/top_k/patient_160_node_4_standard_top_k_002.png,patient_160_node_4_standard_top_k_002
c17_native,patient_101,patient_101_node_2,447f0399f4ac6692,50432,143360,256,20,0.9437103271484376,0,0.0,0,0,top_k,1,1d5657e342c149ef8305d568410dbc96,1d5657e342c149ef8305d568410dbc96,standard,0,0,vlm_patches/patient_101_node_2/standard/top_k/patient_101_node_2_standard_top_k_000.png,s3://pershin-medailab/Pathomorphology/CAMELYON/mil/vlm_patches/c17_abmil_vlm_patches_1d5657e342c149ef8305d568410dbc96.tar.gz!/vlm_patches/patient_101_node_2/standard/top_k/patient_101_node_2_standard_top_k_000.png,patient_101_node_2_standard_top_k_000
c17_native,patient_101,patient_101_node_2,b68bbf5c89ab6b3c,52480,143360,256,20,0.891265869140625,0,0.0,0,0,top_k,2,1d5657e342c149ef8305d568410dbc96,1d5657e342c149ef8305d568410dbc96,standard,0,0,vlm_patches/patient_101_node_2/standard/top_k/patient_101_node_2_standard_top_k_001.png,s3://pershin-medailab/Pathomorphology/CAMELYON/mil/vlm_patches/c17_abmil_vlm_patches_1d5657e342c149ef8305d568410dbc96.tar.gz!/vlm_patches/patient_101_node_2/standard/top_k/patient_101_node_2_standard_top_k_001.png,patient_101_node_2_standard_top_k_001
c17_native,patient_101,patient_101_node_2,22376cf6cfa52223,44288,147712,256,20,0.9607086181640624,0,0.0,0,0,top_k,3,1d5657e342c149ef8305d568410dbc96,1d5657e342c149ef8305d568410dbc96,standard,0,0,vlm_patches/patient_101_node_2/standard/top_k/patient_101_node_2_standard_top_k_002.png,s3://pershin-medailab/Pathomorphology/CAMELYON/mil/vlm_patches/c17_abmil_vlm_patches_1d5657e342c149ef8305d568410dbc96.tar.gz!/vlm_patches/patient_101_node_2/standard/top_k/patient_101_node_2_standard_top_k_002.png,patient_101_node_2_standard_top_k_002
c17_native,patient_129,patient_129_node_2,9161801c03684439,71936,107008,256,20,0.9830322265625,1,1.0,1,1,top_k,1,1d5657e342c149ef8305d568410dbc96,1d5657e342c149ef8305d568410dbc96,standard,0,0,vlm_patches/patient_129_node_2/standard/top_k/patient_129_node_2_standard_top_k_000.png,s3://pershin-medailab/Pathomorphology/CAMELYON/mil/vlm_patches/c17_abmil_vlm_patches_1d5657e342c149ef8305d568410dbc96.tar.gz!/vlm_patches/patient_129_node_2/standard/top_k/patient_129_node_2_standard_top_k_000.png,patient_129_node_2_standard_top_k_000
c17_native,patient_129,patient_129_node_2,851099b34ba7eb46,67584,107520,256,20,0.9826202392578124,1,1.0,1,1,top_k,2,1d5657e342c149ef8305d568410dbc96,1d5657e342c149ef8305d568410dbc96,standard,0,0,vlm_patches/patient_129_node_2/standard/top_k/patient_129_node_2_standard_top_k_001.png,s3://pershin-medailab/Pathomorphology/CAMELYON/mil/vlm_patches/c17_abmil_vlm_patches_1d5657e342c149ef8305d568410dbc96.tar.gz!/vlm_patches/patient_129_node_2/standard/top_k/patient_129_node_2_standard_top_k_001.png,patient_129_node_2_standard_top_k_001
c17_native,patient_129,patient_129_node_2,69e732b0f90ba11c,71936,107264,256,20,0.976287841796875,1,1.0,1,1,top_k,3,1d5657e342c149ef8305d568410dbc96,1d5657e342c149ef8305d568410dbc96,standard,0,0,vlm_patches/patient_129_node_2/standard/top_k/patient_129_node_2_standard_top_k_002.png,s3://pershin-medailab/Pathomorphology/CAMELYON/mil/vlm_patches/c17_abmil_vlm_patches_1d5657e342c149ef8305d568410dbc96.tar.gz!/vlm_patches/patient_129_node_2/standard/top_k/patient_129_node_2_standard_top_k_002.png,patient_129_node_2_standard_top_k_002
c17_native,patient_142,patient_142_node_1,9a1f486a632d1b05,111616,14336,256,20,0.0,0,0.0,0,0,oracle_non_tumor,1,1d5657e342c149ef8305d568410dbc96,1d5657e342c149ef8305d568410dbc96,standard,0,0,vlm_patches/patient_142_node_1/standard/oracle_non_tumor/patient_142_node_1_standard_oracle_non_tumor_000.png,s3://pershin-medailab/Pathomorphology/CAMELYON/mil/vlm_patches/c17_abmil_vlm_patches_1d5657e342c149ef8305d568410dbc96.tar.gz!/vlm_patches/patient_142_node_1/standard/oracle_non_tumor/patient_142_node_1_standard_oracle_non_tumor_000.png,patient_142_node_1_standard_oracle_non_tumor_000
c17_native,patient_142,patient_142_node_1,78d64b5b044b8762,33024,38912,256,20,0.7220916748046875,0,0.0,0,0,oracle_non_tumor,2,1d5657e342c149ef8305d568410dbc96,1d5657e342c149ef8305d568410dbc96,standard,0,0,vlm_patches/patient_142_node_1/standard/oracle_non_tumor/patient_142_node_1_standard_oracle_non_tumor_001.png,s3://pershin-medailab/Pathomorphology/CAMELYON/mil/vlm_patches/c17_abmil_vlm_patches_1d5657e342c149ef8305d568410dbc96.tar.gz!/vlm_patches/patient_142_node_1/standard/oracle_non_tumor/patient_142_node_1_standard_oracle_non_tumor_001.png,patient_142_node_1_standard_oracle_non_tumor_001
c17_native,patient_142,patient_142_node_1,12361e5fd95617ae,90880,76544,256,20,0.0,0,0.0,0,0,oracle_non_tumor,3,1d5657e342c149ef8305d568410dbc96,1d5657e342c149ef8305d568410dbc96,standard,0,0,vlm_patches/patient_142_node_1/standard/oracle_non_tumor/patient_142_node_1_standard_oracle_non_tumor_002.png,s3://pershin-medailab/Pathomorphology/CAMELYON/mil/vlm_patches/c17_abmil_vlm_patches_1d5657e342c149ef8305d568410dbc96.tar.gz!/vlm_patches/patient_142_node_1/standard/oracle_non_tumor/patient_142_node_1_standard_oracle_non_tumor_002.png,patient_142_node_1_standard_oracle_non_tumor_002
c17_native,patient_165,patient_165_node_2,0bbb86d940d957eb,10240,105216,256,20,0.988433837890625,1,1.0,1,1,top_k,1,1d5657e342c149ef8305d568410dbc96,1d5657e342c149ef8305d568410dbc96,standard,0,0,vlm_patches/patient_165_node_2/standard/top_k/patient_165_node_2_standard_top_k_000.png,s3://pershin-medailab/Pathomorphology/CAMELYON/mil/vlm_patches/c17_abmil_vlm_patches_1d5657e342c149ef8305d568410dbc96.tar.gz!/vlm_patches/patient_165_node_2/standard/top_k/patient_165_node_2_standard_top_k_000.png,patient_165_node_2_standard_top_k_000
c17_native,patient_165,patient_165_node_2,938bc26c59e8f229,9216,102912,256,20,0.97833251953125,1,1.0,1,1,top_k,2,1d5657e342c149ef8305d568410dbc96,1d5657e342c149ef8305d568410dbc96,standard,0,0,vlm_patches/patient_165_node_2/standard/top_k/patient_165_node_2_standard_top_k_001.png,s3://pershin-medailab/Pathomorphology/CAMELYON/mil/vlm_patches/c17_abmil_vlm_patches_1d5657e342c149ef8305d568410dbc96.tar.gz!/vlm_patches/patient_165_node_2/standard/top_k/patient_165_node_2_standard_top_k_001.png,patient_165_node_2_standard_top_k_001
c17_native,patient_165,patient_165_node_2,fa0cb88e140c7380,8192,104192,256,20,0.9760284423828124,1,1.0,1,1,top_k,3,1d5657e342c149ef8305d568410dbc96,1d5657e342c149ef8305d568410dbc96,standard,0,0,vlm_patches/patient_165_node_2/standard/top_k/patient_165_node_2_standard_top_k_002.png,s3://pershin-medailab/Pathomorphology/CAMELYON/mil/vlm_patches/c17_abmil_vlm_patches_1d5657e342c149ef8305d568410dbc96.tar.gz!/vlm_patches/patient_165_node_2/standard/top_k/patient_165_node_2_standard_top_k_002.png,patient_165_node_2_standard_top_k_002
c17_native,patient_125,patient_125_node_0,d0cc3551bd90e9b3,111616,86016,256,20,0.9549407958984376,0,0.0,0,0,oracle_non_tumor,1,1d5657e342c149ef8305d568410dbc96,1d5657e342c149ef8305d568410dbc96,standard,0,0,vlm_patches/patient_125_node_0/standard/oracle_non_tumor/patient_125_node_0_standard_oracle_non_tumor_000.png,s3://pershin-medailab/Pathomorphology/CAMELYON/mil/vlm_patches/c17_abmil_vlm_patches_1d5657e342c149ef8305d568410dbc96.tar.gz!/vlm_patches/patient_125_node_0/standard/oracle_non_tumor/patient_125_node_0_standard_oracle_non_tumor_000.png,patient_125_node_0_standard_oracle_non_tumor_000
c17_native,patient_125,patient_125_node_0,e5699c9e00f0103e,114944,55040,256,20,0.242828369140625,0,0.0,0,0,oracle_non_tumor,2,1d5657e342c149ef8305d568410dbc96,1d5657e342c149ef8305d568410dbc96,standard,0,0,vlm_patches/patient_125_node_0/standard/oracle_non_tumor/patient_125_node_0_standard_oracle_non_tumor_001.png,s3://pershin-medailab/Pathomorphology/CAMELYON/mil/vlm_patches/c17_abmil_vlm_patches_1d5657e342c149ef8305d568410dbc96.tar.gz!/vlm_patches/patient_125_node_0/standard/oracle_non_tumor/patient_125_node_0_standard_oracle_non_tumor_001.png,patient_125_node_0_standard_oracle_non_tumor_001
c17_native,patient_125,patient_125_node_0,9f66f119b46277d6,18944,44032,256,20,0.991607666015625,0,0.0,0,0,oracle_non_tumor,3,1d5657e342c149ef8305d568410dbc96,1d5657e342c149ef8305d568410dbc96,standard,0,0,vlm_patches/patient_125_node_0/standard/oracle_non_tumor/patient_125_node_0_standard_oracle_non_tumor_002.png,s3://pershin-medailab/Pathomorphology/CAMELYON/mil/vlm_patches/c17_abmil_vlm_patches_1d5657e342c149ef8305d568410dbc96.tar.gz!/vlm_patches/patient_125_node_0/standard/oracle_non_tumor/patient_125_node_0_standard_oracle_non_tumor_002.png,patient_125_node_0_standard_oracle_non_tumor_002
c17_native,patient_136,patient_136_node_0,62810565cdc61584,15104,89344,256,20,0.4943084716796875,0,0.0,0,0,oracle_non_tumor,1,1d5657e342c149ef8305d568410dbc96,1d5657e342c149ef8305d568410dbc96,standard,0,0,vlm_patches/patient_136_node_0/standard/oracle_non_tumor/patient_136_node_0_standard_oracle_non_tumor_000.png,s3://pershin-medailab/Pathomorphology/CAMELYON/mil/vlm_patches/c17_abmil_vlm_patches_1d5657e342c149ef8305d568410dbc96.tar.gz!/vlm_patches/patient_136_node_0/standard/oracle_non_tumor/patient_136_node_0_standard_oracle_non_tumor_000.png,patient_136_node_0_standard_oracle_non_tumor_000
c17_native,patient_136,patient_136_node_0,2aadc05974d2a8b8,74752,58880,256,20,0.5931243896484375,0,0.0,0,0,oracle_non_tumor,2,1d5657e342c149ef8305d568410dbc96,1d5657e342c149ef8305d568410dbc96,standard,0,0,vlm_patches/patient_136_node_0/standard/oracle_non_tumor/patient_136_node_0_standard_oracle_non_tumor_001.png,s3://pershin-medailab/Pathomorphology/CAMELYON/mil/vlm_patches/c17_abmil_vlm_patches_1d5657e342c149ef8305d568410dbc96.tar.gz!/vlm_patches/patient_136_node_0/standard/oracle_non_tumor/patient_136_node_0_standard_oracle_non_tumor_001.png,patient_136_node_0_standard_oracle_non_tumor_001
c17_native,patient_136,patient_136_node_0,a89294423aaf3ffb,81920,61440,256,20,0.6187591552734375,0,0.0,0,0,oracle_non_tumor,3,1d5657e342c149ef8305d568410dbc96,1d5657e342c149ef8305d568410dbc96,standard,0,0,vlm_patches/patient_136_node_0/standard/oracle_non_tumor/patient_136_node_0_standard_oracle_non_tumor_002.png,s3://pershin-medailab/Pathomorphology/CAMELYON/mil/vlm_patches/c17_abmil_vlm_patches_1d5657e342c149ef8305d568410dbc96.tar.gz!/vlm_patches/patient_136_node_0/standard/oracle_non_tumor/patient_136_node_0_standard_oracle_non_tumor_002.png,patient_136_node_0_standard_oracle_non_tumor_002
c17_native,patient_135,patient_135_node_0,b821c8d5ff60298c,22272,92928,256,20,0.98223876953125,1,1.0,1,1,oracle_tumor,1,1d5657e342c149ef8305d568410dbc96,1d5657e342c149ef8305d568410dbc96,standard,0,0,vlm_patches/patient_135_node_0/standard/oracle_tumor/patient_135_node_0_standard_oracle_tumor_000.png,s3://pershin-medailab/Pathomorphology/CAMELYON/mil/vlm_patches/c17_abmil_vlm_patches_1d5657e342c149ef8305d568410dbc96.tar.gz!/vlm_patches/patient_135_node_0/standard/oracle_tumor/patient_135_node_0_standard_oracle_tumor_000.png,patient_135_node_0_standard_oracle_tumor_000
c17_native,patient_135,patient_135_node_0,2ae14e67fed16578,23552,92928,256,20,0.912384033203125,1,1.0,1,1,oracle_tumor,2,1d5657e342c149ef8305d568410dbc96,1d5657e342c149ef8305d568410dbc96,standard,0,0,vlm_patches/patient_135_node_0/standard/oracle_tumor/patient_135_node_0_standard_oracle_tumor_001.png,s3://pershin-medailab/Pathomorphology/CAMELYON/mil/vlm_patches/c17_abmil_vlm_patches_1d5657e342c149ef8305d568410dbc96.tar.gz!/vlm_patches/patient_135_node_0/standard/oracle_tumor/patient_135_node_0_standard_oracle_tumor_001.png,patient_135_node_0_standard_oracle_tumor_001
c17_native,patient_135,patient_135_node_0,e7deba6609702608,22272,93184,256,20,0.9347381591796876,1,1.0,1,1,oracle_tumor,3,1d5657e342c149ef8305d568410dbc96,1d5657e342c149ef8305d568410dbc96,standard,0,0,vlm_patches/patient_135_node_0/standard/oracle_tumor/patient_135_node_0_standard_oracle_tumor_002.png,s3://pershin-medailab/Pathomorphology/CAMELYON/mil/vlm_patches/c17_abmil_vlm_patches_1d5657e342c149ef8305d568410dbc96.tar.gz!/vlm_patches/patient_135_node_0/standard/oracle_tumor/patient_135_node_0_standard_oracle_tumor_002.png,patient_135_node_0_standard_oracle_tumor_002
c17_native,patient_179,patient_179_node_1,61f7723da7da7c32,33280,143616,256,20,0.9561004638671876,1,1.0,1,1,top_k,1,1d5657e342c149ef8305d568410dbc96,1d5657e342c149ef8305d568410dbc96,standard,0,0,vlm_patches/patient_179_node_1/standard/top_k/patient_179_node_1_standard_top_k_000.png,s3://pershin-medailab/Pathomorphology/CAMELYON/mil/vlm_patches/c17_abmil_vlm_patches_1d5657e342c149ef8305d568410dbc96.tar.gz!/vlm_patches/patient_179_node_1/standard/top_k/patient_179_node_1_standard_top_k_000.png,patient_179_node_1_standard_top_k_000
c17_native,patient_179,patient_179_node_1,4554d750a3cf1523,14080,160512,256,20,0.9410247802734376,1,1.0,1,1,top_k,2,1d5657e342c149ef8305d568410dbc96,1d5657e342c149ef8305d568410dbc96,standard,0,0,vlm_patches/patient_179_node_1/standard/top_k/patient_179_node_1_standard_top_k_001.png,s3://pershin-medailab/Pathomorphology/CAMELYON/mil/vlm_patches/c17_abmil_vlm_patches_1d5657e342c149ef8305d568410dbc96.tar.gz!/vlm_patches/patient_179_node_1/standard/top_k/patient_179_node_1_standard_top_k_001.png,patient_179_node_1_standard_top_k_001
c17_native,patient_179,patient_179_node_1,6a37bde563fc7132,34048,145152,256,20,0.9582672119140624,1,1.0,1,1,top_k,3,1d5657e342c149ef8305d568410dbc96,1d5657e342c149ef8305d568410dbc96,standard,0,0,vlm_patches/patient_179_node_1/standard/top_k/patient_179_node_1_standard_top_k_002.png,s3://pershin-medailab/Pathomorphology/CAMELYON/mil/vlm_patches/c17_abmil_vlm_patches_1d5657e342c149ef8305d568410dbc96.tar.gz!/vlm_patches/patient_179_node_1/standard/top_k/patient_179_node_1_standard_top_k_002.png,patient_179_node_1_standard_top_k_002
c17_native,patient_158,patient_158_node_2,802e73459fdc127b,60928,158720,256,20,0.9935455322265624,1,1.0,1,1,oracle_tumor,1,1d5657e342c149ef8305d568410dbc96,1d5657e342c149ef8305d568410dbc96,standard,0,0,vlm_patches/patient_158_node_2/standard/oracle_tumor/patient_158_node_2_standard_oracle_tumor_000.png,s3://pershin-medailab/Pathomorphology/CAMELYON/mil/vlm_patches/c17_abmil_vlm_patches_1d5657e342c149ef8305d568410dbc96.tar.gz!/vlm_patches/patient_158_node_2/standard/oracle_tumor/patient_158_node_2_standard_oracle_tumor_000.png,patient_158_node_2_standard_oracle_tumor_000
c17_native,patient_158,patient_158_node_2,fefaf1f205b85a0a,54272,153600,256,20,0.89788818359375,1,1.0,1,1,oracle_tumor,2,1d5657e342c149ef8305d568410dbc96,1d5657e342c149ef8305d568410dbc96,standard,0,0,vlm_patches/patient_158_node_2/standard/oracle_tumor/patient_158_node_2_standard_oracle_tumor_001.png,s3://pershin-medailab/Pathomorphology/CAMELYON/mil/vlm_patches/c17_abmil_vlm_patches_1d5657e342c149ef8305d568410dbc96.tar.gz!/vlm_patches/patient_158_node_2/standard/oracle_tumor/patient_158_node_2_standard_oracle_tumor_001.png,patient_158_node_2_standard_oracle_tumor_001
c17_native,patient_158,patient_158_node_2,7aa1a60433d596c2,53504,154880,256,20,0.9028778076171876,1,1.0,1,1,oracle_tumor,4,1d5657e342c149ef8305d568410dbc96,1d5657e342c149ef8305d568410dbc96,standard,0,0,vlm_patches/patient_158_node_2/standard/oracle_tumor/patient_158_node_2_standard_oracle_tumor_003.png,s3://pershin-medailab/Pathomorphology/CAMELYON/mil/vlm_patches/c17_abmil_vlm_patches_1d5657e342c149ef8305d568410dbc96.tar.gz!/vlm_patches/patient_158_node_2/standard/oracle_tumor/patient_158_node_2_standard_oracle_tumor_003.png,patient_158_node_2_standard_oracle_tumor_003
c17_native,patient_169,patient_169_node_3,cf771c04a992b758,68352,76288,256,20,0.652099609375,0,0.0,0,0,hard_negative,1,1d5657e342c149ef8305d568410dbc96,1d5657e342c149ef8305d568410dbc96,standard,0,0,vlm_patches/patient_169_node_3/standard/hard_negative/patient_169_node_3_standard_hard_negative_000.png,s3://pershin-medailab/Pathomorphology/CAMELYON/mil/vlm_patches/c17_abmil_vlm_patches_1d5657e342c149ef8305d568410dbc96.tar.gz!/vlm_patches/patient_169_node_3/standard/hard_negative/patient_169_node_3_standard_hard_negative_000.png,patient_169_node_3_standard_hard_negative_000
c17_native,patient_169,patient_169_node_3,68930a48dc64dcb5,45056,53504,256,20,0.560150146484375,0,0.0,0,0,hard_negative,2,1d5657e342c149ef8305d568410dbc96,1d5657e342c149ef8305d568410dbc96,standard,0,0,vlm_patches/patient_169_node_3/standard/hard_negative/patient_169_node_3_standard_hard_negative_001.png,s3://pershin-medailab/Pathomorphology/CAMELYON/mil/vlm_patches/c17_abmil_vlm_patches_1d5657e342c149ef8305d568410dbc96.tar.gz!/vlm_patches/patient_169_node_3/standard/hard_negative/patient_169_node_3_standard_hard_negative_001.png,patient_169_node_3_standard_hard_negative_001
c17_native,patient_169,patient_169_node_3,68b0c2b571c61c28,18688,68096,256,20,0.8319244384765625,0,0.0,0,0,hard_negative,3,1d5657e342c149ef8305d568410dbc96,1d5657e342c149ef8305d568410dbc96,standard,0,0,vlm_patches/patient_169_node_3/standard/hard_negative/patient_169_node_3_standard_hard_negative_002.png,s3://pershin-medailab/Pathomorphology/CAMELYON/mil/vlm_patches/c17_abmil_vlm_patches_1d5657e342c149ef8305d568410dbc96.tar.gz!/vlm_patches/patient_169_node_3/standard/hard_negative/patient_169_node_3_standard_hard_negative_002.png,patient_169_node_3_standard_hard_negative_002
c17_native,patient_162,patient_162_node_1,dc1441e0efd681b9,25856,18944,256,20,0.8999786376953125,1,1.0,1,1,top_k,1,1d5657e342c149ef8305d568410dbc96,1d5657e342c149ef8305d568410dbc96,standard,0,0,vlm_patches/patient_162_node_1/standard/top_k/patient_162_node_1_standard_top_k_000.png,s3://pershin-medailab/Pathomorphology/CAMELYON/mil/vlm_patches/c17_abmil_vlm_patches_1d5657e342c149ef8305d568410dbc96.tar.gz!/vlm_patches/patient_162_node_1/standard/top_k/patient_162_node_1_standard_top_k_000.png,patient_162_node_1_standard_top_k_000
c17_native,patient_162,patient_162_node_1,839c5cc8f9c9e99b,18432,16384,256,20,0.9373779296875,1,1.0,1,1,top_k,2,1d5657e342c149ef8305d568410dbc96,1d5657e342c149ef8305d568410dbc96,standard,0,0,vlm_patches/patient_162_node_1/standard/top_k/patient_162_node_1_standard_top_k_001.png,s3://pershin-medailab/Pathomorphology/CAMELYON/mil/vlm_patches/c17_abmil_vlm_patches_1d5657e342c149ef8305d568410dbc96.tar.gz!/vlm_patches/patient_162_node_1/standard/top_k/patient_162_node_1_standard_top_k_001.png,patient_162_node_1_standard_top_k_001
c17_native,patient_162,patient_162_node_1,24ebaff5db43eb18,12800,11776,256,20,0.7822723388671875,1,1.0,1,1,top_k,3,1d5657e342c149ef8305d568410dbc96,1d5657e342c149ef8305d568410dbc96,standard,0,0,vlm_patches/patient_162_node_1/standard/top_k/patient_162_node_1_standard_top_k_002.png,s3://pershin-medailab/Pathomorphology/CAMELYON/mil/vlm_patches/c17_abmil_vlm_patches_1d5657e342c149ef8305d568410dbc96.tar.gz!/vlm_patches/patient_162_node_1/standard/top_k/patient_162_node_1_standard_top_k_002.png,patient_162_node_1_standard_top_k_002
c17_native,patient_120,patient_120_node_1,31ec7f4f2c373158,25600,116736,256,20,0.9586029052734376,1,1.0,1,1,top_k,1,1d5657e342c149ef8305d568410dbc96,1d5657e342c149ef8305d568410dbc96,standard,0,0,vlm_patches/patient_120_node_1/standard/top_k/patient_120_node_1_standard_top_k_000.png,s3://pershin-medailab/Pathomorphology/CAMELYON/mil/vlm_patches/c17_abmil_vlm_patches_1d5657e342c149ef8305d568410dbc96.tar.gz!/vlm_patches/patient_120_node_1/standard/top_k/patient_120_node_1_standard_top_k_000.png,patient_120_node_1_standard_top_k_000
c17_native,patient_120,patient_120_node_1,013d9b82e9999dfc,25600,116480,256,20,0.9909210205078124,1,1.0,1,1,top_k,2,1d5657e342c149ef8305d568410dbc96,1d5657e342c149ef8305d568410dbc96,standard,0,0,vlm_patches/patient_120_node_1/standard/top_k/patient_120_node_1_standard_top_k_001.png,s3://pershin-medailab/Pathomorphology/CAMELYON/mil/vlm_patches/c17_abmil_vlm_patches_1d5657e342c149ef8305d568410dbc96.tar.gz!/vlm_patches/patient_120_node_1/standard/top_k/patient_120_node_1_standard_top_k_001.png,patient_120_node_1_standard_top_k_001
c17_native,patient_120,patient_120_node_1,e05076a29c6672a1,36352,124928,256,20,0.983551025390625,1,1.0,1,1,top_k,4,1d5657e342c149ef8305d568410dbc96,1d5657e342c149ef8305d568410dbc96,standard,0,0,vlm_patches/patient_120_node_1/standard/top_k/patient_120_node_1_standard_top_k_003.png,s3://pershin-medailab/Pathomorphology/CAMELYON/mil/vlm_patches/c17_abmil_vlm_patches_1d5657e342c149ef8305d568410dbc96.tar.gz!/vlm_patches/patient_120_node_1/standard/top_k/patient_120_node_1_standard_top_k_003.png,patient_120_node_1_standard_top_k_003
c17_native,patient_171,patient_171_node_0,abc75b07b616011d,42752,29952,256,20,0.504119873046875,1,1.0,1,1,top_k,1,1d5657e342c149ef8305d568410dbc96,1d5657e342c149ef8305d568410dbc96,standard,0,0,vlm_patches/patient_171_node_0/standard/top_k/patient_171_node_0_standard_top_k_000.png,s3://pershin-medailab/Pathomorphology/CAMELYON/mil/vlm_patches/c17_abmil_vlm_patches_1d5657e342c149ef8305d568410dbc96.tar.gz!/vlm_patches/patient_171_node_0/standard/top_k/patient_171_node_0_standard_top_k_000.png,patient_171_node_0_standard_top_k_000
c17_native,patient_171,patient_171_node_0,3bdeda2080d3a9b4,100608,27648,256,20,0.5242462158203125,1,1.0,1,1,top_k,3,1d5657e342c149ef8305d568410dbc96,1d5657e342c149ef8305d568410dbc96,standard,0,0,vlm_patches/patient_171_node_0/standard/top_k/patient_171_node_0_standard_top_k_002.png,s3://pershin-medailab/Pathomorphology/CAMELYON/mil/vlm_patches/c17_abmil_vlm_patches_1d5657e342c149ef8305d568410dbc96.tar.gz!/vlm_patches/patient_171_node_0/standard/top_k/patient_171_node_0_standard_top_k_002.png,patient_171_node_0_standard_top_k_002
c17_native,patient_171,patient_171_node_0,5fa09c4b3ca0b897,99072,69632,256,20,0.631378173828125,1,1.0,1,1,top_k,4,1d5657e342c149ef8305d568410dbc96,1d5657e342c149ef8305d568410dbc96,standard,0,0,vlm_patches/patient_171_node_0/standard/top_k/patient_171_node_0_standard_top_k_003.png,s3://pershin-medailab/Pathomorphology/CAMELYON/mil/vlm_patches/c17_abmil_vlm_patches_1d5657e342c149ef8305d568410dbc96.tar.gz!/vlm_patches/patient_171_node_0/standard/top_k/patient_171_node_0_standard_top_k_003.png,patient_171_node_0_standard_top_k_003
c17_native,patient_152,patient_152_node_1,7f07df19eae2d224,58624,146688,256,20,0.8890380859375,0,0.0,0,0,top_k,1,1d5657e342c149ef8305d568410dbc96,1d5657e342c149ef8305d568410dbc96,standard,0,0,vlm_patches/patient_152_node_1/standard/top_k/patient_152_node_1_standard_top_k_000.png,s3://pershin-medailab/Pathomorphology/CAMELYON/mil/vlm_patches/c17_abmil_vlm_patches_1d5657e342c149ef8305d568410dbc96.tar.gz!/vlm_patches/patient_152_node_1/standard/top_k/patient_152_node_1_standard_top_k_000.png,patient_152_node_1_standard_top_k_000
c17_native,patient_152,patient_152_node_1,85e7026760dba3fd,39936,169472,256,20,0.9116058349609376,0,0.0,0,0,top_k,2,1d5657e342c149ef8305d568410dbc96,1d5657e342c149ef8305d568410dbc96,standard,0,0,vlm_patches/patient_152_node_1/standard/top_k/patient_152_node_1_standard_top_k_001.png,s3://pershin-medailab/Pathomorphology/CAMELYON/mil/vlm_patches/c17_abmil_vlm_patches_1d5657e342c149ef8305d568410dbc96.tar.gz!/vlm_patches/patient_152_node_1/standard/top_k/patient_152_node_1_standard_top_k_001.png,patient_152_node_1_standard_top_k_001
c17_native,patient_152,patient_152_node_1,9794295032781ce3,57856,147200,256,20,0.774688720703125,0,0.0,0,0,top_k,3,1d5657e342c149ef8305d568410dbc96,1d5657e342c149ef8305d568410dbc96,standard,0,0,vlm_patches/patient_152_node_1/standard/top_k/patient_152_node_1_standard_top_k_002.png,s3://pershin-medailab/Pathomorphology/CAMELYON/mil/vlm_patches/c17_abmil_vlm_patches_1d5657e342c149ef8305d568410dbc96.tar.gz!/vlm_patches/patient_152_node_1/standard/top_k/patient_152_node_1_standard_top_k_002.png,patient_152_node_1_standard_top_k_002
c17_native,patient_130,patient_130_node_4,e937874f9fe10724,95232,9216,256,20,0.9958648681640624,0,0.0,0,0,top_k,1,1d5657e342c149ef8305d568410dbc96,1d5657e342c149ef8305d568410dbc96,standard,0,0,vlm_patches/patient_130_node_4/standard/top_k/patient_130_node_4_standard_top_k_000.png,s3://pershin-medailab/Pathomorphology/CAMELYON/mil/vlm_patches/c17_abmil_vlm_patches_1d5657e342c149ef8305d568410dbc96.tar.gz!/vlm_patches/patient_130_node_4/standard/top_k/patient_130_node_4_standard_top_k_000.png,patient_130_node_4_standard_top_k_000
c17_native,patient_130,patient_130_node_4,9004283f54e86de8,9728,45568,256,20,0.904937744140625,0,0.0,0,0,top_k,2,1d5657e342c149ef8305d568410dbc96,1d5657e342c149ef8305d568410dbc96,standard,0,0,vlm_patches/patient_130_node_4/standard/top_k/patient_130_node_4_standard_top_k_001.png,s3://pershin-medailab/Pathomorphology/CAMELYON/mil/vlm_patches/c17_abmil_vlm_patches_1d5657e342c149ef8305d568410dbc96.tar.gz!/vlm_patches/patient_130_node_4/standard/top_k/patient_130_node_4_standard_top_k_001.png,patient_130_node_4_standard_top_k_001
c17_native,patient_130,patient_130_node_4,30f48aea934247bf,7424,44544,256,20,0.9039764404296876,0,0.0,0,0,top_k,3,1d5657e342c149ef8305d568410dbc96,1d5657e342c149ef8305d568410dbc96,standard,0,0,vlm_patches/patient_130_node_4/standard/top_k/patient_130_node_4_standard_top_k_002.png,s3://pershin-medailab/Pathomorphology/CAMELYON/mil/vlm_patches/c17_abmil_vlm_patches_1d5657e342c149ef8305d568410dbc96.tar.gz!/vlm_patches/patient_130_node_4/standard/top_k/patient_130_node_4_standard_top_k_002.png,patient_130_node_4_standard_top_k_002
c17_native,patient_127,patient_127_node_4,de1a754091ea4af9,59136,152320,256,20,0.9941864013671876,1,1.0,1,1,oracle_tumor,1,1d5657e342c149ef8305d568410dbc96,1d5657e342c149ef8305d568410dbc96,standard,0,0,vlm_patches/patient_127_node_4/standard/oracle_tumor/patient_127_node_4_standard_oracle_tumor_000.png,s3://pershin-medailab/Pathomorphology/CAMELYON/mil/vlm_patches/c17_abmil_vlm_patches_1d5657e342c149ef8305d568410dbc96.tar.gz!/vlm_patches/patient_127_node_4/standard/oracle_tumor/patient_127_node_4_standard_oracle_tumor_000.png,patient_127_node_4_standard_oracle_tumor_000
c17_native,patient_127,patient_127_node_4,7a3b55e5c22a9555,30720,139520,256,20,0.9846343994140624,1,1.0,1,1,oracle_tumor,2,1d5657e342c149ef8305d568410dbc96,1d5657e342c149ef8305d568410dbc96,standard,0,0,vlm_patches/patient_127_node_4/standard/oracle_tumor/patient_127_node_4_standard_oracle_tumor_001.png,s3://pershin-medailab/Pathomorphology/CAMELYON/mil/vlm_patches/c17_abmil_vlm_patches_1d5657e342c149ef8305d568410dbc96.tar.gz!/vlm_patches/patient_127_node_4/standard/oracle_tumor/patient_127_node_4_standard_oracle_tumor_001.png,patient_127_node_4_standard_oracle_tumor_001
c17_native,patient_127,patient_127_node_4,1fb811cf299f7522,58624,152576,256,20,0.9837493896484376,1,1.0,1,1,oracle_tumor,3,1d5657e342c149ef8305d568410dbc96,1d5657e342c149ef8305d568410dbc96,standard,0,0,vlm_patches/patient_127_node_4/standard/oracle_tumor/patient_127_node_4_standard_oracle_tumor_002.png,s3://pershin-medailab/Pathomorphology/CAMELYON/mil/vlm_patches/c17_abmil_vlm_patches_1d5657e342c149ef8305d568410dbc96.tar.gz!/vlm_patches/patient_127_node_4/standard/oracle_tumor/patient_127_node_4_standard_oracle_tumor_002.png,patient_127_node_4_standard_oracle_tumor_002
c17_native,patient_147,patient_147_node_4,9d478e9ebf4b0464,54016,18432,256,20,0.521636962890625,1,1.0,1,1,oracle_tumor,1,1d5657e342c149ef8305d568410dbc96,1d5657e342c149ef8305d568410dbc96,standard,0,0,vlm_patches/patient_147_node_4/standard/oracle_tumor/patient_147_node_4_standard_oracle_tumor_000.png,s3://pershin-medailab/Pathomorphology/CAMELYON/mil/vlm_patches/c17_abmil_vlm_patches_1d5657e342c149ef8305d568410dbc96.tar.gz!/vlm_patches/patient_147_node_4/standard/oracle_tumor/patient_147_node_4_standard_oracle_tumor_000.png,patient_147_node_4_standard_oracle_tumor_000
c17_native,patient_147,patient_147_node_4,fc042116480af809,57344,23552,256,20,0.538787841796875,1,1.0,1,1,oracle_tumor,2,1d5657e342c149ef8305d568410dbc96,1d5657e342c149ef8305d568410dbc96,standard,0,0,vlm_patches/patient_147_node_4/standard/oracle_tumor/patient_147_node_4_standard_oracle_tumor_001.png,s3://pershin-medailab/Pathomorphology/CAMELYON/mil/vlm_patches/c17_abmil_vlm_patches_1d5657e342c149ef8305d568410dbc96.tar.gz!/vlm_patches/patient_147_node_4/standard/oracle_tumor/patient_147_node_4_standard_oracle_tumor_001.png,patient_147_node_4_standard_oracle_tumor_001
c17_native,patient_147,patient_147_node_4,41e1c1f4a0590766,57600,22528,256,20,0.5843658447265625,1,1.0,1,1,oracle_tumor,3,1d5657e342c149ef8305d568410dbc96,1d5657e342c149ef8305d568410dbc96,standard,0,0,vlm_patches/patient_147_node_4/standard/oracle_tumor/patient_147_node_4_standard_oracle_tumor_002.png,s3://pershin-medailab/Pathomorphology/CAMELYON/mil/vlm_patches/c17_abmil_vlm_patches_1d5657e342c149ef8305d568410dbc96.tar.gz!/vlm_patches/patient_147_node_4/standard/oracle_tumor/patient_147_node_4_standard_oracle_tumor_002.png,patient_147_node_4_standard_oracle_tumor_002
c17_native,patient_187,patient_187_node_0,e986d4ef6627d494,176640,48640,256,20,0.0475921630859375,0,0.0,0,0,oracle_non_tumor,1,1d5657e342c149ef8305d568410dbc96,1d5657e342c149ef8305d568410dbc96,standard,0,0,vlm_patches/patient_187_node_0/standard/oracle_non_tumor/patient_187_node_0_standard_oracle_non_tumor_000.png,s3://pershin-medailab/Pathomorphology/CAMELYON/mil/vlm_patches/c17_abmil_vlm_patches_1d5657e342c149ef8305d568410dbc96.tar.gz!/vlm_patches/patient_187_node_0/standard/oracle_non_tumor/patient_187_node_0_standard_oracle_non_tumor_000.png,patient_187_node_0_standard_oracle_non_tumor_000
c17_native,patient_187,patient_187_node_0,696c5dbb8cd5a0ee,94720,50432,256,20,0.0,0,0.0,0,0,oracle_non_tumor,2,1d5657e342c149ef8305d568410dbc96,1d5657e342c149ef8305d568410dbc96,standard,0,0,vlm_patches/patient_187_node_0/standard/oracle_non_tumor/patient_187_node_0_standard_oracle_non_tumor_001.png,s3://pershin-medailab/Pathomorphology/CAMELYON/mil/vlm_patches/c17_abmil_vlm_patches_1d5657e342c149ef8305d568410dbc96.tar.gz!/vlm_patches/patient_187_node_0/standard/oracle_non_tumor/patient_187_node_0_standard_oracle_non_tumor_001.png,patient_187_node_0_standard_oracle_non_tumor_001
c17_native,patient_187,patient_187_node_0,04a93b5501cea6b8,69632,52480,256,20,0.340911865234375,0,0.0,0,0,oracle_non_tumor,3,1d5657e342c149ef8305d568410dbc96,1d5657e342c149ef8305d568410dbc96,standard,0,0,vlm_patches/patient_187_node_0/standard/oracle_non_tumor/patient_187_node_0_standard_oracle_non_tumor_002.png,s3://pershin-medailab/Pathomorphology/CAMELYON/mil/vlm_patches/c17_abmil_vlm_patches_1d5657e342c149ef8305d568410dbc96.tar.gz!/vlm_patches/patient_187_node_0/standard/oracle_non_tumor/patient_187_node_0_standard_oracle_non_tumor_002.png,patient_187_node_0_standard_oracle_non_tumor_002
c17_native,patient_122,patient_122_node_2,5241f7e9e5e6a9f0,139520,12544,256,20,0.60162353515625,1,1.0,1,1,oracle_tumor,1,1d5657e342c149ef8305d568410dbc96,1d5657e342c149ef8305d568410dbc96,standard,0,0,vlm_patches/patient_122_node_2/standard/oracle_tumor/patient_122_node_2_standard_oracle_tumor_000.png,s3://pershin-medailab/Pathomorphology/CAMELYON/mil/vlm_patches/c17_abmil_vlm_patches_1d5657e342c149ef8305d568410dbc96.tar.gz!/vlm_patches/patient_122_node_2/standard/oracle_tumor/patient_122_node_2_standard_oracle_tumor_000.png,patient_122_node_2_standard_oracle_tumor_000
c17_native,patient_122,patient_122_node_2,559725d4f4869f2e,139008,13056,256,20,0.5352630615234375,1,1.0,1,1,oracle_tumor,2,1d5657e342c149ef8305d568410dbc96,1d5657e342c149ef8305d568410dbc96,standard,0,0,vlm_patches/patient_122_node_2/standard/oracle_tumor/patient_122_node_2_standard_oracle_tumor_001.png,s3://pershin-medailab/Pathomorphology/CAMELYON/mil/vlm_patches/c17_abmil_vlm_patches_1d5657e342c149ef8305d568410dbc96.tar.gz!/vlm_patches/patient_122_node_2/standard/oracle_tumor/patient_122_node_2_standard_oracle_tumor_001.png,patient_122_node_2_standard_oracle_tumor_001
c17_native,patient_122,patient_122_node_2,70e72cd7419fff6d,139264,10240,256,20,0.5224761962890625,1,1.0,1,1,oracle_tumor,3,1d5657e342c149ef8305d568410dbc96,1d5657e342c149ef8305d568410dbc96,standard,0,0,vlm_patches/patient_122_node_2/standard/oracle_tumor/patient_122_node_2_standard_oracle_tumor_002.png,s3://pershin-medailab/Pathomorphology/CAMELYON/mil/vlm_patches/c17_abmil_vlm_patches_1d5657e342c149ef8305d568410dbc96.tar.gz!/vlm_patches/patient_122_node_2/standard/oracle_tumor/patient_122_node_2_standard_oracle_tumor_002.png,patient_122_node_2_standard_oracle_tumor_002
