dataset,patient_id,slide_id,region_uid,x,y,tile_size,mag,tissue_fraction,tumor_mask_overlap,tumor_overlap_fraction,tumor_mask_overlap_center,tumor_mask_overlap_area20,selection_source,rank,task_id,model_hash,context_set,is_diverse,random_seed,relative_path,minio_path,patch_uid
c16_native,test_064,test_064_tile_embeddings,6ef19b1d71d9b733,51968,153856,256,20,0.875213623046875,1,1.0,1,1,top_k,1,a50fbde29aa04e9d829a4580fd5c68b8,a50fbde29aa04e9d829a4580fd5c68b8,standard,0,0,vlm_patches/test_064_tile_embeddings/standard/top_k/test_064_tile_embeddings_standard_top_k_000.png,s3://pershin-medailab/Pathomorphology/CAMELYON/mil/vlm_patches/c16_abmil_vlm_patches_a50fbde29aa04e9d829a4580fd5c68b8.tar.gz!/vlm_patches/test_064_tile_embeddings/standard/top_k/test_064_tile_embeddings_standard_top_k_000.png,test_064_tile_embeddings_standard_top_k_000
c16_native,test_064,test_064_tile_embeddings,be8195c493b1a6ff,51712,153600,256,20,0.8614349365234375,1,0.815,1,1,top_k,2,a50fbde29aa04e9d829a4580fd5c68b8,a50fbde29aa04e9d829a4580fd5c68b8,standard,0,0,vlm_patches/test_064_tile_embeddings/standard/top_k/test_064_tile_embeddings_standard_top_k_001.png,s3://pershin-medailab/Pathomorphology/CAMELYON/mil/vlm_patches/c16_abmil_vlm_patches_a50fbde29aa04e9d829a4580fd5c68b8.tar.gz!/vlm_patches/test_064_tile_embeddings/standard/top_k/test_064_tile_embeddings_standard_top_k_001.png,test_064_tile_embeddings_standard_top_k_001
c16_native,test_064,test_064_tile_embeddings,4df86d1259b2fe11,51968,153344,256,20,0.8529510498046875,1,1.0,1,1,top_k,3,a50fbde29aa04e9d829a4580fd5c68b8,a50fbde29aa04e9d829a4580fd5c68b8,standard,0,0,vlm_patches/test_064_tile_embeddings/standard/top_k/test_064_tile_embeddings_standard_top_k_002.png,s3://pershin-medailab/Pathomorphology/CAMELYON/mil/vlm_patches/c16_abmil_vlm_patches_a50fbde29aa04e9d829a4580fd5c68b8.tar.gz!/vlm_patches/test_064_tile_embeddings/standard/top_k/test_064_tile_embeddings_standard_top_k_002.png,test_064_tile_embeddings_standard_top_k_002
c16_native,test_002,test_002_tile_embeddings,a87783cbc94e389f,32768,165120,256,20,0.77044677734375,1,1.0,1,1,top_k,1,a50fbde29aa04e9d829a4580fd5c68b8,a50fbde29aa04e9d829a4580fd5c68b8,standard,0,0,vlm_patches/test_002_tile_embeddings/standard/top_k/test_002_tile_embeddings_standard_top_k_000.png,s3://pershin-medailab/Pathomorphology/CAMELYON/mil/vlm_patches/c16_abmil_vlm_patches_a50fbde29aa04e9d829a4580fd5c68b8.tar.gz!/vlm_patches/test_002_tile_embeddings/standard/top_k/test_002_tile_embeddings_standard_top_k_000.png,test_002_tile_embeddings_standard_top_k_000
c16_native,test_002,test_002_tile_embeddings,1dcd89966158ac98,33024,166144,256,20,0.793182373046875,1,1.0,1,1,top_k,2,a50fbde29aa04e9d829a4580fd5c68b8,a50fbde29aa04e9d829a4580fd5c68b8,standard,0,0,vlm_patches/test_002_tile_embeddings/standard/top_k/test_002_tile_embeddings_standard_top_k_001.png,s3://pershin-medailab/Pathomorphology/CAMELYON/mil/vlm_patches/c16_abmil_vlm_patches_a50fbde29aa04e9d829a4580fd5c68b8.tar.gz!/vlm_patches/test_002_tile_embeddings/standard/top_k/test_002_tile_embeddings_standard_top_k_001.png,test_002_tile_embeddings_standard_top_k_001
c16_native,test_002,test_002_tile_embeddings,6b5edd51e30ceef3,32512,165632,256,20,0.7733612060546875,1,1.0,1,1,top_k,3,a50fbde29aa04e9d829a4580fd5c68b8,a50fbde29aa04e9d829a4580fd5c68b8,standard,0,0,vlm_patches/test_002_tile_embeddings/standard/top_k/test_002_tile_embeddings_standard_top_k_002.png,s3://pershin-medailab/Pathomorphology/CAMELYON/mil/vlm_patches/c16_abmil_vlm_patches_a50fbde29aa04e9d829a4580fd5c68b8.tar.gz!/vlm_patches/test_002_tile_embeddings/standard/top_k/test_002_tile_embeddings_standard_top_k_002.png,test_002_tile_embeddings_standard_top_k_002
c16_native,test_054,test_054_tile_embeddings,d3866beeb9bcc7b6,23296,94720,256,20,0.7824859619140625,0,0.0,0,0,top_k,1,a50fbde29aa04e9d829a4580fd5c68b8,a50fbde29aa04e9d829a4580fd5c68b8,standard,0,0,vlm_patches/test_054_tile_embeddings/standard/top_k/test_054_tile_embeddings_standard_top_k_000.png,s3://pershin-medailab/Pathomorphology/CAMELYON/mil/vlm_patches/c16_abmil_vlm_patches_a50fbde29aa04e9d829a4580fd5c68b8.tar.gz!/vlm_patches/test_054_tile_embeddings/standard/top_k/test_054_tile_embeddings_standard_top_k_000.png,test_054_tile_embeddings_standard_top_k_000
c16_native,test_054,test_054_tile_embeddings,0810f7fa513ffe23,35328,170240,256,20,0.4394378662109375,0,0.0,0,0,top_k,2,a50fbde29aa04e9d829a4580fd5c68b8,a50fbde29aa04e9d829a4580fd5c68b8,standard,0,0,vlm_patches/test_054_tile_embeddings/standard/top_k/test_054_tile_embeddings_standard_top_k_001.png,s3://pershin-medailab/Pathomorphology/CAMELYON/mil/vlm_patches/c16_abmil_vlm_patches_a50fbde29aa04e9d829a4580fd5c68b8.tar.gz!/vlm_patches/test_054_tile_embeddings/standard/top_k/test_054_tile_embeddings_standard_top_k_001.png,test_054_tile_embeddings_standard_top_k_001
c16_native,test_054,test_054_tile_embeddings,b6a4586e9c0c7cd4,22528,94208,256,20,0.731597900390625,0,0.0,0,0,top_k,3,a50fbde29aa04e9d829a4580fd5c68b8,a50fbde29aa04e9d829a4580fd5c68b8,standard,0,0,vlm_patches/test_054_tile_embeddings/standard/top_k/test_054_tile_embeddings_standard_top_k_002.png,s3://pershin-medailab/Pathomorphology/CAMELYON/mil/vlm_patches/c16_abmil_vlm_patches_a50fbde29aa04e9d829a4580fd5c68b8.tar.gz!/vlm_patches/test_054_tile_embeddings/standard/top_k/test_054_tile_embeddings_standard_top_k_002.png,test_054_tile_embeddings_standard_top_k_002
c16_native,test_055,test_055_tile_embeddings,0d43aad5714ab021,39680,8192,256,20,0.8465576171875,0,0.0,0,0,top_k,1,a50fbde29aa04e9d829a4580fd5c68b8,a50fbde29aa04e9d829a4580fd5c68b8,standard,0,0,vlm_patches/test_055_tile_embeddings/standard/top_k/test_055_tile_embeddings_standard_top_k_000.png,s3://pershin-medailab/Pathomorphology/CAMELYON/mil/vlm_patches/c16_abmil_vlm_patches_a50fbde29aa04e9d829a4580fd5c68b8.tar.gz!/vlm_patches/test_055_tile_embeddings/standard/top_k/test_055_tile_embeddings_standard_top_k_000.png,test_055_tile_embeddings_standard_top_k_000
c16_native,test_055,test_055_tile_embeddings,abd47b03bc39f9fc,87296,15616,256,20,0.9179840087890624,0,0.0,0,0,top_k,2,a50fbde29aa04e9d829a4580fd5c68b8,a50fbde29aa04e9d829a4580fd5c68b8,standard,0,0,vlm_patches/test_055_tile_embeddings/standard/top_k/test_055_tile_embeddings_standard_top_k_001.png,s3://pershin-medailab/Pathomorphology/CAMELYON/mil/vlm_patches/c16_abmil_vlm_patches_a50fbde29aa04e9d829a4580fd5c68b8.tar.gz!/vlm_patches/test_055_tile_embeddings/standard/top_k/test_055_tile_embeddings_standard_top_k_001.png,test_055_tile_embeddings_standard_top_k_001
c16_native,test_055,test_055_tile_embeddings,bfe45863e780f32c,84736,7424,256,20,0.793731689453125,0,0.0,0,0,top_k,3,a50fbde29aa04e9d829a4580fd5c68b8,a50fbde29aa04e9d829a4580fd5c68b8,standard,0,0,vlm_patches/test_055_tile_embeddings/standard/top_k/test_055_tile_embeddings_standard_top_k_002.png,s3://pershin-medailab/Pathomorphology/CAMELYON/mil/vlm_patches/c16_abmil_vlm_patches_a50fbde29aa04e9d829a4580fd5c68b8.tar.gz!/vlm_patches/test_055_tile_embeddings/standard/top_k/test_055_tile_embeddings_standard_top_k_002.png,test_055_tile_embeddings_standard_top_k_002
c16_native,test_081,test_081_tile_embeddings,524b871dcd9c3a6a,74496,165888,256,20,0.735137939453125,0,0.0,0,0,top_k,1,a50fbde29aa04e9d829a4580fd5c68b8,a50fbde29aa04e9d829a4580fd5c68b8,standard,0,0,vlm_patches/test_081_tile_embeddings/standard/top_k/test_081_tile_embeddings_standard_top_k_000.png,s3://pershin-medailab/Pathomorphology/CAMELYON/mil/vlm_patches/c16_abmil_vlm_patches_a50fbde29aa04e9d829a4580fd5c68b8.tar.gz!/vlm_patches/test_081_tile_embeddings/standard/top_k/test_081_tile_embeddings_standard_top_k_000.png,test_081_tile_embeddings_standard_top_k_000
c16_native,test_081,test_081_tile_embeddings,5d49c1baf00aa2de,50176,173568,256,20,0.4436798095703125,0,0.0,0,0,top_k,2,a50fbde29aa04e9d829a4580fd5c68b8,a50fbde29aa04e9d829a4580fd5c68b8,standard,0,0,vlm_patches/test_081_tile_embeddings/standard/top_k/test_081_tile_embeddings_standard_top_k_001.png,s3://pershin-medailab/Pathomorphology/CAMELYON/mil/vlm_patches/c16_abmil_vlm_patches_a50fbde29aa04e9d829a4580fd5c68b8.tar.gz!/vlm_patches/test_081_tile_embeddings/standard/top_k/test_081_tile_embeddings_standard_top_k_001.png,test_081_tile_embeddings_standard_top_k_001
c16_native,test_081,test_081_tile_embeddings,e529fd583c59daa4,43520,137728,256,20,0.98638916015625,0,0.0,0,0,top_k,3,a50fbde29aa04e9d829a4580fd5c68b8,a50fbde29aa04e9d829a4580fd5c68b8,standard,0,0,vlm_patches/test_081_tile_embeddings/standard/top_k/test_081_tile_embeddings_standard_top_k_002.png,s3://pershin-medailab/Pathomorphology/CAMELYON/mil/vlm_patches/c16_abmil_vlm_patches_a50fbde29aa04e9d829a4580fd5c68b8.tar.gz!/vlm_patches/test_081_tile_embeddings/standard/top_k/test_081_tile_embeddings_standard_top_k_002.png,test_081_tile_embeddings_standard_top_k_002
c16_native,test_120,test_120_tile_embeddings,2442352f8da484b3,28672,31488,256,20,0.897308349609375,0,0.0,0,0,top_k,1,a50fbde29aa04e9d829a4580fd5c68b8,a50fbde29aa04e9d829a4580fd5c68b8,standard,0,0,vlm_patches/test_120_tile_embeddings/standard/top_k/test_120_tile_embeddings_standard_top_k_000.png,s3://pershin-medailab/Pathomorphology/CAMELYON/mil/vlm_patches/c16_abmil_vlm_patches_a50fbde29aa04e9d829a4580fd5c68b8.tar.gz!/vlm_patches/test_120_tile_embeddings/standard/top_k/test_120_tile_embeddings_standard_top_k_000.png,test_120_tile_embeddings_standard_top_k_000
c16_native,test_120,test_120_tile_embeddings,a5ba086f9ed74a37,55552,38144,256,20,0.8250885009765625,0,0.0,0,0,top_k,2,a50fbde29aa04e9d829a4580fd5c68b8,a50fbde29aa04e9d829a4580fd5c68b8,standard,0,0,vlm_patches/test_120_tile_embeddings/standard/top_k/test_120_tile_embeddings_standard_top_k_001.png,s3://pershin-medailab/Pathomorphology/CAMELYON/mil/vlm_patches/c16_abmil_vlm_patches_a50fbde29aa04e9d829a4580fd5c68b8.tar.gz!/vlm_patches/test_120_tile_embeddings/standard/top_k/test_120_tile_embeddings_standard_top_k_001.png,test_120_tile_embeddings_standard_top_k_001
c16_native,test_120,test_120_tile_embeddings,219d32ffec8f514e,23296,23296,256,20,0.9629974365234376,0,0.0,0,0,top_k,3,a50fbde29aa04e9d829a4580fd5c68b8,a50fbde29aa04e9d829a4580fd5c68b8,standard,0,0,vlm_patches/test_120_tile_embeddings/standard/top_k/test_120_tile_embeddings_standard_top_k_002.png,s3://pershin-medailab/Pathomorphology/CAMELYON/mil/vlm_patches/c16_abmil_vlm_patches_a50fbde29aa04e9d829a4580fd5c68b8.tar.gz!/vlm_patches/test_120_tile_embeddings/standard/top_k/test_120_tile_embeddings_standard_top_k_002.png,test_120_tile_embeddings_standard_top_k_002
c16_native,test_050,test_050_tile_embeddings,3f1f2952b3e81a61,54784,149248,256,20,0.900299072265625,0,0.0,0,0,top_k,1,a50fbde29aa04e9d829a4580fd5c68b8,a50fbde29aa04e9d829a4580fd5c68b8,standard,0,0,vlm_patches/test_050_tile_embeddings/standard/top_k/test_050_tile_embeddings_standard_top_k_000.png,s3://pershin-medailab/Pathomorphology/CAMELYON/mil/vlm_patches/c16_abmil_vlm_patches_a50fbde29aa04e9d829a4580fd5c68b8.tar.gz!/vlm_patches/test_050_tile_embeddings/standard/top_k/test_050_tile_embeddings_standard_top_k_000.png,test_050_tile_embeddings_standard_top_k_000
c16_native,test_050,test_050_tile_embeddings,8bbcef55c297ad1f,45056,160512,256,20,0.8414764404296875,0,0.0,0,0,top_k,2,a50fbde29aa04e9d829a4580fd5c68b8,a50fbde29aa04e9d829a4580fd5c68b8,standard,0,0,vlm_patches/test_050_tile_embeddings/standard/top_k/test_050_tile_embeddings_standard_top_k_001.png,s3://pershin-medailab/Pathomorphology/CAMELYON/mil/vlm_patches/c16_abmil_vlm_patches_a50fbde29aa04e9d829a4580fd5c68b8.tar.gz!/vlm_patches/test_050_tile_embeddings/standard/top_k/test_050_tile_embeddings_standard_top_k_001.png,test_050_tile_embeddings_standard_top_k_001
c16_native,test_050,test_050_tile_embeddings,193168e6221fa550,43776,116224,256,20,0.0056610107421875,0,0.0,0,0,top_k,3,a50fbde29aa04e9d829a4580fd5c68b8,a50fbde29aa04e9d829a4580fd5c68b8,standard,0,0,vlm_patches/test_050_tile_embeddings/standard/top_k/test_050_tile_embeddings_standard_top_k_002.png,s3://pershin-medailab/Pathomorphology/CAMELYON/mil/vlm_patches/c16_abmil_vlm_patches_a50fbde29aa04e9d829a4580fd5c68b8.tar.gz!/vlm_patches/test_050_tile_embeddings/standard/top_k/test_050_tile_embeddings_standard_top_k_002.png,test_050_tile_embeddings_standard_top_k_002
c16_native,test_110,test_110_tile_embeddings,3c5a9814fd80ec77,93952,60672,256,20,0.83892822265625,1,0.9475,1,1,top_k,1,a50fbde29aa04e9d829a4580fd5c68b8,a50fbde29aa04e9d829a4580fd5c68b8,standard,0,0,vlm_patches/test_110_tile_embeddings/standard/top_k/test_110_tile_embeddings_standard_top_k_000.png,s3://pershin-medailab/Pathomorphology/CAMELYON/mil/vlm_patches/c16_abmil_vlm_patches_a50fbde29aa04e9d829a4580fd5c68b8.tar.gz!/vlm_patches/test_110_tile_embeddings/standard/top_k/test_110_tile_embeddings_standard_top_k_000.png,test_110_tile_embeddings_standard_top_k_000
c16_native,test_110,test_110_tile_embeddings,b4fa5a7c28009782,74752,55552,256,20,0.8185882568359375,0,0.0,0,0,top_k,3,a50fbde29aa04e9d829a4580fd5c68b8,a50fbde29aa04e9d829a4580fd5c68b8,standard,0,0,vlm_patches/test_110_tile_embeddings/standard/top_k/test_110_tile_embeddings_standard_top_k_002.png,s3://pershin-medailab/Pathomorphology/CAMELYON/mil/vlm_patches/c16_abmil_vlm_patches_a50fbde29aa04e9d829a4580fd5c68b8.tar.gz!/vlm_patches/test_110_tile_embeddings/standard/top_k/test_110_tile_embeddings_standard_top_k_002.png,test_110_tile_embeddings_standard_top_k_002
c16_native,test_110,test_110_tile_embeddings,4a277382465602c7,93440,60160,256,20,0.83184814453125,1,0.85,1,1,top_k,4,a50fbde29aa04e9d829a4580fd5c68b8,a50fbde29aa04e9d829a4580fd5c68b8,standard,0,0,vlm_patches/test_110_tile_embeddings/standard/top_k/test_110_tile_embeddings_standard_top_k_003.png,s3://pershin-medailab/Pathomorphology/CAMELYON/mil/vlm_patches/c16_abmil_vlm_patches_a50fbde29aa04e9d829a4580fd5c68b8.tar.gz!/vlm_patches/test_110_tile_embeddings/standard/top_k/test_110_tile_embeddings_standard_top_k_003.png,test_110_tile_embeddings_standard_top_k_003
c16_native,test_073,test_073_tile_embeddings,abac3cb51f9b557b,136192,24576,256,20,0.73126220703125,0,0.405,0,1,hard_negative,1,a50fbde29aa04e9d829a4580fd5c68b8,a50fbde29aa04e9d829a4580fd5c68b8,standard,0,0,vlm_patches/test_073_tile_embeddings/standard/hard_negative/test_073_tile_embeddings_standard_hard_negative_000.png,s3://pershin-medailab/Pathomorphology/CAMELYON/mil/vlm_patches/c16_abmil_vlm_patches_a50fbde29aa04e9d829a4580fd5c68b8.tar.gz!/vlm_patches/test_073_tile_embeddings/standard/hard_negative/test_073_tile_embeddings_standard_hard_negative_000.png,test_073_tile_embeddings_standard_hard_negative_000
c16_native,test_073,test_073_tile_embeddings,d49429e57351e245,48384,13312,256,20,0.86480712890625,0,0.4825,0,1,hard_negative,2,a50fbde29aa04e9d829a4580fd5c68b8,a50fbde29aa04e9d829a4580fd5c68b8,standard,0,0,vlm_patches/test_073_tile_embeddings/standard/hard_negative/test_073_tile_embeddings_standard_hard_negative_001.png,s3://pershin-medailab/Pathomorphology/CAMELYON/mil/vlm_patches/c16_abmil_vlm_patches_a50fbde29aa04e9d829a4580fd5c68b8.tar.gz!/vlm_patches/test_073_tile_embeddings/standard/hard_negative/test_073_tile_embeddings_standard_hard_negative_001.png,test_073_tile_embeddings_standard_hard_negative_001
c16_native,test_073,test_073_tile_embeddings,4d978529fbb48136,120576,10496,256,20,0.7178497314453125,0,0.615,0,1,hard_negative,3,a50fbde29aa04e9d829a4580fd5c68b8,a50fbde29aa04e9d829a4580fd5c68b8,standard,0,0,vlm_patches/test_073_tile_embeddings/standard/hard_negative/test_073_tile_embeddings_standard_hard_negative_002.png,s3://pershin-medailab/Pathomorphology/CAMELYON/mil/vlm_patches/c16_abmil_vlm_patches_a50fbde29aa04e9d829a4580fd5c68b8.tar.gz!/vlm_patches/test_073_tile_embeddings/standard/hard_negative/test_073_tile_embeddings_standard_hard_negative_002.png,test_073_tile_embeddings_standard_hard_negative_002
c16_native,test_117,test_117_tile_embeddings,076c5b3644b547ea,56064,149248,256,20,0.975830078125,0,0.0,0,0,hard_negative,1,a50fbde29aa04e9d829a4580fd5c68b8,a50fbde29aa04e9d829a4580fd5c68b8,standard,0,0,vlm_patches/test_117_tile_embeddings/standard/hard_negative/test_117_tile_embeddings_standard_hard_negative_000.png,s3://pershin-medailab/Pathomorphology/CAMELYON/mil/vlm_patches/c16_abmil_vlm_patches_a50fbde29aa04e9d829a4580fd5c68b8.tar.gz!/vlm_patches/test_117_tile_embeddings/standard/hard_negative/test_117_tile_embeddings_standard_hard_negative_000.png,test_117_tile_embeddings_standard_hard_negative_000
c16_native,test_117,test_117_tile_embeddings,0a00ed740452b96f,56320,149248,256,20,0.9859466552734376,0,0.0,0,0,hard_negative,2,a50fbde29aa04e9d829a4580fd5c68b8,a50fbde29aa04e9d829a4580fd5c68b8,standard,0,0,vlm_patches/test_117_tile_embeddings/standard/hard_negative/test_117_tile_embeddings_standard_hard_negative_001.png,s3://pershin-medailab/Pathomorphology/CAMELYON/mil/vlm_patches/c16_abmil_vlm_patches_a50fbde29aa04e9d829a4580fd5c68b8.tar.gz!/vlm_patches/test_117_tile_embeddings/standard/hard_negative/test_117_tile_embeddings_standard_hard_negative_001.png,test_117_tile_embeddings_standard_hard_negative_001
c16_native,test_117,test_117_tile_embeddings,b2b7e4a9f74508a2,86016,123648,256,20,0.0009918212890625,0,0.0,0,0,hard_negative,3,a50fbde29aa04e9d829a4580fd5c68b8,a50fbde29aa04e9d829a4580fd5c68b8,standard,0,0,vlm_patches/test_117_tile_embeddings/standard/hard_negative/test_117_tile_embeddings_standard_hard_negative_002.png,s3://pershin-medailab/Pathomorphology/CAMELYON/mil/vlm_patches/c16_abmil_vlm_patches_a50fbde29aa04e9d829a4580fd5c68b8.tar.gz!/vlm_patches/test_117_tile_embeddings/standard/hard_negative/test_117_tile_embeddings_standard_hard_negative_002.png,test_117_tile_embeddings_standard_hard_negative_002
c16_native,test_026,test_026_tile_embeddings,59560cd42c397193,72192,45568,256,20,0.89862060546875,0,0.8425,0,1,hard_negative,1,a50fbde29aa04e9d829a4580fd5c68b8,a50fbde29aa04e9d829a4580fd5c68b8,standard,0,0,vlm_patches/test_026_tile_embeddings/standard/hard_negative/test_026_tile_embeddings_standard_hard_negative_000.png,s3://pershin-medailab/Pathomorphology/CAMELYON/mil/vlm_patches/c16_abmil_vlm_patches_a50fbde29aa04e9d829a4580fd5c68b8.tar.gz!/vlm_patches/test_026_tile_embeddings/standard/hard_negative/test_026_tile_embeddings_standard_hard_negative_000.png,test_026_tile_embeddings_standard_hard_negative_000
c16_native,test_026,test_026_tile_embeddings,5e545e338601a223,74752,48896,256,20,0.8760833740234375,0,0.2475,0,1,hard_negative,2,a50fbde29aa04e9d829a4580fd5c68b8,a50fbde29aa04e9d829a4580fd5c68b8,standard,0,0,vlm_patches/test_026_tile_embeddings/standard/hard_negative/test_026_tile_embeddings_standard_hard_negative_001.png,s3://pershin-medailab/Pathomorphology/CAMELYON/mil/vlm_patches/c16_abmil_vlm_patches_a50fbde29aa04e9d829a4580fd5c68b8.tar.gz!/vlm_patches/test_026_tile_embeddings/standard/hard_negative/test_026_tile_embeddings_standard_hard_negative_001.png,test_026_tile_embeddings_standard_hard_negative_001
c16_native,test_026,test_026_tile_embeddings,c78e8c17e9db12c9,29184,14336,256,20,0.3029022216796875,0,0.0,0,0,hard_negative,3,a50fbde29aa04e9d829a4580fd5c68b8,a50fbde29aa04e9d829a4580fd5c68b8,standard,0,0,vlm_patches/test_026_tile_embeddings/standard/hard_negative/test_026_tile_embeddings_standard_hard_negative_002.png,s3://pershin-medailab/Pathomorphology/CAMELYON/mil/vlm_patches/c16_abmil_vlm_patches_a50fbde29aa04e9d829a4580fd5c68b8.tar.gz!/vlm_patches/test_026_tile_embeddings/standard/hard_negative/test_026_tile_embeddings_standard_hard_negative_002.png,test_026_tile_embeddings_standard_hard_negative_002
c16_native,test_113,test_113_tile_embeddings,469d14d4c6c18d2d,50944,87040,256,20,0.989410400390625,0,0.0,0,0,hard_negative,1,a50fbde29aa04e9d829a4580fd5c68b8,a50fbde29aa04e9d829a4580fd5c68b8,standard,0,0,vlm_patches/test_113_tile_embeddings/standard/hard_negative/test_113_tile_embeddings_standard_hard_negative_000.png,s3://pershin-medailab/Pathomorphology/CAMELYON/mil/vlm_patches/c16_abmil_vlm_patches_a50fbde29aa04e9d829a4580fd5c68b8.tar.gz!/vlm_patches/test_113_tile_embeddings/standard/hard_negative/test_113_tile_embeddings_standard_hard_negative_000.png,test_113_tile_embeddings_standard_hard_negative_000
c16_native,test_113,test_113_tile_embeddings,bf5467782f269bc1,57856,45312,256,20,0.9073333740234376,0,0.0,0,0,hard_negative,2,a50fbde29aa04e9d829a4580fd5c68b8,a50fbde29aa04e9d829a4580fd5c68b8,standard,0,0,vlm_patches/test_113_tile_embeddings/standard/hard_negative/test_113_tile_embeddings_standard_hard_negative_001.png,s3://pershin-medailab/Pathomorphology/CAMELYON/mil/vlm_patches/c16_abmil_vlm_patches_a50fbde29aa04e9d829a4580fd5c68b8.tar.gz!/vlm_patches/test_113_tile_embeddings/standard/hard_negative/test_113_tile_embeddings_standard_hard_negative_001.png,test_113_tile_embeddings_standard_hard_negative_001
c16_native,test_113,test_113_tile_embeddings,20ed259057c7e105,72448,45312,256,20,0.8521270751953125,0,0.315,0,1,hard_negative,3,a50fbde29aa04e9d829a4580fd5c68b8,a50fbde29aa04e9d829a4580fd5c68b8,standard,0,0,vlm_patches/test_113_tile_embeddings/standard/hard_negative/test_113_tile_embeddings_standard_hard_negative_002.png,s3://pershin-medailab/Pathomorphology/CAMELYON/mil/vlm_patches/c16_abmil_vlm_patches_a50fbde29aa04e9d829a4580fd5c68b8.tar.gz!/vlm_patches/test_113_tile_embeddings/standard/hard_negative/test_113_tile_embeddings_standard_hard_negative_002.png,test_113_tile_embeddings_standard_hard_negative_002
c16_native,test_084,test_084_tile_embeddings,d255ee470979dda4,27648,8192,256,20,0.8229522705078125,0,0.0,0,0,hard_negative,1,a50fbde29aa04e9d829a4580fd5c68b8,a50fbde29aa04e9d829a4580fd5c68b8,standard,0,0,vlm_patches/test_084_tile_embeddings/standard/hard_negative/test_084_tile_embeddings_standard_hard_negative_000.png,s3://pershin-medailab/Pathomorphology/CAMELYON/mil/vlm_patches/c16_abmil_vlm_patches_a50fbde29aa04e9d829a4580fd5c68b8.tar.gz!/vlm_patches/test_084_tile_embeddings/standard/hard_negative/test_084_tile_embeddings_standard_hard_negative_000.png,test_084_tile_embeddings_standard_hard_negative_000
c16_native,test_084,test_084_tile_embeddings,ec091539a67c8b8d,51968,31232,256,20,0.7894134521484375,0,0.0,0,0,hard_negative,2,a50fbde29aa04e9d829a4580fd5c68b8,a50fbde29aa04e9d829a4580fd5c68b8,standard,0,0,vlm_patches/test_084_tile_embeddings/standard/hard_negative/test_084_tile_embeddings_standard_hard_negative_001.png,s3://pershin-medailab/Pathomorphology/CAMELYON/mil/vlm_patches/c16_abmil_vlm_patches_a50fbde29aa04e9d829a4580fd5c68b8.tar.gz!/vlm_patches/test_084_tile_embeddings/standard/hard_negative/test_084_tile_embeddings_standard_hard_negative_001.png,test_084_tile_embeddings_standard_hard_negative_001
c16_native,test_084,test_084_tile_embeddings,4118da1dafe99065,27904,8192,256,20,0.821197509765625,0,0.0,0,0,hard_negative,3,a50fbde29aa04e9d829a4580fd5c68b8,a50fbde29aa04e9d829a4580fd5c68b8,standard,0,0,vlm_patches/test_084_tile_embeddings/standard/hard_negative/test_084_tile_embeddings_standard_hard_negative_002.png,s3://pershin-medailab/Pathomorphology/CAMELYON/mil/vlm_patches/c16_abmil_vlm_patches_a50fbde29aa04e9d829a4580fd5c68b8.tar.gz!/vlm_patches/test_084_tile_embeddings/standard/hard_negative/test_084_tile_embeddings_standard_hard_negative_002.png,test_084_tile_embeddings_standard_hard_negative_002
c16_native,test_064,test_064_tile_embeddings,1701a11ea7c98de9,39424,137984,256,20,0.9119873046875,0,0.0,0,0,hard_negative,1,a50fbde29aa04e9d829a4580fd5c68b8,a50fbde29aa04e9d829a4580fd5c68b8,standard,0,0,vlm_patches/test_064_tile_embeddings/standard/hard_negative/test_064_tile_embeddings_standard_hard_negative_000.png,s3://pershin-medailab/Pathomorphology/CAMELYON/mil/vlm_patches/c16_abmil_vlm_patches_a50fbde29aa04e9d829a4580fd5c68b8.tar.gz!/vlm_patches/test_064_tile_embeddings/standard/hard_negative/test_064_tile_embeddings_standard_hard_negative_000.png,test_064_tile_embeddings_standard_hard_negative_000
c16_native,test_064,test_064_tile_embeddings,cce7b31f715f494f,22016,112384,256,20,0.0093536376953125,0,0.0,0,0,hard_negative,2,a50fbde29aa04e9d829a4580fd5c68b8,a50fbde29aa04e9d829a4580fd5c68b8,standard,0,0,vlm_patches/test_064_tile_embeddings/standard/hard_negative/test_064_tile_embeddings_standard_hard_negative_001.png,s3://pershin-medailab/Pathomorphology/CAMELYON/mil/vlm_patches/c16_abmil_vlm_patches_a50fbde29aa04e9d829a4580fd5c68b8.tar.gz!/vlm_patches/test_064_tile_embeddings/standard/hard_negative/test_064_tile_embeddings_standard_hard_negative_001.png,test_064_tile_embeddings_standard_hard_negative_001
c16_native,test_064,test_064_tile_embeddings,d4e129a94fe39a64,63744,147456,256,20,0.005889892578125,0,0.0,0,0,hard_negative,3,a50fbde29aa04e9d829a4580fd5c68b8,a50fbde29aa04e9d829a4580fd5c68b8,standard,0,0,vlm_patches/test_064_tile_embeddings/standard/hard_negative/test_064_tile_embeddings_standard_hard_negative_002.png,s3://pershin-medailab/Pathomorphology/CAMELYON/mil/vlm_patches/c16_abmil_vlm_patches_a50fbde29aa04e9d829a4580fd5c68b8.tar.gz!/vlm_patches/test_064_tile_embeddings/standard/hard_negative/test_064_tile_embeddings_standard_hard_negative_002.png,test_064_tile_embeddings_standard_hard_negative_002
c16_native,test_008,test_008_tile_embeddings,8803f32a794ccf16,33024,74240,256,20,0.96307373046875,0,0.0,0,0,hard_negative,1,a50fbde29aa04e9d829a4580fd5c68b8,a50fbde29aa04e9d829a4580fd5c68b8,standard,0,0,vlm_patches/test_008_tile_embeddings/standard/hard_negative/test_008_tile_embeddings_standard_hard_negative_000.png,s3://pershin-medailab/Pathomorphology/CAMELYON/mil/vlm_patches/c16_abmil_vlm_patches_a50fbde29aa04e9d829a4580fd5c68b8.tar.gz!/vlm_patches/test_008_tile_embeddings/standard/hard_negative/test_008_tile_embeddings_standard_hard_negative_000.png,test_008_tile_embeddings_standard_hard_negative_000
c16_native,test_008,test_008_tile_embeddings,2d848108ee8547b4,33280,81920,256,20,0.849639892578125,0,0.0,0,0,hard_negative,2,a50fbde29aa04e9d829a4580fd5c68b8,a50fbde29aa04e9d829a4580fd5c68b8,standard,0,0,vlm_patches/test_008_tile_embeddings/standard/hard_negative/test_008_tile_embeddings_standard_hard_negative_001.png,s3://pershin-medailab/Pathomorphology/CAMELYON/mil/vlm_patches/c16_abmil_vlm_patches_a50fbde29aa04e9d829a4580fd5c68b8.tar.gz!/vlm_patches/test_008_tile_embeddings/standard/hard_negative/test_008_tile_embeddings_standard_hard_negative_001.png,test_008_tile_embeddings_standard_hard_negative_001
c16_native,test_008,test_008_tile_embeddings,e6f4364b1ae1cb05,29952,76544,256,20,0.947418212890625,0,0.0,0,0,hard_negative,3,a50fbde29aa04e9d829a4580fd5c68b8,a50fbde29aa04e9d829a4580fd5c68b8,standard,0,0,vlm_patches/test_008_tile_embeddings/standard/hard_negative/test_008_tile_embeddings_standard_hard_negative_002.png,s3://pershin-medailab/Pathomorphology/CAMELYON/mil/vlm_patches/c16_abmil_vlm_patches_a50fbde29aa04e9d829a4580fd5c68b8.tar.gz!/vlm_patches/test_008_tile_embeddings/standard/hard_negative/test_008_tile_embeddings_standard_hard_negative_002.png,test_008_tile_embeddings_standard_hard_negative_002
c16_native,test_029,test_029_tile_embeddings,5ae9a91277e7a2a8,76032,92160,256,20,0.5909576416015625,0,0.39,0,1,hard_negative,1,a50fbde29aa04e9d829a4580fd5c68b8,a50fbde29aa04e9d829a4580fd5c68b8,standard,0,0,vlm_patches/test_029_tile_embeddings/standard/hard_negative/test_029_tile_embeddings_standard_hard_negative_000.png,s3://pershin-medailab/Pathomorphology/CAMELYON/mil/vlm_patches/c16_abmil_vlm_patches_a50fbde29aa04e9d829a4580fd5c68b8.tar.gz!/vlm_patches/test_029_tile_embeddings/standard/hard_negative/test_029_tile_embeddings_standard_hard_negative_000.png,test_029_tile_embeddings_standard_hard_negative_000
c16_native,test_029,test_029_tile_embeddings,3f9dd57049be2c83,24576,92416,256,20,0.5685272216796875,0,0.415,0,1,hard_negative,2,a50fbde29aa04e9d829a4580fd5c68b8,a50fbde29aa04e9d829a4580fd5c68b8,standard,0,0,vlm_patches/test_029_tile_embeddings/standard/hard_negative/test_029_tile_embeddings_standard_hard_negative_001.png,s3://pershin-medailab/Pathomorphology/CAMELYON/mil/vlm_patches/c16_abmil_vlm_patches_a50fbde29aa04e9d829a4580fd5c68b8.tar.gz!/vlm_patches/test_029_tile_embeddings/standard/hard_negative/test_029_tile_embeddings_standard_hard_negative_001.png,test_029_tile_embeddings_standard_hard_negative_001
c16_native,test_029,test_029_tile_embeddings,0e7f2d9a29fa0d11,73216,112384,256,20,0.0005035400390625,0,0.0,0,0,hard_negative,4,a50fbde29aa04e9d829a4580fd5c68b8,a50fbde29aa04e9d829a4580fd5c68b8,standard,0,0,vlm_patches/test_029_tile_embeddings/standard/hard_negative/test_029_tile_embeddings_standard_hard_negative_003.png,s3://pershin-medailab/Pathomorphology/CAMELYON/mil/vlm_patches/c16_abmil_vlm_patches_a50fbde29aa04e9d829a4580fd5c68b8.tar.gz!/vlm_patches/test_029_tile_embeddings/standard/hard_negative/test_029_tile_embeddings_standard_hard_negative_003.png,test_029_tile_embeddings_standard_hard_negative_003
c16_native,test_061,test_061_tile_embeddings,f076a4cd67f9b9f0,57600,141568,256,20,0.7058868408203125,0,0.4575,0,1,hard_negative,1,a50fbde29aa04e9d829a4580fd5c68b8,a50fbde29aa04e9d829a4580fd5c68b8,standard,0,0,vlm_patches/test_061_tile_embeddings/standard/hard_negative/test_061_tile_embeddings_standard_hard_negative_000.png,s3://pershin-medailab/Pathomorphology/CAMELYON/mil/vlm_patches/c16_abmil_vlm_patches_a50fbde29aa04e9d829a4580fd5c68b8.tar.gz!/vlm_patches/test_061_tile_embeddings/standard/hard_negative/test_061_tile_embeddings_standard_hard_negative_000.png,test_061_tile_embeddings_standard_hard_negative_000
c16_native,test_061,test_061_tile_embeddings,84c5ab3ff37e5eaf,56832,140032,256,20,0.739166259765625,0,0.445,0,1,hard_negative,2,a50fbde29aa04e9d829a4580fd5c68b8,a50fbde29aa04e9d829a4580fd5c68b8,standard,0,0,vlm_patches/test_061_tile_embeddings/standard/hard_negative/test_061_tile_embeddings_standard_hard_negative_001.png,s3://pershin-medailab/Pathomorphology/CAMELYON/mil/vlm_patches/c16_abmil_vlm_patches_a50fbde29aa04e9d829a4580fd5c68b8.tar.gz!/vlm_patches/test_061_tile_embeddings/standard/hard_negative/test_061_tile_embeddings_standard_hard_negative_001.png,test_061_tile_embeddings_standard_hard_negative_001
c16_native,test_061,test_061_tile_embeddings,1dbe8d46e55e89f9,56320,137728,256,20,0.5901336669921875,0,0.38,0,1,hard_negative,3,a50fbde29aa04e9d829a4580fd5c68b8,a50fbde29aa04e9d829a4580fd5c68b8,standard,0,0,vlm_patches/test_061_tile_embeddings/standard/hard_negative/test_061_tile_embeddings_standard_hard_negative_002.png,s3://pershin-medailab/Pathomorphology/CAMELYON/mil/vlm_patches/c16_abmil_vlm_patches_a50fbde29aa04e9d829a4580fd5c68b8.tar.gz!/vlm_patches/test_061_tile_embeddings/standard/hard_negative/test_061_tile_embeddings_standard_hard_negative_002.png,test_061_tile_embeddings_standard_hard_negative_002
c16_native,test_021,test_021_tile_embeddings,d6626faa4afee07d,36864,94976,256,20,0.7686309814453125,0,0.2375,0,1,hard_negative,1,a50fbde29aa04e9d829a4580fd5c68b8,a50fbde29aa04e9d829a4580fd5c68b8,standard,0,0,vlm_patches/test_021_tile_embeddings/standard/hard_negative/test_021_tile_embeddings_standard_hard_negative_000.png,s3://pershin-medailab/Pathomorphology/CAMELYON/mil/vlm_patches/c16_abmil_vlm_patches_a50fbde29aa04e9d829a4580fd5c68b8.tar.gz!/vlm_patches/test_021_tile_embeddings/standard/hard_negative/test_021_tile_embeddings_standard_hard_negative_000.png,test_021_tile_embeddings_standard_hard_negative_000
c16_native,test_021,test_021_tile_embeddings,14189ed9539121ad,69120,104192,256,20,0.433258056640625,0,0.0,0,0,hard_negative,2,a50fbde29aa04e9d829a4580fd5c68b8,a50fbde29aa04e9d829a4580fd5c68b8,standard,0,0,vlm_patches/test_021_tile_embeddings/standard/hard_negative/test_021_tile_embeddings_standard_hard_negative_001.png,s3://pershin-medailab/Pathomorphology/CAMELYON/mil/vlm_patches/c16_abmil_vlm_patches_a50fbde29aa04e9d829a4580fd5c68b8.tar.gz!/vlm_patches/test_021_tile_embeddings/standard/hard_negative/test_021_tile_embeddings_standard_hard_negative_001.png,test_021_tile_embeddings_standard_hard_negative_001
c16_native,test_021,test_021_tile_embeddings,f502787769828aff,19968,177920,256,20,0.466888427734375,0,0.4675,0,1,hard_negative,3,a50fbde29aa04e9d829a4580fd5c68b8,a50fbde29aa04e9d829a4580fd5c68b8,standard,0,0,vlm_patches/test_021_tile_embeddings/standard/hard_negative/test_021_tile_embeddings_standard_hard_negative_002.png,s3://pershin-medailab/Pathomorphology/CAMELYON/mil/vlm_patches/c16_abmil_vlm_patches_a50fbde29aa04e9d829a4580fd5c68b8.tar.gz!/vlm_patches/test_021_tile_embeddings/standard/hard_negative/test_021_tile_embeddings_standard_hard_negative_002.png,test_021_tile_embeddings_standard_hard_negative_002
c16_native,test_079,test_079_tile_embeddings,51415e4b1e6ec81f,52992,14848,256,20,0.995819091796875,0,0.5175,0,1,hard_negative,1,a50fbde29aa04e9d829a4580fd5c68b8,a50fbde29aa04e9d829a4580fd5c68b8,standard,0,0,vlm_patches/test_079_tile_embeddings/standard/hard_negative/test_079_tile_embeddings_standard_hard_negative_000.png,s3://pershin-medailab/Pathomorphology/CAMELYON/mil/vlm_patches/c16_abmil_vlm_patches_a50fbde29aa04e9d829a4580fd5c68b8.tar.gz!/vlm_patches/test_079_tile_embeddings/standard/hard_negative/test_079_tile_embeddings_standard_hard_negative_000.png,test_079_tile_embeddings_standard_hard_negative_000
c16_native,test_079,test_079_tile_embeddings,1a2ae07a40cd4754,47360,69120,256,20,0.398223876953125,0,0.2775,0,1,hard_negative,2,a50fbde29aa04e9d829a4580fd5c68b8,a50fbde29aa04e9d829a4580fd5c68b8,standard,0,0,vlm_patches/test_079_tile_embeddings/standard/hard_negative/test_079_tile_embeddings_standard_hard_negative_001.png,s3://pershin-medailab/Pathomorphology/CAMELYON/mil/vlm_patches/c16_abmil_vlm_patches_a50fbde29aa04e9d829a4580fd5c68b8.tar.gz!/vlm_patches/test_079_tile_embeddings/standard/hard_negative/test_079_tile_embeddings_standard_hard_negative_001.png,test_079_tile_embeddings_standard_hard_negative_001
c16_native,test_079,test_079_tile_embeddings,432969deccb713de,47616,69888,256,20,0.3652801513671875,0,0.51,0,1,hard_negative,3,a50fbde29aa04e9d829a4580fd5c68b8,a50fbde29aa04e9d829a4580fd5c68b8,standard,0,0,vlm_patches/test_079_tile_embeddings/standard/hard_negative/test_079_tile_embeddings_standard_hard_negative_002.png,s3://pershin-medailab/Pathomorphology/CAMELYON/mil/vlm_patches/c16_abmil_vlm_patches_a50fbde29aa04e9d829a4580fd5c68b8.tar.gz!/vlm_patches/test_079_tile_embeddings/standard/hard_negative/test_079_tile_embeddings_standard_hard_negative_002.png,test_079_tile_embeddings_standard_hard_negative_002
c16_native,test_084,test_084_tile_embeddings,a708fe012f3750b7,40192,72960,256,20,0.9164886474609376,1,1.0,1,1,oracle_tumor,1,a50fbde29aa04e9d829a4580fd5c68b8,a50fbde29aa04e9d829a4580fd5c68b8,standard,0,0,vlm_patches/test_084_tile_embeddings/standard/oracle_tumor/test_084_tile_embeddings_standard_oracle_tumor_000.png,s3://pershin-medailab/Pathomorphology/CAMELYON/mil/vlm_patches/c16_abmil_vlm_patches_a50fbde29aa04e9d829a4580fd5c68b8.tar.gz!/vlm_patches/test_084_tile_embeddings/standard/oracle_tumor/test_084_tile_embeddings_standard_oracle_tumor_000.png,test_084_tile_embeddings_standard_oracle_tumor_000
c16_native,test_084,test_084_tile_embeddings,759c3d2b3303fda2,39936,72960,256,20,0.8874664306640625,1,1.0,1,1,oracle_tumor,2,a50fbde29aa04e9d829a4580fd5c68b8,a50fbde29aa04e9d829a4580fd5c68b8,standard,0,0,vlm_patches/test_084_tile_embeddings/standard/oracle_tumor/test_084_tile_embeddings_standard_oracle_tumor_001.png,s3://pershin-medailab/Pathomorphology/CAMELYON/mil/vlm_patches/c16_abmil_vlm_patches_a50fbde29aa04e9d829a4580fd5c68b8.tar.gz!/vlm_patches/test_084_tile_embeddings/standard/oracle_tumor/test_084_tile_embeddings_standard_oracle_tumor_001.png,test_084_tile_embeddings_standard_oracle_tumor_001
c16_native,test_084,test_084_tile_embeddings,a0e8f2af53673b13,40704,72960,256,20,0.7835540771484375,1,1.0,1,1,oracle_tumor,3,a50fbde29aa04e9d829a4580fd5c68b8,a50fbde29aa04e9d829a4580fd5c68b8,standard,0,0,vlm_patches/test_084_tile_embeddings/standard/oracle_tumor/test_084_tile_embeddings_standard_oracle_tumor_002.png,s3://pershin-medailab/Pathomorphology/CAMELYON/mil/vlm_patches/c16_abmil_vlm_patches_a50fbde29aa04e9d829a4580fd5c68b8.tar.gz!/vlm_patches/test_084_tile_embeddings/standard/oracle_tumor/test_084_tile_embeddings_standard_oracle_tumor_002.png,test_084_tile_embeddings_standard_oracle_tumor_002
c16_native,test_030,test_030_tile_embeddings,bc09f0ab5b0df789,57088,133888,256,20,0.6515960693359375,1,0.92,1,1,oracle_tumor,1,a50fbde29aa04e9d829a4580fd5c68b8,a50fbde29aa04e9d829a4580fd5c68b8,standard,0,0,vlm_patches/test_030_tile_embeddings/standard/oracle_tumor/test_030_tile_embeddings_standard_oracle_tumor_000.png,s3://pershin-medailab/Pathomorphology/CAMELYON/mil/vlm_patches/c16_abmil_vlm_patches_a50fbde29aa04e9d829a4580fd5c68b8.tar.gz!/vlm_patches/test_030_tile_embeddings/standard/oracle_tumor/test_030_tile_embeddings_standard_oracle_tumor_000.png,test_030_tile_embeddings_standard_oracle_tumor_000
c16_native,test_030,test_030_tile_embeddings,220f1232110f6ace,55040,142336,256,20,0.84564208984375,1,0.81,1,1,oracle_tumor,2,a50fbde29aa04e9d829a4580fd5c68b8,a50fbde29aa04e9d829a4580fd5c68b8,standard,0,0,vlm_patches/test_030_tile_embeddings/standard/oracle_tumor/test_030_tile_embeddings_standard_oracle_tumor_001.png,s3://pershin-medailab/Pathomorphology/CAMELYON/mil/vlm_patches/c16_abmil_vlm_patches_a50fbde29aa04e9d829a4580fd5c68b8.tar.gz!/vlm_patches/test_030_tile_embeddings/standard/oracle_tumor/test_030_tile_embeddings_standard_oracle_tumor_001.png,test_030_tile_embeddings_standard_oracle_tumor_001
c16_native,test_030,test_030_tile_embeddings,5ac41e9c85ffcd4c,64768,132352,256,20,0.7293243408203125,1,0.8825,1,1,oracle_tumor,3,a50fbde29aa04e9d829a4580fd5c68b8,a50fbde29aa04e9d829a4580fd5c68b8,standard,0,0,vlm_patches/test_030_tile_embeddings/standard/oracle_tumor/test_030_tile_embeddings_standard_oracle_tumor_002.png,s3://pershin-medailab/Pathomorphology/CAMELYON/mil/vlm_patches/c16_abmil_vlm_patches_a50fbde29aa04e9d829a4580fd5c68b8.tar.gz!/vlm_patches/test_030_tile_embeddings/standard/oracle_tumor/test_030_tile_embeddings_standard_oracle_tumor_002.png,test_030_tile_embeddings_standard_oracle_tumor_002
c16_native,test_004,test_004_tile_embeddings,444eaaae222526f3,66304,69120,256,20,0.6634979248046875,1,0.65,1,1,oracle_tumor,1,a50fbde29aa04e9d829a4580fd5c68b8,a50fbde29aa04e9d829a4580fd5c68b8,standard,0,0,vlm_patches/test_004_tile_embeddings/standard/oracle_tumor/test_004_tile_embeddings_standard_oracle_tumor_000.png,s3://pershin-medailab/Pathomorphology/CAMELYON/mil/vlm_patches/c16_abmil_vlm_patches_a50fbde29aa04e9d829a4580fd5c68b8.tar.gz!/vlm_patches/test_004_tile_embeddings/standard/oracle_tumor/test_004_tile_embeddings_standard_oracle_tumor_000.png,test_004_tile_embeddings_standard_oracle_tumor_000
c16_native,test_004,test_004_tile_embeddings,309ccd41d6700802,72448,72448,256,20,0.672149658203125,1,0.395,1,1,oracle_tumor,4,a50fbde29aa04e9d829a4580fd5c68b8,a50fbde29aa04e9d829a4580fd5c68b8,standard,0,0,vlm_patches/test_004_tile_embeddings/standard/oracle_tumor/test_004_tile_embeddings_standard_oracle_tumor_003.png,s3://pershin-medailab/Pathomorphology/CAMELYON/mil/vlm_patches/c16_abmil_vlm_patches_a50fbde29aa04e9d829a4580fd5c68b8.tar.gz!/vlm_patches/test_004_tile_embeddings/standard/oracle_tumor/test_004_tile_embeddings_standard_oracle_tumor_003.png,test_004_tile_embeddings_standard_oracle_tumor_003
c16_native,test_004,test_004_tile_embeddings,888b10692000292c,66560,69632,256,20,0.7512969970703125,1,0.29,1,1,oracle_tumor,5,a50fbde29aa04e9d829a4580fd5c68b8,a50fbde29aa04e9d829a4580fd5c68b8,standard,0,0,vlm_patches/test_004_tile_embeddings/standard/oracle_tumor/test_004_tile_embeddings_standard_oracle_tumor_004.png,s3://pershin-medailab/Pathomorphology/CAMELYON/mil/vlm_patches/c16_abmil_vlm_patches_a50fbde29aa04e9d829a4580fd5c68b8.tar.gz!/vlm_patches/test_004_tile_embeddings/standard/oracle_tumor/test_004_tile_embeddings_standard_oracle_tumor_004.png,test_004_tile_embeddings_standard_oracle_tumor_004
c16_native,test_064,test_064_tile_embeddings,6ef19b1d71d9b733,51968,153856,256,20,0.875213623046875,1,1.0,1,1,oracle_tumor,1,a50fbde29aa04e9d829a4580fd5c68b8,a50fbde29aa04e9d829a4580fd5c68b8,standard,0,0,vlm_patches/test_064_tile_embeddings/standard/oracle_tumor/test_064_tile_embeddings_standard_oracle_tumor_000.png,s3://pershin-medailab/Pathomorphology/CAMELYON/mil/vlm_patches/c16_abmil_vlm_patches_a50fbde29aa04e9d829a4580fd5c68b8.tar.gz!/vlm_patches/test_064_tile_embeddings/standard/oracle_tumor/test_064_tile_embeddings_standard_oracle_tumor_000.png,test_064_tile_embeddings_standard_oracle_tumor_000
c16_native,test_064,test_064_tile_embeddings,be8195c493b1a6ff,51712,153600,256,20,0.8614349365234375,1,0.815,1,1,oracle_tumor,2,a50fbde29aa04e9d829a4580fd5c68b8,a50fbde29aa04e9d829a4580fd5c68b8,standard,0,0,vlm_patches/test_064_tile_embeddings/standard/oracle_tumor/test_064_tile_embeddings_standard_oracle_tumor_001.png,s3://pershin-medailab/Pathomorphology/CAMELYON/mil/vlm_patches/c16_abmil_vlm_patches_a50fbde29aa04e9d829a4580fd5c68b8.tar.gz!/vlm_patches/test_064_tile_embeddings/standard/oracle_tumor/test_064_tile_embeddings_standard_oracle_tumor_001.png,test_064_tile_embeddings_standard_oracle_tumor_001
c16_native,test_064,test_064_tile_embeddings,4df86d1259b2fe11,51968,153344,256,20,0.8529510498046875,1,1.0,1,1,oracle_tumor,3,a50fbde29aa04e9d829a4580fd5c68b8,a50fbde29aa04e9d829a4580fd5c68b8,standard,0,0,vlm_patches/test_064_tile_embeddings/standard/oracle_tumor/test_064_tile_embeddings_standard_oracle_tumor_002.png,s3://pershin-medailab/Pathomorphology/CAMELYON/mil/vlm_patches/c16_abmil_vlm_patches_a50fbde29aa04e9d829a4580fd5c68b8.tar.gz!/vlm_patches/test_064_tile_embeddings/standard/oracle_tumor/test_064_tile_embeddings_standard_oracle_tumor_002.png,test_064_tile_embeddings_standard_oracle_tumor_002
c16_native,test_112,test_112_tile_embeddings,37b2308fc20fd3e7,35840,93952,256,20,0.771209716796875,0,0.0,0,0,oracle_non_tumor,1,a50fbde29aa04e9d829a4580fd5c68b8,a50fbde29aa04e9d829a4580fd5c68b8,standard,0,0,vlm_patches/test_112_tile_embeddings/standard/oracle_non_tumor/test_112_tile_embeddings_standard_oracle_non_tumor_000.png,s3://pershin-medailab/Pathomorphology/CAMELYON/mil/vlm_patches/c16_abmil_vlm_patches_a50fbde29aa04e9d829a4580fd5c68b8.tar.gz!/vlm_patches/test_112_tile_embeddings/standard/oracle_non_tumor/test_112_tile_embeddings_standard_oracle_non_tumor_000.png,test_112_tile_embeddings_standard_oracle_non_tumor_000
c16_native,test_112,test_112_tile_embeddings,4a871e4c33f8a854,64000,137984,256,20,0.711273193359375,0,0.0,0,0,oracle_non_tumor,2,a50fbde29aa04e9d829a4580fd5c68b8,a50fbde29aa04e9d829a4580fd5c68b8,standard,0,0,vlm_patches/test_112_tile_embeddings/standard/oracle_non_tumor/test_112_tile_embeddings_standard_oracle_non_tumor_001.png,s3://pershin-medailab/Pathomorphology/CAMELYON/mil/vlm_patches/c16_abmil_vlm_patches_a50fbde29aa04e9d829a4580fd5c68b8.tar.gz!/vlm_patches/test_112_tile_embeddings/standard/oracle_non_tumor/test_112_tile_embeddings_standard_oracle_non_tumor_001.png,test_112_tile_embeddings_standard_oracle_non_tumor_001
c16_native,test_112,test_112_tile_embeddings,1092d05a3327227d,64256,136960,256,20,0.548065185546875,0,0.0,0,0,oracle_non_tumor,3,a50fbde29aa04e9d829a4580fd5c68b8,a50fbde29aa04e9d829a4580fd5c68b8,standard,0,0,vlm_patches/test_112_tile_embeddings/standard/oracle_non_tumor/test_112_tile_embeddings_standard_oracle_non_tumor_002.png,s3://pershin-medailab/Pathomorphology/CAMELYON/mil/vlm_patches/c16_abmil_vlm_patches_a50fbde29aa04e9d829a4580fd5c68b8.tar.gz!/vlm_patches/test_112_tile_embeddings/standard/oracle_non_tumor/test_112_tile_embeddings_standard_oracle_non_tumor_002.png,test_112_tile_embeddings_standard_oracle_non_tumor_002
c16_native,test_054,test_054_tile_embeddings,0ad2c56b49c23d92,81664,173056,256,20,0.9604949951171876,0,0.0,0,0,oracle_non_tumor,1,a50fbde29aa04e9d829a4580fd5c68b8,a50fbde29aa04e9d829a4580fd5c68b8,standard,0,0,vlm_patches/test_054_tile_embeddings/standard/oracle_non_tumor/test_054_tile_embeddings_standard_oracle_non_tumor_000.png,s3://pershin-medailab/Pathomorphology/CAMELYON/mil/vlm_patches/c16_abmil_vlm_patches_a50fbde29aa04e9d829a4580fd5c68b8.tar.gz!/vlm_patches/test_054_tile_embeddings/standard/oracle_non_tumor/test_054_tile_embeddings_standard_oracle_non_tumor_000.png,test_054_tile_embeddings_standard_oracle_non_tumor_000
c16_native,test_054,test_054_tile_embeddings,8e3c6c336309fc17,79360,155392,256,20,0.9727630615234376,0,0.0,0,0,oracle_non_tumor,2,a50fbde29aa04e9d829a4580fd5c68b8,a50fbde29aa04e9d829a4580fd5c68b8,standard,0,0,vlm_patches/test_054_tile_embeddings/standard/oracle_non_tumor/test_054_tile_embeddings_standard_oracle_non_tumor_001.png,s3://pershin-medailab/Pathomorphology/CAMELYON/mil/vlm_patches/c16_abmil_vlm_patches_a50fbde29aa04e9d829a4580fd5c68b8.tar.gz!/vlm_patches/test_054_tile_embeddings/standard/oracle_non_tumor/test_054_tile_embeddings_standard_oracle_non_tumor_001.png,test_054_tile_embeddings_standard_oracle_non_tumor_001
c16_native,test_054,test_054_tile_embeddings,37cfe060f42b4f8f,16896,181248,256,20,0.0,0,0.0,0,0,oracle_non_tumor,3,a50fbde29aa04e9d829a4580fd5c68b8,a50fbde29aa04e9d829a4580fd5c68b8,standard,0,0,vlm_patches/test_054_tile_embeddings/standard/oracle_non_tumor/test_054_tile_embeddings_standard_oracle_non_tumor_002.png,s3://pershin-medailab/Pathomorphology/CAMELYON/mil/vlm_patches/c16_abmil_vlm_patches_a50fbde29aa04e9d829a4580fd5c68b8.tar.gz!/vlm_patches/test_054_tile_embeddings/standard/oracle_non_tumor/test_054_tile_embeddings_standard_oracle_non_tumor_002.png,test_054_tile_embeddings_standard_oracle_non_tumor_002
c16_native,test_083,test_083_tile_embeddings,81460f6f19bd0868,55552,102144,256,20,0.9111785888671876,0,0.0,0,0,oracle_non_tumor,1,a50fbde29aa04e9d829a4580fd5c68b8,a50fbde29aa04e9d829a4580fd5c68b8,standard,0,0,vlm_patches/test_083_tile_embeddings/standard/oracle_non_tumor/test_083_tile_embeddings_standard_oracle_non_tumor_000.png,s3://pershin-medailab/Pathomorphology/CAMELYON/mil/vlm_patches/c16_abmil_vlm_patches_a50fbde29aa04e9d829a4580fd5c68b8.tar.gz!/vlm_patches/test_083_tile_embeddings/standard/oracle_non_tumor/test_083_tile_embeddings_standard_oracle_non_tumor_000.png,test_083_tile_embeddings_standard_oracle_non_tumor_000
c16_native,test_083,test_083_tile_embeddings,6e96c3b6a4dc87df,60160,98304,256,20,0.0,0,0.0,0,0,oracle_non_tumor,2,a50fbde29aa04e9d829a4580fd5c68b8,a50fbde29aa04e9d829a4580fd5c68b8,standard,0,0,vlm_patches/test_083_tile_embeddings/standard/oracle_non_tumor/test_083_tile_embeddings_standard_oracle_non_tumor_001.png,s3://pershin-medailab/Pathomorphology/CAMELYON/mil/vlm_patches/c16_abmil_vlm_patches_a50fbde29aa04e9d829a4580fd5c68b8.tar.gz!/vlm_patches/test_083_tile_embeddings/standard/oracle_non_tumor/test_083_tile_embeddings_standard_oracle_non_tumor_001.png,test_083_tile_embeddings_standard_oracle_non_tumor_001
c16_native,test_083,test_083_tile_embeddings,9c299698f00918f3,67072,126976,256,20,0.828704833984375,0,0.0,0,0,oracle_non_tumor,3,a50fbde29aa04e9d829a4580fd5c68b8,a50fbde29aa04e9d829a4580fd5c68b8,standard,0,0,vlm_patches/test_083_tile_embeddings/standard/oracle_non_tumor/test_083_tile_embeddings_standard_oracle_non_tumor_002.png,s3://pershin-medailab/Pathomorphology/CAMELYON/mil/vlm_patches/c16_abmil_vlm_patches_a50fbde29aa04e9d829a4580fd5c68b8.tar.gz!/vlm_patches/test_083_tile_embeddings/standard/oracle_non_tumor/test_083_tile_embeddings_standard_oracle_non_tumor_002.png,test_083_tile_embeddings_standard_oracle_non_tumor_002
c16_native,test_005,test_005_tile_embeddings,17f042a1961b08eb,56832,62976,256,20,0.3909149169921875,0,0.0,0,0,oracle_non_tumor,1,a50fbde29aa04e9d829a4580fd5c68b8,a50fbde29aa04e9d829a4580fd5c68b8,standard,0,0,vlm_patches/test_005_tile_embeddings/standard/oracle_non_tumor/test_005_tile_embeddings_standard_oracle_non_tumor_000.png,s3://pershin-medailab/Pathomorphology/CAMELYON/mil/vlm_patches/c16_abmil_vlm_patches_a50fbde29aa04e9d829a4580fd5c68b8.tar.gz!/vlm_patches/test_005_tile_embeddings/standard/oracle_non_tumor/test_005_tile_embeddings_standard_oracle_non_tumor_000.png,test_005_tile_embeddings_standard_oracle_non_tumor_000
c16_native,test_005,test_005_tile_embeddings,8f879807f7c73a09,53504,97536,256,20,0.80609130859375,0,0.0,0,0,oracle_non_tumor,2,a50fbde29aa04e9d829a4580fd5c68b8,a50fbde29aa04e9d829a4580fd5c68b8,standard,0,0,vlm_patches/test_005_tile_embeddings/standard/oracle_non_tumor/test_005_tile_embeddings_standard_oracle_non_tumor_001.png,s3://pershin-medailab/Pathomorphology/CAMELYON/mil/vlm_patches/c16_abmil_vlm_patches_a50fbde29aa04e9d829a4580fd5c68b8.tar.gz!/vlm_patches/test_005_tile_embeddings/standard/oracle_non_tumor/test_005_tile_embeddings_standard_oracle_non_tumor_001.png,test_005_tile_embeddings_standard_oracle_non_tumor_001
c16_native,test_005,test_005_tile_embeddings,9ea3179da6ad76b8,60416,111616,256,20,0.170989990234375,0,0.0,0,0,oracle_non_tumor,3,a50fbde29aa04e9d829a4580fd5c68b8,a50fbde29aa04e9d829a4580fd5c68b8,standard,0,0,vlm_patches/test_005_tile_embeddings/standard/oracle_non_tumor/test_005_tile_embeddings_standard_oracle_non_tumor_002.png,s3://pershin-medailab/Pathomorphology/CAMELYON/mil/vlm_patches/c16_abmil_vlm_patches_a50fbde29aa04e9d829a4580fd5c68b8.tar.gz!/vlm_patches/test_005_tile_embeddings/standard/oracle_non_tumor/test_005_tile_embeddings_standard_oracle_non_tumor_002.png,test_005_tile_embeddings_standard_oracle_non_tumor_002
c16_native,test_064,test_064_tile_embeddings,95cbd7ea40362acc,50176,157952,256,20,0.8354034423828125,0,0.0,0,0,oracle_non_tumor,1,a50fbde29aa04e9d829a4580fd5c68b8,a50fbde29aa04e9d829a4580fd5c68b8,standard,0,0,vlm_patches/test_064_tile_embeddings/standard/oracle_non_tumor/test_064_tile_embeddings_standard_oracle_non_tumor_000.png,s3://pershin-medailab/Pathomorphology/CAMELYON/mil/vlm_patches/c16_abmil_vlm_patches_a50fbde29aa04e9d829a4580fd5c68b8.tar.gz!/vlm_patches/test_064_tile_embeddings/standard/oracle_non_tumor/test_064_tile_embeddings_standard_oracle_non_tumor_000.png,test_064_tile_embeddings_standard_oracle_non_tumor_000
c16_native,test_064,test_064_tile_embeddings,4ab5c4250546941c,45568,134144,256,20,0.92364501953125,0,0.0,0,0,oracle_non_tumor,2,a50fbde29aa04e9d829a4580fd5c68b8,a50fbde29aa04e9d829a4580fd5c68b8,standard,0,0,vlm_patches/test_064_tile_embeddings/standard/oracle_non_tumor/test_064_tile_embeddings_standard_oracle_non_tumor_001.png,s3://pershin-medailab/Pathomorphology/CAMELYON/mil/vlm_patches/c16_abmil_vlm_patches_a50fbde29aa04e9d829a4580fd5c68b8.tar.gz!/vlm_patches/test_064_tile_embeddings/standard/oracle_non_tumor/test_064_tile_embeddings_standard_oracle_non_tumor_001.png,test_064_tile_embeddings_standard_oracle_non_tumor_001
c16_native,test_064,test_064_tile_embeddings,96f891e6bbff0842,55040,156928,256,20,0.0449981689453125,0,0.0,0,0,oracle_non_tumor,3,a50fbde29aa04e9d829a4580fd5c68b8,a50fbde29aa04e9d829a4580fd5c68b8,standard,0,0,vlm_patches/test_064_tile_embeddings/standard/oracle_non_tumor/test_064_tile_embeddings_standard_oracle_non_tumor_002.png,s3://pershin-medailab/Pathomorphology/CAMELYON/mil/vlm_patches/c16_abmil_vlm_patches_a50fbde29aa04e9d829a4580fd5c68b8.tar.gz!/vlm_patches/test_064_tile_embeddings/standard/oracle_non_tumor/test_064_tile_embeddings_standard_oracle_non_tumor_002.png,test_064_tile_embeddings_standard_oracle_non_tumor_002
c16_native,test_015,test_015_tile_embeddings,3128ef508d1cdf74,39168,125696,256,20,0.9716949462890624,0,0.0,0,0,oracle_non_tumor,1,a50fbde29aa04e9d829a4580fd5c68b8,a50fbde29aa04e9d829a4580fd5c68b8,standard,0,0,vlm_patches/test_015_tile_embeddings/standard/oracle_non_tumor/test_015_tile_embeddings_standard_oracle_non_tumor_000.png,s3://pershin-medailab/Pathomorphology/CAMELYON/mil/vlm_patches/c16_abmil_vlm_patches_a50fbde29aa04e9d829a4580fd5c68b8.tar.gz!/vlm_patches/test_015_tile_embeddings/standard/oracle_non_tumor/test_015_tile_embeddings_standard_oracle_non_tumor_000.png,test_015_tile_embeddings_standard_oracle_non_tumor_000
c16_native,test_015,test_015_tile_embeddings,dd1c598f084c4eb5,62976,139008,256,20,0.04888916015625,0,0.0,0,0,oracle_non_tumor,2,a50fbde29aa04e9d829a4580fd5c68b8,a50fbde29aa04e9d829a4580fd5c68b8,standard,0,0,vlm_patches/test_015_tile_embeddings/standard/oracle_non_tumor/test_015_tile_embeddings_standard_oracle_non_tumor_001.png,s3://pershin-medailab/Pathomorphology/CAMELYON/mil/vlm_patches/c16_abmil_vlm_patches_a50fbde29aa04e9d829a4580fd5c68b8.tar.gz!/vlm_patches/test_015_tile_embeddings/standard/oracle_non_tumor/test_015_tile_embeddings_standard_oracle_non_tumor_001.png,test_015_tile_embeddings_standard_oracle_non_tumor_001
c16_native,test_015,test_015_tile_embeddings,6ae62cd34d83a5ff,38400,127232,256,20,0.986724853515625,0,0.0,0,0,oracle_non_tumor,3,a50fbde29aa04e9d829a4580fd5c68b8,a50fbde29aa04e9d829a4580fd5c68b8,standard,0,0,vlm_patches/test_015_tile_embeddings/standard/oracle_non_tumor/test_015_tile_embeddings_standard_oracle_non_tumor_002.png,s3://pershin-medailab/Pathomorphology/CAMELYON/mil/vlm_patches/c16_abmil_vlm_patches_a50fbde29aa04e9d829a4580fd5c68b8.tar.gz!/vlm_patches/test_015_tile_embeddings/standard/oracle_non_tumor/test_015_tile_embeddings_standard_oracle_non_tumor_002.png,test_015_tile_embeddings_standard_oracle_non_tumor_002
c16_native,test_003,test_003_tile_embeddings,bf51fb66bb38019e,60672,132864,256,20,0.1714019775390625,0,0.0,0,0,oracle_non_tumor,1,a50fbde29aa04e9d829a4580fd5c68b8,a50fbde29aa04e9d829a4580fd5c68b8,standard,0,0,vlm_patches/test_003_tile_embeddings/standard/oracle_non_tumor/test_003_tile_embeddings_standard_oracle_non_tumor_000.png,s3://pershin-medailab/Pathomorphology/CAMELYON/mil/vlm_patches/c16_abmil_vlm_patches_a50fbde29aa04e9d829a4580fd5c68b8.tar.gz!/vlm_patches/test_003_tile_embeddings/standard/oracle_non_tumor/test_003_tile_embeddings_standard_oracle_non_tumor_000.png,test_003_tile_embeddings_standard_oracle_non_tumor_000
c16_native,test_003,test_003_tile_embeddings,fadb48ad45277d73,16640,116736,256,20,0.03216552734375,0,0.0,0,0,oracle_non_tumor,2,a50fbde29aa04e9d829a4580fd5c68b8,a50fbde29aa04e9d829a4580fd5c68b8,standard,0,0,vlm_patches/test_003_tile_embeddings/standard/oracle_non_tumor/test_003_tile_embeddings_standard_oracle_non_tumor_001.png,s3://pershin-medailab/Pathomorphology/CAMELYON/mil/vlm_patches/c16_abmil_vlm_patches_a50fbde29aa04e9d829a4580fd5c68b8.tar.gz!/vlm_patches/test_003_tile_embeddings/standard/oracle_non_tumor/test_003_tile_embeddings_standard_oracle_non_tumor_001.png,test_003_tile_embeddings_standard_oracle_non_tumor_001
c16_native,test_003,test_003_tile_embeddings,770a154b68c493df,59392,124672,256,20,0.96185302734375,0,0.0,0,0,oracle_non_tumor,3,a50fbde29aa04e9d829a4580fd5c68b8,a50fbde29aa04e9d829a4580fd5c68b8,standard,0,0,vlm_patches/test_003_tile_embeddings/standard/oracle_non_tumor/test_003_tile_embeddings_standard_oracle_non_tumor_002.png,s3://pershin-medailab/Pathomorphology/CAMELYON/mil/vlm_patches/c16_abmil_vlm_patches_a50fbde29aa04e9d829a4580fd5c68b8.tar.gz!/vlm_patches/test_003_tile_embeddings/standard/oracle_non_tumor/test_003_tile_embeddings_standard_oracle_non_tumor_002.png,test_003_tile_embeddings_standard_oracle_non_tumor_002
c16_native,test_081,test_081_tile_embeddings,50ae596a099db92d,42752,105984,256,20,0.00775146484375,0,0.0,0,0,oracle_non_tumor,1,a50fbde29aa04e9d829a4580fd5c68b8,a50fbde29aa04e9d829a4580fd5c68b8,standard,0,0,vlm_patches/test_081_tile_embeddings/standard/oracle_non_tumor/test_081_tile_embeddings_standard_oracle_non_tumor_000.png,s3://pershin-medailab/Pathomorphology/CAMELYON/mil/vlm_patches/c16_abmil_vlm_patches_a50fbde29aa04e9d829a4580fd5c68b8.tar.gz!/vlm_patches/test_081_tile_embeddings/standard/oracle_non_tumor/test_081_tile_embeddings_standard_oracle_non_tumor_000.png,test_081_tile_embeddings_standard_oracle_non_tumor_000
c16_native,test_081,test_081_tile_embeddings,59c59e733cfbe933,72704,109824,256,20,0.9056396484375,0,0.0,0,0,oracle_non_tumor,2,a50fbde29aa04e9d829a4580fd5c68b8,a50fbde29aa04e9d829a4580fd5c68b8,standard,0,0,vlm_patches/test_081_tile_embeddings/standard/oracle_non_tumor/test_081_tile_embeddings_standard_oracle_non_tumor_001.png,s3://pershin-medailab/Pathomorphology/CAMELYON/mil/vlm_patches/c16_abmil_vlm_patches_a50fbde29aa04e9d829a4580fd5c68b8.tar.gz!/vlm_patches/test_081_tile_embeddings/standard/oracle_non_tumor/test_081_tile_embeddings_standard_oracle_non_tumor_001.png,test_081_tile_embeddings_standard_oracle_non_tumor_001
c16_native,test_081,test_081_tile_embeddings,bf82b0598093097b,47872,140800,256,20,0.9359893798828124,0,0.0,0,0,oracle_non_tumor,3,a50fbde29aa04e9d829a4580fd5c68b8,a50fbde29aa04e9d829a4580fd5c68b8,standard,0,0,vlm_patches/test_081_tile_embeddings/standard/oracle_non_tumor/test_081_tile_embeddings_standard_oracle_non_tumor_002.png,s3://pershin-medailab/Pathomorphology/CAMELYON/mil/vlm_patches/c16_abmil_vlm_patches_a50fbde29aa04e9d829a4580fd5c68b8.tar.gz!/vlm_patches/test_081_tile_embeddings/standard/oracle_non_tumor/test_081_tile_embeddings_standard_oracle_non_tumor_002.png,test_081_tile_embeddings_standard_oracle_non_tumor_002
c16_native,test_119,test_119_tile_embeddings,52ea5abc7c4aee2b,32768,96512,256,20,0.3083343505859375,0,0.0,0,0,oracle_non_tumor,1,a50fbde29aa04e9d829a4580fd5c68b8,a50fbde29aa04e9d829a4580fd5c68b8,standard,0,0,vlm_patches/test_119_tile_embeddings/standard/oracle_non_tumor/test_119_tile_embeddings_standard_oracle_non_tumor_000.png,s3://pershin-medailab/Pathomorphology/CAMELYON/mil/vlm_patches/c16_abmil_vlm_patches_a50fbde29aa04e9d829a4580fd5c68b8.tar.gz!/vlm_patches/test_119_tile_embeddings/standard/oracle_non_tumor/test_119_tile_embeddings_standard_oracle_non_tumor_000.png,test_119_tile_embeddings_standard_oracle_non_tumor_000
c16_native,test_119,test_119_tile_embeddings,1eeb0b2d4579fc6e,42496,98560,256,20,0.1226806640625,0,0.0,0,0,oracle_non_tumor,2,a50fbde29aa04e9d829a4580fd5c68b8,a50fbde29aa04e9d829a4580fd5c68b8,standard,0,0,vlm_patches/test_119_tile_embeddings/standard/oracle_non_tumor/test_119_tile_embeddings_standard_oracle_non_tumor_001.png,s3://pershin-medailab/Pathomorphology/CAMELYON/mil/vlm_patches/c16_abmil_vlm_patches_a50fbde29aa04e9d829a4580fd5c68b8.tar.gz!/vlm_patches/test_119_tile_embeddings/standard/oracle_non_tumor/test_119_tile_embeddings_standard_oracle_non_tumor_001.png,test_119_tile_embeddings_standard_oracle_non_tumor_001
c16_native,test_119,test_119_tile_embeddings,5f20d4695e8b379c,11776,94464,256,20,0.9257965087890624,0,0.0,0,0,oracle_non_tumor,3,a50fbde29aa04e9d829a4580fd5c68b8,a50fbde29aa04e9d829a4580fd5c68b8,standard,0,0,vlm_patches/test_119_tile_embeddings/standard/oracle_non_tumor/test_119_tile_embeddings_standard_oracle_non_tumor_002.png,s3://pershin-medailab/Pathomorphology/CAMELYON/mil/vlm_patches/c16_abmil_vlm_patches_a50fbde29aa04e9d829a4580fd5c68b8.tar.gz!/vlm_patches/test_119_tile_embeddings/standard/oracle_non_tumor/test_119_tile_embeddings_standard_oracle_non_tumor_002.png,test_119_tile_embeddings_standard_oracle_non_tumor_002
c16_native,test_076,test_076_tile_embeddings,f000924c434ac7d2,62464,160000,256,20,0.863189697265625,0,0.0,0,0,oracle_non_tumor,1,a50fbde29aa04e9d829a4580fd5c68b8,a50fbde29aa04e9d829a4580fd5c68b8,standard,0,0,vlm_patches/test_076_tile_embeddings/standard/oracle_non_tumor/test_076_tile_embeddings_standard_oracle_non_tumor_000.png,s3://pershin-medailab/Pathomorphology/CAMELYON/mil/vlm_patches/c16_abmil_vlm_patches_a50fbde29aa04e9d829a4580fd5c68b8.tar.gz!/vlm_patches/test_076_tile_embeddings/standard/oracle_non_tumor/test_076_tile_embeddings_standard_oracle_non_tumor_000.png,test_076_tile_embeddings_standard_oracle_non_tumor_000
c16_native,test_076,test_076_tile_embeddings,e442aa164f8421c6,54016,197888,256,20,0.0232086181640625,0,0.0,0,0,oracle_non_tumor,2,a50fbde29aa04e9d829a4580fd5c68b8,a50fbde29aa04e9d829a4580fd5c68b8,standard,0,0,vlm_patches/test_076_tile_embeddings/standard/oracle_non_tumor/test_076_tile_embeddings_standard_oracle_non_tumor_001.png,s3://pershin-medailab/Pathomorphology/CAMELYON/mil/vlm_patches/c16_abmil_vlm_patches_a50fbde29aa04e9d829a4580fd5c68b8.tar.gz!/vlm_patches/test_076_tile_embeddings/standard/oracle_non_tumor/test_076_tile_embeddings_standard_oracle_non_tumor_001.png,test_076_tile_embeddings_standard_oracle_non_tumor_001
c16_native,test_076,test_076_tile_embeddings,550a07528463c69c,50176,136448,256,20,0.316741943359375,0,0.0,0,0,oracle_non_tumor,3,a50fbde29aa04e9d829a4580fd5c68b8,a50fbde29aa04e9d829a4580fd5c68b8,standard,0,0,vlm_patches/test_076_tile_embeddings/standard/oracle_non_tumor/test_076_tile_embeddings_standard_oracle_non_tumor_002.png,s3://pershin-medailab/Pathomorphology/CAMELYON/mil/vlm_patches/c16_abmil_vlm_patches_a50fbde29aa04e9d829a4580fd5c68b8.tar.gz!/vlm_patches/test_076_tile_embeddings/standard/oracle_non_tumor/test_076_tile_embeddings_standard_oracle_non_tumor_002.png,test_076_tile_embeddings_standard_oracle_non_tumor_002
c16_native,test_067,test_067_tile_embeddings,705995140d50005e,67840,99840,256,20,0.8504638671875,0,0.0,0,0,oracle_non_tumor,1,a50fbde29aa04e9d829a4580fd5c68b8,a50fbde29aa04e9d829a4580fd5c68b8,standard,0,0,vlm_patches/test_067_tile_embeddings/standard/oracle_non_tumor/test_067_tile_embeddings_standard_oracle_non_tumor_000.png,s3://pershin-medailab/Pathomorphology/CAMELYON/mil/vlm_patches/c16_abmil_vlm_patches_a50fbde29aa04e9d829a4580fd5c68b8.tar.gz!/vlm_patches/test_067_tile_embeddings/standard/oracle_non_tumor/test_067_tile_embeddings_standard_oracle_non_tumor_000.png,test_067_tile_embeddings_standard_oracle_non_tumor_000
c16_native,test_067,test_067_tile_embeddings,49732b0788b89fac,27904,89088,256,20,0.790130615234375,0,0.0,0,0,oracle_non_tumor,2,a50fbde29aa04e9d829a4580fd5c68b8,a50fbde29aa04e9d829a4580fd5c68b8,standard,0,0,vlm_patches/test_067_tile_embeddings/standard/oracle_non_tumor/test_067_tile_embeddings_standard_oracle_non_tumor_001.png,s3://pershin-medailab/Pathomorphology/CAMELYON/mil/vlm_patches/c16_abmil_vlm_patches_a50fbde29aa04e9d829a4580fd5c68b8.tar.gz!/vlm_patches/test_067_tile_embeddings/standard/oracle_non_tumor/test_067_tile_embeddings_standard_oracle_non_tumor_001.png,test_067_tile_embeddings_standard_oracle_non_tumor_001
c16_native,test_067,test_067_tile_embeddings,629d5d580fa9c72e,56576,130816,256,20,0.0502777099609375,0,0.0,0,0,oracle_non_tumor,3,a50fbde29aa04e9d829a4580fd5c68b8,a50fbde29aa04e9d829a4580fd5c68b8,standard,0,0,vlm_patches/test_067_tile_embeddings/standard/oracle_non_tumor/test_067_tile_embeddings_standard_oracle_non_tumor_002.png,s3://pershin-medailab/Pathomorphology/CAMELYON/mil/vlm_patches/c16_abmil_vlm_patches_a50fbde29aa04e9d829a4580fd5c68b8.tar.gz!/vlm_patches/test_067_tile_embeddings/standard/oracle_non_tumor/test_067_tile_embeddings_standard_oracle_non_tumor_002.png,test_067_tile_embeddings_standard_oracle_non_tumor_002
c16_native,test_103,test_103_tile_embeddings,d9c1d112ede51dec,58112,164608,256,20,0.85186767578125,0,0.0,0,0,oracle_non_tumor,1,a50fbde29aa04e9d829a4580fd5c68b8,a50fbde29aa04e9d829a4580fd5c68b8,standard,0,0,vlm_patches/test_103_tile_embeddings/standard/oracle_non_tumor/test_103_tile_embeddings_standard_oracle_non_tumor_000.png,s3://pershin-medailab/Pathomorphology/CAMELYON/mil/vlm_patches/c16_abmil_vlm_patches_a50fbde29aa04e9d829a4580fd5c68b8.tar.gz!/vlm_patches/test_103_tile_embeddings/standard/oracle_non_tumor/test_103_tile_embeddings_standard_oracle_non_tumor_000.png,test_103_tile_embeddings_standard_oracle_non_tumor_000
c16_native,test_103,test_103_tile_embeddings,cde89f73b263f405,59136,105984,256,20,0.871826171875,0,0.0,0,0,oracle_non_tumor,2,a50fbde29aa04e9d829a4580fd5c68b8,a50fbde29aa04e9d829a4580fd5c68b8,standard,0,0,vlm_patches/test_103_tile_embeddings/standard/oracle_non_tumor/test_103_tile_embeddings_standard_oracle_non_tumor_001.png,s3://pershin-medailab/Pathomorphology/CAMELYON/mil/vlm_patches/c16_abmil_vlm_patches_a50fbde29aa04e9d829a4580fd5c68b8.tar.gz!/vlm_patches/test_103_tile_embeddings/standard/oracle_non_tumor/test_103_tile_embeddings_standard_oracle_non_tumor_001.png,test_103_tile_embeddings_standard_oracle_non_tumor_001
c16_native,test_103,test_103_tile_embeddings,bd18375dbfa52678,63232,150016,256,20,3.0517578125e-05,0,0.0,0,0,oracle_non_tumor,3,a50fbde29aa04e9d829a4580fd5c68b8,a50fbde29aa04e9d829a4580fd5c68b8,standard,0,0,vlm_patches/test_103_tile_embeddings/standard/oracle_non_tumor/test_103_tile_embeddings_standard_oracle_non_tumor_002.png,s3://pershin-medailab/Pathomorphology/CAMELYON/mil/vlm_patches/c16_abmil_vlm_patches_a50fbde29aa04e9d829a4580fd5c68b8.tar.gz!/vlm_patches/test_103_tile_embeddings/standard/oracle_non_tumor/test_103_tile_embeddings_standard_oracle_non_tumor_002.png,test_103_tile_embeddings_standard_oracle_non_tumor_002
c16_native,test_123,test_123_tile_embeddings,ce2cfd07aaec0d17,44800,90880,256,20,0.3670806884765625,0,0.0,0,0,oracle_non_tumor,1,a50fbde29aa04e9d829a4580fd5c68b8,a50fbde29aa04e9d829a4580fd5c68b8,standard,0,0,vlm_patches/test_123_tile_embeddings/standard/oracle_non_tumor/test_123_tile_embeddings_standard_oracle_non_tumor_000.png,s3://pershin-medailab/Pathomorphology/CAMELYON/mil/vlm_patches/c16_abmil_vlm_patches_a50fbde29aa04e9d829a4580fd5c68b8.tar.gz!/vlm_patches/test_123_tile_embeddings/standard/oracle_non_tumor/test_123_tile_embeddings_standard_oracle_non_tumor_000.png,test_123_tile_embeddings_standard_oracle_non_tumor_000
c16_native,test_123,test_123_tile_embeddings,f0d5212bf3b612ae,25856,73216,256,20,0.0867156982421875,0,0.0,0,0,oracle_non_tumor,2,a50fbde29aa04e9d829a4580fd5c68b8,a50fbde29aa04e9d829a4580fd5c68b8,standard,0,0,vlm_patches/test_123_tile_embeddings/standard/oracle_non_tumor/test_123_tile_embeddings_standard_oracle_non_tumor_001.png,s3://pershin-medailab/Pathomorphology/CAMELYON/mil/vlm_patches/c16_abmil_vlm_patches_a50fbde29aa04e9d829a4580fd5c68b8.tar.gz!/vlm_patches/test_123_tile_embeddings/standard/oracle_non_tumor/test_123_tile_embeddings_standard_oracle_non_tumor_001.png,test_123_tile_embeddings_standard_oracle_non_tumor_001
c16_native,test_123,test_123_tile_embeddings,2017546cbffaded7,36608,84480,256,20,0.2484130859375,0,0.0,0,0,oracle_non_tumor,3,a50fbde29aa04e9d829a4580fd5c68b8,a50fbde29aa04e9d829a4580fd5c68b8,standard,0,0,vlm_patches/test_123_tile_embeddings/standard/oracle_non_tumor/test_123_tile_embeddings_standard_oracle_non_tumor_002.png,s3://pershin-medailab/Pathomorphology/CAMELYON/mil/vlm_patches/c16_abmil_vlm_patches_a50fbde29aa04e9d829a4580fd5c68b8.tar.gz!/vlm_patches/test_123_tile_embeddings/standard/oracle_non_tumor/test_123_tile_embeddings_standard_oracle_non_tumor_002.png,test_123_tile_embeddings_standard_oracle_non_tumor_002
c16_native,test_007,test_007_tile_embeddings,99826329213da683,83968,106752,256,20,0.792449951171875,0,0.0,0,0,oracle_non_tumor,1,a50fbde29aa04e9d829a4580fd5c68b8,a50fbde29aa04e9d829a4580fd5c68b8,standard,0,0,vlm_patches/test_007_tile_embeddings/standard/oracle_non_tumor/test_007_tile_embeddings_standard_oracle_non_tumor_000.png,s3://pershin-medailab/Pathomorphology/CAMELYON/mil/vlm_patches/c16_abmil_vlm_patches_a50fbde29aa04e9d829a4580fd5c68b8.tar.gz!/vlm_patches/test_007_tile_embeddings/standard/oracle_non_tumor/test_007_tile_embeddings_standard_oracle_non_tumor_000.png,test_007_tile_embeddings_standard_oracle_non_tumor_000
c16_native,test_007,test_007_tile_embeddings,c541d828da66b191,33792,135680,256,20,0.446624755859375,0,0.0,0,0,oracle_non_tumor,2,a50fbde29aa04e9d829a4580fd5c68b8,a50fbde29aa04e9d829a4580fd5c68b8,standard,0,0,vlm_patches/test_007_tile_embeddings/standard/oracle_non_tumor/test_007_tile_embeddings_standard_oracle_non_tumor_001.png,s3://pershin-medailab/Pathomorphology/CAMELYON/mil/vlm_patches/c16_abmil_vlm_patches_a50fbde29aa04e9d829a4580fd5c68b8.tar.gz!/vlm_patches/test_007_tile_embeddings/standard/oracle_non_tumor/test_007_tile_embeddings_standard_oracle_non_tumor_001.png,test_007_tile_embeddings_standard_oracle_non_tumor_001
c16_native,test_007,test_007_tile_embeddings,36d4be7307d7b761,59392,112384,256,20,0.0147247314453125,0,0.0,0,0,oracle_non_tumor,3,a50fbde29aa04e9d829a4580fd5c68b8,a50fbde29aa04e9d829a4580fd5c68b8,standard,0,0,vlm_patches/test_007_tile_embeddings/standard/oracle_non_tumor/test_007_tile_embeddings_standard_oracle_non_tumor_002.png,s3://pershin-medailab/Pathomorphology/CAMELYON/mil/vlm_patches/c16_abmil_vlm_patches_a50fbde29aa04e9d829a4580fd5c68b8.tar.gz!/vlm_patches/test_007_tile_embeddings/standard/oracle_non_tumor/test_007_tile_embeddings_standard_oracle_non_tumor_002.png,test_007_tile_embeddings_standard_oracle_non_tumor_002
c16_native,test_082,test_082_tile_embeddings,b54731e419463975,35840,84736,256,20,0.0436859130859375,0,0.0,0,0,oracle_non_tumor,1,a50fbde29aa04e9d829a4580fd5c68b8,a50fbde29aa04e9d829a4580fd5c68b8,standard,0,0,vlm_patches/test_082_tile_embeddings/standard/oracle_non_tumor/test_082_tile_embeddings_standard_oracle_non_tumor_000.png,s3://pershin-medailab/Pathomorphology/CAMELYON/mil/vlm_patches/c16_abmil_vlm_patches_a50fbde29aa04e9d829a4580fd5c68b8.tar.gz!/vlm_patches/test_082_tile_embeddings/standard/oracle_non_tumor/test_082_tile_embeddings_standard_oracle_non_tumor_000.png,test_082_tile_embeddings_standard_oracle_non_tumor_000
c16_native,test_082,test_082_tile_embeddings,b04308c7dc78de31,43776,174848,256,20,0.8961944580078125,0,0.0,0,0,oracle_non_tumor,2,a50fbde29aa04e9d829a4580fd5c68b8,a50fbde29aa04e9d829a4580fd5c68b8,standard,0,0,vlm_patches/test_082_tile_embeddings/standard/oracle_non_tumor/test_082_tile_embeddings_standard_oracle_non_tumor_001.png,s3://pershin-medailab/Pathomorphology/CAMELYON/mil/vlm_patches/c16_abmil_vlm_patches_a50fbde29aa04e9d829a4580fd5c68b8.tar.gz!/vlm_patches/test_082_tile_embeddings/standard/oracle_non_tumor/test_082_tile_embeddings_standard_oracle_non_tumor_001.png,test_082_tile_embeddings_standard_oracle_non_tumor_001
c16_native,test_082,test_082_tile_embeddings,c3b1fa975d23ffd7,68352,176896,256,20,0.020263671875,0,0.0,0,0,oracle_non_tumor,3,a50fbde29aa04e9d829a4580fd5c68b8,a50fbde29aa04e9d829a4580fd5c68b8,standard,0,0,vlm_patches/test_082_tile_embeddings/standard/oracle_non_tumor/test_082_tile_embeddings_standard_oracle_non_tumor_002.png,s3://pershin-medailab/Pathomorphology/CAMELYON/mil/vlm_patches/c16_abmil_vlm_patches_a50fbde29aa04e9d829a4580fd5c68b8.tar.gz!/vlm_patches/test_082_tile_embeddings/standard/oracle_non_tumor/test_082_tile_embeddings_standard_oracle_non_tumor_002.png,test_082_tile_embeddings_standard_oracle_non_tumor_002
c16_native,test_016,test_016_tile_embeddings,26bc96190e9d3192,63744,32768,256,20,0.254547119140625,0,0.0,0,0,oracle_non_tumor,1,a50fbde29aa04e9d829a4580fd5c68b8,a50fbde29aa04e9d829a4580fd5c68b8,standard,0,0,vlm_patches/test_016_tile_embeddings/standard/oracle_non_tumor/test_016_tile_embeddings_standard_oracle_non_tumor_000.png,s3://pershin-medailab/Pathomorphology/CAMELYON/mil/vlm_patches/c16_abmil_vlm_patches_a50fbde29aa04e9d829a4580fd5c68b8.tar.gz!/vlm_patches/test_016_tile_embeddings/standard/oracle_non_tumor/test_016_tile_embeddings_standard_oracle_non_tumor_000.png,test_016_tile_embeddings_standard_oracle_non_tumor_000
c16_native,test_016,test_016_tile_embeddings,0fba69cbb2c6a7c4,54528,44288,256,20,0.2517242431640625,0,0.0,0,0,oracle_non_tumor,2,a50fbde29aa04e9d829a4580fd5c68b8,a50fbde29aa04e9d829a4580fd5c68b8,standard,0,0,vlm_patches/test_016_tile_embeddings/standard/oracle_non_tumor/test_016_tile_embeddings_standard_oracle_non_tumor_001.png,s3://pershin-medailab/Pathomorphology/CAMELYON/mil/vlm_patches/c16_abmil_vlm_patches_a50fbde29aa04e9d829a4580fd5c68b8.tar.gz!/vlm_patches/test_016_tile_embeddings/standard/oracle_non_tumor/test_016_tile_embeddings_standard_oracle_non_tumor_001.png,test_016_tile_embeddings_standard_oracle_non_tumor_001
c16_native,test_016,test_016_tile_embeddings,d74ae09276cec6eb,54272,35328,256,20,0.2307281494140625,0,0.0,0,0,oracle_non_tumor,3,a50fbde29aa04e9d829a4580fd5c68b8,a50fbde29aa04e9d829a4580fd5c68b8,standard,0,0,vlm_patches/test_016_tile_embeddings/standard/oracle_non_tumor/test_016_tile_embeddings_standard_oracle_non_tumor_002.png,s3://pershin-medailab/Pathomorphology/CAMELYON/mil/vlm_patches/c16_abmil_vlm_patches_a50fbde29aa04e9d829a4580fd5c68b8.tar.gz!/vlm_patches/test_016_tile_embeddings/standard/oracle_non_tumor/test_016_tile_embeddings_standard_oracle_non_tumor_002.png,test_016_tile_embeddings_standard_oracle_non_tumor_002
c16_native,test_027,test_027_tile_embeddings,b5b6eeac744ec928,30720,129792,256,20,0.449249267578125,0,0.0,0,0,oracle_non_tumor,1,a50fbde29aa04e9d829a4580fd5c68b8,a50fbde29aa04e9d829a4580fd5c68b8,standard,0,0,vlm_patches/test_027_tile_embeddings/standard/oracle_non_tumor/test_027_tile_embeddings_standard_oracle_non_tumor_000.png,s3://pershin-medailab/Pathomorphology/CAMELYON/mil/vlm_patches/c16_abmil_vlm_patches_a50fbde29aa04e9d829a4580fd5c68b8.tar.gz!/vlm_patches/test_027_tile_embeddings/standard/oracle_non_tumor/test_027_tile_embeddings_standard_oracle_non_tumor_000.png,test_027_tile_embeddings_standard_oracle_non_tumor_000
c16_native,test_027,test_027_tile_embeddings,41920901e2f78c0b,47872,147968,256,20,0.241851806640625,0,0.0,0,0,oracle_non_tumor,2,a50fbde29aa04e9d829a4580fd5c68b8,a50fbde29aa04e9d829a4580fd5c68b8,standard,0,0,vlm_patches/test_027_tile_embeddings/standard/oracle_non_tumor/test_027_tile_embeddings_standard_oracle_non_tumor_001.png,s3://pershin-medailab/Pathomorphology/CAMELYON/mil/vlm_patches/c16_abmil_vlm_patches_a50fbde29aa04e9d829a4580fd5c68b8.tar.gz!/vlm_patches/test_027_tile_embeddings/standard/oracle_non_tumor/test_027_tile_embeddings_standard_oracle_non_tumor_001.png,test_027_tile_embeddings_standard_oracle_non_tumor_001
c16_native,test_027,test_027_tile_embeddings,f82b731874516493,50944,102912,256,20,0.802581787109375,0,0.0,0,0,oracle_non_tumor,3,a50fbde29aa04e9d829a4580fd5c68b8,a50fbde29aa04e9d829a4580fd5c68b8,standard,0,0,vlm_patches/test_027_tile_embeddings/standard/oracle_non_tumor/test_027_tile_embeddings_standard_oracle_non_tumor_002.png,s3://pershin-medailab/Pathomorphology/CAMELYON/mil/vlm_patches/c16_abmil_vlm_patches_a50fbde29aa04e9d829a4580fd5c68b8.tar.gz!/vlm_patches/test_027_tile_embeddings/standard/oracle_non_tumor/test_027_tile_embeddings_standard_oracle_non_tumor_002.png,test_027_tile_embeddings_standard_oracle_non_tumor_002
c16_native,test_100,test_100_tile_embeddings,517347a3720c109e,73216,131328,256,20,0.00152587890625,0,0.0,0,0,oracle_non_tumor,1,a50fbde29aa04e9d829a4580fd5c68b8,a50fbde29aa04e9d829a4580fd5c68b8,standard,0,0,vlm_patches/test_100_tile_embeddings/standard/oracle_non_tumor/test_100_tile_embeddings_standard_oracle_non_tumor_000.png,s3://pershin-medailab/Pathomorphology/CAMELYON/mil/vlm_patches/c16_abmil_vlm_patches_a50fbde29aa04e9d829a4580fd5c68b8.tar.gz!/vlm_patches/test_100_tile_embeddings/standard/oracle_non_tumor/test_100_tile_embeddings_standard_oracle_non_tumor_000.png,test_100_tile_embeddings_standard_oracle_non_tumor_000
c16_native,test_100,test_100_tile_embeddings,9d287b76a1cc5f87,55552,112640,256,20,0.8577423095703125,0,0.0,0,0,oracle_non_tumor,2,a50fbde29aa04e9d829a4580fd5c68b8,a50fbde29aa04e9d829a4580fd5c68b8,standard,0,0,vlm_patches/test_100_tile_embeddings/standard/oracle_non_tumor/test_100_tile_embeddings_standard_oracle_non_tumor_001.png,s3://pershin-medailab/Pathomorphology/CAMELYON/mil/vlm_patches/c16_abmil_vlm_patches_a50fbde29aa04e9d829a4580fd5c68b8.tar.gz!/vlm_patches/test_100_tile_embeddings/standard/oracle_non_tumor/test_100_tile_embeddings_standard_oracle_non_tumor_001.png,test_100_tile_embeddings_standard_oracle_non_tumor_001
c16_native,test_100,test_100_tile_embeddings,446c9c002bee18e0,82688,52992,256,20,0.95709228515625,0,0.0,0,0,oracle_non_tumor,3,a50fbde29aa04e9d829a4580fd5c68b8,a50fbde29aa04e9d829a4580fd5c68b8,standard,0,0,vlm_patches/test_100_tile_embeddings/standard/oracle_non_tumor/test_100_tile_embeddings_standard_oracle_non_tumor_002.png,s3://pershin-medailab/Pathomorphology/CAMELYON/mil/vlm_patches/c16_abmil_vlm_patches_a50fbde29aa04e9d829a4580fd5c68b8.tar.gz!/vlm_patches/test_100_tile_embeddings/standard/oracle_non_tumor/test_100_tile_embeddings_standard_oracle_non_tumor_002.png,test_100_tile_embeddings_standard_oracle_non_tumor_002
c16_native,test_094,test_094_tile_embeddings,d74afaed140212d8,25088,63488,256,20,0.801422119140625,0,0.0,0,0,oracle_non_tumor,1,a50fbde29aa04e9d829a4580fd5c68b8,a50fbde29aa04e9d829a4580fd5c68b8,standard,0,0,vlm_patches/test_094_tile_embeddings/standard/oracle_non_tumor/test_094_tile_embeddings_standard_oracle_non_tumor_000.png,s3://pershin-medailab/Pathomorphology/CAMELYON/mil/vlm_patches/c16_abmil_vlm_patches_a50fbde29aa04e9d829a4580fd5c68b8.tar.gz!/vlm_patches/test_094_tile_embeddings/standard/oracle_non_tumor/test_094_tile_embeddings_standard_oracle_non_tumor_000.png,test_094_tile_embeddings_standard_oracle_non_tumor_000
c16_native,test_094,test_094_tile_embeddings,88d5fe9d6db49003,29184,61696,256,20,0.8494415283203125,0,0.0,0,0,oracle_non_tumor,2,a50fbde29aa04e9d829a4580fd5c68b8,a50fbde29aa04e9d829a4580fd5c68b8,standard,0,0,vlm_patches/test_094_tile_embeddings/standard/oracle_non_tumor/test_094_tile_embeddings_standard_oracle_non_tumor_001.png,s3://pershin-medailab/Pathomorphology/CAMELYON/mil/vlm_patches/c16_abmil_vlm_patches_a50fbde29aa04e9d829a4580fd5c68b8.tar.gz!/vlm_patches/test_094_tile_embeddings/standard/oracle_non_tumor/test_094_tile_embeddings_standard_oracle_non_tumor_001.png,test_094_tile_embeddings_standard_oracle_non_tumor_001
c16_native,test_094,test_094_tile_embeddings,9ecb2c10c1530e10,20224,19200,256,20,0.010833740234375,0,0.0,0,0,oracle_non_tumor,3,a50fbde29aa04e9d829a4580fd5c68b8,a50fbde29aa04e9d829a4580fd5c68b8,standard,0,0,vlm_patches/test_094_tile_embeddings/standard/oracle_non_tumor/test_094_tile_embeddings_standard_oracle_non_tumor_002.png,s3://pershin-medailab/Pathomorphology/CAMELYON/mil/vlm_patches/c16_abmil_vlm_patches_a50fbde29aa04e9d829a4580fd5c68b8.tar.gz!/vlm_patches/test_094_tile_embeddings/standard/oracle_non_tumor/test_094_tile_embeddings_standard_oracle_non_tumor_002.png,test_094_tile_embeddings_standard_oracle_non_tumor_002
c16_native,test_115,test_115_tile_embeddings,66a4d5961b8e4da4,48384,83712,256,20,0.946319580078125,0,0.0,0,0,oracle_non_tumor,1,a50fbde29aa04e9d829a4580fd5c68b8,a50fbde29aa04e9d829a4580fd5c68b8,standard,0,0,vlm_patches/test_115_tile_embeddings/standard/oracle_non_tumor/test_115_tile_embeddings_standard_oracle_non_tumor_000.png,s3://pershin-medailab/Pathomorphology/CAMELYON/mil/vlm_patches/c16_abmil_vlm_patches_a50fbde29aa04e9d829a4580fd5c68b8.tar.gz!/vlm_patches/test_115_tile_embeddings/standard/oracle_non_tumor/test_115_tile_embeddings_standard_oracle_non_tumor_000.png,test_115_tile_embeddings_standard_oracle_non_tumor_000
c16_native,test_115,test_115_tile_embeddings,a7222543c77d5d35,51712,95744,256,20,0.127532958984375,0,0.0,0,0,oracle_non_tumor,2,a50fbde29aa04e9d829a4580fd5c68b8,a50fbde29aa04e9d829a4580fd5c68b8,standard,0,0,vlm_patches/test_115_tile_embeddings/standard/oracle_non_tumor/test_115_tile_embeddings_standard_oracle_non_tumor_001.png,s3://pershin-medailab/Pathomorphology/CAMELYON/mil/vlm_patches/c16_abmil_vlm_patches_a50fbde29aa04e9d829a4580fd5c68b8.tar.gz!/vlm_patches/test_115_tile_embeddings/standard/oracle_non_tumor/test_115_tile_embeddings_standard_oracle_non_tumor_001.png,test_115_tile_embeddings_standard_oracle_non_tumor_001
c16_native,test_115,test_115_tile_embeddings,467cda923fbc46bf,61696,107264,256,20,0.01654052734375,0,0.0,0,0,oracle_non_tumor,3,a50fbde29aa04e9d829a4580fd5c68b8,a50fbde29aa04e9d829a4580fd5c68b8,standard,0,0,vlm_patches/test_115_tile_embeddings/standard/oracle_non_tumor/test_115_tile_embeddings_standard_oracle_non_tumor_002.png,s3://pershin-medailab/Pathomorphology/CAMELYON/mil/vlm_patches/c16_abmil_vlm_patches_a50fbde29aa04e9d829a4580fd5c68b8.tar.gz!/vlm_patches/test_115_tile_embeddings/standard/oracle_non_tumor/test_115_tile_embeddings_standard_oracle_non_tumor_002.png,test_115_tile_embeddings_standard_oracle_non_tumor_002
c16_native,test_079,test_079_tile_embeddings,63240240c4464e0b,36096,39168,256,20,0.0003662109375,0,0.0,0,0,oracle_non_tumor,1,a50fbde29aa04e9d829a4580fd5c68b8,a50fbde29aa04e9d829a4580fd5c68b8,standard,0,0,vlm_patches/test_079_tile_embeddings/standard/oracle_non_tumor/test_079_tile_embeddings_standard_oracle_non_tumor_000.png,s3://pershin-medailab/Pathomorphology/CAMELYON/mil/vlm_patches/c16_abmil_vlm_patches_a50fbde29aa04e9d829a4580fd5c68b8.tar.gz!/vlm_patches/test_079_tile_embeddings/standard/oracle_non_tumor/test_079_tile_embeddings_standard_oracle_non_tumor_000.png,test_079_tile_embeddings_standard_oracle_non_tumor_000
c16_native,test_079,test_079_tile_embeddings,daf94fb3c83fdfeb,42496,68608,256,20,0.9915924072265624,0,0.0,0,0,oracle_non_tumor,2,a50fbde29aa04e9d829a4580fd5c68b8,a50fbde29aa04e9d829a4580fd5c68b8,standard,0,0,vlm_patches/test_079_tile_embeddings/standard/oracle_non_tumor/test_079_tile_embeddings_standard_oracle_non_tumor_001.png,s3://pershin-medailab/Pathomorphology/CAMELYON/mil/vlm_patches/c16_abmil_vlm_patches_a50fbde29aa04e9d829a4580fd5c68b8.tar.gz!/vlm_patches/test_079_tile_embeddings/standard/oracle_non_tumor/test_079_tile_embeddings_standard_oracle_non_tumor_001.png,test_079_tile_embeddings_standard_oracle_non_tumor_001
c16_native,test_079,test_079_tile_embeddings,e68664f4be99cf67,23296,41216,256,20,0.0018768310546875,0,0.0,0,0,oracle_non_tumor,3,a50fbde29aa04e9d829a4580fd5c68b8,a50fbde29aa04e9d829a4580fd5c68b8,standard,0,0,vlm_patches/test_079_tile_embeddings/standard/oracle_non_tumor/test_079_tile_embeddings_standard_oracle_non_tumor_002.png,s3://pershin-medailab/Pathomorphology/CAMELYON/mil/vlm_patches/c16_abmil_vlm_patches_a50fbde29aa04e9d829a4580fd5c68b8.tar.gz!/vlm_patches/test_079_tile_embeddings/standard/oracle_non_tumor/test_079_tile_embeddings_standard_oracle_non_tumor_002.png,test_079_tile_embeddings_standard_oracle_non_tumor_002
c16_native,test_032,test_032_tile_embeddings,2e927b5f83d79ce6,84992,150528,256,20,0.0,0,0.0,0,0,oracle_non_tumor,1,a50fbde29aa04e9d829a4580fd5c68b8,a50fbde29aa04e9d829a4580fd5c68b8,standard,0,0,vlm_patches/test_032_tile_embeddings/standard/oracle_non_tumor/test_032_tile_embeddings_standard_oracle_non_tumor_000.png,s3://pershin-medailab/Pathomorphology/CAMELYON/mil/vlm_patches/c16_abmil_vlm_patches_a50fbde29aa04e9d829a4580fd5c68b8.tar.gz!/vlm_patches/test_032_tile_embeddings/standard/oracle_non_tumor/test_032_tile_embeddings_standard_oracle_non_tumor_000.png,test_032_tile_embeddings_standard_oracle_non_tumor_000
c16_native,test_032,test_032_tile_embeddings,bbebbdfdcf50e55e,61952,119552,256,20,0.8698272705078125,0,0.0,0,0,oracle_non_tumor,2,a50fbde29aa04e9d829a4580fd5c68b8,a50fbde29aa04e9d829a4580fd5c68b8,standard,0,0,vlm_patches/test_032_tile_embeddings/standard/oracle_non_tumor/test_032_tile_embeddings_standard_oracle_non_tumor_001.png,s3://pershin-medailab/Pathomorphology/CAMELYON/mil/vlm_patches/c16_abmil_vlm_patches_a50fbde29aa04e9d829a4580fd5c68b8.tar.gz!/vlm_patches/test_032_tile_embeddings/standard/oracle_non_tumor/test_032_tile_embeddings_standard_oracle_non_tumor_001.png,test_032_tile_embeddings_standard_oracle_non_tumor_001
c16_native,test_032,test_032_tile_embeddings,2fcc6bdef946b3d1,54528,125184,256,20,0.428314208984375,0,0.0,0,0,oracle_non_tumor,3,a50fbde29aa04e9d829a4580fd5c68b8,a50fbde29aa04e9d829a4580fd5c68b8,standard,0,0,vlm_patches/test_032_tile_embeddings/standard/oracle_non_tumor/test_032_tile_embeddings_standard_oracle_non_tumor_002.png,s3://pershin-medailab/Pathomorphology/CAMELYON/mil/vlm_patches/c16_abmil_vlm_patches_a50fbde29aa04e9d829a4580fd5c68b8.tar.gz!/vlm_patches/test_032_tile_embeddings/standard/oracle_non_tumor/test_032_tile_embeddings_standard_oracle_non_tumor_002.png,test_032_tile_embeddings_standard_oracle_non_tumor_002
c16_native,test_035,test_035_tile_embeddings,4e09b94ebcba1114,65024,99072,256,20,0.559722900390625,0,0.0,0,0,oracle_non_tumor,1,a50fbde29aa04e9d829a4580fd5c68b8,a50fbde29aa04e9d829a4580fd5c68b8,standard,0,0,vlm_patches/test_035_tile_embeddings/standard/oracle_non_tumor/test_035_tile_embeddings_standard_oracle_non_tumor_000.png,s3://pershin-medailab/Pathomorphology/CAMELYON/mil/vlm_patches/c16_abmil_vlm_patches_a50fbde29aa04e9d829a4580fd5c68b8.tar.gz!/vlm_patches/test_035_tile_embeddings/standard/oracle_non_tumor/test_035_tile_embeddings_standard_oracle_non_tumor_000.png,test_035_tile_embeddings_standard_oracle_non_tumor_000
c16_native,test_035,test_035_tile_embeddings,396e4fe87f293700,47616,99840,256,20,0.1995849609375,0,0.0,0,0,oracle_non_tumor,2,a50fbde29aa04e9d829a4580fd5c68b8,a50fbde29aa04e9d829a4580fd5c68b8,standard,0,0,vlm_patches/test_035_tile_embeddings/standard/oracle_non_tumor/test_035_tile_embeddings_standard_oracle_non_tumor_001.png,s3://pershin-medailab/Pathomorphology/CAMELYON/mil/vlm_patches/c16_abmil_vlm_patches_a50fbde29aa04e9d829a4580fd5c68b8.tar.gz!/vlm_patches/test_035_tile_embeddings/standard/oracle_non_tumor/test_035_tile_embeddings_standard_oracle_non_tumor_001.png,test_035_tile_embeddings_standard_oracle_non_tumor_001
c16_native,test_035,test_035_tile_embeddings,e414e42d4998f908,39680,103168,256,20,0.919952392578125,0,0.0,0,0,oracle_non_tumor,3,a50fbde29aa04e9d829a4580fd5c68b8,a50fbde29aa04e9d829a4580fd5c68b8,standard,0,0,vlm_patches/test_035_tile_embeddings/standard/oracle_non_tumor/test_035_tile_embeddings_standard_oracle_non_tumor_002.png,s3://pershin-medailab/Pathomorphology/CAMELYON/mil/vlm_patches/c16_abmil_vlm_patches_a50fbde29aa04e9d829a4580fd5c68b8.tar.gz!/vlm_patches/test_035_tile_embeddings/standard/oracle_non_tumor/test_035_tile_embeddings_standard_oracle_non_tumor_002.png,test_035_tile_embeddings_standard_oracle_non_tumor_002
c16_native,test_085,test_085_tile_embeddings,8b685a0c5649401d,69888,111616,256,20,0.057403564453125,0,0.0,0,0,oracle_non_tumor,1,a50fbde29aa04e9d829a4580fd5c68b8,a50fbde29aa04e9d829a4580fd5c68b8,standard,0,0,vlm_patches/test_085_tile_embeddings/standard/oracle_non_tumor/test_085_tile_embeddings_standard_oracle_non_tumor_000.png,s3://pershin-medailab/Pathomorphology/CAMELYON/mil/vlm_patches/c16_abmil_vlm_patches_a50fbde29aa04e9d829a4580fd5c68b8.tar.gz!/vlm_patches/test_085_tile_embeddings/standard/oracle_non_tumor/test_085_tile_embeddings_standard_oracle_non_tumor_000.png,test_085_tile_embeddings_standard_oracle_non_tumor_000
c16_native,test_085,test_085_tile_embeddings,a63b754806fe346c,68352,110848,256,20,0.0080413818359375,0,0.0,0,0,oracle_non_tumor,2,a50fbde29aa04e9d829a4580fd5c68b8,a50fbde29aa04e9d829a4580fd5c68b8,standard,0,0,vlm_patches/test_085_tile_embeddings/standard/oracle_non_tumor/test_085_tile_embeddings_standard_oracle_non_tumor_001.png,s3://pershin-medailab/Pathomorphology/CAMELYON/mil/vlm_patches/c16_abmil_vlm_patches_a50fbde29aa04e9d829a4580fd5c68b8.tar.gz!/vlm_patches/test_085_tile_embeddings/standard/oracle_non_tumor/test_085_tile_embeddings_standard_oracle_non_tumor_001.png,test_085_tile_embeddings_standard_oracle_non_tumor_001
c16_native,test_085,test_085_tile_embeddings,a8f862aec91cb375,72192,119040,256,20,0.89080810546875,0,0.0,0,0,oracle_non_tumor,3,a50fbde29aa04e9d829a4580fd5c68b8,a50fbde29aa04e9d829a4580fd5c68b8,standard,0,0,vlm_patches/test_085_tile_embeddings/standard/oracle_non_tumor/test_085_tile_embeddings_standard_oracle_non_tumor_002.png,s3://pershin-medailab/Pathomorphology/CAMELYON/mil/vlm_patches/c16_abmil_vlm_patches_a50fbde29aa04e9d829a4580fd5c68b8.tar.gz!/vlm_patches/test_085_tile_embeddings/standard/oracle_non_tumor/test_085_tile_embeddings_standard_oracle_non_tumor_002.png,test_085_tile_embeddings_standard_oracle_non_tumor_002
c16_native,test_024,test_024_tile_embeddings,86530de6bcaed656,34304,128000,256,20,0.095672607421875,0,0.0,0,0,oracle_non_tumor,1,a50fbde29aa04e9d829a4580fd5c68b8,a50fbde29aa04e9d829a4580fd5c68b8,standard,0,0,vlm_patches/test_024_tile_embeddings/standard/oracle_non_tumor/test_024_tile_embeddings_standard_oracle_non_tumor_000.png,s3://pershin-medailab/Pathomorphology/CAMELYON/mil/vlm_patches/c16_abmil_vlm_patches_a50fbde29aa04e9d829a4580fd5c68b8.tar.gz!/vlm_patches/test_024_tile_embeddings/standard/oracle_non_tumor/test_024_tile_embeddings_standard_oracle_non_tumor_000.png,test_024_tile_embeddings_standard_oracle_non_tumor_000
c16_native,test_024,test_024_tile_embeddings,d3fba546b587db8b,26368,125184,256,20,0.0215301513671875,0,0.0,0,0,oracle_non_tumor,2,a50fbde29aa04e9d829a4580fd5c68b8,a50fbde29aa04e9d829a4580fd5c68b8,standard,0,0,vlm_patches/test_024_tile_embeddings/standard/oracle_non_tumor/test_024_tile_embeddings_standard_oracle_non_tumor_001.png,s3://pershin-medailab/Pathomorphology/CAMELYON/mil/vlm_patches/c16_abmil_vlm_patches_a50fbde29aa04e9d829a4580fd5c68b8.tar.gz!/vlm_patches/test_024_tile_embeddings/standard/oracle_non_tumor/test_024_tile_embeddings_standard_oracle_non_tumor_001.png,test_024_tile_embeddings_standard_oracle_non_tumor_001
c16_native,test_024,test_024_tile_embeddings,a27741205d712313,49408,135168,256,20,0.606475830078125,0,0.0,0,0,oracle_non_tumor,3,a50fbde29aa04e9d829a4580fd5c68b8,a50fbde29aa04e9d829a4580fd5c68b8,standard,0,0,vlm_patches/test_024_tile_embeddings/standard/oracle_non_tumor/test_024_tile_embeddings_standard_oracle_non_tumor_002.png,s3://pershin-medailab/Pathomorphology/CAMELYON/mil/vlm_patches/c16_abmil_vlm_patches_a50fbde29aa04e9d829a4580fd5c68b8.tar.gz!/vlm_patches/test_024_tile_embeddings/standard/oracle_non_tumor/test_024_tile_embeddings_standard_oracle_non_tumor_002.png,test_024_tile_embeddings_standard_oracle_non_tumor_002
c16_native,test_122,test_122_tile_embeddings,b9a9a2680c13f530,38400,54272,256,20,0.806365966796875,0,0.0,0,0,oracle_non_tumor,1,a50fbde29aa04e9d829a4580fd5c68b8,a50fbde29aa04e9d829a4580fd5c68b8,standard,0,0,vlm_patches/test_122_tile_embeddings/standard/oracle_non_tumor/test_122_tile_embeddings_standard_oracle_non_tumor_000.png,s3://pershin-medailab/Pathomorphology/CAMELYON/mil/vlm_patches/c16_abmil_vlm_patches_a50fbde29aa04e9d829a4580fd5c68b8.tar.gz!/vlm_patches/test_122_tile_embeddings/standard/oracle_non_tumor/test_122_tile_embeddings_standard_oracle_non_tumor_000.png,test_122_tile_embeddings_standard_oracle_non_tumor_000
c16_native,test_122,test_122_tile_embeddings,3dcbba6587fc61f5,48640,21248,256,20,0.8758392333984375,0,0.0,0,0,oracle_non_tumor,2,a50fbde29aa04e9d829a4580fd5c68b8,a50fbde29aa04e9d829a4580fd5c68b8,standard,0,0,vlm_patches/test_122_tile_embeddings/standard/oracle_non_tumor/test_122_tile_embeddings_standard_oracle_non_tumor_001.png,s3://pershin-medailab/Pathomorphology/CAMELYON/mil/vlm_patches/c16_abmil_vlm_patches_a50fbde29aa04e9d829a4580fd5c68b8.tar.gz!/vlm_patches/test_122_tile_embeddings/standard/oracle_non_tumor/test_122_tile_embeddings_standard_oracle_non_tumor_001.png,test_122_tile_embeddings_standard_oracle_non_tumor_001
c16_native,test_122,test_122_tile_embeddings,f0aa02b235dcc4ef,12288,68864,256,20,0.4102630615234375,0,0.0,0,0,oracle_non_tumor,3,a50fbde29aa04e9d829a4580fd5c68b8,a50fbde29aa04e9d829a4580fd5c68b8,standard,0,0,vlm_patches/test_122_tile_embeddings/standard/oracle_non_tumor/test_122_tile_embeddings_standard_oracle_non_tumor_002.png,s3://pershin-medailab/Pathomorphology/CAMELYON/mil/vlm_patches/c16_abmil_vlm_patches_a50fbde29aa04e9d829a4580fd5c68b8.tar.gz!/vlm_patches/test_122_tile_embeddings/standard/oracle_non_tumor/test_122_tile_embeddings_standard_oracle_non_tumor_002.png,test_122_tile_embeddings_standard_oracle_non_tumor_002
c16_native,test_012,test_012_tile_embeddings,4ede7c3daf1593ed,107264,4608,256,20,0.0007781982421875,0,0.0,0,0,oracle_non_tumor,1,a50fbde29aa04e9d829a4580fd5c68b8,a50fbde29aa04e9d829a4580fd5c68b8,standard,0,0,vlm_patches/test_012_tile_embeddings/standard/oracle_non_tumor/test_012_tile_embeddings_standard_oracle_non_tumor_000.png,s3://pershin-medailab/Pathomorphology/CAMELYON/mil/vlm_patches/c16_abmil_vlm_patches_a50fbde29aa04e9d829a4580fd5c68b8.tar.gz!/vlm_patches/test_012_tile_embeddings/standard/oracle_non_tumor/test_012_tile_embeddings_standard_oracle_non_tumor_000.png,test_012_tile_embeddings_standard_oracle_non_tumor_000
c16_native,test_012,test_012_tile_embeddings,8f5d43b21c8dac64,91136,52480,256,20,0.857177734375,0,0.0,0,0,oracle_non_tumor,2,a50fbde29aa04e9d829a4580fd5c68b8,a50fbde29aa04e9d829a4580fd5c68b8,standard,0,0,vlm_patches/test_012_tile_embeddings/standard/oracle_non_tumor/test_012_tile_embeddings_standard_oracle_non_tumor_001.png,s3://pershin-medailab/Pathomorphology/CAMELYON/mil/vlm_patches/c16_abmil_vlm_patches_a50fbde29aa04e9d829a4580fd5c68b8.tar.gz!/vlm_patches/test_012_tile_embeddings/standard/oracle_non_tumor/test_012_tile_embeddings_standard_oracle_non_tumor_001.png,test_012_tile_embeddings_standard_oracle_non_tumor_001
c16_native,test_012,test_012_tile_embeddings,b7320379cdcfa6b1,18432,15872,256,20,0.0432891845703125,0,0.0,0,0,oracle_non_tumor,3,a50fbde29aa04e9d829a4580fd5c68b8,a50fbde29aa04e9d829a4580fd5c68b8,standard,0,0,vlm_patches/test_012_tile_embeddings/standard/oracle_non_tumor/test_012_tile_embeddings_standard_oracle_non_tumor_002.png,s3://pershin-medailab/Pathomorphology/CAMELYON/mil/vlm_patches/c16_abmil_vlm_patches_a50fbde29aa04e9d829a4580fd5c68b8.tar.gz!/vlm_patches/test_012_tile_embeddings/standard/oracle_non_tumor/test_012_tile_embeddings_standard_oracle_non_tumor_002.png,test_012_tile_embeddings_standard_oracle_non_tumor_002
c16_native,test_004,test_004_tile_embeddings,2cd85608157fec3b,83968,34048,256,20,0.82275390625,0,0.0,0,0,oracle_non_tumor,1,a50fbde29aa04e9d829a4580fd5c68b8,a50fbde29aa04e9d829a4580fd5c68b8,standard,0,0,vlm_patches/test_004_tile_embeddings/standard/oracle_non_tumor/test_004_tile_embeddings_standard_oracle_non_tumor_000.png,s3://pershin-medailab/Pathomorphology/CAMELYON/mil/vlm_patches/c16_abmil_vlm_patches_a50fbde29aa04e9d829a4580fd5c68b8.tar.gz!/vlm_patches/test_004_tile_embeddings/standard/oracle_non_tumor/test_004_tile_embeddings_standard_oracle_non_tumor_000.png,test_004_tile_embeddings_standard_oracle_non_tumor_000
c16_native,test_004,test_004_tile_embeddings,08bcadc355570cf5,84224,35328,256,20,0.8472747802734375,0,0.0,0,0,oracle_non_tumor,2,a50fbde29aa04e9d829a4580fd5c68b8,a50fbde29aa04e9d829a4580fd5c68b8,standard,0,0,vlm_patches/test_004_tile_embeddings/standard/oracle_non_tumor/test_004_tile_embeddings_standard_oracle_non_tumor_001.png,s3://pershin-medailab/Pathomorphology/CAMELYON/mil/vlm_patches/c16_abmil_vlm_patches_a50fbde29aa04e9d829a4580fd5c68b8.tar.gz!/vlm_patches/test_004_tile_embeddings/standard/oracle_non_tumor/test_004_tile_embeddings_standard_oracle_non_tumor_001.png,test_004_tile_embeddings_standard_oracle_non_tumor_001
c16_native,test_004,test_004_tile_embeddings,ac673f2e04ed4ebd,3840,42496,256,20,0.00091552734375,0,0.0,0,0,oracle_non_tumor,3,a50fbde29aa04e9d829a4580fd5c68b8,a50fbde29aa04e9d829a4580fd5c68b8,standard,0,0,vlm_patches/test_004_tile_embeddings/standard/oracle_non_tumor/test_004_tile_embeddings_standard_oracle_non_tumor_002.png,s3://pershin-medailab/Pathomorphology/CAMELYON/mil/vlm_patches/c16_abmil_vlm_patches_a50fbde29aa04e9d829a4580fd5c68b8.tar.gz!/vlm_patches/test_004_tile_embeddings/standard/oracle_non_tumor/test_004_tile_embeddings_standard_oracle_non_tumor_002.png,test_004_tile_embeddings_standard_oracle_non_tumor_002
c16_native,test_010,test_010_tile_embeddings,dc19d84d129c5b57,66048,147200,256,20,0.8926849365234375,0,0.0,0,0,oracle_non_tumor,1,a50fbde29aa04e9d829a4580fd5c68b8,a50fbde29aa04e9d829a4580fd5c68b8,standard,0,0,vlm_patches/test_010_tile_embeddings/standard/oracle_non_tumor/test_010_tile_embeddings_standard_oracle_non_tumor_000.png,s3://pershin-medailab/Pathomorphology/CAMELYON/mil/vlm_patches/c16_abmil_vlm_patches_a50fbde29aa04e9d829a4580fd5c68b8.tar.gz!/vlm_patches/test_010_tile_embeddings/standard/oracle_non_tumor/test_010_tile_embeddings_standard_oracle_non_tumor_000.png,test_010_tile_embeddings_standard_oracle_non_tumor_000
c16_native,test_010,test_010_tile_embeddings,19f4437ead8a9223,51200,153088,256,20,0.05352783203125,0,0.0,0,0,oracle_non_tumor,2,a50fbde29aa04e9d829a4580fd5c68b8,a50fbde29aa04e9d829a4580fd5c68b8,standard,0,0,vlm_patches/test_010_tile_embeddings/standard/oracle_non_tumor/test_010_tile_embeddings_standard_oracle_non_tumor_001.png,s3://pershin-medailab/Pathomorphology/CAMELYON/mil/vlm_patches/c16_abmil_vlm_patches_a50fbde29aa04e9d829a4580fd5c68b8.tar.gz!/vlm_patches/test_010_tile_embeddings/standard/oracle_non_tumor/test_010_tile_embeddings_standard_oracle_non_tumor_001.png,test_010_tile_embeddings_standard_oracle_non_tumor_001
c16_native,test_010,test_010_tile_embeddings,d398668a4c4af539,57088,143104,256,20,0.0388336181640625,0,0.0,0,0,oracle_non_tumor,3,a50fbde29aa04e9d829a4580fd5c68b8,a50fbde29aa04e9d829a4580fd5c68b8,standard,0,0,vlm_patches/test_010_tile_embeddings/standard/oracle_non_tumor/test_010_tile_embeddings_standard_oracle_non_tumor_002.png,s3://pershin-medailab/Pathomorphology/CAMELYON/mil/vlm_patches/c16_abmil_vlm_patches_a50fbde29aa04e9d829a4580fd5c68b8.tar.gz!/vlm_patches/test_010_tile_embeddings/standard/oracle_non_tumor/test_010_tile_embeddings_standard_oracle_non_tumor_002.png,test_010_tile_embeddings_standard_oracle_non_tumor_002
c16_native,test_002,test_002_tile_embeddings,f7faba2ec887bebb,35840,115968,256,20,0.70745849609375,0,0.0,0,0,oracle_non_tumor,1,a50fbde29aa04e9d829a4580fd5c68b8,a50fbde29aa04e9d829a4580fd5c68b8,standard,0,0,vlm_patches/test_002_tile_embeddings/standard/oracle_non_tumor/test_002_tile_embeddings_standard_oracle_non_tumor_000.png,s3://pershin-medailab/Pathomorphology/CAMELYON/mil/vlm_patches/c16_abmil_vlm_patches_a50fbde29aa04e9d829a4580fd5c68b8.tar.gz!/vlm_patches/test_002_tile_embeddings/standard/oracle_non_tumor/test_002_tile_embeddings_standard_oracle_non_tumor_000.png,test_002_tile_embeddings_standard_oracle_non_tumor_000
c16_native,test_002,test_002_tile_embeddings,43fd515aaa344982,26112,119296,256,20,0.813018798828125,0,0.0,0,0,oracle_non_tumor,2,a50fbde29aa04e9d829a4580fd5c68b8,a50fbde29aa04e9d829a4580fd5c68b8,standard,0,0,vlm_patches/test_002_tile_embeddings/standard/oracle_non_tumor/test_002_tile_embeddings_standard_oracle_non_tumor_001.png,s3://pershin-medailab/Pathomorphology/CAMELYON/mil/vlm_patches/c16_abmil_vlm_patches_a50fbde29aa04e9d829a4580fd5c68b8.tar.gz!/vlm_patches/test_002_tile_embeddings/standard/oracle_non_tumor/test_002_tile_embeddings_standard_oracle_non_tumor_001.png,test_002_tile_embeddings_standard_oracle_non_tumor_001
c16_native,test_002,test_002_tile_embeddings,f083959cb987ca32,22016,92672,256,20,0.0631103515625,0,0.0,0,0,oracle_non_tumor,3,a50fbde29aa04e9d829a4580fd5c68b8,a50fbde29aa04e9d829a4580fd5c68b8,standard,0,0,vlm_patches/test_002_tile_embeddings/standard/oracle_non_tumor/test_002_tile_embeddings_standard_oracle_non_tumor_002.png,s3://pershin-medailab/Pathomorphology/CAMELYON/mil/vlm_patches/c16_abmil_vlm_patches_a50fbde29aa04e9d829a4580fd5c68b8.tar.gz!/vlm_patches/test_002_tile_embeddings/standard/oracle_non_tumor/test_002_tile_embeddings_standard_oracle_non_tumor_002.png,test_002_tile_embeddings_standard_oracle_non_tumor_002
c16_native,test_121,test_121_tile_embeddings,af078bc210e36bb4,54016,117248,256,20,0.0062103271484375,0,0.0,0,0,oracle_non_tumor,1,a50fbde29aa04e9d829a4580fd5c68b8,a50fbde29aa04e9d829a4580fd5c68b8,standard,0,0,vlm_patches/test_121_tile_embeddings/standard/oracle_non_tumor/test_121_tile_embeddings_standard_oracle_non_tumor_000.png,s3://pershin-medailab/Pathomorphology/CAMELYON/mil/vlm_patches/c16_abmil_vlm_patches_a50fbde29aa04e9d829a4580fd5c68b8.tar.gz!/vlm_patches/test_121_tile_embeddings/standard/oracle_non_tumor/test_121_tile_embeddings_standard_oracle_non_tumor_000.png,test_121_tile_embeddings_standard_oracle_non_tumor_000
c16_native,test_121,test_121_tile_embeddings,b420af9c26ab663c,41216,161024,256,20,0.0621185302734375,0,0.0,0,0,oracle_non_tumor,2,a50fbde29aa04e9d829a4580fd5c68b8,a50fbde29aa04e9d829a4580fd5c68b8,standard,0,0,vlm_patches/test_121_tile_embeddings/standard/oracle_non_tumor/test_121_tile_embeddings_standard_oracle_non_tumor_001.png,s3://pershin-medailab/Pathomorphology/CAMELYON/mil/vlm_patches/c16_abmil_vlm_patches_a50fbde29aa04e9d829a4580fd5c68b8.tar.gz!/vlm_patches/test_121_tile_embeddings/standard/oracle_non_tumor/test_121_tile_embeddings_standard_oracle_non_tumor_001.png,test_121_tile_embeddings_standard_oracle_non_tumor_001
c16_native,test_121,test_121_tile_embeddings,180fa2c67a9e5b65,51200,126720,256,20,0.87371826171875,0,0.0,0,0,oracle_non_tumor,3,a50fbde29aa04e9d829a4580fd5c68b8,a50fbde29aa04e9d829a4580fd5c68b8,standard,0,0,vlm_patches/test_121_tile_embeddings/standard/oracle_non_tumor/test_121_tile_embeddings_standard_oracle_non_tumor_002.png,s3://pershin-medailab/Pathomorphology/CAMELYON/mil/vlm_patches/c16_abmil_vlm_patches_a50fbde29aa04e9d829a4580fd5c68b8.tar.gz!/vlm_patches/test_121_tile_embeddings/standard/oracle_non_tumor/test_121_tile_embeddings_standard_oracle_non_tumor_002.png,test_121_tile_embeddings_standard_oracle_non_tumor_002
c16_native,test_046,test_046_tile_embeddings,45ae539982954a88,25344,46336,256,20,0.0257415771484375,0,0.0,0,0,oracle_non_tumor,1,a50fbde29aa04e9d829a4580fd5c68b8,a50fbde29aa04e9d829a4580fd5c68b8,standard,0,0,vlm_patches/test_046_tile_embeddings/standard/oracle_non_tumor/test_046_tile_embeddings_standard_oracle_non_tumor_000.png,s3://pershin-medailab/Pathomorphology/CAMELYON/mil/vlm_patches/c16_abmil_vlm_patches_a50fbde29aa04e9d829a4580fd5c68b8.tar.gz!/vlm_patches/test_046_tile_embeddings/standard/oracle_non_tumor/test_046_tile_embeddings_standard_oracle_non_tumor_000.png,test_046_tile_embeddings_standard_oracle_non_tumor_000
c16_native,test_046,test_046_tile_embeddings,5cb1f0d7dd631fc1,52480,21248,256,20,0.9162139892578124,0,0.0,0,0,oracle_non_tumor,2,a50fbde29aa04e9d829a4580fd5c68b8,a50fbde29aa04e9d829a4580fd5c68b8,standard,0,0,vlm_patches/test_046_tile_embeddings/standard/oracle_non_tumor/test_046_tile_embeddings_standard_oracle_non_tumor_001.png,s3://pershin-medailab/Pathomorphology/CAMELYON/mil/vlm_patches/c16_abmil_vlm_patches_a50fbde29aa04e9d829a4580fd5c68b8.tar.gz!/vlm_patches/test_046_tile_embeddings/standard/oracle_non_tumor/test_046_tile_embeddings_standard_oracle_non_tumor_001.png,test_046_tile_embeddings_standard_oracle_non_tumor_001
c16_native,test_046,test_046_tile_embeddings,d25dabfca5c730d0,54016,26112,256,20,0.9484405517578124,0,0.0,0,0,oracle_non_tumor,3,a50fbde29aa04e9d829a4580fd5c68b8,a50fbde29aa04e9d829a4580fd5c68b8,standard,0,0,vlm_patches/test_046_tile_embeddings/standard/oracle_non_tumor/test_046_tile_embeddings_standard_oracle_non_tumor_002.png,s3://pershin-medailab/Pathomorphology/CAMELYON/mil/vlm_patches/c16_abmil_vlm_patches_a50fbde29aa04e9d829a4580fd5c68b8.tar.gz!/vlm_patches/test_046_tile_embeddings/standard/oracle_non_tumor/test_046_tile_embeddings_standard_oracle_non_tumor_002.png,test_046_tile_embeddings_standard_oracle_non_tumor_002
c16_native,test_036,test_036_tile_embeddings,f0351d2c06c367f7,59392,118016,256,20,0.9723663330078124,0,0.0,0,0,oracle_non_tumor,1,a50fbde29aa04e9d829a4580fd5c68b8,a50fbde29aa04e9d829a4580fd5c68b8,standard,0,0,vlm_patches/test_036_tile_embeddings/standard/oracle_non_tumor/test_036_tile_embeddings_standard_oracle_non_tumor_000.png,s3://pershin-medailab/Pathomorphology/CAMELYON/mil/vlm_patches/c16_abmil_vlm_patches_a50fbde29aa04e9d829a4580fd5c68b8.tar.gz!/vlm_patches/test_036_tile_embeddings/standard/oracle_non_tumor/test_036_tile_embeddings_standard_oracle_non_tumor_000.png,test_036_tile_embeddings_standard_oracle_non_tumor_000
c16_native,test_036,test_036_tile_embeddings,b0a8a77b3de05a5d,71424,97792,256,20,0.072845458984375,0,0.0,0,0,oracle_non_tumor,2,a50fbde29aa04e9d829a4580fd5c68b8,a50fbde29aa04e9d829a4580fd5c68b8,standard,0,0,vlm_patches/test_036_tile_embeddings/standard/oracle_non_tumor/test_036_tile_embeddings_standard_oracle_non_tumor_001.png,s3://pershin-medailab/Pathomorphology/CAMELYON/mil/vlm_patches/c16_abmil_vlm_patches_a50fbde29aa04e9d829a4580fd5c68b8.tar.gz!/vlm_patches/test_036_tile_embeddings/standard/oracle_non_tumor/test_036_tile_embeddings_standard_oracle_non_tumor_001.png,test_036_tile_embeddings_standard_oracle_non_tumor_001
c16_native,test_036,test_036_tile_embeddings,4e0a59584812e087,41472,108032,256,20,0.8946380615234375,0,0.0,0,0,oracle_non_tumor,3,a50fbde29aa04e9d829a4580fd5c68b8,a50fbde29aa04e9d829a4580fd5c68b8,standard,0,0,vlm_patches/test_036_tile_embeddings/standard/oracle_non_tumor/test_036_tile_embeddings_standard_oracle_non_tumor_002.png,s3://pershin-medailab/Pathomorphology/CAMELYON/mil/vlm_patches/c16_abmil_vlm_patches_a50fbde29aa04e9d829a4580fd5c68b8.tar.gz!/vlm_patches/test_036_tile_embeddings/standard/oracle_non_tumor/test_036_tile_embeddings_standard_oracle_non_tumor_002.png,test_036_tile_embeddings_standard_oracle_non_tumor_002
c16_native,test_104,test_104_tile_embeddings,e76348acb0ba1b0e,60672,154880,256,20,0.7780609130859375,1,1.0,1,1,top_k,1,a50fbde29aa04e9d829a4580fd5c68b8,a50fbde29aa04e9d829a4580fd5c68b8,standard,0,0,vlm_patches/test_104_tile_embeddings/standard/top_k/test_104_tile_embeddings_standard_top_k_000.png,s3://pershin-medailab/Pathomorphology/CAMELYON/mil/vlm_patches/c16_abmil_vlm_patches_a50fbde29aa04e9d829a4580fd5c68b8.tar.gz!/vlm_patches/test_104_tile_embeddings/standard/top_k/test_104_tile_embeddings_standard_top_k_000.png,test_104_tile_embeddings_standard_top_k_000
c16_native,test_104,test_104_tile_embeddings,fc4989e899ce6683,60416,148992,256,20,0.7810821533203125,1,1.0,1,1,top_k,2,a50fbde29aa04e9d829a4580fd5c68b8,a50fbde29aa04e9d829a4580fd5c68b8,standard,0,0,vlm_patches/test_104_tile_embeddings/standard/top_k/test_104_tile_embeddings_standard_top_k_001.png,s3://pershin-medailab/Pathomorphology/CAMELYON/mil/vlm_patches/c16_abmil_vlm_patches_a50fbde29aa04e9d829a4580fd5c68b8.tar.gz!/vlm_patches/test_104_tile_embeddings/standard/top_k/test_104_tile_embeddings_standard_top_k_001.png,test_104_tile_embeddings_standard_top_k_001
c16_native,test_104,test_104_tile_embeddings,4dc6f8e8fad04fb2,60416,152832,256,20,0.76531982421875,1,1.0,1,1,top_k,3,a50fbde29aa04e9d829a4580fd5c68b8,a50fbde29aa04e9d829a4580fd5c68b8,standard,0,0,vlm_patches/test_104_tile_embeddings/standard/top_k/test_104_tile_embeddings_standard_top_k_002.png,s3://pershin-medailab/Pathomorphology/CAMELYON/mil/vlm_patches/c16_abmil_vlm_patches_a50fbde29aa04e9d829a4580fd5c68b8.tar.gz!/vlm_patches/test_104_tile_embeddings/standard/top_k/test_104_tile_embeddings_standard_top_k_002.png,test_104_tile_embeddings_standard_top_k_002
c16_native,test_090,test_090_tile_embeddings,8a6b1de32ae52394,31232,127232,256,20,0.8945159912109375,1,1.0,1,1,top_k,1,a50fbde29aa04e9d829a4580fd5c68b8,a50fbde29aa04e9d829a4580fd5c68b8,standard,0,0,vlm_patches/test_090_tile_embeddings/standard/top_k/test_090_tile_embeddings_standard_top_k_000.png,s3://pershin-medailab/Pathomorphology/CAMELYON/mil/vlm_patches/c16_abmil_vlm_patches_a50fbde29aa04e9d829a4580fd5c68b8.tar.gz!/vlm_patches/test_090_tile_embeddings/standard/top_k/test_090_tile_embeddings_standard_top_k_000.png,test_090_tile_embeddings_standard_top_k_000
c16_native,test_090,test_090_tile_embeddings,73a91caae8a1e657,35584,119296,256,20,0.7794189453125,1,1.0,1,1,top_k,2,a50fbde29aa04e9d829a4580fd5c68b8,a50fbde29aa04e9d829a4580fd5c68b8,standard,0,0,vlm_patches/test_090_tile_embeddings/standard/top_k/test_090_tile_embeddings_standard_top_k_001.png,s3://pershin-medailab/Pathomorphology/CAMELYON/mil/vlm_patches/c16_abmil_vlm_patches_a50fbde29aa04e9d829a4580fd5c68b8.tar.gz!/vlm_patches/test_090_tile_embeddings/standard/top_k/test_090_tile_embeddings_standard_top_k_001.png,test_090_tile_embeddings_standard_top_k_001
c16_native,test_090,test_090_tile_embeddings,d2b700341280ea9e,31232,126464,256,20,0.82391357421875,1,1.0,1,1,top_k,3,a50fbde29aa04e9d829a4580fd5c68b8,a50fbde29aa04e9d829a4580fd5c68b8,standard,0,0,vlm_patches/test_090_tile_embeddings/standard/top_k/test_090_tile_embeddings_standard_top_k_002.png,s3://pershin-medailab/Pathomorphology/CAMELYON/mil/vlm_patches/c16_abmil_vlm_patches_a50fbde29aa04e9d829a4580fd5c68b8.tar.gz!/vlm_patches/test_090_tile_embeddings/standard/top_k/test_090_tile_embeddings_standard_top_k_002.png,test_090_tile_embeddings_standard_top_k_002
c16_native,test_040,test_040_tile_embeddings,a1f5df9a5d931815,70912,81920,256,20,0.8935394287109375,0,0.47,0,1,hard_negative,1,a50fbde29aa04e9d829a4580fd5c68b8,a50fbde29aa04e9d829a4580fd5c68b8,standard,0,0,vlm_patches/test_040_tile_embeddings/standard/hard_negative/test_040_tile_embeddings_standard_hard_negative_000.png,s3://pershin-medailab/Pathomorphology/CAMELYON/mil/vlm_patches/c16_abmil_vlm_patches_a50fbde29aa04e9d829a4580fd5c68b8.tar.gz!/vlm_patches/test_040_tile_embeddings/standard/hard_negative/test_040_tile_embeddings_standard_hard_negative_000.png,test_040_tile_embeddings_standard_hard_negative_000
c16_native,test_040,test_040_tile_embeddings,928a6fe27729bac9,70400,84480,256,20,0.6392364501953125,0,0.62,0,1,hard_negative,2,a50fbde29aa04e9d829a4580fd5c68b8,a50fbde29aa04e9d829a4580fd5c68b8,standard,0,0,vlm_patches/test_040_tile_embeddings/standard/hard_negative/test_040_tile_embeddings_standard_hard_negative_001.png,s3://pershin-medailab/Pathomorphology/CAMELYON/mil/vlm_patches/c16_abmil_vlm_patches_a50fbde29aa04e9d829a4580fd5c68b8.tar.gz!/vlm_patches/test_040_tile_embeddings/standard/hard_negative/test_040_tile_embeddings_standard_hard_negative_001.png,test_040_tile_embeddings_standard_hard_negative_001
c16_native,test_040,test_040_tile_embeddings,6c84ec03bd15acf8,68096,83712,256,20,0.90277099609375,0,0.635,0,1,hard_negative,4,a50fbde29aa04e9d829a4580fd5c68b8,a50fbde29aa04e9d829a4580fd5c68b8,standard,0,0,vlm_patches/test_040_tile_embeddings/standard/hard_negative/test_040_tile_embeddings_standard_hard_negative_003.png,s3://pershin-medailab/Pathomorphology/CAMELYON/mil/vlm_patches/c16_abmil_vlm_patches_a50fbde29aa04e9d829a4580fd5c68b8.tar.gz!/vlm_patches/test_040_tile_embeddings/standard/hard_negative/test_040_tile_embeddings_standard_hard_negative_003.png,test_040_tile_embeddings_standard_hard_negative_003
c16_native,test_010,test_010_tile_embeddings,a86c13b099f3f51b,69120,88064,256,20,0.89154052734375,0,0.0,0,0,hard_negative,1,a50fbde29aa04e9d829a4580fd5c68b8,a50fbde29aa04e9d829a4580fd5c68b8,standard,0,0,vlm_patches/test_010_tile_embeddings/standard/hard_negative/test_010_tile_embeddings_standard_hard_negative_000.png,s3://pershin-medailab/Pathomorphology/CAMELYON/mil/vlm_patches/c16_abmil_vlm_patches_a50fbde29aa04e9d829a4580fd5c68b8.tar.gz!/vlm_patches/test_010_tile_embeddings/standard/hard_negative/test_010_tile_embeddings_standard_hard_negative_000.png,test_010_tile_embeddings_standard_hard_negative_000
c16_native,test_010,test_010_tile_embeddings,288ddbc9c732052b,9216,92160,256,20,0.97515869140625,0,0.0,0,0,hard_negative,2,a50fbde29aa04e9d829a4580fd5c68b8,a50fbde29aa04e9d829a4580fd5c68b8,standard,0,0,vlm_patches/test_010_tile_embeddings/standard/hard_negative/test_010_tile_embeddings_standard_hard_negative_001.png,s3://pershin-medailab/Pathomorphology/CAMELYON/mil/vlm_patches/c16_abmil_vlm_patches_a50fbde29aa04e9d829a4580fd5c68b8.tar.gz!/vlm_patches/test_010_tile_embeddings/standard/hard_negative/test_010_tile_embeddings_standard_hard_negative_001.png,test_010_tile_embeddings_standard_hard_negative_001
c16_native,test_010,test_010_tile_embeddings,8e050b29d7b53822,31488,74496,256,20,0.891387939453125,0,0.0,0,0,hard_negative,3,a50fbde29aa04e9d829a4580fd5c68b8,a50fbde29aa04e9d829a4580fd5c68b8,standard,0,0,vlm_patches/test_010_tile_embeddings/standard/hard_negative/test_010_tile_embeddings_standard_hard_negative_002.png,s3://pershin-medailab/Pathomorphology/CAMELYON/mil/vlm_patches/c16_abmil_vlm_patches_a50fbde29aa04e9d829a4580fd5c68b8.tar.gz!/vlm_patches/test_010_tile_embeddings/standard/hard_negative/test_010_tile_embeddings_standard_hard_negative_002.png,test_010_tile_embeddings_standard_hard_negative_002
c16_native,test_099,test_099_tile_embeddings,e6e96f5da622b1b9,39680,58880,256,20,0.989654541015625,0,0.0,0,0,top_k,1,a50fbde29aa04e9d829a4580fd5c68b8,a50fbde29aa04e9d829a4580fd5c68b8,standard,0,0,vlm_patches/test_099_tile_embeddings/standard/top_k/test_099_tile_embeddings_standard_top_k_000.png,s3://pershin-medailab/Pathomorphology/CAMELYON/mil/vlm_patches/c16_abmil_vlm_patches_a50fbde29aa04e9d829a4580fd5c68b8.tar.gz!/vlm_patches/test_099_tile_embeddings/standard/top_k/test_099_tile_embeddings_standard_top_k_000.png,test_099_tile_embeddings_standard_top_k_000
c16_native,test_099,test_099_tile_embeddings,12ca1796b2f33884,29440,6400,256,20,0.9448089599609376,0,0.0,0,0,top_k,2,a50fbde29aa04e9d829a4580fd5c68b8,a50fbde29aa04e9d829a4580fd5c68b8,standard,0,0,vlm_patches/test_099_tile_embeddings/standard/top_k/test_099_tile_embeddings_standard_top_k_001.png,s3://pershin-medailab/Pathomorphology/CAMELYON/mil/vlm_patches/c16_abmil_vlm_patches_a50fbde29aa04e9d829a4580fd5c68b8.tar.gz!/vlm_patches/test_099_tile_embeddings/standard/top_k/test_099_tile_embeddings_standard_top_k_001.png,test_099_tile_embeddings_standard_top_k_001
c16_native,test_099,test_099_tile_embeddings,0aaea25b6151792f,33024,62464,256,20,0.986724853515625,0,0.0,0,0,top_k,3,a50fbde29aa04e9d829a4580fd5c68b8,a50fbde29aa04e9d829a4580fd5c68b8,standard,0,0,vlm_patches/test_099_tile_embeddings/standard/top_k/test_099_tile_embeddings_standard_top_k_002.png,s3://pershin-medailab/Pathomorphology/CAMELYON/mil/vlm_patches/c16_abmil_vlm_patches_a50fbde29aa04e9d829a4580fd5c68b8.tar.gz!/vlm_patches/test_099_tile_embeddings/standard/top_k/test_099_tile_embeddings_standard_top_k_002.png,test_099_tile_embeddings_standard_top_k_002
c16_native,test_094,test_094_tile_embeddings,7b13ff272c66ac98,37632,43776,256,20,0.8824920654296875,1,1.0,1,1,top_k,1,a50fbde29aa04e9d829a4580fd5c68b8,a50fbde29aa04e9d829a4580fd5c68b8,standard,0,0,vlm_patches/test_094_tile_embeddings/standard/top_k/test_094_tile_embeddings_standard_top_k_000.png,s3://pershin-medailab/Pathomorphology/CAMELYON/mil/vlm_patches/c16_abmil_vlm_patches_a50fbde29aa04e9d829a4580fd5c68b8.tar.gz!/vlm_patches/test_094_tile_embeddings/standard/top_k/test_094_tile_embeddings_standard_top_k_000.png,test_094_tile_embeddings_standard_top_k_000
c16_native,test_094,test_094_tile_embeddings,713c9d6d325a8910,36352,41984,256,20,0.89727783203125,1,0.975,1,1,top_k,2,a50fbde29aa04e9d829a4580fd5c68b8,a50fbde29aa04e9d829a4580fd5c68b8,standard,0,0,vlm_patches/test_094_tile_embeddings/standard/top_k/test_094_tile_embeddings_standard_top_k_001.png,s3://pershin-medailab/Pathomorphology/CAMELYON/mil/vlm_patches/c16_abmil_vlm_patches_a50fbde29aa04e9d829a4580fd5c68b8.tar.gz!/vlm_patches/test_094_tile_embeddings/standard/top_k/test_094_tile_embeddings_standard_top_k_001.png,test_094_tile_embeddings_standard_top_k_001
c16_native,test_094,test_094_tile_embeddings,f430838a15f65d07,38144,41472,256,20,0.89801025390625,1,1.0,1,1,top_k,4,a50fbde29aa04e9d829a4580fd5c68b8,a50fbde29aa04e9d829a4580fd5c68b8,standard,0,0,vlm_patches/test_094_tile_embeddings/standard/top_k/test_094_tile_embeddings_standard_top_k_003.png,s3://pershin-medailab/Pathomorphology/CAMELYON/mil/vlm_patches/c16_abmil_vlm_patches_a50fbde29aa04e9d829a4580fd5c68b8.tar.gz!/vlm_patches/test_094_tile_embeddings/standard/top_k/test_094_tile_embeddings_standard_top_k_003.png,test_094_tile_embeddings_standard_top_k_003
c16_native,test_030,test_030_tile_embeddings,bc09f0ab5b0df789,57088,133888,256,20,0.6515960693359375,1,0.92,1,1,top_k,1,a50fbde29aa04e9d829a4580fd5c68b8,a50fbde29aa04e9d829a4580fd5c68b8,standard,0,0,vlm_patches/test_030_tile_embeddings/standard/top_k/test_030_tile_embeddings_standard_top_k_000.png,s3://pershin-medailab/Pathomorphology/CAMELYON/mil/vlm_patches/c16_abmil_vlm_patches_a50fbde29aa04e9d829a4580fd5c68b8.tar.gz!/vlm_patches/test_030_tile_embeddings/standard/top_k/test_030_tile_embeddings_standard_top_k_000.png,test_030_tile_embeddings_standard_top_k_000
c16_native,test_030,test_030_tile_embeddings,220f1232110f6ace,55040,142336,256,20,0.84564208984375,1,0.81,1,1,top_k,2,a50fbde29aa04e9d829a4580fd5c68b8,a50fbde29aa04e9d829a4580fd5c68b8,standard,0,0,vlm_patches/test_030_tile_embeddings/standard/top_k/test_030_tile_embeddings_standard_top_k_001.png,s3://pershin-medailab/Pathomorphology/CAMELYON/mil/vlm_patches/c16_abmil_vlm_patches_a50fbde29aa04e9d829a4580fd5c68b8.tar.gz!/vlm_patches/test_030_tile_embeddings/standard/top_k/test_030_tile_embeddings_standard_top_k_001.png,test_030_tile_embeddings_standard_top_k_001
c16_native,test_030,test_030_tile_embeddings,5ac41e9c85ffcd4c,64768,132352,256,20,0.7293243408203125,1,0.8825,1,1,top_k,3,a50fbde29aa04e9d829a4580fd5c68b8,a50fbde29aa04e9d829a4580fd5c68b8,standard,0,0,vlm_patches/test_030_tile_embeddings/standard/top_k/test_030_tile_embeddings_standard_top_k_002.png,s3://pershin-medailab/Pathomorphology/CAMELYON/mil/vlm_patches/c16_abmil_vlm_patches_a50fbde29aa04e9d829a4580fd5c68b8.tar.gz!/vlm_patches/test_030_tile_embeddings/standard/top_k/test_030_tile_embeddings_standard_top_k_002.png,test_030_tile_embeddings_standard_top_k_002
c16_native,test_043,test_043_tile_embeddings,999b79dcd2e9ad20,39936,121600,256,20,0.6831817626953125,0,0.0,0,0,oracle_non_tumor,1,a50fbde29aa04e9d829a4580fd5c68b8,a50fbde29aa04e9d829a4580fd5c68b8,standard,0,0,vlm_patches/test_043_tile_embeddings/standard/oracle_non_tumor/test_043_tile_embeddings_standard_oracle_non_tumor_000.png,s3://pershin-medailab/Pathomorphology/CAMELYON/mil/vlm_patches/c16_abmil_vlm_patches_a50fbde29aa04e9d829a4580fd5c68b8.tar.gz!/vlm_patches/test_043_tile_embeddings/standard/oracle_non_tumor/test_043_tile_embeddings_standard_oracle_non_tumor_000.png,test_043_tile_embeddings_standard_oracle_non_tumor_000
c16_native,test_043,test_043_tile_embeddings,bd04022f57674c93,35072,118528,256,20,0.4275360107421875,0,0.0,0,0,oracle_non_tumor,2,a50fbde29aa04e9d829a4580fd5c68b8,a50fbde29aa04e9d829a4580fd5c68b8,standard,0,0,vlm_patches/test_043_tile_embeddings/standard/oracle_non_tumor/test_043_tile_embeddings_standard_oracle_non_tumor_001.png,s3://pershin-medailab/Pathomorphology/CAMELYON/mil/vlm_patches/c16_abmil_vlm_patches_a50fbde29aa04e9d829a4580fd5c68b8.tar.gz!/vlm_patches/test_043_tile_embeddings/standard/oracle_non_tumor/test_043_tile_embeddings_standard_oracle_non_tumor_001.png,test_043_tile_embeddings_standard_oracle_non_tumor_001
c16_native,test_043,test_043_tile_embeddings,8e309a67a0391996,75264,105728,256,20,0.004241943359375,0,0.0,0,0,oracle_non_tumor,3,a50fbde29aa04e9d829a4580fd5c68b8,a50fbde29aa04e9d829a4580fd5c68b8,standard,0,0,vlm_patches/test_043_tile_embeddings/standard/oracle_non_tumor/test_043_tile_embeddings_standard_oracle_non_tumor_002.png,s3://pershin-medailab/Pathomorphology/CAMELYON/mil/vlm_patches/c16_abmil_vlm_patches_a50fbde29aa04e9d829a4580fd5c68b8.tar.gz!/vlm_patches/test_043_tile_embeddings/standard/oracle_non_tumor/test_043_tile_embeddings_standard_oracle_non_tumor_002.png,test_043_tile_embeddings_standard_oracle_non_tumor_002
c16_native,test_048,test_048_tile_embeddings,324cd1ffa70443c5,51712,8704,256,20,0.8538665771484375,1,0.8175,1,1,top_k,1,a50fbde29aa04e9d829a4580fd5c68b8,a50fbde29aa04e9d829a4580fd5c68b8,standard,0,0,vlm_patches/test_048_tile_embeddings/standard/top_k/test_048_tile_embeddings_standard_top_k_000.png,s3://pershin-medailab/Pathomorphology/CAMELYON/mil/vlm_patches/c16_abmil_vlm_patches_a50fbde29aa04e9d829a4580fd5c68b8.tar.gz!/vlm_patches/test_048_tile_embeddings/standard/top_k/test_048_tile_embeddings_standard_top_k_000.png,test_048_tile_embeddings_standard_top_k_000
c16_native,test_048,test_048_tile_embeddings,e5c3124d12745df5,51968,8704,256,20,0.86285400390625,1,0.7825,1,1,top_k,2,a50fbde29aa04e9d829a4580fd5c68b8,a50fbde29aa04e9d829a4580fd5c68b8,standard,0,0,vlm_patches/test_048_tile_embeddings/standard/top_k/test_048_tile_embeddings_standard_top_k_001.png,s3://pershin-medailab/Pathomorphology/CAMELYON/mil/vlm_patches/c16_abmil_vlm_patches_a50fbde29aa04e9d829a4580fd5c68b8.tar.gz!/vlm_patches/test_048_tile_embeddings/standard/top_k/test_048_tile_embeddings_standard_top_k_001.png,test_048_tile_embeddings_standard_top_k_001
c16_native,test_048,test_048_tile_embeddings,e3dd1ee66049c7b0,39680,46592,256,20,0.92578125,1,0.8775,1,1,top_k,3,a50fbde29aa04e9d829a4580fd5c68b8,a50fbde29aa04e9d829a4580fd5c68b8,standard,0,0,vlm_patches/test_048_tile_embeddings/standard/top_k/test_048_tile_embeddings_standard_top_k_002.png,s3://pershin-medailab/Pathomorphology/CAMELYON/mil/vlm_patches/c16_abmil_vlm_patches_a50fbde29aa04e9d829a4580fd5c68b8.tar.gz!/vlm_patches/test_048_tile_embeddings/standard/top_k/test_048_tile_embeddings_standard_top_k_002.png,test_048_tile_embeddings_standard_top_k_002
c16_native,test_029,test_029_tile_embeddings,b908c1ccebbe8bb6,24320,92416,256,20,0.69927978515625,1,1.0,1,1,oracle_tumor,1,a50fbde29aa04e9d829a4580fd5c68b8,a50fbde29aa04e9d829a4580fd5c68b8,standard,0,0,vlm_patches/test_029_tile_embeddings/standard/oracle_tumor/test_029_tile_embeddings_standard_oracle_tumor_000.png,s3://pershin-medailab/Pathomorphology/CAMELYON/mil/vlm_patches/c16_abmil_vlm_patches_a50fbde29aa04e9d829a4580fd5c68b8.tar.gz!/vlm_patches/test_029_tile_embeddings/standard/oracle_tumor/test_029_tile_embeddings_standard_oracle_tumor_000.png,test_029_tile_embeddings_standard_oracle_tumor_000
c16_native,test_029,test_029_tile_embeddings,4695570632c36c41,24832,92160,256,20,0.6413726806640625,1,1.0,1,1,oracle_tumor,2,a50fbde29aa04e9d829a4580fd5c68b8,a50fbde29aa04e9d829a4580fd5c68b8,standard,0,0,vlm_patches/test_029_tile_embeddings/standard/oracle_tumor/test_029_tile_embeddings_standard_oracle_tumor_001.png,s3://pershin-medailab/Pathomorphology/CAMELYON/mil/vlm_patches/c16_abmil_vlm_patches_a50fbde29aa04e9d829a4580fd5c68b8.tar.gz!/vlm_patches/test_029_tile_embeddings/standard/oracle_tumor/test_029_tile_embeddings_standard_oracle_tumor_001.png,test_029_tile_embeddings_standard_oracle_tumor_001
c16_native,test_029,test_029_tile_embeddings,0f9d35aaf1363cb7,24320,92672,256,20,0.616119384765625,1,0.9825,1,1,oracle_tumor,4,a50fbde29aa04e9d829a4580fd5c68b8,a50fbde29aa04e9d829a4580fd5c68b8,standard,0,0,vlm_patches/test_029_tile_embeddings/standard/oracle_tumor/test_029_tile_embeddings_standard_oracle_tumor_003.png,s3://pershin-medailab/Pathomorphology/CAMELYON/mil/vlm_patches/c16_abmil_vlm_patches_a50fbde29aa04e9d829a4580fd5c68b8.tar.gz!/vlm_patches/test_029_tile_embeddings/standard/oracle_tumor/test_029_tile_embeddings_standard_oracle_tumor_003.png,test_029_tile_embeddings_standard_oracle_tumor_003
c16_native,test_051,test_051_tile_embeddings,0c3e72d17decdde4,73472,109824,256,20,0.977142333984375,1,1.0,1,1,top_k,1,a50fbde29aa04e9d829a4580fd5c68b8,a50fbde29aa04e9d829a4580fd5c68b8,standard,0,0,vlm_patches/test_051_tile_embeddings/standard/top_k/test_051_tile_embeddings_standard_top_k_000.png,s3://pershin-medailab/Pathomorphology/CAMELYON/mil/vlm_patches/c16_abmil_vlm_patches_a50fbde29aa04e9d829a4580fd5c68b8.tar.gz!/vlm_patches/test_051_tile_embeddings/standard/top_k/test_051_tile_embeddings_standard_top_k_000.png,test_051_tile_embeddings_standard_top_k_000
c16_native,test_051,test_051_tile_embeddings,6f6aadf6db3b0f46,73216,110080,256,20,0.981842041015625,1,1.0,1,1,top_k,2,a50fbde29aa04e9d829a4580fd5c68b8,a50fbde29aa04e9d829a4580fd5c68b8,standard,0,0,vlm_patches/test_051_tile_embeddings/standard/top_k/test_051_tile_embeddings_standard_top_k_001.png,s3://pershin-medailab/Pathomorphology/CAMELYON/mil/vlm_patches/c16_abmil_vlm_patches_a50fbde29aa04e9d829a4580fd5c68b8.tar.gz!/vlm_patches/test_051_tile_embeddings/standard/top_k/test_051_tile_embeddings_standard_top_k_001.png,test_051_tile_embeddings_standard_top_k_001
c16_native,test_051,test_051_tile_embeddings,6e2eaa0a9d21bcc5,73216,109312,256,20,0.9505462646484376,1,1.0,1,1,top_k,4,a50fbde29aa04e9d829a4580fd5c68b8,a50fbde29aa04e9d829a4580fd5c68b8,standard,0,0,vlm_patches/test_051_tile_embeddings/standard/top_k/test_051_tile_embeddings_standard_top_k_003.png,s3://pershin-medailab/Pathomorphology/CAMELYON/mil/vlm_patches/c16_abmil_vlm_patches_a50fbde29aa04e9d829a4580fd5c68b8.tar.gz!/vlm_patches/test_051_tile_embeddings/standard/top_k/test_051_tile_embeddings_standard_top_k_003.png,test_051_tile_embeddings_standard_top_k_003
c16_native,test_084,test_084_tile_embeddings,d255ee470979dda4,27648,8192,256,20,0.8229522705078125,0,0.0,0,0,top_k,1,a50fbde29aa04e9d829a4580fd5c68b8,a50fbde29aa04e9d829a4580fd5c68b8,standard,0,0,vlm_patches/test_084_tile_embeddings/standard/top_k/test_084_tile_embeddings_standard_top_k_000.png,s3://pershin-medailab/Pathomorphology/CAMELYON/mil/vlm_patches/c16_abmil_vlm_patches_a50fbde29aa04e9d829a4580fd5c68b8.tar.gz!/vlm_patches/test_084_tile_embeddings/standard/top_k/test_084_tile_embeddings_standard_top_k_000.png,test_084_tile_embeddings_standard_top_k_000
c16_native,test_084,test_084_tile_embeddings,ec091539a67c8b8d,51968,31232,256,20,0.7894134521484375,0,0.0,0,0,top_k,3,a50fbde29aa04e9d829a4580fd5c68b8,a50fbde29aa04e9d829a4580fd5c68b8,standard,0,0,vlm_patches/test_084_tile_embeddings/standard/top_k/test_084_tile_embeddings_standard_top_k_002.png,s3://pershin-medailab/Pathomorphology/CAMELYON/mil/vlm_patches/c16_abmil_vlm_patches_a50fbde29aa04e9d829a4580fd5c68b8.tar.gz!/vlm_patches/test_084_tile_embeddings/standard/top_k/test_084_tile_embeddings_standard_top_k_002.png,test_084_tile_embeddings_standard_top_k_002
c16_native,test_084,test_084_tile_embeddings,759c3d2b3303fda2,39936,72960,256,20,0.8874664306640625,1,1.0,1,1,top_k,4,a50fbde29aa04e9d829a4580fd5c68b8,a50fbde29aa04e9d829a4580fd5c68b8,standard,0,0,vlm_patches/test_084_tile_embeddings/standard/top_k/test_084_tile_embeddings_standard_top_k_003.png,s3://pershin-medailab/Pathomorphology/CAMELYON/mil/vlm_patches/c16_abmil_vlm_patches_a50fbde29aa04e9d829a4580fd5c68b8.tar.gz!/vlm_patches/test_084_tile_embeddings/standard/top_k/test_084_tile_embeddings_standard_top_k_003.png,test_084_tile_embeddings_standard_top_k_003
c16_native,test_071,test_071_tile_embeddings,9b14e1bcae52fe64,112384,27136,256,20,0.97283935546875,1,1.0,1,1,top_k,1,a50fbde29aa04e9d829a4580fd5c68b8,a50fbde29aa04e9d829a4580fd5c68b8,standard,0,0,vlm_patches/test_071_tile_embeddings/standard/top_k/test_071_tile_embeddings_standard_top_k_000.png,s3://pershin-medailab/Pathomorphology/CAMELYON/mil/vlm_patches/c16_abmil_vlm_patches_a50fbde29aa04e9d829a4580fd5c68b8.tar.gz!/vlm_patches/test_071_tile_embeddings/standard/top_k/test_071_tile_embeddings_standard_top_k_000.png,test_071_tile_embeddings_standard_top_k_000
c16_native,test_071,test_071_tile_embeddings,065d68149a6d16e8,25600,25344,256,20,0.9028472900390624,1,1.0,1,1,top_k,2,a50fbde29aa04e9d829a4580fd5c68b8,a50fbde29aa04e9d829a4580fd5c68b8,standard,0,0,vlm_patches/test_071_tile_embeddings/standard/top_k/test_071_tile_embeddings_standard_top_k_001.png,s3://pershin-medailab/Pathomorphology/CAMELYON/mil/vlm_patches/c16_abmil_vlm_patches_a50fbde29aa04e9d829a4580fd5c68b8.tar.gz!/vlm_patches/test_071_tile_embeddings/standard/top_k/test_071_tile_embeddings_standard_top_k_001.png,test_071_tile_embeddings_standard_top_k_001
c16_native,test_071,test_071_tile_embeddings,47068f3edc211f57,15616,20224,256,20,0.9268035888671876,1,1.0,1,1,top_k,3,a50fbde29aa04e9d829a4580fd5c68b8,a50fbde29aa04e9d829a4580fd5c68b8,standard,0,0,vlm_patches/test_071_tile_embeddings/standard/top_k/test_071_tile_embeddings_standard_top_k_002.png,s3://pershin-medailab/Pathomorphology/CAMELYON/mil/vlm_patches/c16_abmil_vlm_patches_a50fbde29aa04e9d829a4580fd5c68b8.tar.gz!/vlm_patches/test_071_tile_embeddings/standard/top_k/test_071_tile_embeddings_standard_top_k_002.png,test_071_tile_embeddings_standard_top_k_002
c16_native,test_001,test_001_tile_embeddings,e91f9e9d87344505,20224,15104,256,20,0.9504852294921876,1,1.0,1,1,top_k,1,a50fbde29aa04e9d829a4580fd5c68b8,a50fbde29aa04e9d829a4580fd5c68b8,standard,0,0,vlm_patches/test_001_tile_embeddings/standard/top_k/test_001_tile_embeddings_standard_top_k_000.png,s3://pershin-medailab/Pathomorphology/CAMELYON/mil/vlm_patches/c16_abmil_vlm_patches_a50fbde29aa04e9d829a4580fd5c68b8.tar.gz!/vlm_patches/test_001_tile_embeddings/standard/top_k/test_001_tile_embeddings_standard_top_k_000.png,test_001_tile_embeddings_standard_top_k_000
c16_native,test_001,test_001_tile_embeddings,981de0a0a422ea3a,18688,11264,256,20,0.9235992431640624,1,1.0,1,1,top_k,2,a50fbde29aa04e9d829a4580fd5c68b8,a50fbde29aa04e9d829a4580fd5c68b8,standard,0,0,vlm_patches/test_001_tile_embeddings/standard/top_k/test_001_tile_embeddings_standard_top_k_001.png,s3://pershin-medailab/Pathomorphology/CAMELYON/mil/vlm_patches/c16_abmil_vlm_patches_a50fbde29aa04e9d829a4580fd5c68b8.tar.gz!/vlm_patches/test_001_tile_embeddings/standard/top_k/test_001_tile_embeddings_standard_top_k_001.png,test_001_tile_embeddings_standard_top_k_001
c16_native,test_001,test_001_tile_embeddings,3ff45cfcb16356cc,20480,11520,256,20,0.9389495849609376,1,1.0,1,1,top_k,3,a50fbde29aa04e9d829a4580fd5c68b8,a50fbde29aa04e9d829a4580fd5c68b8,standard,0,0,vlm_patches/test_001_tile_embeddings/standard/top_k/test_001_tile_embeddings_standard_top_k_002.png,s3://pershin-medailab/Pathomorphology/CAMELYON/mil/vlm_patches/c16_abmil_vlm_patches_a50fbde29aa04e9d829a4580fd5c68b8.tar.gz!/vlm_patches/test_001_tile_embeddings/standard/top_k/test_001_tile_embeddings_standard_top_k_002.png,test_001_tile_embeddings_standard_top_k_002
c16_native,test_001,test_001_tile_embeddings,9ffc5563a2ce85b1,17920,17920,256,20,0.90087890625,0,0.735,0,1,hard_negative,1,a50fbde29aa04e9d829a4580fd5c68b8,a50fbde29aa04e9d829a4580fd5c68b8,standard,0,0,vlm_patches/test_001_tile_embeddings/standard/hard_negative/test_001_tile_embeddings_standard_hard_negative_000.png,s3://pershin-medailab/Pathomorphology/CAMELYON/mil/vlm_patches/c16_abmil_vlm_patches_a50fbde29aa04e9d829a4580fd5c68b8.tar.gz!/vlm_patches/test_001_tile_embeddings/standard/hard_negative/test_001_tile_embeddings_standard_hard_negative_000.png,test_001_tile_embeddings_standard_hard_negative_000
c16_native,test_001,test_001_tile_embeddings,ac602bbc0d5e405c,28416,16640,256,20,0.989013671875,0,0.5025,0,1,hard_negative,2,a50fbde29aa04e9d829a4580fd5c68b8,a50fbde29aa04e9d829a4580fd5c68b8,standard,0,0,vlm_patches/test_001_tile_embeddings/standard/hard_negative/test_001_tile_embeddings_standard_hard_negative_001.png,s3://pershin-medailab/Pathomorphology/CAMELYON/mil/vlm_patches/c16_abmil_vlm_patches_a50fbde29aa04e9d829a4580fd5c68b8.tar.gz!/vlm_patches/test_001_tile_embeddings/standard/hard_negative/test_001_tile_embeddings_standard_hard_negative_001.png,test_001_tile_embeddings_standard_hard_negative_001
c16_native,test_001,test_001_tile_embeddings,fa0e108b67de7b03,28416,16384,256,20,0.95550537109375,0,0.555,0,1,hard_negative,3,a50fbde29aa04e9d829a4580fd5c68b8,a50fbde29aa04e9d829a4580fd5c68b8,standard,0,0,vlm_patches/test_001_tile_embeddings/standard/hard_negative/test_001_tile_embeddings_standard_hard_negative_002.png,s3://pershin-medailab/Pathomorphology/CAMELYON/mil/vlm_patches/c16_abmil_vlm_patches_a50fbde29aa04e9d829a4580fd5c68b8.tar.gz!/vlm_patches/test_001_tile_embeddings/standard/hard_negative/test_001_tile_embeddings_standard_hard_negative_002.png,test_001_tile_embeddings_standard_hard_negative_002
c16_native,test_059,test_059_tile_embeddings,6c062b9e1bb22b28,58880,126720,256,20,0.7367095947265625,0,0.0,0,0,oracle_non_tumor,1,a50fbde29aa04e9d829a4580fd5c68b8,a50fbde29aa04e9d829a4580fd5c68b8,standard,0,0,vlm_patches/test_059_tile_embeddings/standard/oracle_non_tumor/test_059_tile_embeddings_standard_oracle_non_tumor_000.png,s3://pershin-medailab/Pathomorphology/CAMELYON/mil/vlm_patches/c16_abmil_vlm_patches_a50fbde29aa04e9d829a4580fd5c68b8.tar.gz!/vlm_patches/test_059_tile_embeddings/standard/oracle_non_tumor/test_059_tile_embeddings_standard_oracle_non_tumor_000.png,test_059_tile_embeddings_standard_oracle_non_tumor_000
c16_native,test_059,test_059_tile_embeddings,28ba287280dd0ae8,81664,156928,256,20,0.8119049072265625,0,0.0,0,0,oracle_non_tumor,2,a50fbde29aa04e9d829a4580fd5c68b8,a50fbde29aa04e9d829a4580fd5c68b8,standard,0,0,vlm_patches/test_059_tile_embeddings/standard/oracle_non_tumor/test_059_tile_embeddings_standard_oracle_non_tumor_001.png,s3://pershin-medailab/Pathomorphology/CAMELYON/mil/vlm_patches/c16_abmil_vlm_patches_a50fbde29aa04e9d829a4580fd5c68b8.tar.gz!/vlm_patches/test_059_tile_embeddings/standard/oracle_non_tumor/test_059_tile_embeddings_standard_oracle_non_tumor_001.png,test_059_tile_embeddings_standard_oracle_non_tumor_001
c16_native,test_059,test_059_tile_embeddings,33d90a11efc54cc2,70400,145664,256,20,0.9619903564453124,0,0.0,0,0,oracle_non_tumor,3,a50fbde29aa04e9d829a4580fd5c68b8,a50fbde29aa04e9d829a4580fd5c68b8,standard,0,0,vlm_patches/test_059_tile_embeddings/standard/oracle_non_tumor/test_059_tile_embeddings_standard_oracle_non_tumor_002.png,s3://pershin-medailab/Pathomorphology/CAMELYON/mil/vlm_patches/c16_abmil_vlm_patches_a50fbde29aa04e9d829a4580fd5c68b8.tar.gz!/vlm_patches/test_059_tile_embeddings/standard/oracle_non_tumor/test_059_tile_embeddings_standard_oracle_non_tumor_002.png,test_059_tile_embeddings_standard_oracle_non_tumor_002
c16_native,test_056,test_056_tile_embeddings,7812be7b969e82a2,47616,171776,256,20,0.377288818359375,0,0.0,0,0,oracle_non_tumor,1,a50fbde29aa04e9d829a4580fd5c68b8,a50fbde29aa04e9d829a4580fd5c68b8,standard,0,0,vlm_patches/test_056_tile_embeddings/standard/oracle_non_tumor/test_056_tile_embeddings_standard_oracle_non_tumor_000.png,s3://pershin-medailab/Pathomorphology/CAMELYON/mil/vlm_patches/c16_abmil_vlm_patches_a50fbde29aa04e9d829a4580fd5c68b8.tar.gz!/vlm_patches/test_056_tile_embeddings/standard/oracle_non_tumor/test_056_tile_embeddings_standard_oracle_non_tumor_000.png,test_056_tile_embeddings_standard_oracle_non_tumor_000
c16_native,test_056,test_056_tile_embeddings,f29a9fd28d358e06,39936,99328,256,20,0.0252227783203125,0,0.0,0,0,oracle_non_tumor,2,a50fbde29aa04e9d829a4580fd5c68b8,a50fbde29aa04e9d829a4580fd5c68b8,standard,0,0,vlm_patches/test_056_tile_embeddings/standard/oracle_non_tumor/test_056_tile_embeddings_standard_oracle_non_tumor_001.png,s3://pershin-medailab/Pathomorphology/CAMELYON/mil/vlm_patches/c16_abmil_vlm_patches_a50fbde29aa04e9d829a4580fd5c68b8.tar.gz!/vlm_patches/test_056_tile_embeddings/standard/oracle_non_tumor/test_056_tile_embeddings_standard_oracle_non_tumor_001.png,test_056_tile_embeddings_standard_oracle_non_tumor_001
c16_native,test_056,test_056_tile_embeddings,b00b3f058d364fb3,88064,182528,256,20,0.66357421875,0,0.0,0,0,oracle_non_tumor,3,a50fbde29aa04e9d829a4580fd5c68b8,a50fbde29aa04e9d829a4580fd5c68b8,standard,0,0,vlm_patches/test_056_tile_embeddings/standard/oracle_non_tumor/test_056_tile_embeddings_standard_oracle_non_tumor_002.png,s3://pershin-medailab/Pathomorphology/CAMELYON/mil/vlm_patches/c16_abmil_vlm_patches_a50fbde29aa04e9d829a4580fd5c68b8.tar.gz!/vlm_patches/test_056_tile_embeddings/standard/oracle_non_tumor/test_056_tile_embeddings_standard_oracle_non_tumor_002.png,test_056_tile_embeddings_standard_oracle_non_tumor_002
c16_native,test_096,test_096_tile_embeddings,39b85f6979cb2f65,70656,125696,256,20,0.7913055419921875,0,0.0,0,0,top_k,1,a50fbde29aa04e9d829a4580fd5c68b8,a50fbde29aa04e9d829a4580fd5c68b8,standard,0,0,vlm_patches/test_096_tile_embeddings/standard/top_k/test_096_tile_embeddings_standard_top_k_000.png,s3://pershin-medailab/Pathomorphology/CAMELYON/mil/vlm_patches/c16_abmil_vlm_patches_a50fbde29aa04e9d829a4580fd5c68b8.tar.gz!/vlm_patches/test_096_tile_embeddings/standard/top_k/test_096_tile_embeddings_standard_top_k_000.png,test_096_tile_embeddings_standard_top_k_000
c16_native,test_096,test_096_tile_embeddings,19a762e9b6f43e5d,70912,128256,256,20,0.9421844482421876,0,0.0,0,0,top_k,2,a50fbde29aa04e9d829a4580fd5c68b8,a50fbde29aa04e9d829a4580fd5c68b8,standard,0,0,vlm_patches/test_096_tile_embeddings/standard/top_k/test_096_tile_embeddings_standard_top_k_001.png,s3://pershin-medailab/Pathomorphology/CAMELYON/mil/vlm_patches/c16_abmil_vlm_patches_a50fbde29aa04e9d829a4580fd5c68b8.tar.gz!/vlm_patches/test_096_tile_embeddings/standard/top_k/test_096_tile_embeddings_standard_top_k_001.png,test_096_tile_embeddings_standard_top_k_001
c16_native,test_096,test_096_tile_embeddings,a900518612bc0286,70400,127232,256,20,0.929931640625,0,0.0,0,0,top_k,3,a50fbde29aa04e9d829a4580fd5c68b8,a50fbde29aa04e9d829a4580fd5c68b8,standard,0,0,vlm_patches/test_096_tile_embeddings/standard/top_k/test_096_tile_embeddings_standard_top_k_002.png,s3://pershin-medailab/Pathomorphology/CAMELYON/mil/vlm_patches/c16_abmil_vlm_patches_a50fbde29aa04e9d829a4580fd5c68b8.tar.gz!/vlm_patches/test_096_tile_embeddings/standard/top_k/test_096_tile_embeddings_standard_top_k_002.png,test_096_tile_embeddings_standard_top_k_002
c16_native,test_061,test_061_tile_embeddings,fc708a546c3102ae,55552,137984,256,20,0.82977294921875,1,1.0,1,1,oracle_tumor,1,a50fbde29aa04e9d829a4580fd5c68b8,a50fbde29aa04e9d829a4580fd5c68b8,standard,0,0,vlm_patches/test_061_tile_embeddings/standard/oracle_tumor/test_061_tile_embeddings_standard_oracle_tumor_000.png,s3://pershin-medailab/Pathomorphology/CAMELYON/mil/vlm_patches/c16_abmil_vlm_patches_a50fbde29aa04e9d829a4580fd5c68b8.tar.gz!/vlm_patches/test_061_tile_embeddings/standard/oracle_tumor/test_061_tile_embeddings_standard_oracle_tumor_000.png,test_061_tile_embeddings_standard_oracle_tumor_000
c16_native,test_061,test_061_tile_embeddings,f46109c42ec33d47,18688,129536,256,20,0.916015625,1,0.93,1,1,oracle_tumor,2,a50fbde29aa04e9d829a4580fd5c68b8,a50fbde29aa04e9d829a4580fd5c68b8,standard,0,0,vlm_patches/test_061_tile_embeddings/standard/oracle_tumor/test_061_tile_embeddings_standard_oracle_tumor_001.png,s3://pershin-medailab/Pathomorphology/CAMELYON/mil/vlm_patches/c16_abmil_vlm_patches_a50fbde29aa04e9d829a4580fd5c68b8.tar.gz!/vlm_patches/test_061_tile_embeddings/standard/oracle_tumor/test_061_tile_embeddings_standard_oracle_tumor_001.png,test_061_tile_embeddings_standard_oracle_tumor_001
c16_native,test_061,test_061_tile_embeddings,4ef531c7a5489cb6,56064,138752,256,20,0.8366241455078125,1,1.0,1,1,oracle_tumor,3,a50fbde29aa04e9d829a4580fd5c68b8,a50fbde29aa04e9d829a4580fd5c68b8,standard,0,0,vlm_patches/test_061_tile_embeddings/standard/oracle_tumor/test_061_tile_embeddings_standard_oracle_tumor_002.png,s3://pershin-medailab/Pathomorphology/CAMELYON/mil/vlm_patches/c16_abmil_vlm_patches_a50fbde29aa04e9d829a4580fd5c68b8.tar.gz!/vlm_patches/test_061_tile_embeddings/standard/oracle_tumor/test_061_tile_embeddings_standard_oracle_tumor_002.png,test_061_tile_embeddings_standard_oracle_tumor_002
c16_native,test_011,test_011_tile_embeddings,71a7cae3c4e05509,65792,179200,256,20,0.6468658447265625,1,0.605,1,1,top_k,1,a50fbde29aa04e9d829a4580fd5c68b8,a50fbde29aa04e9d829a4580fd5c68b8,standard,0,0,vlm_patches/test_011_tile_embeddings/standard/top_k/test_011_tile_embeddings_standard_top_k_000.png,s3://pershin-medailab/Pathomorphology/CAMELYON/mil/vlm_patches/c16_abmil_vlm_patches_a50fbde29aa04e9d829a4580fd5c68b8.tar.gz!/vlm_patches/test_011_tile_embeddings/standard/top_k/test_011_tile_embeddings_standard_top_k_000.png,test_011_tile_embeddings_standard_top_k_000
c16_native,test_011,test_011_tile_embeddings,ba0ccf0e33402685,61696,159744,256,20,0.0,0,0.0,0,0,top_k,2,a50fbde29aa04e9d829a4580fd5c68b8,a50fbde29aa04e9d829a4580fd5c68b8,standard,0,0,vlm_patches/test_011_tile_embeddings/standard/top_k/test_011_tile_embeddings_standard_top_k_001.png,s3://pershin-medailab/Pathomorphology/CAMELYON/mil/vlm_patches/c16_abmil_vlm_patches_a50fbde29aa04e9d829a4580fd5c68b8.tar.gz!/vlm_patches/test_011_tile_embeddings/standard/top_k/test_011_tile_embeddings_standard_top_k_001.png,test_011_tile_embeddings_standard_top_k_001
c16_native,test_011,test_011_tile_embeddings,1119c193ee88af7a,71168,141056,256,20,0.000518798828125,0,0.0,0,0,top_k,3,a50fbde29aa04e9d829a4580fd5c68b8,a50fbde29aa04e9d829a4580fd5c68b8,standard,0,0,vlm_patches/test_011_tile_embeddings/standard/top_k/test_011_tile_embeddings_standard_top_k_002.png,s3://pershin-medailab/Pathomorphology/CAMELYON/mil/vlm_patches/c16_abmil_vlm_patches_a50fbde29aa04e9d829a4580fd5c68b8.tar.gz!/vlm_patches/test_011_tile_embeddings/standard/top_k/test_011_tile_embeddings_standard_top_k_002.png,test_011_tile_embeddings_standard_top_k_002
c16_native,test_068,test_068_tile_embeddings,0558665a19956bb4,47872,167680,256,20,0.898040771484375,1,1.0,1,1,oracle_tumor,1,a50fbde29aa04e9d829a4580fd5c68b8,a50fbde29aa04e9d829a4580fd5c68b8,standard,0,0,vlm_patches/test_068_tile_embeddings/standard/oracle_tumor/test_068_tile_embeddings_standard_oracle_tumor_000.png,s3://pershin-medailab/Pathomorphology/CAMELYON/mil/vlm_patches/c16_abmil_vlm_patches_a50fbde29aa04e9d829a4580fd5c68b8.tar.gz!/vlm_patches/test_068_tile_embeddings/standard/oracle_tumor/test_068_tile_embeddings_standard_oracle_tumor_000.png,test_068_tile_embeddings_standard_oracle_tumor_000
c16_native,test_068,test_068_tile_embeddings,f758ffabee417e98,48128,167936,256,20,0.86260986328125,1,1.0,1,1,oracle_tumor,2,a50fbde29aa04e9d829a4580fd5c68b8,a50fbde29aa04e9d829a4580fd5c68b8,standard,0,0,vlm_patches/test_068_tile_embeddings/standard/oracle_tumor/test_068_tile_embeddings_standard_oracle_tumor_001.png,s3://pershin-medailab/Pathomorphology/CAMELYON/mil/vlm_patches/c16_abmil_vlm_patches_a50fbde29aa04e9d829a4580fd5c68b8.tar.gz!/vlm_patches/test_068_tile_embeddings/standard/oracle_tumor/test_068_tile_embeddings_standard_oracle_tumor_001.png,test_068_tile_embeddings_standard_oracle_tumor_001
c16_native,test_068,test_068_tile_embeddings,db380ca1ffba2c9a,48128,166656,256,20,0.792999267578125,1,1.0,1,1,oracle_tumor,3,a50fbde29aa04e9d829a4580fd5c68b8,a50fbde29aa04e9d829a4580fd5c68b8,standard,0,0,vlm_patches/test_068_tile_embeddings/standard/oracle_tumor/test_068_tile_embeddings_standard_oracle_tumor_002.png,s3://pershin-medailab/Pathomorphology/CAMELYON/mil/vlm_patches/c16_abmil_vlm_patches_a50fbde29aa04e9d829a4580fd5c68b8.tar.gz!/vlm_patches/test_068_tile_embeddings/standard/oracle_tumor/test_068_tile_embeddings_standard_oracle_tumor_002.png,test_068_tile_embeddings_standard_oracle_tumor_002
c16_native,test_074,test_074_tile_embeddings,7fabb656e03a927d,73216,144384,256,20,0.637542724609375,0,0.5425,0,1,hard_negative,1,a50fbde29aa04e9d829a4580fd5c68b8,a50fbde29aa04e9d829a4580fd5c68b8,standard,0,0,vlm_patches/test_074_tile_embeddings/standard/hard_negative/test_074_tile_embeddings_standard_hard_negative_000.png,s3://pershin-medailab/Pathomorphology/CAMELYON/mil/vlm_patches/c16_abmil_vlm_patches_a50fbde29aa04e9d829a4580fd5c68b8.tar.gz!/vlm_patches/test_074_tile_embeddings/standard/hard_negative/test_074_tile_embeddings_standard_hard_negative_000.png,test_074_tile_embeddings_standard_hard_negative_000
c16_native,test_074,test_074_tile_embeddings,747be5d1f1efc11b,77056,145920,256,20,0.7740631103515625,0,0.0,0,0,hard_negative,3,a50fbde29aa04e9d829a4580fd5c68b8,a50fbde29aa04e9d829a4580fd5c68b8,standard,0,0,vlm_patches/test_074_tile_embeddings/standard/hard_negative/test_074_tile_embeddings_standard_hard_negative_002.png,s3://pershin-medailab/Pathomorphology/CAMELYON/mil/vlm_patches/c16_abmil_vlm_patches_a50fbde29aa04e9d829a4580fd5c68b8.tar.gz!/vlm_patches/test_074_tile_embeddings/standard/hard_negative/test_074_tile_embeddings_standard_hard_negative_002.png,test_074_tile_embeddings_standard_hard_negative_002
c16_native,test_074,test_074_tile_embeddings,7966a03873e9e7a0,35072,194560,256,20,0.724029541015625,0,0.0,0,0,hard_negative,4,a50fbde29aa04e9d829a4580fd5c68b8,a50fbde29aa04e9d829a4580fd5c68b8,standard,0,0,vlm_patches/test_074_tile_embeddings/standard/hard_negative/test_074_tile_embeddings_standard_hard_negative_003.png,s3://pershin-medailab/Pathomorphology/CAMELYON/mil/vlm_patches/c16_abmil_vlm_patches_a50fbde29aa04e9d829a4580fd5c68b8.tar.gz!/vlm_patches/test_074_tile_embeddings/standard/hard_negative/test_074_tile_embeddings_standard_hard_negative_003.png,test_074_tile_embeddings_standard_hard_negative_003
c16_native,test_121,test_121_tile_embeddings,9e8d71a9676317f8,42752,130816,256,20,0.5326080322265625,1,0.825,1,1,top_k,1,a50fbde29aa04e9d829a4580fd5c68b8,a50fbde29aa04e9d829a4580fd5c68b8,standard,0,0,vlm_patches/test_121_tile_embeddings/standard/top_k/test_121_tile_embeddings_standard_top_k_000.png,s3://pershin-medailab/Pathomorphology/CAMELYON/mil/vlm_patches/c16_abmil_vlm_patches_a50fbde29aa04e9d829a4580fd5c68b8.tar.gz!/vlm_patches/test_121_tile_embeddings/standard/top_k/test_121_tile_embeddings_standard_top_k_000.png,test_121_tile_embeddings_standard_top_k_000
c16_native,test_121,test_121_tile_embeddings,90691c2ed1e61853,46336,133632,256,20,0.5958099365234375,1,1.0,1,1,top_k,3,a50fbde29aa04e9d829a4580fd5c68b8,a50fbde29aa04e9d829a4580fd5c68b8,standard,0,0,vlm_patches/test_121_tile_embeddings/standard/top_k/test_121_tile_embeddings_standard_top_k_002.png,s3://pershin-medailab/Pathomorphology/CAMELYON/mil/vlm_patches/c16_abmil_vlm_patches_a50fbde29aa04e9d829a4580fd5c68b8.tar.gz!/vlm_patches/test_121_tile_embeddings/standard/top_k/test_121_tile_embeddings_standard_top_k_002.png,test_121_tile_embeddings_standard_top_k_002
c16_native,test_121,test_121_tile_embeddings,85c45a7c57439f22,45312,132352,256,20,0.7540130615234375,1,1.0,1,1,top_k,4,a50fbde29aa04e9d829a4580fd5c68b8,a50fbde29aa04e9d829a4580fd5c68b8,standard,0,0,vlm_patches/test_121_tile_embeddings/standard/top_k/test_121_tile_embeddings_standard_top_k_003.png,s3://pershin-medailab/Pathomorphology/CAMELYON/mil/vlm_patches/c16_abmil_vlm_patches_a50fbde29aa04e9d829a4580fd5c68b8.tar.gz!/vlm_patches/test_121_tile_embeddings/standard/top_k/test_121_tile_embeddings_standard_top_k_003.png,test_121_tile_embeddings_standard_top_k_003
c16_native,test_086,test_086_tile_embeddings,44aa47832871c7f6,41472,24320,256,20,0.9350128173828124,0,0.0,0,0,top_k,1,a50fbde29aa04e9d829a4580fd5c68b8,a50fbde29aa04e9d829a4580fd5c68b8,standard,0,0,vlm_patches/test_086_tile_embeddings/standard/top_k/test_086_tile_embeddings_standard_top_k_000.png,s3://pershin-medailab/Pathomorphology/CAMELYON/mil/vlm_patches/c16_abmil_vlm_patches_a50fbde29aa04e9d829a4580fd5c68b8.tar.gz!/vlm_patches/test_086_tile_embeddings/standard/top_k/test_086_tile_embeddings_standard_top_k_000.png,test_086_tile_embeddings_standard_top_k_000
c16_native,test_086,test_086_tile_embeddings,a93618da573d5da8,65024,29952,256,20,0.96044921875,0,0.0,0,0,top_k,2,a50fbde29aa04e9d829a4580fd5c68b8,a50fbde29aa04e9d829a4580fd5c68b8,standard,0,0,vlm_patches/test_086_tile_embeddings/standard/top_k/test_086_tile_embeddings_standard_top_k_001.png,s3://pershin-medailab/Pathomorphology/CAMELYON/mil/vlm_patches/c16_abmil_vlm_patches_a50fbde29aa04e9d829a4580fd5c68b8.tar.gz!/vlm_patches/test_086_tile_embeddings/standard/top_k/test_086_tile_embeddings_standard_top_k_001.png,test_086_tile_embeddings_standard_top_k_001
c16_native,test_086,test_086_tile_embeddings,4039c210ad8aeab5,41472,21504,256,20,0.8745269775390625,0,0.0,0,0,top_k,3,a50fbde29aa04e9d829a4580fd5c68b8,a50fbde29aa04e9d829a4580fd5c68b8,standard,0,0,vlm_patches/test_086_tile_embeddings/standard/top_k/test_086_tile_embeddings_standard_top_k_002.png,s3://pershin-medailab/Pathomorphology/CAMELYON/mil/vlm_patches/c16_abmil_vlm_patches_a50fbde29aa04e9d829a4580fd5c68b8.tar.gz!/vlm_patches/test_086_tile_embeddings/standard/top_k/test_086_tile_embeddings_standard_top_k_002.png,test_086_tile_embeddings_standard_top_k_002
c16_native,test_051,test_051_tile_embeddings,aa067f1a897b2dcd,15872,119808,256,20,0.454193115234375,0,0.0,0,0,oracle_non_tumor,1,a50fbde29aa04e9d829a4580fd5c68b8,a50fbde29aa04e9d829a4580fd5c68b8,standard,0,0,vlm_patches/test_051_tile_embeddings/standard/oracle_non_tumor/test_051_tile_embeddings_standard_oracle_non_tumor_000.png,s3://pershin-medailab/Pathomorphology/CAMELYON/mil/vlm_patches/c16_abmil_vlm_patches_a50fbde29aa04e9d829a4580fd5c68b8.tar.gz!/vlm_patches/test_051_tile_embeddings/standard/oracle_non_tumor/test_051_tile_embeddings_standard_oracle_non_tumor_000.png,test_051_tile_embeddings_standard_oracle_non_tumor_000
c16_native,test_051,test_051_tile_embeddings,a2d3a428980ec367,73984,120576,256,20,0.9676513671875,0,0.0,0,0,oracle_non_tumor,2,a50fbde29aa04e9d829a4580fd5c68b8,a50fbde29aa04e9d829a4580fd5c68b8,standard,0,0,vlm_patches/test_051_tile_embeddings/standard/oracle_non_tumor/test_051_tile_embeddings_standard_oracle_non_tumor_001.png,s3://pershin-medailab/Pathomorphology/CAMELYON/mil/vlm_patches/c16_abmil_vlm_patches_a50fbde29aa04e9d829a4580fd5c68b8.tar.gz!/vlm_patches/test_051_tile_embeddings/standard/oracle_non_tumor/test_051_tile_embeddings_standard_oracle_non_tumor_001.png,test_051_tile_embeddings_standard_oracle_non_tumor_001
c16_native,test_051,test_051_tile_embeddings,26b33612905fcc62,57600,142080,256,20,0.0,0,0.0,0,0,oracle_non_tumor,3,a50fbde29aa04e9d829a4580fd5c68b8,a50fbde29aa04e9d829a4580fd5c68b8,standard,0,0,vlm_patches/test_051_tile_embeddings/standard/oracle_non_tumor/test_051_tile_embeddings_standard_oracle_non_tumor_002.png,s3://pershin-medailab/Pathomorphology/CAMELYON/mil/vlm_patches/c16_abmil_vlm_patches_a50fbde29aa04e9d829a4580fd5c68b8.tar.gz!/vlm_patches/test_051_tile_embeddings/standard/oracle_non_tumor/test_051_tile_embeddings_standard_oracle_non_tumor_002.png,test_051_tile_embeddings_standard_oracle_non_tumor_002
